action,confidence,cvd_pressure_ratio,entry_atr,entry_atr_15m,entry_atr_1m,entry_atr_pct,entry_histogram,entry_hour_ist,entry_macd,entry_minute_ist,entry_price,entry_reason,entry_style,entry_time,exit_price,exit_reason,exit_time,gross_atr,gross_atr_15m,gross_r,holding_bars,htf_bias,ib_extension_pct,ib_range_atr,ib_range_atr_15m,initial_risk,initial_stop_price,lot_size,lots,mae_atr,mae_atr_15m,mfe_atr,mfe_atr_15m,mfe_capture,mp_day_type,mp_periods,mp_poc,mp_reason,mp_vah,mp_val,net_2bps_atr,net_2bps_atr_15m,net_2bps_pnl,net_2bps_r,net_5bps_atr,net_5bps_atr_15m,net_5bps_pnl,net_5bps_r,of_volume_coverage,pnl,price_from_poc_atr,price_from_poc_atr_15m,qty,return_pct,session_date,stop_distance_atr,stop_distance_atr_15m,strategy_key,symbol,target_distance_atr,target_distance_atr_15m,target_price,trade_horizon,underlying
SELL,0.75,-0.333,0.1786,0.232143,0.1786,0.058176,,20.8,,1248,307.0,ib_break_down,ib_break,2026-02-23T15:18:00+00:00,303.9,trail_stop,2026-02-24T18:18:00+00:00,17.357223,13.353838,2.019544,1075,weak,0.1538,7.278835,5.6,1535.0,308.535,1000,1,3.639418,2.799998,32.754759,25.199984,0.529915,trend_down,48,307.8,ib_break_down,308.0,307.4,16.673124,12.827524,2977.82,1.939948,15.646976,12.038054,2794.55,1.820554,1.0,3100.0,-4.479283,-3.446154,1000,1.0098,2026-02-24,8.594625,6.612304,commodity_futures,ALUMINI,17.18925,13.224607,303.93,positional,ALUMINI
BUY,0.75,8.941,0.2143,0.760714,0.2143,0.067095,,11.2667,,676,319.4,ib_break_up,ib_break,2026-03-02T05:46:00+00:00,323.1,trail_stop,2026-03-02T11:23:00+00:00,17.265516,4.863852,2.305296,337,strong,0.1169,17.965469,5.061033,1605.0,317.795,1000,1,0.699953,0.197183,25.19832,7.098594,0.685185,trend_up,10,317.2,ib_break_up,318.6,316.8,16.665889,4.694931,3571.5,2.225234,15.766449,4.441551,3378.75,2.10514,1.0,3700.0,10.265982,2.892019,1000,1.1584,2026-03-02,7.489501,2.10986,commodity_futures,ALUMINI,14.979001,4.21972,322.61,positional,ALUMINI
BUY,0.75,2.471,0.4643,1.196429,0.4643,0.144732,,20.25,,1215,320.8,ib_break_up,ib_break,2026-03-02T14:45:00+00:00,328.7,trail_stop,2026-03-04T15:14:00+00:00,17.014861,6.602983,2.628952,1339,strong,0.4805,8.292053,3.21791,3005.0,317.795,1000,1,5.276761,2.04776,23.906957,9.277609,0.711712,trend_up,46,322.6,ib_break_up,324.4,320.3,16.735085,6.49441,7770.1,2.585724,16.315421,6.33155,7575.25,2.520882,1.0,7900.0,-3.876804,-1.504478,1000,2.4626,2026-03-04,6.472109,2.511641,commodity_futures,ALUMINI,12.944217,5.023282,326.81,positional,ALUMINI
BUY,0.75,7.48,0.2571,0.753571,0.2571,0.077323,,10.1,,606,332.5,ib_break_up,ib_break,2026-03-05T04:36:00+00:00,333.8,trail_stop,2026-03-05T06:09:00+00:00,5.056398,1.725119,0.781955,93,strong,0.2128,9.140412,3.118483,1662.5,330.8375,1000,1,1.944769,0.663507,13.224426,4.511851,0.382353,trend_up,5,330.8,ib_break_up,331.8,330.2,4.538079,1.548281,1166.74,0.701798,3.760599,1.283024,966.85,0.581564,1.0,1300.0,6.612213,2.255924,1000,0.391,2026-03-05,6.466356,2.206162,commodity_futures,ALUMINI,12.932711,4.412325,335.825,positional,ALUMINI
BUY,0.75,3.172,0.2393,0.707143,0.2393,0.071754,,16.1667,,970,333.5,ib_break_up,ib_break,2026-03-06T10:40:00+00:00,338.15,trail_stop,2026-03-06T16:51:00+00:00,19.431676,6.575756,2.788606,371,strong,0.0606,13.790221,4.666667,1667.5,331.8325,1000,1,3.969912,1.343434,27.998328,9.474746,0.69403,trend_up,29,331.1,ib_break_up,332.5,330.6,18.87033,6.385795,4515.67,2.708048,18.028312,6.100852,4314.18,2.587211,1.0,4650.0,10.029252,3.393939,1000,1.3943,2026-03-06,6.968241,2.35808,commodity_futures,ALUMINI,13.936481,4.716161,336.835,positional,ALUMINI
SELL,0.75,-0.909,0.3321,1.382143,0.3321,0.097691,,16.6833,,1001,339.95,ib_break_down,ib_break,2026-03-09T11:11:00+00:00,335.5,trail_stop,2026-03-10T06:45:00+00:00,13.399578,3.219638,1.25,629,neutral,0.0043,35.230352,8.465116,3560.0,343.51,1000,1,2.107799,0.50646,24.691358,5.932816,0.542683,trend_down,31,345.5,ib_break_down,347.2,340.6,12.992803,3.121898,4314.91,1.212053,12.382641,2.975289,4112.27,1.155133,1.0,4450.0,-16.711834,-4.015504,1000,1.309,2026-03-10,10.719663,2.57571,commodity_futures,ALUMINI,18.518519,4.449612,333.8,positional,ALUMINI
BUY,0.75,0.615,0.3,1.45,0.3,0.089272,,12.5833,,755,336.05,ib_break_up,ib_break,2026-03-10T07:05:00+00:00,332.5,value_migration_reversal,2026-03-10T08:24:00+00:00,-11.833333,-2.448276,-0.770901,79,strong,0.3265,24.5,5.068966,4605.0,331.445,1000,1,11.833333,2.448276,0.5,0.103448,-23.666666,trend_up,15,332.9,ib_break_up,335.5,331.6,-12.279033,-2.54049,-3683.71,-0.799937,-12.947583,-2.67881,-3884.28,-0.843491,1.0,-3550.0,10.5,2.172414,1000,-1.0564,2026-03-10,15.35,3.175862,commodity_futures,ALUMINI,30.7,6.351724,345.26,positional,ALUMINI
BUY,0.75,0.692,0.2036,1.096429,0.2036,0.060976,,14.55,,873,333.9,ib_break_up,ib_break,2026-03-10T09:03:00+00:00,337.3,trail_stop,2026-03-10T14:54:00+00:00,16.699411,3.100976,1.384929,351,strong,0.034,36.100196,6.703583,2455.0,331.445,1000,1,1.719057,0.319218,29.715128,5.517913,0.561983,trend_down,23,332.8,ib_break_up,334.9,331.8,16.040079,2.978542,3265.76,1.330248,15.051081,2.794891,3064.4,1.248228,1.0,3400.0,5.40275,1.003257,1000,1.0183,2026-03-10,12.057957,2.239087,commodity_futures,ALUMINI,24.115914,4.478174,338.81,positional,ALUMINI
BUY,0.75,0.436,0.4143,0.914286,0.4143,0.122938,,22.9667,,1378,337.0,ib_break_up,ib_break,2026-03-10T17:28:00+00:00,345.9,trail_stop,2026-03-13T06:09:00+00:00,21.482018,9.734372,1.60216,2006,strong,0.4558,17.740768,8.039062,5555.0,331.445,1000,1,0.482742,0.21875,35.964277,16.29687,0.597315,trend_up,56,338.8,ib_break_up,340.0,333.6,21.152353,9.584988,8763.42,1.577573,20.657857,9.360911,8558.55,1.540693,1.0,8900.0,-4.344678,-1.96875,1000,2.6409,2026-03-13,13.408158,6.075779,commodity_futures,ALUMINI,26.816317,12.151559,348.11,positional,ALUMINI
SELL,0.75,-0.941,0.1821,0.503571,0.1821,0.052516,,13.1333,,788,346.75,ib_break_down,ib_break,2026-03-16T07:38:00+00:00,342.5,trail_stop,2026-03-16T11:23:00+00:00,23.338825,8.439723,2.451405,225,neutral,0.0612,13.454146,4.865248,1733.7,348.4837,1000,1,2.745744,0.992909,34.321801,12.411358,0.68,trend_down,17,347.6,ib_break_down,348.3,347.3,22.581823,8.165979,4112.15,2.371892,21.446321,7.755361,3905.38,2.252624,1.0,4250.0,-4.667765,-1.687943,1000,1.2257,2026-03-16,9.520593,3.442811,commodity_futures,ALUMINI,19.041735,6.885821,343.2825,positional,ALUMINI
BUY,0.75,0.647,0.1929,0.696429,0.1929,0.05601,,10.4167,,625,344.4,ib_break_up,ib_break,2026-03-17T04:55:00+00:00,342.55,stop_loss,2026-03-17T06:14:00+00:00,-9.590461,-2.656409,-1.074332,79,strong,0.0526,9.849663,2.728205,1722.0,342.678,1000,1,10.368066,2.871793,6.998445,1.93846,-1.37037,trend_up,6,343.6,ib_break_up,344.1,343.0,-10.302696,-2.853686,-1987.39,-1.154117,-11.371047,-3.149603,-2193.47,-1.273795,1.0,-1850.0,4.147227,1.148718,1000,-0.5372,2026-03-17,8.926905,2.472614,commodity_futures,ALUMINI,17.85381,4.945228,347.844,positional,ALUMINI
SELL,0.75,-2.157,0.3179,0.460714,0.3179,0.09298,,20.9667,,1258,341.9,ib_break_down,ib_break,2026-03-17T15:28:00+00:00,338.85,trail_stop,2026-03-18T09:49:00+00:00,9.594212,6.620159,1.784147,556,neutral,0.2632,5.976722,4.124031,1709.5,343.6095,1000,1,2.988361,2.062017,16.042781,11.069774,0.598039,trend_down,48,344.1,ib_break_down,344.7,343.1,9.165933,6.32464,2913.85,1.704504,8.523514,5.88136,2709.62,1.585039,1.0,3050.0,-6.920415,-4.775194,1000,0.8921,2026-03-18,5.377477,3.710545,commodity_futures,ALUMINI,10.754954,7.42109,338.481,positional,ALUMINI
BUY,0.75,2.451,0.2429,0.596429,0.2429,0.071284,,17.1833,,1031,340.75,ib_break_up,ib_break,2026-03-18T11:41:00+00:00,339.0,stop_loss,2026-03-18T13:06:00+00:00,-7.204611,-2.93413,-1.027116,85,neutral,0.2586,11.93907,4.862275,1703.8,339.0462,1000,1,7.204611,2.93413,0.823384,0.335329,-8.750001,trend_up,33,338.1,ib_break_up,338.9,337.6,-7.764306,-3.16207,-1885.95,-1.106908,-8.603849,-3.50398,-2089.88,-1.226596,1.0,-1750.0,10.909839,4.443114,1000,-0.5136,2026-03-18,7.014409,2.856669,commodity_futures,ALUMINI,11.733224,4.77844,343.6,positional,ALUMINI
SELL,0.75,-1.962,0.2821,1.0,0.2821,0.083449,,12.15,,729,338.05,ib_break_down,ib_break,2026-03-19T06:39:00+00:00,325.65,trail_stop,2026-03-19T12:39:00+00:00,43.956044,12.4,7.335976,360,weak,0.0449,15.774548,4.45,1690.3,339.7403,1000,1,2.304147,0.65,54.945055,15.5,0.8,trend_down,13,341.5,ib_break_down,342.4,339.4,43.485502,12.26726,12267.26,7.257445,42.779688,12.06815,12068.15,7.13965,1.0,12400.0,-12.229706,-3.45,1000,3.6681,2026-03-19,5.991847,1.6903,commodity_futures,ALUMINI,11.983339,3.3805,334.6695,positional,ALUMINI
SELL,0.75,-0.685,0.2214,1.021429,0.2214,0.066627,,11.7333,,704,332.3,ib_break_down,ib_break,2026-03-20T06:14:00+00:00,334.0,stop_loss,2026-03-20T07:38:00+00:00,-7.67841,-1.664335,-1.023172,84,weak,0.0156,14.453478,3.132867,1661.5,333.9615,1000,1,7.67841,1.664335,0.903342,0.195804,-8.500003,trend_down,11,334.3,ib_break_down,335.2,333.6,-8.280307,-1.794799,-1833.26,-1.103376,-9.183153,-1.990496,-2033.15,-1.223683,1.0,-1700.0,-9.033424,-1.958042,1000,-0.5116,2026-03-20,7.504517,1.626643,commodity_futures,ALUMINI,15.009033,3.253285,328.977,positional,ALUMINI
BUY,0.75,1.759,0.2179,0.921429,0.2179,0.064832,,13.7667,,826,336.1,ib_break_up,ib_break,2026-03-20T08:16:00+00:00,334.1,stop_loss,2026-03-20T09:30:00+00:00,-9.178522,-2.170542,-1.190122,74,neutral,0.1719,14.685636,3.472868,1680.5,334.4195,1000,1,9.178522,2.170542,2.065168,0.488372,-4.444443,trend_up,20,334.3,ib_break_up,334.9,332.9,-9.793667,-2.316011,-2134.04,-1.269884,-10.716384,-2.534216,-2335.1,-1.389527,1.0,-2000.0,8.26067,1.953488,1000,-0.5951,2026-03-20,7.712253,1.823798,commodity_futures,ALUMINI,15.424507,3.647595,339.461,positional,ALUMINI
SELL,0.75,-1.167,0.2857,0.932143,0.2857,0.087237,,11.4,,684,327.5,ib_break_down,ib_break,2026-03-23T05:54:00+00:00,329.85,stop_loss,2026-03-23T07:42:00+00:00,-8.225411,-2.521072,-1.435115,108,weak,0.061,14.350718,4.398467,1637.5,329.1375,1000,1,8.225411,2.521072,5.075254,1.555555,-1.62069,trend_down,10,328.8,ib_break_down,329.5,328.0,-8.685579,-2.662113,-2481.47,-1.515402,-9.375831,-2.873674,-2678.68,-1.635832,1.0,-2350.0,-4.550228,-1.394636,1000,-0.7176,2026-03-23,5.731537,1.756705,commodity_futures,ALUMINI,11.463073,3.513409,324.225,positional,ALUMINI
BUY,0.75,2.833,1.0214,1.189286,1.0214,0.307419,,16.75,,1005,332.25,ib_break_up,ib_break,2026-03-23T11:15:00+00:00,330.3,stop_loss,2026-03-23T11:16:00+00:00,-1.909144,-1.639639,-1.17385,1,strong,0.0976,4.014098,3.447447,1661.2,330.5888,1000,1,3.671431,3.153152,0.0,0.0,,trend_up,32,328.6,ib_break_up,329.5,327.3,-2.038878,-1.751059,-2082.51,-1.253618,-2.233479,-1.918189,-2281.28,-1.373269,1.0,-1950.0,3.573527,3.069069,1000,-0.5869,2026-03-23,1.626395,1.396804,commodity_futures,ALUMINI,2.300764,1.975976,334.6,positional,ALUMINI
SELL,0.645,-0.185,0.0857,1.175,0.0857,0.025891,,22.35,,1341,331.0,failed_auction_high,failed_auction,2026-03-23T16:51:00+00:00,331.1,scalp_time_stop,2026-03-23T16:57:00+00:00,-1.166861,-0.085106,-0.060423,6,neutral,,47.841307,3.489362,1655.0,332.655,1000,1,2.917153,0.212766,0.0,0.0,,trend_down,54,328.8,failed_auction_high,331.1,327.8,-2.712019,-0.197804,-232.42,-0.140435,-5.029755,-0.366851,-431.05,-0.260453,1.0,-100.0,25.670945,1.87234,1000,-0.0302,2026-03-23,19.311552,1.408511,commodity_futures,ALUMINI,25.670945,1.87234,328.8,scalp,ALUMINI
BUY,0.75,0.415,0.15,0.560714,0.15,0.045242,,11.8333,,710,331.55,ib_break_up,ib_break,2026-03-24T06:20:00+00:00,333.0,trail_stop,2026-03-27T09:50:00+00:00,9.666667,2.585989,0.874653,2410,strong,0.5,10.666667,2.853503,1657.8,329.8922,1000,1,11.666667,3.121021,36.333333,9.71975,0.266055,trend_up,12,329.3,ib_break_up,330.3,329.0,8.7806,2.348952,1317.09,0.794481,7.4515,1.993396,1117.72,0.674222,1.0,1450.0,15.0,4.012739,1000,0.4373,2026-03-27,11.052,2.956587,commodity_futures,ALUMINI,22.103333,5.912997,334.8655,positional,ALUMINI
BUY,0.75,1.854,0.275,1.082143,0.275,0.077421,,16.7167,,1003,355.2,ib_break_up,ib_break,2026-04-01T11:13:00+00:00,353.3,stop_loss,2026-04-01T11:30:00+00:00,-6.909091,-1.755775,-1.06982,17,neutral,0.1228,10.363636,2.633663,1776.0,353.424,1000,1,6.909091,1.755775,2.727273,0.693069,-2.533333,trend_up,31,349.9,ib_break_up,355.0,347.0,-7.424364,-1.886719,-2041.7,-1.149606,-8.197273,-2.083135,-2254.25,-1.269285,1.0,-1900.0,19.272727,4.89769,1000,-0.5349,2026-04-01,6.458182,1.641188,commodity_futures,ALUMINI,12.916364,3.282376,358.752,positional,ALUMINI
BUY,0.75,0.449,0.2464,1.085714,0.2464,0.06933,,13.2833,,797,355.4,ib_break_up,ib_break,2026-04-02T07:47:00+00:00,353.55,stop_loss,2026-04-02T08:30:00+00:00,-7.508117,-1.703948,-1.04108,43,neutral,0.0526,15.422078,3.5,1777.0,353.623,1000,1,7.508117,1.703948,0.0,0.0,,trend_down,18,354.6,ib_break_up,355.0,353.4,-8.083563,-1.834544,-1991.79,-1.120872,-8.946733,-2.030438,-2204.47,-1.24056,1.0,-1850.0,3.246753,0.736842,1000,-0.5205,2026-04-02,7.211851,1.636711,commodity_futures,ALUMINI,14.423701,3.273422,358.954,positional,ALUMINI
SELL,0.75,-3.286,0.4393,0.864286,0.4393,0.12505,,17.4,,1044,351.3,ib_break_down,ib_break,2026-04-02T11:54:00+00:00,353.25,stop_loss,2026-04-02T13:25:00+00:00,-4.43888,-2.256198,-1.110162,91,neutral,0.0263,8.650125,4.396694,1756.5,353.0565,1000,1,4.43888,2.256198,2.162531,1.099173,-2.052632,trend_down,34,353.8,ib_break_down,354.9,353.0,-4.75964,-2.419234,-2090.91,-1.190384,-5.240781,-2.663788,-2302.28,-1.310717,1.0,-1950.0,-5.690872,-2.892562,1000,-0.5551,2026-04-02,3.998407,2.032313,commodity_futures,ALUMINI,7.996813,4.064627,347.787,positional,ALUMINI
BUY,0.75,3.32,0.2393,0.5,0.2393,0.067125,,11.7333,,704,356.5,ib_break_up,ib_break,2026-04-06T06:14:00+00:00,354.4,stop_loss,2026-04-06T13:00:00+00:00,-8.775595,-4.2,-1.178121,406,strong,0.4762,8.775595,4.2,1782.5,354.7175,1000,1,9.402424,4.5,10.447137,5.0,-0.84,trend_up,11,354.8,ib_break_up,355.3,354.1,-9.369745,-4.48436,-2242.18,-1.257885,-10.260969,-4.9109,-2455.45,-1.377532,1.0,-2100.0,7.104053,3.4,1000,-0.5891,2026-04-06,7.448809,3.565,commodity_futures,ALUMINI,14.897618,7.13,360.065,positional,ALUMINI
SELL,0.75,-0.92,0.1321,0.692857,0.1321,0.037396,,19.5833,,1175,353.25,ib_break_down,ib_break,2026-04-06T14:05:00+00:00,355.4,stop_loss,2026-04-07T06:42:00+00:00,-16.275549,-3.103093,-1.217234,452,weak,0.0714,15.897048,3.030928,1766.3,355.0163,1000,1,16.275549,3.103093,28.387585,5.412372,-0.573333,trend_down,43,357.5,ib_break_down,358.0,354.8,-17.348448,-3.307652,-2291.73,-1.297475,-18.957797,-3.61449,-2504.32,-1.417837,1.0,-2150.0,-32.172597,-6.134021,1000,-0.6086,2026-04-07,13.370931,2.549299,commodity_futures,ALUMINI,26.741105,5.098455,349.7175,positional,ALUMINI
SELL,0.75,-4.353,0.3214,0.771429,0.3214,0.090727,,13.5667,,814,354.25,ib_break_down,ib_break,2026-04-08T08:04:00+00:00,356.15,stop_loss,2026-04-10T07:28:00+00:00,-5.911637,-2.462962,-1.072658,1754,neutral,0.0926,8.400747,3.5,1771.3,356.0213,1000,1,5.911637,2.462962,3.111388,1.296296,-1.9,trend_down,19,355.2,ib_break_down,356.2,354.7,-6.353703,-2.647139,-2042.08,-1.152871,-7.016801,-2.923406,-2255.2,-1.273189,1.0,-1900.0,-2.955818,-1.231481,1000,-0.5363,2026-04-10,5.511201,2.296128,commodity_futures,ALUMINI,11.022091,4.592127,350.7075,positional,ALUMINI
BUY,0.85,1.98,0.2357,0.917857,0.2357,0.064895,,10.0,,600,363.2,open_drive_up_above_pvah,open_drive,2026-04-13T04:30:00+00:00,371.15,trail_stop,2026-04-17T03:56:00+00:00,33.729317,8.66148,1.394737,2991,strong,0.05,21.213407,5.447471,5700.0,357.5,1000,1,3.394145,0.871595,58.124735,14.926072,0.580292,trend_up,5,362.3,open_drive_up_above_pvah,363.4,360.0,33.106194,8.501466,7803.13,1.36897,32.17151,8.261445,7582.82,1.33032,1.0,7950.0,3.818413,0.980545,1000,2.1889,2026-04-17,24.183284,6.210118,commodity_futures,ALUMINI,48.366568,12.420235,374.6,positional,ALUMINI
BUY,0.75,0.364,0.0821,0.7,0.0821,0.022011,,14.9333,,896,373.0,ib_break_up,ib_break,2026-04-17T09:26:00+00:00,370.8,stop_loss,2026-04-17T13:04:00+00:00,-26.79659,-3.142857,-1.179625,218,strong,0.0392,31.059683,3.642857,1865.0,371.135,1000,1,26.79659,3.142857,2.436054,0.285714,-10.999998,trend_up,24,371.0,ib_break_up,371.9,370.5,-28.608526,-3.355371,-2348.76,-1.259389,-31.326431,-3.674143,-2571.9,-1.379035,1.0,-2200.0,24.360536,2.857143,1000,-0.5898,2026-04-17,22.7162,2.664286,commodity_futures,ALUMINI,45.4324,5.328571,376.73,positional,ALUMINI
BUY,0.75,0.345,0.1679,1.039286,0.1679,0.045843,,10.1833,,611,366.25,ib_break_up,ib_break,2026-04-20T04:41:00+00:00,364.35,stop_loss,2026-04-20T07:05:00+00:00,-11.31626,-1.828178,-1.037514,144,strong,0.1176,10.125074,1.635739,1831.3,364.4187,1000,1,11.911852,1.924398,0.595593,0.09622,-18.999988,trend_up,5,365.4,ib_break_up,366.1,365.1,-12.18654,-1.968775,-2046.12,-1.117305,-13.491959,-2.17967,-2265.3,-1.23699,1.0,-1900.0,5.062537,0.817869,1000,-0.5188,2026-04-20,10.907088,1.762075,commodity_futures,ALUMINI,21.81358,3.524054,369.9125,positional,ALUMINI
SELL,0.75,-0.273,0.0571,0.842857,0.0571,0.015702,,13.45,,807,363.65,ib_break_down,ib_break,2026-04-20T07:57:00+00:00,365.5,stop_loss,2026-04-20T13:31:00+00:00,-32.399299,-2.194916,-1.01749,334,weak,0.4118,29.772329,2.016949,1818.2,365.4682,1000,1,32.399299,2.194916,7.880911,0.533898,-4.111111,trend_down,18,365.4,ib_break_down,366.3,364.1,-34.95324,-2.367934,-1995.83,-1.097696,-38.784151,-2.627462,-2214.57,-1.218004,1.0,-1850.0,-30.647986,-2.076271,1000,-0.5087,2026-04-20,31.842382,2.157187,commodity_futures,ALUMINI,63.686515,4.314492,360.0135,positional,ALUMINI
BUY,0.75,0.278,0.1393,0.317857,0.1393,0.03817,,13.1833,,791,364.95,ib_break_up,ib_break,2026-04-21T07:41:00+00:00,370.0,trail_stop,2026-04-22T13:27:00+00:00,36.252692,15.887648,2.767427,1216,neutral,0.0238,30.150754,13.213483,1824.8,363.1252,1000,1,1.794688,0.786517,50.610194,22.179785,0.716312,trend_up,17,363.8,ib_break_up,364.8,363.5,35.197487,15.425207,4903.01,2.686875,33.614681,14.731546,4682.52,2.566048,1.0,5050.0,8.255564,3.617978,1000,1.3838,2026-04-22,13.099785,5.740946,commodity_futures,ALUMINI,26.198851,11.481578,368.5995,positional,ALUMINI
BUY,0.75,0.283,0.0821,0.467857,0.0821,0.021981,,11.45,,687,373.5,ib_break_up,ib_break,2026-04-24T05:57:00+00:00,371.6,stop_loss,2026-04-24T06:57:00+00:00,-23.142509,-4.06107,-1.017403,60,strong,0.3913,14.007308,2.458015,1867.5,371.6325,1000,1,23.751523,4.16794,0.0,0.0,,trend_up,10,372.6,ib_break_up,373.0,372.4,-24.957613,-4.379586,-2049.02,-1.097199,-27.680268,-4.85736,-2272.55,-1.216894,1.0,-1900.0,10.962241,1.923664,1000,-0.5087,2026-04-24,22.74665,3.991604,commodity_futures,ALUMINI,45.493301,7.983209,377.235,positional,ALUMINI
BUY,0.75,0.346,0.1036,0.760714,0.1036,0.027473,,11.45,,687,377.1,ib_break_up,ib_break,2026-04-27T05:57:00+00:00,375.15,stop_loss,2026-04-27T13:33:00+00:00,-18.822394,-2.563381,-1.034208,456,strong,0.0526,18.339768,2.497653,1885.5,375.2145,1000,1,18.822394,2.563381,3.861004,0.525822,-4.875,trend_up,10,376.5,ib_break_up,376.9,376.2,-20.274614,-2.761156,-2100.45,-1.114002,-22.452944,-3.057818,-2326.12,-1.233691,1.0,-1950.0,5.791506,0.788732,1000,-0.5171,2026-04-27,18.199807,2.478592,commodity_futures,ALUMINI,36.399614,4.957185,380.871,positional,ALUMINI
BUY,0.75,0.612,0.0179,0.382143,0.0179,0.004848,,10.9,,654,369.25,ib_break_up,ib_break,2026-05-04T05:24:00+00:00,375.05,trail_stop,2026-05-06T07:01:00+00:00,324.022346,15.177564,3.141588,1837,strong,0.0588,47.486034,2.224299,1846.2,367.4038,1000,1,25.139665,1.17757,427.374302,20.018684,0.75817,trend_up,8,369.2,ib_break_up,369.2,368.7,315.706145,14.788024,5651.14,3.060958,303.231844,14.203714,5427.85,2.940012,1.0,5800.0,2.793296,0.130841,1000,1.5708,2026-05-06,103.139665,4.831176,commodity_futures,ALUMINI,206.284916,9.662613,372.9425,positional,ALUMINI
BUY,0.75,0.417,0.0679,0.710714,0.0679,0.018389,,11.0833,,665,369.25,ib_break_up,ib_break,2026-05-07T05:35:00+00:00,367.15,stop_loss,2026-05-07T08:16:00+00:00,-30.927835,-2.954775,-1.137472,161,neutral,0.1071,41.237113,3.939698,1846.2,367.4038,1000,1,30.927835,2.954775,12.518409,1.19598,-2.470588,trend_up,9,368.5,ib_break_up,369.0,368.0,-33.096907,-3.162003,-2247.28,-1.217246,-36.350515,-3.472846,-2468.2,-1.336908,1.0,-2100.0,11.045655,1.055276,1000,-0.5687,2026-05-07,27.189985,2.597669,commodity_futures,ALUMINI,54.381443,5.195479,372.9425,positional,ALUMINI
SELL,0.75,-1.542,0.3107,0.696429,0.3107,0.085007,,14.2,,852,365.5,ib_break_down,ib_break,2026-05-07T08:42:00+00:00,367.6,stop_loss,2026-05-07T10:56:00+00:00,-6.758931,-3.015383,-1.149111,134,weak,0.2321,9.011909,4.020513,1827.5,367.3275,1000,1,6.758931,3.015383,0.0,0.0,,trend_down,21,368.8,ib_break_down,369.8,367.8,-7.230834,-3.225914,-2246.62,-1.229341,-7.938687,-3.541711,-2466.55,-1.349685,1.0,-2100.0,-10.621178,-4.738462,1000,-0.5746,2026-05-07,5.88188,2.624101,commodity_futures,ALUMINI,11.763759,5.248202,361.845,positional,ALUMINI
BUY,0.75,0.354,0.0964,0.453571,0.0964,0.02616,,11.25,,675,368.5,ib_break_up,ib_break,2026-05-08T05:45:00+00:00,375.65,trail_stop,2026-05-12T05:17:00+00:00,74.170124,15.763794,3.880597,1712,neutral,0.1818,17.116183,3.637795,1842.5,366.6575,1000,1,10.373444,2.204726,96.473029,20.503956,0.768817,trend_up,10,367.8,ib_break_up,368.1,367.5,72.626245,15.435665,7001.17,3.799821,70.310425,14.943471,6777.93,3.678657,1.0,7150.0,7.261411,1.543307,1000,1.9403,2026-05-12,19.113071,4.062209,commodity_futures,ALUMINI,21.784232,4.629926,370.6,positional,ALUMINI
BUY,0.75,4.553,0.2357,0.646429,0.2357,0.062313,,15.6333,,938,378.25,ib_break_up,ib_break,2026-05-12T10:08:00+00:00,376.15,stop_loss,2026-05-13T04:02:00+00:00,-8.909631,-3.248617,-1.110347,504,strong,0.1719,13.57658,4.950276,1891.3,376.3587,1000,1,9.121765,3.325965,4.454815,1.624308,-2.0,trend_up,27,376.5,ib_break_up,377.0,375.0,-9.549767,-3.482022,-2250.88,-1.190123,-10.50997,-3.83213,-2477.2,-1.309787,1.0,-2100.0,7.424692,2.707182,1000,-0.5552,2026-05-13,8.024183,2.925766,commodity_futures,ALUMINI,16.047942,5.851377,382.0325,positional,ALUMINI
BUY,0.75,1.204,0.1321,0.767857,0.1321,0.034294,,13.8333,,830,385.2,ib_break_up,ib_break,2026-05-14T08:20:00+00:00,383.05,stop_loss,2026-05-14T13:34:00+00:00,-16.275549,-2.800001,-1.116303,314,strong,0.0299,25.359576,4.362791,1926.0,383.274,1000,1,16.65405,2.865117,17.411052,2.995349,-0.934783,trend_down,20,384.0,ib_break_up,384.4,383.1,-17.438683,-3.000103,-2303.65,-1.19608,-19.183384,-3.300256,-2534.12,-1.315745,1.0,-2150.0,9.084027,1.562791,1000,-0.5582,2026-05-14,14.579864,2.50828,commodity_futures,ALUMINI,29.159727,5.016559,389.052,positional,ALUMINI
BUY,0.75,0.633,0.0929,0.582143,0.0929,0.024133,,10.3833,,623,384.95,ib_break_up,ib_break,2026-05-15T04:53:00+00:00,382.25,stop_loss,2026-05-15T05:30:00+00:00,-29.063509,-4.638036,-1.402743,37,strong,0.175,21.528525,3.435583,1924.8,383.0252,1000,1,29.063509,4.638036,1.614639,0.257669,-18.000004,trend_up,6,384.4,ib_break_up,384.7,383.9,-30.715178,-4.901614,-2853.44,-1.482461,-33.19268,-5.29698,-3083.6,-1.602037,1.0,-2700.0,5.920344,0.944785,1000,-0.7014,2026-05-15,20.719053,3.306404,commodity_futures,ALUMINI,41.437029,6.612636,388.7995,positional,ALUMINI
BUY,0.75,1.776,0.1714,0.703571,0.1714,0.045123,,11.05,,663,379.85,ib_break_up,ib_break,2026-05-18T05:33:00+00:00,384.25,trail_stop,2026-05-19T14:51:00+00:00,25.670945,6.253811,2.316765,1428,strong,0.2281,16.627771,4.050761,1899.2,377.9508,1000,1,4.375729,1.06599,38.798133,9.451782,0.661654,trend_up,9,377.8,ib_break_up,378.7,377.3,24.779347,6.036605,4247.18,2.236299,23.441949,5.710795,4017.95,2.115601,1.0,4400.0,11.960327,2.913706,1000,1.1584,2026-05-19,11.080513,2.699372,commodity_futures,ALUMINI,22.16161,5.398887,383.6485,positional,ALUMINI
BUY,0.75,0.388,0.1857,0.567857,0.1857,0.048047,,12.2333,,734,386.5,ib_break_up,ib_break,2026-05-20T06:44:00+00:00,384.35,stop_loss,2026-05-21T06:43:00+00:00,-11.577814,-3.786164,-1.112549,869,strong,0.4848,8.885299,2.90566,1932.5,384.5675,1000,1,11.577814,3.786164,2.423263,0.792453,-4.777779,trend_up,13,385.2,ib_break_up,385.7,384.8,-12.408024,-4.057659,-2304.17,-1.192326,-13.653339,-4.4649,-2535.43,-1.311992,1.0,-2150.0,7.000539,2.289308,1000,-0.5563,2026-05-21,10.40657,3.403146,commodity_futures,ALUMINI,20.813139,6.806291,390.365,positional,ALUMINI
BUY,0.75,0.383,0.3536,0.357143,0.3536,0.091169,,22.75,,1365,387.85,ib_break_up,ib_break,2026-05-26T17:15:00+00:00,392.0,trail_stop,2026-05-27T05:53:00+00:00,11.736425,11.619995,2.140058,188,strong,0.0781,9.049774,8.96,1939.2,385.9108,1000,1,0.848416,0.84,20.361991,20.159992,0.576389,trend_up,56,386.8,ib_break_up,387.2,386.0,11.295334,11.18328,3994.03,2.059628,10.633696,10.528206,3760.07,1.938983,1.0,4150.0,2.969457,2.94,1000,1.07,2026-05-27,5.484163,5.429758,commodity_futures,ALUMINI,10.968609,10.859796,391.7285,positional,ALUMINI
BUY,0.75,1.356,0.0857,0.596429,0.0857,0.022148,,10.9,,654,386.95,ib_break_up,ib_break,2026-06-01T05:24:00+00:00,395.15,trail_stop,2026-06-03T06:06:00+00:00,95.682614,13.748493,4.238164,1782,strong,0.5,8.168028,1.173653,1934.8,385.0152,1000,1,2.917153,0.419161,118.436406,17.017952,0.807882,trend_up,8,386.4,ib_break_up,386.6,386.1,93.85741,13.486232,8043.58,4.157319,91.119603,13.092841,7808.95,4.03605,1.0,8200.0,6.417736,0.922156,1000,2.1191,2026-06-03,22.576429,3.243974,commodity_futures,ALUMINI,45.151692,6.48778,390.8195,positional,ALUMINI
BUY,0.75,0.378,0.0821,0.489286,0.0821,0.020877,,10.0333,,602,393.25,ib_break_up,ib_break,2026-06-04T04:32:00+00:00,392.15,value_migration_reversal,2026-06-04T05:45:00+00:00,-13.398295,-2.248174,-0.559426,73,strong,0.25,12.180268,2.043796,1966.3,391.2837,1000,1,13.398295,2.248174,3.045067,0.510949,-4.4,trend_up,5,392.7,ib_break_up,393.0,392.3,-15.311571,-2.569213,-1257.08,-0.639312,-18.181486,-3.050772,-1492.7,-0.759142,1.0,-1100.0,6.699147,1.124088,1000,-0.2797,2026-06-04,23.950061,4.018713,commodity_futures,ALUMINI,24.969549,4.189779,395.3,positional,ALUMINI
SELL,0.75,-0.289,0.0536,0.514286,0.0536,0.013687,,12.0833,,725,391.6,ib_break_down,ib_break,2026-06-04T06:35:00+00:00,389.4,trail_stop,2026-06-04T12:56:00+00:00,41.044776,4.277775,1.123596,381,neutral,0.4,18.656716,1.944444,1958.0,393.558,1000,1,18.656716,1.944443,80.223881,8.361106,0.511628,trend_down,13,392.1,ib_break_down,393.0,391.8,38.130597,3.974053,2043.8,1.04382,33.759328,3.51847,1809.5,0.924157,1.0,2200.0,-9.328358,-0.972222,1000,0.5618,2026-06-04,36.529851,3.80722,commodity_futures,ALUMINI,73.059701,7.61444,387.684,positional,ALUMINI
SELL,0.75,-1.667,0.125,0.778571,0.125,0.032346,,11.8,,708,386.45,ib_break_down,ib_break,2026-06-05T06:18:00+00:00,388.4,stop_loss,2026-06-05T11:52:00+00:00,-15.6,-2.504589,-1.009212,334,weak,0.1091,22.0,3.53211,1932.2,388.3822,1000,1,16.0,2.568809,11.6,1.862386,-1.344828,trend_down,12,388.3,ib_break_down,388.7,387.2,-16.83976,-2.703633,-2104.97,-1.089416,-18.6994,-3.002199,-2337.43,-1.209722,1.0,-1950.0,-14.8,-2.376147,1000,-0.5046,2026-06-05,15.4576,2.481726,commodity_futures,ALUMINI,30.916,4.963581,382.5855,positional,ALUMINI
BUY,0.75,3.178,0.2036,0.478571,0.2036,0.052746,,20.6333,,1238,386.0,ib_break_up,ib_break,2026-06-08T15:08:00+00:00,383.9,stop_loss,2026-06-09T04:06:00+00:00,-10.314342,-4.388064,-1.088083,208,strong,0.0714,17.19057,7.313433,1930.0,384.07,1000,1,10.314342,4.388064,0.736739,0.313433,-13.999995,trend_up,47,384.1,ib_break_up,384.8,383.3,-11.070629,-4.709813,-2253.98,-1.167865,-12.205059,-5.192437,-2484.95,-1.287539,1.0,-2100.0,9.332024,3.970149,1000,-0.544,2026-06-09,9.479371,4.032839,commodity_futures,ALUMINI,18.958743,8.065679,389.86,positional,ALUMINI
SELL,0.75,-0.467,0.0857,0.514286,0.0857,0.02235,,10.0833,,605,383.45,ib_break_down,ib_break,2026-06-09T04:35:00+00:00,385.5,stop_loss,2026-06-09T05:45:00+00:00,-23.920653,-3.986109,-1.069212,70,neutral,0.0435,13.418903,2.236111,1917.3,385.3673,1000,1,23.920653,3.986109,0.0,0.0,,trend_down,5,383.9,ib_break_down,384.4,383.8,-25.715169,-4.285145,-2203.79,-1.149424,-28.406943,-4.733699,-2434.47,-1.269741,1.0,-2050.0,-5.250875,-0.875,1000,-0.5346,2026-06-09,22.372229,3.728081,commodity_futures,ALUMINI,44.743291,7.455968,379.6155,positional,ALUMINI
SELL,0.85,-1.283,0.1393,1.146429,0.1393,0.037436,,10.1,,606,372.1,open_drive_down_below_pval,open_drive,2026-06-10T04:36:00+00:00,376.6,value_migration_reversal,2026-06-12T05:16:00+00:00,-32.304379,-3.925232,-0.5625,1780,weak,0.0125,28.715004,3.489097,8000.0,380.1,1000,1,32.663317,3.968846,21.89519,2.660435,-1.47541,trend_down,5,372.6,open_drive_down_below_pval,374.3,372.1,-33.379325,-4.055846,-4649.74,-0.581217,-34.991744,-4.251768,-4874.35,-0.609294,1.0,-4500.0,-3.589375,-0.436137,1000,-1.2094,2026-06-12,57.430007,6.978191,commodity_futures,ALUMINI,114.860014,13.956381,356.1,positional,ALUMINI
BUY,0.75,1.13,0.1464,0.653571,0.1464,0.038781,,11.75,,705,377.5,ib_break_up,ib_break,2026-06-12T06:15:00+00:00,375.6,stop_loss,2026-06-12T08:15:00+00:00,-12.978142,-2.907106,-1.006623,120,neutral,0.0645,10.587432,2.371585,1887.5,375.6125,1000,1,13.319672,2.983609,3.415301,0.765028,-3.799999,trend_up,12,376.6,ib_break_up,376.8,375.9,-14.006967,-3.137563,-2050.62,-1.086421,-15.550205,-3.483248,-2276.55,-1.206119,1.0,-1900.0,6.147541,1.377049,1000,-0.5033,2026-06-12,12.89276,2.88798,commodity_futures,ALUMINI,25.785519,5.77596,381.275,positional,ALUMINI
SELL,0.75,-3.457,0.2893,0.621429,0.2893,0.077644,,11.4667,,688,372.6,ib_break_down,ib_break,2026-06-15T05:58:00+00:00,367.05,trail_stop,2026-06-15T08:30:00+00:00,19.184238,8.931028,2.979066,152,weak,0.0392,8.81438,4.103448,1863.0,374.463,1000,1,0.691324,0.321839,26.270308,12.229877,0.730263,trend_down,10,374.4,ib_break_down,375.0,373.5,18.6729,8.69298,5402.07,2.899662,17.905894,8.335908,5180.18,2.780556,1.0,5550.0,-6.221915,-2.896552,1000,1.4895,2026-06-15,6.439682,2.997929,commodity_futures,ALUMINI,12.879364,5.995858,368.874,positional,ALUMINI
SELL,0.75,-0.435,0.1607,1.692857,0.1607,0.045473,,10.05,,603,353.4,ib_break_down,ib_break,2026-06-16T04:33:00+00:00,356.55,stop_loss,2026-06-16T09:12:00+00:00,-19.601742,-1.86076,-1.195446,279,weak,0.0314,49.471064,4.696203,2635.0,356.035,1000,1,19.601742,1.86076,17.73491,1.683544,-1.105263,trend_down,5,353.9,ib_break_down,358.2,353.3,-20.485314,-1.944636,-3291.99,-1.249332,-21.810672,-2.07045,-3504.97,-1.330161,1.0,-3150.0,-3.111388,-0.295359,1000,-0.8913,2026-06-16,16.397013,1.55654,commodity_futures,ALUMINI,32.794026,3.11308,348.13,positional,ALUMINI
SELL,0.75,-1.064,0.125,0.707143,0.125,0.034965,,21.3,,1278,357.5,ib_break_down,ib_break,2026-06-17T15:48:00+00:00,359.8,stop_loss,2026-06-17T16:38:00+00:00,-18.4,-3.252525,-1.286713,50,weak,0.1159,27.6,4.878788,1787.5,359.2875,1000,1,18.4,3.252525,1.6,0.282828,-11.5,trend_down,50,359.6,ib_break_down,360.5,358.9,-19.54768,-3.455397,-2443.46,-1.366971,-21.2692,-3.759706,-2658.65,-1.487357,1.0,-2300.0,-16.8,-2.969697,1000,-0.6434,2026-06-17,14.3,2.527777,commodity_futures,ALUMINI,28.6,5.055555,353.925,positional,ALUMINI
SELL,0.85,-0.702,0.2107,0.771429,0.2107,0.05936,,10.0833,,605,354.95,open_drive_down_below_pval,open_drive,2026-06-18T04:35:00+00:00,358.5,stop_loss,2026-06-18T10:18:00+00:00,-16.8486,-4.601849,-1.0,343,weak,0.0167,14.238253,3.888889,3550.0,358.5,1000,1,16.8486,4.601849,1.186521,0.324074,-14.200002,trend_down,5,356.7,open_drive_down_below_pval,357.9,355.7,-17.525819,-4.786818,-3692.69,-1.040194,-18.541647,-5.06427,-3906.72,-1.100486,1.0,-3550.0,-8.305648,-2.268519,1000,-1.0001,2026-06-18,16.8486,4.601849,commodity_futures,ALUMINI,33.6972,9.203699,347.85,positional,ALUMINI
BUY,0.75,0.478,0.1,,0.1,0.02777,,11.9333,,716,360.1,ib_break_up,ib_break,2026-06-22T06:26:00+00:00,358.1,stop_loss,2026-06-22T13:46:00+00:00,-20.0,,-1.110803,440,neutral,0.1026,19.5,,1800.5,358.2995,1000,1,20.5,,5.0,,-4.0,trend_up,12,359.3,ib_break_up,359.8,358.9,-21.4364,,-2143.64,-1.19058,-23.591,,-2359.1,-1.310247,1.0,-2000.0,8.0,,1000,-0.5554,2026-06-22,18.005,,commodity_futures,ALUMINI,36.01,,363.701,positional,ALUMINI
SELL,0.75,-1.696,0.2179,0.517857,0.2179,0.060994,,20.5667,,1234,357.25,ib_break_down,ib_break,2026-06-22T15:04:00+00:00,345.7,trail_stop,2026-06-23T06:32:00+00:00,53.005966,22.303454,6.466241,358,weak,0.359,8.949059,3.765517,1786.2,359.0362,1000,1,0.688389,0.289655,64.249656,27.03449,0.825,trend_down,47,359.6,ib_break_down,359.9,358.6,52.360762,22.03197,11409.41,6.387532,51.392955,21.624744,11198.52,6.269469,1.0,11550.0,-10.784764,-4.537931,1000,3.233,2026-06-23,8.197338,3.449215,commodity_futures,ALUMINI,16.395135,6.898623,353.6775,positional,ALUMINI
SELL,0.75,-0.543,0.2571,1.653571,0.2571,0.0745,,12.5667,,754,345.1,ib_break_down,ib_break,2026-06-23T07:04:00+00:00,333.3,trail_stop,2026-06-26T17:48:00+00:00,45.896538,7.136071,2.131888,2772,weak,0.4964,27.032283,4.203024,5535.0,350.635,1000,1,10.307273,1.602592,70.011669,10.885532,0.655556,trend_down,15,349.2,ib_break_down,352.5,345.8,45.368806,7.054018,11664.32,2.107375,44.577207,6.930939,11460.8,2.070605,1.0,11800.0,-15.947102,-2.479482,1000,3.4193,2026-06-26,21.528588,3.347301,commodity_futures,ALUMINI,43.057176,6.694602,334.03,positional,ALUMINI
SELL,0.75,-1.104,0.175,0.514286,0.175,0.053517,,11.1167,,667,327.0,ib_break_down,ib_break,2026-07-02T05:37:00+00:00,329.0,stop_loss,2026-07-02T06:00:00+00:00,-11.428571,-3.888887,-1.223242,23,weak,0.3333,8.571429,2.916667,1635.0,328.635,1000,1,11.428571,3.888887,0.0,0.0,,trend_down,9,328.6,ib_break_down,329.0,327.9,-12.178286,-4.143998,-2131.2,-1.303486,-13.302857,-4.526664,-2328.0,-1.423853,1.0,-2000.0,-9.142857,-3.111111,1000,-0.6116,2026-07-02,9.342857,3.179165,commodity_futures,ALUMINI,18.685714,6.35833,323.73,positional,ALUMINI
SELL,0.75,-0.367,0.2179,0.564286,0.2179,0.06612,,17.9167,,1075,329.55,ib_break_down,ib_break,2026-07-03T12:25:00+00:00,330.5,hold_to_end,2026-07-03T17:58:00+00:00,-4.359798,-1.683543,-0.576561,334,weak,0.0426,10.784764,4.164557,1647.7,331.1977,1000,1,6.654429,2.569619,1.376778,0.531645,-3.166667,trend_up,36,331.8,ib_break_down,333.1,330.6,-4.965626,-1.917485,-1082.01,-0.656679,-5.874369,-2.268398,-1280.03,-0.776856,1.0,-950.0,-10.325838,-3.987342,1000,-0.2883,2026-07-03,7.561726,2.919973,commodity_futures,ALUMINI,15.12391,5.840124,326.2545,positional,ALUMINI
SELL,0.85,-2.5,0.9286,22.714286,0.9286,0.012199,,10.4667,,628,7612.0,open_drive_down_below_pval,open_drive,2026-04-21T04:58:00+00:00,7675.0,stop_loss,2026-04-21T07:02:00+00:00,-67.844066,-2.773585,-1.3125,124,weak,0.0455,23.691579,0.968553,4800.0,7660.0,100,1,67.844066,2.773585,44.152488,1.805031,-1.536585,trend_down,5,7625.0,open_drive_down_below_pval,7625.0,7615.0,-71.13655,-2.908187,-6605.74,-1.376196,-76.075275,-3.110091,-7064.35,-1.47174,0.75,-6300.0,-13.999569,-0.572327,100,-0.8276,2026-04-21,51.690717,2.113208,commodity_futures,CRUDEOIL,103.381434,4.226415,7516.0,positional,CRUDEOIL
SELL,0.75,-1.5,4.2143,23.714286,4.2143,0.055415,,13.35,,801,7605.0,ib_break_down,ib_break,2026-04-21T07:51:00+00:00,7663.0,stop_loss,2026-04-21T08:05:00+00:00,-13.762665,-2.445783,-1.525312,14,weak,0.3636,5.220321,0.927711,3802.5,7643.025,100,1,13.762665,2.445783,0.0,0.0,,trend_down,17,7625.0,ib_break_down,7660.0,7590.0,-14.487246,-2.574549,-6105.36,-1.605617,-15.574117,-2.767699,-6563.4,-1.726075,0.75,-5800.0,-4.745747,-0.843373,100,-0.7627,2026-04-21,9.022851,1.603464,commodity_futures,CRUDEOIL,18.045702,3.206928,7528.95,positional,CRUDEOIL
BUY,0.75,2.5,2.4286,22.785714,2.4286,0.029693,,12.3167,,739,8179.0,ib_break_up,ib_break,2026-04-23T06:49:00+00:00,8133.0,stop_loss,2026-04-23T07:44:00+00:00,-18.940954,-2.018809,-1.124832,55,strong,0.1739,9.470477,1.009404,4089.5,8138.105,100,1,29.64671,3.159875,0.0,0.0,,trend_up,14,8150.0,ib_break_up,8175.0,8140.0,-20.284279,-2.161986,-4926.24,-1.204607,-22.299267,-2.376752,-5415.6,-1.324269,0.769,-4600.0,11.941036,1.272727,100,-0.5624,2026-04-23,16.83892,1.794765,commodity_futures,CRUDEOIL,33.677839,3.58953,8260.79,positional,CRUDEOIL
BUY,0.75,7.5,1.3571,19.0,1.3571,0.016264,,13.15,,789,8344.0,ib_break_up,ib_break,2026-04-24T07:39:00+00:00,8390.0,trail_stop,2026-04-24T08:22:00+00:00,33.895807,2.421053,1.102589,43,strong,0.1892,27.264019,1.947368,4172.0,8302.28,100,1,69.265345,4.947368,70.002211,5.0,0.484211,trend_up,17,8300.0,ib_break_up,8340.0,8280.0,31.429666,2.244905,4265.32,1.022368,27.730455,1.980684,3763.3,0.902037,0.812,4600.0,32.422076,2.315789,100,0.5513,2026-04-24,30.742023,2.195789,commodity_futures,CRUDEOIL,61.484047,4.391579,8427.44,positional,CRUDEOIL
BUY,0.75,1.667,1.3571,42.642857,1.3571,0.016386,,10.4667,,628,8282.0,ib_break_up,ib_break,2026-04-27T04:58:00+00:00,8353.0,trail_stop,2026-04-27T08:46:00+00:00,52.317442,1.664992,1.714562,228,strong,0.04,36.843269,1.172529,4141.0,8240.59,100,1,0.736865,0.023451,86.213249,2.743719,0.606838,trend_up,6,8270.0,ib_break_up,8280.0,8260.0,49.865891,1.586972,6767.3,1.634219,46.188564,1.469941,6268.25,1.513704,0.8,7100.0,8.842384,0.281407,100,0.8573,2026-04-27,30.513595,0.971089,commodity_futures,CRUDEOIL,61.02719,1.942178,8364.82,positional,CRUDEOIL
BUY,0.75,4.667,2.4286,30.0,2.4286,0.028552,,11.0667,,664,8506.0,ib_break_up,ib_break,2026-04-28T05:34:00+00:00,8550.0,trail_stop,2026-04-28T08:29:00+00:00,18.117434,1.466667,1.034564,175,strong,0.32,20.587993,1.666667,4253.0,8463.47,100,1,4.117599,0.333333,46.940624,3.8,0.385965,trend_up,9,8470.0,ib_break_up,8480.0,8455.0,16.712839,1.35296,4058.88,0.954357,14.605946,1.1824,3547.2,0.834047,1.0,4400.0,14.823355,1.2,100,0.5173,2026-04-28,17.512147,1.417667,commodity_futures,CRUDEOIL,35.024294,2.835333,8591.06,positional,CRUDEOIL
BUY,0.75,2.0,1.7857,23.785714,1.7857,0.020699,,10.4833,,629,8627.0,ib_break_up,ib_break,2026-04-29T04:59:00+00:00,8900.0,trail_stop,2026-04-29T08:46:00+00:00,152.881223,11.477478,6.328967,227,strong,0.2333,16.800134,1.261261,4313.5,8583.865,100,1,0.0,0.0,180.881447,13.57958,0.845201,trend_up,6,8615.0,ib_break_up,8620.0,8600.0,150.918183,11.330103,26949.46,6.247701,147.973624,11.109042,26423.65,6.125803,0.833,27300.0,6.720054,0.504505,100,3.1645,2026-04-29,24.155793,1.813484,commodity_futures,CRUDEOIL,48.311586,3.626967,8713.27,positional,CRUDEOIL
BUY,0.75,6.25,4.2857,73.785714,4.2857,0.045763,,11.9167,,715,9365.0,ib_break_up,ib_break,2026-04-30T06:25:00+00:00,9306.0,stop_loss,2026-04-30T06:32:00+00:00,-13.766713,-0.799613,-1.047957,7,strong,0.0292,39.900133,2.317522,5630.0,9308.7,100,1,13.766713,0.799613,0.0,0.0,,trend_up,12,9305.0,ib_break_up,9360.0,9275.0,-14.638029,-0.850221,-6273.42,-1.114284,-15.945003,-0.926135,-6833.55,-1.213774,1.0,-5900.0,14.000047,0.813166,100,-0.63,2026-04-30,13.13671,0.76302,commodity_futures,CRUDEOIL,26.273421,1.526041,9477.6,positional,CRUDEOIL
BUY,0.75,1.6,10.6429,47.357143,10.6429,0.119302,,12.2667,,736,8921.0,ib_break_up,ib_break,2026-05-04T06:46:00+00:00,9001.0,trail_stop,2026-05-04T08:29:00+00:00,7.516748,1.689291,1.793521,103,strong,0.1325,7.798626,1.75264,4460.5,8876.395,100,1,3.664415,0.823529,13.06035,2.935143,0.57554,trend_up,14,8845.0,ib_break_up,8910.0,8800.0,7.17996,1.613602,7641.56,1.713162,6.674778,1.500069,7103.9,1.592624,0.846,8000.0,7.140911,1.604827,100,0.8968,2026-05-04,4.191057,0.941885,commodity_futures,CRUDEOIL,8.382114,1.883771,9010.21,positional,CRUDEOIL
BUY,0.75,0.4,4.0714,36.071429,4.0714,0.043826,,11.9167,,715,9290.0,ib_break_up,ib_break,2026-05-05T06:25:00+00:00,9225.0,stop_loss,2026-05-05T06:55:00+00:00,-15.965024,-1.80198,-1.326531,30,strong,0.2444,22.105418,2.49505,4900.0,9241.0,100,1,15.965024,1.80198,0.0,0.0,,trend_up,12,9200.0,ib_break_up,9230.0,9175.0,-16.874539,-1.904638,-6870.3,-1.402102,-18.238812,-2.058624,-7425.75,-1.515459,1.0,-6500.0,22.105418,2.49505,100,-0.6997,2026-05-05,12.035172,1.358416,commodity_futures,CRUDEOIL,24.070344,2.716832,9388.0,positional,CRUDEOIL
SELL,0.75,-5.4,5.8571,39.214286,5.8571,0.066182,,11.5167,,691,8850.0,ib_break_down,ib_break,2026-05-06T06:01:00+00:00,8898.0,stop_loss,2026-05-06T06:16:00+00:00,-8.195182,-1.224044,-1.084746,15,weak,0.3966,9.902511,1.479053,4425.0,8894.25,100,1,8.195182,1.224044,0.0,0.0,,trend_down,11,8905.0,ib_break_down,8935.0,8880.0,-8.801216,-1.314562,-5154.96,-1.164963,-9.710266,-1.450339,-5687.4,-1.285288,1.0,-4800.0,-9.390313,-1.40255,100,-0.5424,2026-05-06,7.554933,1.128415,commodity_futures,CRUDEOIL,15.109867,2.256831,8761.5,positional,CRUDEOIL
SELL,0.75,-1.0,2.7857,21.285714,2.7857,0.033222,,11.6333,,698,8385.0,ib_break_down,ib_break,2026-05-07T06:08:00+00:00,8171.0,trail_stop,2026-05-07T07:21:00+00:00,76.820907,10.053691,5.104353,73,neutral,0.35,21.538572,2.818792,4192.5,8426.925,100,1,12.564167,1.644295,102.308217,13.389262,0.750877,trend_down,11,8440.0,ib_break_down,8460.0,8425.0,75.632265,9.898132,21068.88,5.025374,73.849302,9.664792,20572.2,4.906905,0.7,21400.0,-19.743691,-2.583893,100,2.5522,2026-05-07,15.050077,1.969631,commodity_futures,CRUDEOIL,30.100154,3.939262,8301.15,positional,CRUDEOIL
BUY,0.75,7.5,33.2857,72.857143,33.2857,0.392381,,23.0333,,1382,8483.0,ib_break_up,ib_break,2026-05-07T17:32:00+00:00,8428.0,stop_loss,2026-05-07T17:40:00+00:00,-1.652361,-0.754902,-1.296711,8,neutral,0.2833,1.802576,0.823529,4241.5,8440.585,100,1,1.652361,0.754902,0.0,0.0,,trend_up,57,8215.0,ib_break_up,8335.0,8050.0,-1.753972,-0.801324,-5838.22,-1.376452,-1.906389,-0.870958,-6345.55,-1.496063,1.0,-5500.0,8.051506,3.678431,100,-0.6484,2026-05-07,1.274271,0.582167,commodity_futures,CRUDEOIL,2.548542,1.164333,8567.83,positional,CRUDEOIL
SELL,0.75,-1.571,7.8571,69.357143,7.8571,0.094007,,10.5333,,632,8358.0,ib_break_down,ib_break,2026-05-08T05:02:00+00:00,8408.0,stop_loss,2026-05-08T05:11:00+00:00,-6.363671,-0.720906,-1.196458,9,neutral,0.15,10.181874,1.15345,4179.0,8399.79,100,1,6.363671,0.720906,0.0,0.0,,trend_down,7,8380.0,ib_break_down,8430.0,8380.0,-6.790444,-0.769253,-5335.32,-1.276698,-7.430604,-0.841773,-5838.3,-1.397057,1.0,-5000.0,-2.800015,-0.317199,100,-0.5982,2026-05-08,5.318756,0.602533,commodity_futures,CRUDEOIL,10.637513,1.205067,8274.42,positional,CRUDEOIL
BUY,0.75,2.286,8.1429,38.0,8.1429,0.096309,,20.7667,,1246,8455.0,ib_break_up,ib_break,2026-05-08T15:16:00+00:00,8405.0,stop_loss,2026-05-08T15:36:00+00:00,-6.140319,-1.315789,-1.182732,20,neutral,0.0625,9.82451,2.105263,4227.5,8412.725,100,1,6.140319,1.315789,1.228064,0.263158,-4.999999,trend_up,48,8345.0,ib_break_up,8400.0,8315.0,-6.554422,-1.404526,-5337.2,-1.262496,-7.175576,-1.537632,-5843.0,-1.382141,0.9,-5000.0,13.508701,2.894737,100,-0.5914,2026-05-08,5.191639,1.1125,commodity_futures,CRUDEOIL,10.383279,2.225,8539.55,positional,CRUDEOIL
SELL,0.75,-1.714,6.6429,59.5,6.6429,0.075945,,12.25,,735,8747.0,ib_break_down,ib_break,2026-05-11T06:45:00+00:00,8791.0,stop_loss,2026-05-11T07:49:00+00:00,-6.623613,-0.739496,-1.006059,64,neutral,0.0517,17.462253,1.94958,4373.5,8790.735,100,1,6.623613,0.739496,1.80644,0.201681,-3.666666,trend_up,14,8825.0,ib_break_down,8865.0,8805.0,-7.151636,-0.798447,-4750.76,-1.08626,-7.943669,-0.886874,-5276.9,-1.206562,1.0,-4400.0,-11.74186,-1.310924,100,-0.503,2026-05-11,6.583721,0.735042,commodity_futures,CRUDEOIL,13.167442,1.470084,8659.53,positional,CRUDEOIL
BUY,0.75,8.571,10.7143,36.214286,10.7143,0.120697,,22.2167,,1333,8877.0,ib_break_up,ib_break,2026-05-11T16:43:00+00:00,8830.0,stop_loss,2026-05-11T17:16:00+00:00,-4.386661,-1.29783,-1.058916,33,strong,0.069,10.826652,3.203156,4438.5,8832.615,100,1,4.386661,1.29783,1.959997,0.579882,-2.238096,trend_up,53,8720.0,ib_break_up,8795.0,8650.0,-4.717191,-1.395621,-5054.14,-1.138705,-5.212986,-1.542306,-5585.35,-1.258387,1.0,-4700.0,14.653314,4.335306,100,-0.5295,2026-05-11,4.142594,1.225621,commodity_futures,CRUDEOIL,8.285189,2.451243,8965.77,positional,CRUDEOIL
BUY,0.75,2.143,4.0,25.5,4.0,0.045076,,11.3667,,682,8874.0,ib_break_up,ib_break,2026-05-12T05:52:00+00:00,8932.0,trail_stop,2026-05-12T07:12:00+00:00,14.5,2.27451,1.30719,80,strong,0.1087,11.5,1.803922,4437.0,8829.63,100,1,4.25,0.666667,27.0,4.235294,0.537037,trend_up,10,8855.0,ib_break_up,8865.0,8835.0,13.6097,2.134855,5443.88,1.226928,12.27425,1.925373,4909.7,1.106536,0.778,5800.0,4.75,0.745098,100,0.6536,2026-05-12,11.0925,1.74,commodity_futures,CRUDEOIL,22.185,3.48,8962.74,positional,CRUDEOIL
BUY,0.75,2.75,4.0714,19.5,4.0714,0.044933,,13.8167,,829,9061.0,ib_break_up,ib_break,2026-05-13T08:19:00+00:00,8998.0,stop_loss,2026-05-13T16:07:00+00:00,-15.473793,-3.230769,-1.390575,468,strong,0.0128,19.158029,4.0,4530.5,9015.695,100,1,27.263349,5.692308,18.175566,3.794872,-0.851351,trend_down,20,8990.0,ib_break_up,9030.0,8975.0,-16.360908,-3.41599,-6661.18,-1.470297,-17.69158,-3.693821,-7202.95,-1.58988,0.947,-6300.0,17.438719,3.641026,100,-0.6953,2026-05-13,11.127622,2.323333,commodity_futures,CRUDEOIL,22.255244,4.646667,9151.61,positional,CRUDEOIL
SELL,0.75,-6.5,8.2857,41.0,8.2857,0.093624,,12.25,,735,8850.0,ib_break_down,ib_break,2026-05-14T06:45:00+00:00,8925.0,stop_loss,2026-05-14T06:56:00+00:00,-9.05174,-1.829268,-1.02459,11,neutral,0.0773,23.413833,4.731707,7320.0,8923.2,100,1,9.05174,1.829268,10.862088,2.195122,-0.833333,trend_down,14,8985.0,ib_break_down,9025.0,8925.0,-9.480792,-1.915976,-7855.5,-1.073156,-10.124371,-2.046037,-8388.75,-1.146004,1.0,-7500.0,-16.293132,-3.292683,100,-0.8475,2026-05-14,8.834498,1.785366,commodity_futures,CRUDEOIL,17.668996,3.570732,8703.6,positional,CRUDEOIL
BUY,0.75,4.25,7.9286,42.571429,7.9286,0.087464,,13.6667,,820,9065.0,ib_break_up,ib_break,2026-05-14T08:10:00+00:00,8999.0,stop_loss,2026-05-14T08:25:00+00:00,-8.324294,-1.550336,-1.028037,15,strong,0.0309,24.46838,4.557047,6420.0,9000.8,100,1,8.324294,1.550336,0.0,0.0,,trend_up,19,8990.0,ib_break_up,9030.0,8905.0,-8.779961,-1.6352,-6961.28,-1.084312,-9.463461,-1.762497,-7503.2,-1.168723,1.0,-6600.0,9.459425,1.761745,100,-0.7281,2026-05-14,8.097268,1.508054,commodity_futures,CRUDEOIL,16.194536,3.016107,9193.4,positional,CRUDEOIL
SELL,0.75,-1.111,1.9286,49.071429,1.9286,0.020322,,10.6,,636,9490.0,ib_break_down,ib_break,2026-05-18T05:06:00+00:00,9520.0,value_migration_reversal,2026-05-18T05:20:00+00:00,-15.555325,-0.611354,-0.632244,14,weak,0.0092,56.517681,2.221252,4745.0,9537.45,100,1,15.555325,0.611354,0.0,0.0,,trend_up,7,9495.0,ib_break_down,9530.0,9495.0,-17.526703,-0.688833,-3380.2,-0.712371,-20.483771,-0.805051,-3950.5,-0.832561,1.0,-3000.0,-2.592554,-0.101892,100,-0.3161,2026-05-18,24.603339,0.966958,commodity_futures,CRUDEOIL,49.206678,1.933916,9395.1,positional,CRUDEOIL
SELL,0.75,-0.444,7.0714,46.642857,7.0714,0.074648,,11.1667,,670,9473.0,ib_break_down,ib_break,2026-05-18T05:40:00+00:00,9515.0,value_migration_reversal,2026-05-18T06:20:00+00:00,-5.939418,-0.900459,-0.828402,40,weak,0.1651,15.414204,2.336907,5070.0,9523.7,100,1,5.939418,0.900459,3.252538,0.493109,-1.826087,trend_up,9,9500.0,ib_break_down,9525.0,9490.0,-6.476454,-0.981878,-4579.76,-0.903306,-7.282009,-1.104006,-5149.4,-1.015661,1.0,-4200.0,-3.818197,-0.578867,100,-0.4434,2026-05-18,7.169726,1.086983,commodity_futures,CRUDEOIL,14.339452,2.173966,9371.6,positional,CRUDEOIL
SELL,0.75,-5.667,4.2143,50.571429,4.2143,0.044441,,12.45,,747,9483.0,ib_break_down,ib_break,2026-05-18T06:57:00+00:00,9424.0,trail_stop,2026-05-18T07:51:00+00:00,13.999953,1.166667,1.244332,54,weak,0.0734,25.864319,2.155367,4741.5,9530.415,100,1,2.847448,0.237288,27.288043,2.274011,0.513043,trend_up,14,9500.0,ib_break_down,9530.0,9490.0,13.102674,1.091893,5521.86,1.164581,11.756757,0.979733,4954.65,1.044954,1.0,5900.0,-4.033885,-0.336158,100,0.6222,2026-05-18,11.250979,0.937585,commodity_futures,CRUDEOIL,22.501958,1.875169,9388.17,positional,CRUDEOIL
SELL,0.75,-1.222,5.0714,39.214286,5.0714,0.053643,,16.15,,969,9454.0,ib_break_down,ib_break,2026-05-18T10:39:00+00:00,9524.0,stop_loss,2026-05-18T11:09:00+00:00,-13.802895,-1.785064,-1.004304,30,neutral,0.3394,21.493079,2.779599,6970.0,9523.7,100,1,13.802895,1.785064,4.140868,0.535519,-3.333334,trend_up,29,9495.0,ib_break_down,9530.0,9420.0,-14.551327,-1.881855,-7379.56,-1.05876,-15.673976,-2.027042,-7948.9,-1.140445,1.0,-7000.0,-8.084553,-1.045537,100,-0.7404,2026-05-18,13.743739,1.777413,commodity_futures,CRUDEOIL,27.487479,3.554827,9314.6,positional,CRUDEOIL
SELL,0.75,-2.636,5.3571,27.214286,5.3571,0.05589,,11.85,,711,9585.0,ib_break_down,ib_break,2026-05-20T06:21:00+00:00,9533.0,trail_stop,2026-05-20T09:14:00+00:00,9.706744,1.910761,1.085029,173,neutral,0.0602,15.493457,3.049869,4792.5,9632.925,100,1,1.306677,0.257218,25.200202,4.96063,0.385185,trend_down,12,9630.0,ib_break_down,9650.0,9615.0,8.993,1.770261,4817.64,1.005246,7.922383,1.559512,4244.1,0.885571,1.0,5200.0,-8.400067,-1.653543,100,0.5425,2026-05-20,8.946072,1.761024,commodity_futures,CRUDEOIL,16.800134,3.307087,9495.0,positional,CRUDEOIL
SELL,0.75,-0.5,2.0,61.214286,2.0,0.021786,,10.45,,627,9180.0,ib_break_down,ib_break,2026-05-21T04:57:00+00:00,9229.0,stop_loss,2026-05-21T05:30:00+00:00,-24.5,-0.800467,-1.067538,33,weak,0.1458,24.0,0.784131,4590.0,9225.9,100,1,24.5,0.800467,1.5,0.049008,-16.333333,trend_down,6,9200.0,ib_break_down,9220.0,9190.0,-26.3409,-0.860613,-5268.18,-1.147752,-29.10225,-0.950832,-5820.45,-1.268072,1.0,-4900.0,-10.0,-0.326721,100,-0.5338,2026-05-21,22.95,0.749825,commodity_futures,CRUDEOIL,40.0,1.306884,9100.0,positional,CRUDEOIL
SELL,0.75,-1.692,8.6429,66.571429,8.6429,0.095819,,21.0167,,1261,9020.0,ib_break_down,ib_break,2026-05-22T15:31:00+00:00,8915.0,trail_stop,2026-05-22T17:33:00+00:00,12.1487,1.577253,1.832461,122,weak,0.4074,9.371854,1.216738,5730.0,9077.3,100,1,4.049567,0.525751,21.520554,2.793991,0.564516,trend_down,49,9155.0,ib_break_down,9205.0,9055.0,11.733677,1.523371,10141.3,1.76986,11.111143,1.442548,9603.25,1.67596,1.0,10500.0,-15.619757,-2.027897,100,1.1641,2026-05-22,6.629719,0.86073,commodity_futures,CRUDEOIL,13.259438,1.721459,8905.4,positional,CRUDEOIL
BUY,0.75,1.385,8.0714,33.142857,8.0714,0.094182,,12.7333,,764,8570.0,ib_break_up,ib_break,2026-05-25T07:14:00+00:00,8503.0,value_migration_reversal,2026-05-25T09:38:00+00:00,-8.300914,-2.021552,-0.935754,144,strong,0.2424,16.35404,3.982759,7160.0,8498.4,100,1,8.300914,2.021552,8.672597,2.112069,-0.957143,trend_up,15,8495.0,ib_break_up,8515.0,8440.0,-8.723964,-2.124578,-7041.46,-0.983444,-9.358538,-2.279119,-7553.65,-1.054979,1.0,-6700.0,9.292068,2.262931,100,-0.7818,2026-05-25,8.870828,2.160345,commodity_futures,CRUDEOIL,17.741656,4.32069,8713.2,positional,CRUDEOIL
BUY,0.75,5.154,6.5,37.214286,6.5,0.075997,,18.5333,,1112,8553.0,ib_break_up,ib_break,2026-05-25T13:02:00+00:00,8498.0,stop_loss,2026-05-25T14:20:00+00:00,-8.461538,-1.477927,-1.007326,78,strong,0.1136,20.307692,3.547025,5460.0,8498.4,100,1,8.461538,1.477927,1.076923,0.1881,-7.857143,trend_down,39,8475.0,ib_break_up,8545.0,8445.0,-8.986185,-1.569564,-5841.02,-1.069784,-9.773154,-1.707019,-6352.55,-1.163471,1.0,-5500.0,12.0,2.095969,100,-0.643,2026-05-25,8.4,1.467178,commodity_futures,CRUDEOIL,16.8,2.934357,8662.2,positional,CRUDEOIL
SELL,0.75,-13.615,14.5,36.357143,14.5,0.172681,,22.4833,,1349,8397.0,ib_break_down,ib_break,2026-05-25T16:59:00+00:00,8543.0,stop_loss,2026-05-26T03:45:00+00:00,-10.068966,-4.015717,-3.004115,76,weak,0.0682,9.103448,3.630648,4860.0,8445.6,100,1,10.068966,4.015717,2.275862,0.907662,-4.424243,trend_down,54,8495.0,ib_break_down,8545.0,8450.0,-10.302621,-4.108904,-14938.8,-3.073827,-10.653103,-4.248684,-15447.0,-3.178395,1.0,-14600.0,-6.758621,-2.695481,100,-1.7387,2026-05-26,3.351724,1.336739,commodity_futures,CRUDEOIL,6.703448,2.673477,8299.8,positional,CRUDEOIL
BUY,0.75,2.0,4.3571,42.0,4.3571,0.050806,,10.3,,618,8576.0,ib_break_up,ib_break,2026-05-26T04:48:00+00:00,8691.0,trail_stop,2026-05-26T09:03:00+00:00,26.393702,2.738095,2.681903,255,strong,0.0571,16.065732,1.666667,4288.0,8533.12,100,1,8.262376,0.857143,39.016777,4.047619,0.676471,trend_up,6,8565.0,ib_break_up,8575.0,8535.0,25.601111,2.655871,11154.66,2.601367,24.412224,2.532536,10636.65,2.480562,1.0,11500.0,2.524615,0.261905,100,1.341,2026-05-26,9.841408,1.020952,commodity_futures,CRUDEOIL,19.682817,2.041905,8661.76,positional,CRUDEOIL
SELL,0.75,-1.4,4.8571,36.0,4.8571,0.056775,,10.7833,,647,8555.0,ib_break_down,ib_break,2026-05-27T05:17:00+00:00,8423.0,trail_stop,2026-05-27T09:01:00+00:00,27.17671,3.666667,3.085915,224,neutral,0.0714,8.647135,1.166667,4277.5,8597.775,100,1,8.853019,1.194444,37.676803,5.083333,0.721311,trend_down,8,8570.0,ib_break_down,8585.0,8565.0,26.47761,3.572344,12860.44,3.006532,25.42896,3.430861,12351.1,2.887458,1.0,13200.0,-3.088263,-0.416667,100,1.543,2026-05-27,8.806695,1.188194,commodity_futures,CRUDEOIL,17.613391,2.376389,8469.45,positional,CRUDEOIL
SELL,0.75,-0.375,6.9286,52.785714,6.9286,0.081398,,18.45,,1107,8512.0,ib_break_down,ib_break,2026-05-28T12:57:00+00:00,8559.0,stop_loss,2026-05-28T13:17:00+00:00,-6.783477,-0.890392,-1.104323,20,neutral,0.0762,15.154577,1.989175,4256.0,8554.56,100,1,6.783477,0.890392,2.453598,0.322057,-2.764706,trend_down,6,8565.0,ib_break_down,8600.0,8535.0,-7.276246,-0.955073,-5041.42,-1.184544,-8.0154,-1.052093,-5553.55,-1.304875,1.0,-4700.0,-7.649453,-1.00406,100,-0.5522,2026-05-28,6.142655,0.806279,commodity_futures,CRUDEOIL,11.113356,1.458728,8435.0,positional,CRUDEOIL
SELL,0.75,-2.0,4.5,34.5,4.5,0.054612,,11.8833,,713,8240.0,ib_break_down,ib_break,2026-05-29T06:23:00+00:00,8288.0,stop_loss,2026-05-29T07:16:00+00:00,-10.666667,-1.391304,-1.165049,53,weak,0.1951,18.222222,2.376812,4120.0,8281.2,100,1,10.666667,1.391304,5.555556,0.724638,-1.92,trend_down,12,8270.0,ib_break_down,8300.0,8265.0,-11.401244,-1.487119,-5130.56,-1.245282,-12.503111,-1.630841,-5626.4,-1.365631,1.0,-4800.0,-6.666667,-0.869565,100,-0.5825,2026-05-29,9.155556,1.194203,commodity_futures,CRUDEOIL,18.311111,2.388406,8157.6,positional,CRUDEOIL
BUY,0.75,9.294,8.7143,29.142857,8.7143,0.104213,,13.1833,,791,8362.0,ib_break_up,ib_break,2026-05-29T07:41:00+00:00,8310.0,stop_loss,2026-05-29T08:53:00+00:00,-5.967203,-1.784314,-1.069959,72,neutral,0.2927,9.409821,2.813725,4860.0,8313.4,100,1,6.311465,1.887255,1.836063,0.54902,-3.249999,trend_up,17,8285.0,ib_break_up,8310.0,8250.0,-6.349839,-1.898729,-5533.44,-1.138568,-6.923792,-2.070353,-6033.6,-1.241481,1.0,-5200.0,8.836051,2.642157,100,-0.6219,2026-05-29,5.57704,1.667647,commodity_futures,CRUDEOIL,10.672114,3.191176,8455.0,positional,CRUDEOIL
BUY,0.75,0.667,3.3571,40.714286,3.3571,0.039965,,11.7167,,703,8400.0,ib_break_up,ib_break,2026-06-01T06:13:00+00:00,8423.0,trail_stop,2026-06-01T06:56:00+00:00,6.851151,0.564912,0.547619,43,strong,0.0625,19.064073,1.57193,4200.0,8358.0,100,1,0.297876,0.024561,22.340711,1.842105,0.306667,trend_up,11,8370.0,ib_break_up,8390.0,8355.0,5.848917,0.482273,1963.54,0.46751,4.345566,0.358314,1458.85,0.347345,1.0,2300.0,8.936284,0.736842,100,0.2738,2026-06-01,12.510798,1.031579,commodity_futures,CRUDEOIL,16.383188,1.350877,8455.0,positional,CRUDEOIL
SELL,0.75,-0.615,3.5,46.142857,3.5,0.041381,,11.0167,,661,8458.0,ib_break_down,ib_break,2026-06-02T05:31:00+00:00,8505.0,stop_loss,2026-06-02T06:47:00+00:00,-13.428571,-1.018576,-1.111374,76,neutral,0.1961,14.571429,1.105263,4229.0,8500.29,100,1,14.857143,1.126935,3.714286,0.281734,-3.615384,trend_down,9,8480.0,ib_break_down,8490.0,8470.0,-14.397886,-1.0921,-5039.26,-1.191596,-15.851857,-1.202385,-5548.15,-1.31193,1.0,-4700.0,-6.285714,-0.47678,100,-0.5557,2026-06-02,12.082857,0.916502,commodity_futures,CRUDEOIL,24.165714,1.833003,8373.42,positional,CRUDEOIL
BUY,0.75,0.41,5.9286,41.571429,5.9286,0.06947,,20.8667,,1252,8534.0,ib_break_up,ib_break,2026-06-02T15:22:00+00:00,8590.0,trail_stop,2026-06-02T16:07:00+00:00,9.445738,1.347079,1.312397,45,neutral,0.2941,8.602368,1.226804,4267.0,8491.33,100,1,1.180717,0.168385,18.891475,2.694158,0.5,trend_up,48,8480.0,ib_break_up,8515.0,8415.0,8.868063,1.264696,5257.52,1.232135,8.001552,1.14112,4743.8,1.111741,1.0,5600.0,9.10839,1.298969,100,0.6562,2026-06-02,7.197315,1.026426,commodity_futures,CRUDEOIL,14.394629,2.052852,8619.34,positional,CRUDEOIL
BUY,0.75,1.238,3.7143,39.571429,3.7143,0.042012,,10.25,,615,8841.0,ib_break_up,ib_break,2026-06-03T04:45:00+00:00,8923.0,trail_stop,2026-06-03T08:33:00+00:00,22.076838,2.072202,1.854994,228,strong,0.0972,19.384541,1.819495,4420.5,8796.795,100,1,6.730743,0.631769,34.730636,3.259928,0.635659,trend_up,6,8810.0,ib_break_up,8840.0,8795.0,21.120319,1.98242,7844.72,1.774623,19.68554,1.847747,7311.8,1.654066,1.0,8200.0,8.346122,0.783394,100,0.9275,2026-06-03,11.9013,1.117094,commodity_futures,CRUDEOIL,23.802601,2.234188,8929.41,positional,CRUDEOIL
BUY,0.75,1.182,5.0714,23.571429,5.0714,0.056976,,13.5167,,811,8901.0,ib_break_up,ib_break,2026-06-04T08:01:00+00:00,8855.0,stop_loss,2026-06-04T08:09:00+00:00,-9.070474,-1.951515,-1.033592,8,strong,0.127,12.422605,2.672727,4450.5,8856.495,100,1,9.070474,1.951515,0.0,0.0,,trend_up,19,8860.0,ib_break_up,8880.0,8850.0,-9.770714,-2.102172,-4955.12,-1.113385,-10.821075,-2.328158,-5487.8,-1.233075,1.0,-4600.0,8.084553,1.739394,100,-0.5168,2026-06-04,8.775683,1.888091,commodity_futures,CRUDEOIL,17.551366,3.776182,8990.01,positional,CRUDEOIL
SELL,0.75,-1.435,3.2143,26.428571,3.2143,0.037121,,10.4167,,625,8659.0,ib_break_down,ib_break,2026-06-05T04:55:00+00:00,8606.0,trail_stop,2026-06-05T07:59:00+00:00,16.488816,2.005405,1.22416,184,neutral,0.2439,12.755499,1.551351,4329.5,8702.295,100,1,5.288865,0.643243,32.977631,4.010811,0.5,trend_down,6,8680.0,ib_break_down,8690.0,8670.0,15.414554,1.874751,4954.7,1.144405,13.803161,1.67877,4436.75,1.024772,1.0,5300.0,-6.533304,-0.794595,100,0.6121,2026-06-05,13.469496,1.638189,commodity_futures,CRUDEOIL,26.938991,3.276378,8572.41,positional,CRUDEOIL
BUY,0.85,1.833,7.6429,50.714286,7.6429,0.087059,,10.05,,603,8779.0,open_drive_up_above_pvah,open_drive,2026-06-08T04:33:00+00:00,8650.0,stop_loss,2026-06-08T11:15:00+00:00,-16.87841,-2.543662,-1.084034,402,strong,0.3091,7.196221,1.084507,11900.0,8660.0,100,1,18.971856,2.859155,17.794293,2.68169,-0.948529,trend_up,5,8755.0,open_drive_up_above_pvah,8760.0,8725.0,-17.334493,-2.612396,-13248.58,-1.113326,-18.018619,-2.715497,-13771.45,-1.157265,1.0,-12900.0,3.140169,0.473239,100,-1.4694,2026-06-08,15.570006,2.346479,commodity_futures,CRUDEOIL,31.140012,4.692958,9017.0,positional,CRUDEOIL
SELL,0.75,-4.64,5.6429,24.571429,5.6429,0.066978,,13.2167,,793,8425.0,ib_break_down,ib_break,2026-06-09T07:43:00+00:00,8300.0,trail_stop,2026-06-09T14:18:00+00:00,22.15173,5.087209,2.967359,395,weak,0.0761,16.303674,3.744186,4212.5,8467.125,100,1,7.265768,1.668605,31.898492,7.325581,0.694444,trend_down,17,8460.0,ib_break_down,8495.0,8455.0,21.55895,4.951075,12165.5,2.887953,20.66978,4.746875,11663.75,2.768843,1.0,12500.0,-6.202485,-1.424419,100,1.4837,2026-06-09,7.465133,1.71439,commodity_futures,CRUDEOIL,14.930266,3.428779,8340.75,positional,CRUDEOIL
SELL,0.75,-1.259,3.2143,60.785714,3.2143,0.038527,,10.55,,633,8343.0,ib_break_down,ib_break,2026-06-10T05:03:00+00:00,8280.0,trail_stop,2026-06-10T06:35:00+00:00,19.599913,1.036428,1.510248,92,neutral,0.0492,18.977693,1.003525,4171.5,8384.715,100,1,0.0,0.0,33.91096,1.793184,0.577982,trend_down,7,8365.0,ib_break_down,8370.0,8345.0,18.565597,0.981734,5967.54,1.43055,17.014124,0.899693,5468.85,1.311003,1.0,6300.0,-6.844414,-0.361927,100,0.7551,2026-06-10,12.977942,0.686263,commodity_futures,CRUDEOIL,25.955885,1.372526,8259.57,positional,CRUDEOIL
BUY,0.75,39.704,22.9286,40.5,22.9286,0.271795,,16.5833,,995,8436.0,ib_break_up,ib_break,2026-06-10T11:05:00+00:00,8388.0,stop_loss,2026-06-10T11:07:00+00:00,-2.093455,-1.185185,-1.014799,2,neutral,0.4754,2.660433,1.506173,4730.0,8388.7,100,1,2.093455,1.185185,0.654205,0.37037,-3.199998,trend_up,31,8295.0,ib_break_up,8335.0,8250.0,-2.240207,-1.268267,-5136.48,-1.085937,-2.460333,-1.392889,-5641.2,-1.192643,1.0,-4800.0,6.149525,3.481481,100,-0.569,2026-06-10,2.062926,1.167901,commodity_futures,CRUDEOIL,4.125852,2.335802,8530.6,positional,CRUDEOIL
SELL,0.75,-1.857,6.2143,46.214286,6.2143,0.072301,,10.1833,,611,8595.0,ib_break_down,ib_break,2026-06-11T04:41:00+00:00,8450.0,trail_stop,2026-06-11T09:01:00+00:00,23.33328,3.137558,3.374055,260,neutral,0.4348,7.402282,0.995363,4297.5,8637.975,100,1,1.448273,0.194745,33.310268,4.479134,0.700483,trend_down,5,8630.0,ib_break_down,8650.0,8620.0,22.784706,3.063793,14159.1,3.294729,21.961846,2.953145,13647.75,3.175742,1.0,14500.0,-5.632171,-0.757342,100,1.687,2026-06-11,6.915501,0.929907,commodity_futures,CRUDEOIL,13.831003,1.859815,8509.05,positional,CRUDEOIL
SELL,0.75,-5.483,6.4286,,6.4286,0.079385,,10.5167,,631,8098.0,ib_break_down,ib_break,2026-06-12T05:01:00+00:00,7875.0,trail_stop,2026-06-12T08:36:00+00:00,34.688735,,5.507533,215,weak,0.0513,12.133279,,4049.0,8138.49,100,1,4.977756,,43.555362,,0.796429,trend_down,7,8110.0,ib_break_down,8135.0,8100.0,34.191799,,21980.54,5.428634,33.446396,,21501.35,5.310286,1.0,22300.0,-1.866658,,100,2.7538,2026-06-12,6.298416,,commodity_futures,CRUDEOIL,12.596833,,8017.02,positional,CRUDEOIL
SELL,0.75,-6.967,5.7857,23.285714,5.7857,0.077246,,12.9667,,778,7490.0,ib_break_down,ib_break,2026-06-15T07:28:00+00:00,7545.0,stop_loss,2026-06-15T08:21:00+00:00,-9.506196,-2.361963,-1.082677,53,weak,0.0256,26.96303,6.699387,5080.0,7540.8,100,1,10.197556,2.533742,0.0,0.0,,trend_down,16,7550.0,ib_break_down,7570.0,7530.0,-10.025926,-2.491098,-5800.7,-1.14187,-10.805521,-2.684801,-6251.75,-1.230659,1.0,-5500.0,-10.370396,-2.576687,100,-0.7343,2026-06-15,8.780269,2.181595,commodity_futures,CRUDEOIL,17.560537,4.36319,7388.4,positional,CRUDEOIL
SELL,0.75,-4.369,3.5,16.642857,3.5,0.046505,,10.65,,639,7526.0,ib_break_down,ib_break,2026-06-16T05:09:00+00:00,7381.0,trail_stop,2026-06-16T09:04:00+00:00,41.428571,8.712446,3.853309,235,neutral,0.0645,8.857143,1.862661,3763.0,7563.63,100,1,7.714286,1.622318,53.714286,11.296137,0.771277,trend_down,7,7540.0,ib_break_down,7550.0,7535.0,40.576743,8.533307,14201.86,3.774079,39.299,8.264597,13754.65,3.655235,1.0,14500.0,-4.0,-0.841202,100,1.9267,2026-06-16,10.751429,2.26103,commodity_futures,CRUDEOIL,21.502857,4.52206,7450.74,positional,CRUDEOIL
SELL,0.75,-8.0,6.5714,28.571429,6.5714,0.09304,,10.9833,,659,7063.0,ib_break_down,ib_break,2026-06-17T05:29:00+00:00,7099.0,stop_loss,2026-06-17T05:44:00+00:00,-5.478285,-1.26,-1.019397,15,weak,0.1159,10.500046,2.415,3531.5,7098.315,100,1,5.934808,1.365,0.608698,0.14,-9.000005,trend_down,8,7095.0,ib_break_down,7115.0,7080.0,-5.909304,-1.359134,-3883.24,-1.099601,-6.555833,-1.507835,-4308.1,-1.219907,1.0,-3600.0,-4.869586,-1.12,100,-0.5097,2026-06-17,5.374045,1.236025,commodity_futures,CRUDEOIL,10.74809,2.47205,6992.37,positional,CRUDEOIL
BUY,0.75,2.294,6.9286,47.785714,6.9286,0.096701,,15.5333,,932,7165.0,ib_break_up,ib_break,2026-06-17T10:02:00+00:00,7242.0,trail_stop,2026-06-17T14:25:00+00:00,11.113356,1.61136,1.684902,263,neutral,0.3623,9.958722,1.443946,4570.0,7119.3,100,1,5.773172,0.83707,19.484456,2.825112,0.57037,trend_up,27,7100.0,ib_break_up,7155.0,7075.0,10.697486,1.551062,7411.86,1.621851,10.07368,1.460614,6979.65,1.527276,1.0,7700.0,9.381405,1.360239,100,1.0747,2026-06-17,6.595849,0.956353,commodity_futures,CRUDEOIL,13.191698,1.912706,7256.4,positional,CRUDEOIL
SELL,0.75,-3.333,4.3571,36.785714,4.3571,0.062005,,10.1333,,608,7027.0,ib_break_down,ib_break,2026-06-18T04:38:00+00:00,6999.0,trail_stop,2026-06-18T06:35:00+00:00,6.426293,0.761165,0.796926,117,weak,0.0735,15.606711,1.848544,3513.5,7062.135,100,1,4.131188,0.48932,16.983774,2.011651,0.378378,trend_down,5,7075.0,ib_break_down,7100.0,7050.0,5.78247,0.684907,2519.48,0.717086,4.816736,0.57052,2098.7,0.597325,1.0,2800.0,-11.016502,-1.304854,100,0.3985,2026-06-18,8.06385,0.955126,commodity_futures,CRUDEOIL,16.1277,1.910252,6956.73,positional,CRUDEOIL
SELL,0.75,-1.778,7.9286,31.214286,7.9286,0.11312,,12.5167,,751,7009.0,ib_break_down,ib_break,2026-06-18T07:01:00+00:00,7066.0,stop_loss,2026-06-18T07:17:00+00:00,-7.189163,-1.826087,-1.313364,16,weak,0.3382,8.576546,2.17849,4340.0,7052.4,100,1,7.56754,1.922197,0.378377,0.09611,-19.0,trend_down,15,7030.0,ib_break_down,7045.0,6975.0,-7.544207,-1.91627,-5981.5,-1.378226,-8.076773,-2.051545,-6403.75,-1.475518,1.0,-5700.0,-2.648639,-0.672769,100,-0.8132,2026-06-18,5.473854,1.390389,commodity_futures,CRUDEOIL,10.947708,2.780778,6922.2,positional,CRUDEOIL
BUY,0.85,11.658,5.1429,35.142857,5.1429,0.071728,,10.05,,603,7170.0,open_drive_up_above_pvah,open_drive,2026-06-19T04:33:00+00:00,7147.0,value_migration_reversal,2026-06-22T06:55:00+00:00,-4.472185,-0.654472,-0.242105,1012,neutral,0.1667,11.666569,1.707317,9500.0,7075.0,100,1,12.444341,1.821138,22.944253,3.357724,-0.194915,trend_up,5,7135.0,open_drive_up_above_pvah,7155.0,7120.0,-5.028953,-0.73595,-2586.34,-0.272246,-5.864104,-0.858169,-3015.85,-0.317458,1.0,-2300.0,6.805499,0.995935,100,-0.3208,2026-06-22,18.472068,2.703252,commodity_futures,CRUDEOIL,36.944137,5.406504,7360.0,positional,CRUDEOIL
SELL,0.75,-2.35,6.6429,36.642857,6.6429,0.092947,,15.1833,,911,7147.0,ib_break_down,ib_break,2026-06-22T09:41:00+00:00,6976.0,trail_stop,2026-06-23T07:58:00+00:00,25.741769,4.666667,2.355372,767,neutral,0.0129,34.924506,6.331384,7260.0,7219.6,100,1,3.913953,0.709552,36.730946,6.658869,0.70082,trend_down,25,7165.0,ib_break_down,7205.0,7125.0,25.316564,4.589582,16817.54,2.316466,24.678755,4.473955,16393.85,2.258106,1.0,17100.0,-2.70966,-0.491228,100,2.3926,2026-06-23,10.928962,1.981287,commodity_futures,CRUDEOIL,21.857923,3.962573,7001.8,positional,CRUDEOIL
BUY,0.75,11.071,10.0714,30.142857,10.0714,0.143386,,14.0667,,844,7024.0,ib_break_up,ib_break,2026-06-23T08:34:00+00:00,6984.0,stop_loss,2026-06-23T09:01:00+00:00,-3.971642,-1.327014,-1.138952,27,neutral,0.3462,2.581568,0.862559,3512.0,6988.88,100,1,3.971642,1.327014,0.099291,0.033175,-40.00002,trend_up,21,7000.0,ib_break_up,7015.0,6945.0,-4.249816,-1.419958,-4280.16,-1.218724,-4.667077,-1.559374,-4700.4,-1.338383,1.0,-4000.0,2.382985,0.796209,100,-0.5695,2026-06-23,3.487102,1.165118,commodity_futures,CRUDEOIL,6.974204,2.330237,7094.24,positional,CRUDEOIL
SELL,0.75,-8.773,6.7857,20.928571,6.7857,0.098629,,12.6167,,757,6880.0,ib_break_down,ib_break,2026-06-24T07:07:00+00:00,6857.0,trail_stop,2026-06-24T09:48:00+00:00,3.389481,1.098976,0.668605,161,weak,0.2128,6.92633,2.245734,3440.0,6914.4,100,1,1.031581,0.334471,10.315811,3.34471,0.328571,trend_down,15,6910.0,ib_break_down,6925.0,6900.0,2.9846,0.967701,2025.26,0.588738,2.377279,0.770788,1613.15,0.468939,1.0,2300.0,-4.421062,-1.433447,100,0.3343,2026-06-24,5.069484,1.643686,commodity_futures,CRUDEOIL,10.138969,3.287372,6811.2,positional,CRUDEOIL
SELL,0.75,-4.776,6.2857,39.357143,6.2857,0.09531,,18.1167,,1087,6595.0,ib_break_down,ib_break,2026-06-26T12:37:00+00:00,6682.0,stop_loss,2026-06-26T13:18:00+00:00,-13.840941,-2.210526,-2.638362,41,weak,0.0976,13.045484,2.083485,3297.5,6627.975,100,1,13.840941,2.210526,2.863643,0.45735,-4.833333,trend_down,5,6615.0,ib_break_down,6655.0,6605.0,-14.263392,-2.277996,-8965.54,-2.71889,-14.897068,-2.3792,-9363.85,-2.839682,1.0,-8700.0,-3.181825,-0.508167,100,-1.3192,2026-06-26,5.246035,0.83784,commodity_futures,CRUDEOIL,10.492069,1.675681,6529.05,positional,CRUDEOIL
SELL,0.75,-6.64,4.1429,25.214286,4.1429,0.0626,,10.65,,639,6618.0,ib_break_down,ib_break,2026-06-29T05:09:00+00:00,6637.0,value_migration_reversal,2026-06-29T06:26:00+00:00,-4.586159,-0.753541,-0.574192,77,weak,0.1538,6.275797,1.031161,3309.0,6651.09,100,1,4.827536,0.793201,10.137826,1.665722,-0.452381,trend_down,7,6635.0,ib_break_down,6645.0,6630.0,-5.226049,-0.85868,-2165.1,-0.654306,-6.185884,-1.016388,-2562.75,-0.774479,1.0,-1900.0,-4.103406,-0.674221,100,-0.2871,2026-06-29,7.987159,1.312351,commodity_futures,CRUDEOIL,11.586087,1.903683,6570.0,positional,CRUDEOIL
BUY,0.75,1.82,6.0,25.0,6.0,0.090171,,12.2667,,736,6654.0,ib_break_up,ib_break,2026-06-29T06:46:00+00:00,6620.0,stop_loss,2026-06-29T07:00:00+00:00,-5.666667,-1.36,-1.021942,14,neutral,0.2308,4.333333,1.04,3327.0,6620.73,100,1,6.0,1.44,0.0,0.0,,trend_up,14,6640.0,ib_break_up,6650.0,6605.0,-6.109133,-1.466192,-3665.48,-1.101737,-6.772833,-1.62548,-4063.7,-1.221431,1.0,-3400.0,2.333333,0.56,100,-0.511,2026-06-29,5.545,1.3308,commodity_futures,CRUDEOIL,11.09,2.6616,6720.54,positional,CRUDEOIL
SELL,0.75,-1.04,5.5714,22.071429,5.5714,0.0843,,13.1167,,787,6609.0,ib_break_down,ib_break,2026-06-29T07:37:00+00:00,6638.0,value_migration_reversal,2026-06-29T08:19:00+00:00,-5.205155,-1.313916,-0.877591,42,weak,0.5,4.666691,1.177994,3304.5,6642.045,100,1,6.102595,1.540453,3.76925,0.951456,-1.380952,trend_down,17,6635.0,ib_break_down,6645.0,6610.0,-5.680691,-1.433953,-3164.94,-0.957767,-6.393994,-1.61401,-3562.35,-1.07803,1.0,-2900.0,-4.666691,-1.177994,100,-0.4388,2026-06-29,5.931184,1.497184,commodity_futures,CRUDEOIL,7.000036,1.76699,6570.0,positional,CRUDEOIL
SELL,0.75,-4.82,6.4286,30.071429,6.4286,0.097094,,17.6833,,1061,6621.0,ib_break_down,ib_break,2026-06-29T12:11:00+00:00,6645.0,value_migration_reversal,2026-06-29T12:23:00+00:00,-3.733317,-0.7981,-0.724966,12,weak,0.0385,4.044426,0.864608,3310.5,6654.105,100,1,4.355536,0.931116,0.155555,0.033254,-23.999981,trend_up,35,6635.0,ib_break_down,6655.0,6610.0,-4.146035,-0.88633,-2665.32,-0.805111,-4.765112,-1.018675,-3063.3,-0.925329,1.0,-2400.0,-2.177768,-0.465558,100,-0.3625,2026-06-29,5.149644,1.100879,commodity_futures,CRUDEOIL,7.933298,1.695962,6570.0,positional,CRUDEOIL
SELL,0.75,-3.505,4.2143,20.071429,4.2143,0.063354,,10.5167,,631,6652.0,ib_break_down,ib_break,2026-06-30T05:01:00+00:00,6688.0,stop_loss,2026-06-30T07:13:00+00:00,-8.542344,-1.793594,-1.082381,132,weak,0.3256,10.203355,2.142349,3326.0,6685.26,100,1,8.542344,1.793594,5.457609,1.145907,-1.565217,trend_down,7,6680.0,ib_break_down,6695.0,6670.0,-9.175427,-1.92652,-3866.8,-1.162598,-10.12505,-2.125907,-4267.0,-1.282922,1.0,-3600.0,-6.644045,-1.395018,100,-0.5412,2026-06-30,7.892177,1.657082,commodity_futures,CRUDEOIL,15.784353,3.314164,6585.48,positional,CRUDEOIL
BUY,0.75,8.362,7.1429,22.714286,7.1429,0.10623,,13.75,,825,6724.0,ib_break_up,ib_break,2026-06-30T08:15:00+00:00,6688.0,stop_loss,2026-06-30T14:50:00+00:00,-5.03997,-1.584906,-1.070791,395,neutral,0.3488,6.019964,1.893082,3362.0,6690.38,100,1,5.459967,1.716981,9.799941,3.081761,-0.514286,trend_up,20,6675.0,ib_break_up,6690.0,6650.0,-5.415504,-1.702999,-3868.24,-1.150577,-5.978804,-1.880138,-4270.6,-1.270256,1.0,-3600.0,6.859959,2.157233,100,-0.5354,2026-06-30,4.706772,1.480126,commodity_futures,CRUDEOIL,9.413544,2.960252,6791.24,positional,CRUDEOIL
SELL,0.75,-3.63,2.1429,19.142857,2.1429,0.032331,,10.0167,,601,6628.0,ib_break_down,ib_break,2026-07-01T04:31:00+00:00,6555.0,trail_stop,2026-07-01T09:31:00+00:00,34.065985,3.813433,2.202776,300,neutral,0.1579,8.866489,0.992537,3314.0,6661.14,100,1,7.466517,0.835821,52.265621,5.850746,0.651786,trend_down,5,6630.0,ib_break_down,6640.0,6630.0,32.835597,3.6757,7036.34,2.123217,30.990014,3.469101,6640.85,2.003877,1.0,7300.0,-0.933315,-0.104478,100,1.1014,2026-07-01,15.465024,1.731194,commodity_futures,CRUDEOIL,30.930048,3.462388,6561.72,positional,CRUDEOIL
SELL,0.75,-12.719,4.2857,21.785714,4.2857,0.066507,,16.95,,1017,6444.0,ib_break_down,ib_break,2026-07-02T11:27:00+00:00,6477.0,stop_loss,2026-07-02T13:02:00+00:00,-7.700026,-1.514754,-1.024209,95,weak,0.1154,6.066687,1.193443,3222.0,6476.22,100,1,8.400028,1.652459,4.200014,0.82623,-1.833333,trend_down,32,6470.0,ib_break_down,6495.0,6460.0,-8.303008,-1.633373,-3558.42,-1.104413,-9.207481,-1.811302,-3946.05,-1.224721,1.0,-3300.0,-6.066687,-1.193443,100,-0.5121,2026-07-02,7.518025,1.478951,commodity_futures,CRUDEOIL,15.03605,2.957902,6379.56,positional,CRUDEOIL
BUY,0.75,4.25,3.7143,17.0,3.7143,0.056184,,11.2667,,676,6611.0,ib_break_up,ib_break,2026-07-03T05:46:00+00:00,6570.0,stop_loss,2026-07-03T07:11:00+00:00,-11.038419,-2.411765,-1.240357,85,neutral,0.027,9.9615,2.176471,3305.5,6577.945,100,1,11.576879,2.529412,4.307676,0.941176,-2.5625,trend_up,10,6595.0,ib_break_up,6605.0,6590.0,-11.748163,-2.566835,-4363.62,-1.320109,-12.812778,-2.799441,-4759.05,-1.439737,1.0,-4100.0,4.307676,0.941176,100,-0.6202,2026-07-03,8.899389,1.944412,commodity_futures,CRUDEOIL,17.798778,3.888824,6677.11,positional,CRUDEOIL
SELL,0.75,-2.7,5.0714,14.714286,5.0714,0.07732,,13.0167,,781,6559.0,ib_break_down,ib_break,2026-07-03T07:31:00+00:00,6565.0,value_migration_reversal,2026-07-03T13:57:00+00:00,-1.183105,-0.407767,-0.182955,386,neutral,0.3784,7.295816,2.514563,3279.5,6591.795,100,1,4.929605,1.699029,10.450763,3.601942,-0.113208,trend_down,17,6595.0,ib_break_down,6610.0,6585.0,-1.700674,-0.586151,-862.48,-0.262991,-2.477028,-0.853728,-1256.2,-0.383046,1.0,-600.0,-7.098632,-2.446602,100,-0.0915,2026-07-03,6.466656,2.228786,commodity_futures,CRUDEOIL,12.933312,4.457573,6493.41,positional,CRUDEOIL
SELL,0.75,-0.567,4.9286,17.857143,4.9286,0.075108,,19.8333,,1190,6562.0,ib_break_down,ib_break,2026-07-03T14:20:00+00:00,6570.0,value_migration_reversal,2026-07-03T14:34:00+00:00,-1.623179,-0.448,-0.243828,14,neutral,0.2973,7.507203,2.072,3281.0,6594.81,100,1,1.623179,0.448,2.231871,0.616,-0.727273,trend_up,44,6560.0,ib_break_down,6590.0,6525.0,-2.156069,-0.595078,-1062.64,-0.323877,-2.955403,-0.815696,-1456.6,-0.44395,1.0,-800.0,0.405795,0.112,100,-0.1219,2026-07-03,6.657063,1.83736,commodity_futures,CRUDEOIL,13.314126,3.67472,6496.38,positional,CRUDEOIL
SELL,0.75,-4.783,3.2857,18.5,3.2857,0.05011,,20.4,,1224,6557.0,ib_break_down,ib_break,2026-07-03T14:54:00+00:00,6566.0,value_migration_reversal,2026-07-03T15:37:00+00:00,-2.739142,-0.486486,-0.274516,43,neutral,0.4324,11.260919,2.0,3278.5,6589.785,100,1,3.043491,0.540541,7.00003,1.243243,-0.391304,trend_up,46,6560.0,ib_break_down,6585.0,6525.0,-3.537937,-0.628357,-1162.46,-0.354571,-4.736129,-0.841162,-1556.15,-0.474653,1.0,-900.0,-0.913047,-0.162162,100,-0.1373,2026-07-03,9.978087,1.772162,commodity_futures,CRUDEOIL,19.956174,3.544324,6491.43,positional,CRUDEOIL
SELL,0.75,-0.35,3.5714,19.5,3.5714,0.054434,,21.7,,1302,6561.0,ib_break_down,ib_break,2026-07-03T16:12:00+00:00,6568.0,value_migration_reversal,2026-07-03T16:21:00+00:00,-1.960016,-0.358974,-0.213382,9,neutral,0.3243,10.360083,1.897436,3280.5,6593.805,100,1,1.960016,0.358974,1.680013,0.307692,-1.166667,trend_up,51,6560.0,ib_break_down,6580.0,6525.0,-2.695246,-0.493631,-962.58,-0.293425,-3.79809,-0.695615,-1356.45,-0.413489,1.0,-700.0,0.280002,0.051282,100,-0.1067,2026-07-03,9.185473,1.682308,commodity_futures,CRUDEOIL,18.370947,3.364615,6495.39,positional,CRUDEOIL
SELL,0.75,-0.683,2.7857,17.071429,2.7857,0.042471,,22.2667,,1336,6559.0,ib_break_down,ib_break,2026-07-03T16:46:00+00:00,6563.0,value_migration_reversal,2026-07-03T16:48:00+00:00,-1.435905,-0.23431,-0.12197,2,neutral,0.3784,13.282119,2.167364,3279.5,6591.795,100,1,1.435905,0.23431,0.717952,0.117155,-2.000001,trend_up,54,6560.0,ib_break_down,6580.0,6525.0,-2.378002,-0.38804,-662.44,-0.201994,-3.791148,-0.618636,-1056.1,-0.322031,1.0,-400.0,-0.358976,-0.058577,100,-0.061,2026-07-03,11.772624,1.921046,commodity_futures,CRUDEOIL,23.545249,3.842092,6493.41,positional,CRUDEOIL
BUY,0.75,2.0,44.4286,231.357143,44.4286,0.029297,,17.1833,,1031,151650.0,ib_break_up,ib_break,2026-03-25T11:41:00+00:00,150375.0,stop_loss,2026-03-25T12:30:00+00:00,-28.697731,-5.51096,-1.681503,49,strong,0.1933,29.102875,5.588762,7582.5,150891.75,10,1,28.697731,5.51096,3.061091,0.587836,-9.375001,trend_up,32,150740.0,ib_break_up,151140.0,150460.0,-30.057328,-5.77205,-13354.05,-1.761167,-32.096724,-6.163685,-14260.12,-1.880663,0.9,-12750.0,20.482302,3.933313,10,-0.8408,2026-03-25,17.066709,3.2774,commodity_futures,GOLD,34.133419,6.554801,153166.5,positional,GOLD
SELL,0.75,-0.5,52.2143,245.0,52.2143,0.034798,,20.8,,1248,150050.0,ib_break_down,ib_break,2026-03-25T15:18:00+00:00,147455.0,trail_stop,2026-03-26T13:45:00+00:00,49.699029,10.591837,3.458847,292,neutral,0.0441,24.763331,5.277551,7502.5,150800.25,10,1,9.575921,2.040816,65.556754,13.971429,0.758107,trend_up,47,150700.0,ib_break_down,151100.0,150320.0,48.559475,10.348976,25354.99,3.379539,46.850145,9.984684,24462.47,3.260576,0.8,25950.0,-12.448697,-2.653061,10,1.7294,2026-03-26,14.368669,3.062245,commodity_futures,GOLD,28.737338,6.12449,148549.5,positional,GOLD
BUY,0.75,1.5,33.0,491.857143,33.0,0.022266,,20.15,,1209,148210.0,ib_break_up,ib_break,2026-03-26T14:39:00+00:00,147288.0,stop_loss,2026-03-26T15:53:00+00:00,-27.939394,-1.874528,-1.103663,74,neutral,0.4822,32.363636,2.171362,8354.0,147374.6,10,1,27.939394,1.874528,0.0,0.0,,trend_down,13,147300.0,ib_break_up,147520.0,146760.0,-29.730291,-1.994684,-9811.0,-1.174407,-32.416636,-2.174918,-10697.49,-1.280523,0.917,-9220.0,27.575758,1.850131,10,-0.6221,2026-03-26,25.315152,1.698461,commodity_futures,GOLD,50.630303,3.396921,149880.8,positional,GOLD
SELL,0.75,-1.0,45.4286,271.5,45.4286,0.031081,,21.8833,,1313,146162.0,ib_break_down,ib_break,2026-03-26T16:23:00+00:00,147197.0,stop_loss,2026-03-27T03:45:00+00:00,-22.783005,-3.812155,-1.3178,101,neutral,0.4354,23.509419,3.933702,7854.0,146947.4,10,1,22.783005,3.812155,18.974831,3.174954,-1.200696,trend_down,20,147300.0,ib_break_down,147620.0,146740.0,-24.074521,-4.028257,-10936.72,-1.392503,-26.011797,-4.352411,-11816.8,-1.504558,0.737,-10350.0,-25.050299,-4.191529,10,-0.7081,2026-03-27,17.288668,2.892818,commodity_futures,GOLD,33.943375,5.679558,144620.0,positional,GOLD
BUY,0.75,4.5,91.7143,538.785714,91.7143,0.061267,,10.7,,642,149697.0,ib_break_up,ib_break,2026-03-30T05:12:00+00:00,150707.0,trail_stop,2026-03-30T10:47:00+00:00,11.012459,1.874586,1.111356,335,strong,0.0584,27.651086,4.706881,9088.0,148788.2,10,1,0.512461,0.087233,21.261679,3.61925,0.517949,trend_up,7,148420.0,ib_break_up,149480.0,148380.0,10.357373,1.763074,9499.19,1.045246,9.374743,1.595807,8597.98,0.946081,0.833,10100.0,13.923674,2.370145,10,0.6747,2026-03-30,9.909033,1.686756,commodity_futures,GOLD,19.818065,3.373512,151514.6,positional,GOLD
SELL,0.75,-45.5,48.4286,450.357143,48.4286,0.032029,,18.5,,1110,151201.0,ib_break_down,ib_break,2026-03-31T13:00:00+00:00,152072.0,stop_loss,2026-03-31T13:59:00+00:00,-17.98524,-1.934021,-1.152109,59,neutral,0.1974,20.401168,2.193814,7560.05,151957.005,10,1,17.98524,1.934021,6.091442,0.655036,-2.952542,trend_down,7,151720.0,ib_break_down,152040.0,151500.0,-19.237694,-2.068702,-9316.55,-1.232339,-21.116375,-2.270723,-10226.36,-1.352685,1.0,-8710.0,-10.716808,-1.152419,10,-0.5761,2026-03-31,15.610714,1.678679,commodity_futures,GOLD,31.221427,3.357358,149688.99,positional,GOLD
BUY,0.75,13.5,99.9286,339.0,99.9286,0.065567,,22.5667,,1354,152408.0,ib_break_up,ib_break,2026-03-31T17:04:00+00:00,153822.0,trail_stop,2026-04-01T06:07:00+00:00,14.150103,4.171091,1.855546,213,neutral,0.0243,9.887059,2.914454,7620.4,151645.96,10,1,2.862043,0.843658,22.105784,6.516224,0.640109,trend_up,23,151980.0,ib_break_up,152160.0,151540.0,13.537206,3.990425,13527.54,1.775175,12.617859,3.719425,12608.85,1.654618,0.95,14140.0,4.283058,1.262537,10,0.9278,2026-04-01,7.625845,2.247906,commodity_futures,GOLD,15.25169,4.495811,153932.08,positional,GOLD
SELL,0.75,-8.667,201.7143,515.285714,201.7143,0.132476,,11.1833,,671,152265.0,ib_break_down,ib_break,2026-04-02T05:41:00+00:00,150575.0,trail_stop,2026-04-02T06:18:00+00:00,8.378186,3.279734,2.219814,37,neutral,0.1385,7.55524,2.957582,7613.25,153026.325,10,1,0.0,0.0,13.345608,5.224286,0.627786,trend_down,9,152900.0,ib_break_down,153500.0,152560.0,8.07792,3.162191,16294.32,2.140258,7.627521,2.985877,15385.8,2.020924,1.0,16900.0,-3.148017,-1.232326,10,1.1099,2026-04-02,3.774274,1.477481,commodity_futures,GOLD,6.766997,2.649016,150900.0,positional,GOLD
SELL,0.75,-1.0,53.0714,302.5,53.0714,0.034972,,23.4833,,1409,151755.0,ib_break_down,ib_break,2026-04-02T17:59:00+00:00,153226.0,stop_loss,2026-04-06T07:53:00+00:00,-27.717377,-4.86281,-1.248515,237,neutral,0.4731,28.716032,5.038017,11782.0,152933.2,10,1,27.717377,4.86281,4.427997,0.77686,-6.259574,trend_down,58,151200.0,ib_break_down,152480.0,150060.0,-28.8667,-5.06445,-15319.96,-1.300285,-30.590685,-5.366911,-16234.91,-1.377941,0.9,-14710.0,10.45761,1.834711,10,-0.9693,2026-04-06,22.200281,3.894876,commodity_futures,GOLD,44.400562,7.789752,149398.6,positional,GOLD
SELL,0.75,-0.667,12.6429,320.285714,12.6429,0.008307,,16.9,,1014,152200.0,ib_break_down,ib_break,2026-04-07T11:24:00+00:00,156075.0,stop_loss,2026-04-08T03:45:00+00:00,-306.496136,-12.098573,-5.091984,411,neutral,0.0315,20.090327,0.793042,7610.0,152961.0,10,1,314.247522,12.40455,83.683332,3.303301,-3.662571,trend_down,32,152300.0,ib_break_down,152920.0,152220.0,-311.372786,-12.291073,-39366.55,-5.173003,-318.687762,-12.579823,-40291.38,-5.29453,0.9,-38750.0,-7.909578,-0.312221,10,-2.546,2026-04-08,60.191886,2.376004,commodity_futures,GOLD,102.82451,4.058876,150900.0,positional,GOLD
BUY,0.75,6.0,40.2143,540.357143,40.2143,0.025671,,11.1167,,667,156650.0,ib_break_up,ib_break,2026-04-08T05:37:00+00:00,155800.0,stop_loss,2026-04-08T09:40:00+00:00,-21.13676,-1.573034,-1.085222,243,strong,0.1053,23.623437,1.758096,7832.5,155866.75,10,1,21.13676,1.573034,12.433388,0.925314,-1.7,trend_up,9,156060.0,ib_break_up,156280.0,155700.0,-22.690685,-1.688679,-9124.9,-1.165005,-25.021572,-1.862148,-10062.25,-1.284679,1.0,-8500.0,14.671398,1.09187,10,-0.5426,2026-04-08,19.476902,1.449504,commodity_futures,GOLD,38.953805,2.899009,158216.5,positional,GOLD
BUY,0.75,0.25,26.0714,206.5,26.0714,0.016916,,11.6,,696,154122.0,ib_break_up,ib_break,2026-04-09T06:06:00+00:00,155292.0,trail_stop,2026-04-10T06:00:00+00:00,44.876762,5.66586,1.518278,864,neutral,0.1851,20.098652,2.53753,7706.1,153351.39,10,1,12.312342,1.554479,76.827481,9.699758,0.584124,trend_up,11,153820.0,ib_break_up,154040.0,153740.0,42.503172,5.366185,11081.17,1.437974,38.942788,4.916673,10152.93,1.317519,0.7,11700.0,11.583574,1.46247,10,0.7591,2026-04-10,29.557676,3.731768,commodity_futures,GOLD,59.115352,7.463535,155663.22,positional,GOLD
SELL,0.75,-0.25,14.7143,121.0,14.7143,0.009488,,13.55,,813,155082.0,ib_break_down,ib_break,2026-04-10T08:03:00+00:00,155532.0,value_migration_reversal,2026-04-10T13:49:00+00:00,-30.582495,-3.719008,-0.580338,346,neutral,0.3082,22.495124,2.735537,7754.1,155857.41,10,1,42.67957,5.190083,35.815499,4.355372,-0.85389,trend_down,19,155460.0,ib_break_down,155560.0,155200.0,-34.804428,-4.23242,-5121.23,-0.660454,-41.137329,-5.002537,-6053.07,-0.780628,0.722,-4500.0,-25.689295,-3.123967,10,-0.2902,2026-04-10,52.697716,6.408347,commodity_futures,GOLD,74.893131,9.107438,153980.0,positional,GOLD
SELL,0.75,-1.75,17.5714,105.571429,17.5714,0.011423,,17.5167,,1051,153828.0,ib_break_down,ib_break,2026-04-13T12:01:00+00:00,154599.0,stop_loss,2026-04-13T13:12:00+00:00,-43.87812,-7.303112,-1.002418,71,weak,0.43,22.764265,3.788904,7691.4,154597.14,10,1,43.87812,7.303112,3.016265,0.50203,-14.54717,trend_down,35,154300.0,ib_break_down,154420.0,154000.0,-47.388677,-7.887412,-8326.85,-1.082619,-52.654512,-8.763863,-9252.14,-1.202919,0.7,-7710.0,-26.861832,-4.470907,10,-0.5012,2026-04-13,43.772266,7.285494,commodity_futures,GOLD,87.544533,14.570988,152289.72,positional,GOLD
BUY,0.75,2.25,39.2143,218.571429,39.2143,0.025369,,21.8167,,1309,154575.0,ib_break_up,ib_break,2026-04-13T16:19:00+00:00,156750.0,trail_stop,2026-04-15T09:11:00+00:00,55.464461,9.95098,2.814168,832,strong,0.4375,10.200361,1.830065,7728.75,153802.125,10,1,2.473587,0.443791,77.063724,13.826144,0.719722,trend_up,52,154300.0,ib_break_up,154500.0,154000.0,53.876647,9.666108,21127.35,2.733605,51.494927,9.238799,20193.38,2.612761,0.75,21750.0,7.012748,1.25817,10,1.4071,2026-04-15,19.709009,3.536029,commodity_futures,GOLD,23.078316,4.140523,155480.0,positional,GOLD
SELL,0.75,-1.25,6.9286,187.285714,6.9286,0.00442,,15.05,,903,156747.0,ib_break_down,ib_break,2026-04-15T09:33:00+00:00,157127.0,value_migration_reversal,2026-04-15T11:46:00+00:00,-54.845135,-2.028986,-0.484858,133,neutral,0.3586,76.061542,2.813883,7837.35,157530.735,10,1,54.845135,2.028986,59.608002,2.205187,-0.920097,trend_down,25,157100.0,ib_break_down,157340.0,156980.0,-63.905378,-2.364168,-4427.75,-0.564955,-77.495742,-2.866941,-5369.37,-0.6851,0.85,-3800.0,-50.948244,-1.884821,10,-0.2424,2026-04-15,113.115925,4.184703,commodity_futures,GOLD,165.545709,6.124333,155600.0,positional,GOLD
SELL,0.75,-0.5,27.0714,115.5,27.0714,0.017265,,20.6,,1236,156800.0,ib_break_down,ib_break,2026-04-15T15:06:00+00:00,156099.0,trail_stop,2026-04-17T11:45:00+00:00,25.894486,6.069264,0.894133,1521,neutral,0.2581,19.467039,4.562771,7840.0,157584.0,10,1,25.820608,6.051948,59.176843,13.87013,0.437578,trend_down,47,157100.0,ib_break_down,157420.0,156960.0,23.582829,5.527448,6384.2,0.814311,20.115343,4.714723,5445.51,0.69458,0.7,7010.0,-11.081806,-2.597403,10,0.4471,2026-04-17,28.960453,6.787879,commodity_futures,GOLD,44.327224,10.38961,155600.0,positional,GOLD
BUY,0.75,2.25,11.3571,304.857143,11.3571,0.00728,,10.8333,,650,155999.0,ib_break_up,ib_break,2026-04-22T05:20:00+00:00,155151.0,stop_loss,2026-04-22T14:32:00+00:00,-74.666948,-2.781631,-1.087186,552,neutral,0.0031,28.264258,1.052952,7799.95,155219.005,10,1,74.666948,2.781631,26.327143,0.980787,-2.83612,trend_up,8,155840.0,ib_break_up,155900.0,155720.0,-80.14634,-2.985759,-9102.3,-1.166969,-88.365428,-3.291952,-10035.75,-1.286643,0.857,-8480.0,14.000053,0.521556,10,-0.5436,2026-04-22,68.679064,2.558559,commodity_futures,GOLD,137.358128,5.117118,157558.99,positional,GOLD
SELL,0.75,-0.25,3.6429,99.428571,3.6429,0.002358,,15.3,,918,154501.0,ib_break_down,ib_break,2026-04-23T09:48:00+00:00,155299.0,stop_loss,2026-04-23T12:05:00+00:00,-219.056246,-8.025862,-1.033003,137,weak,0.4851,55.450328,2.031609,7725.05,155273.505,10,1,219.056246,8.025862,84.822531,3.107759,-2.582524,trend_down,26,154800.0,ib_break_down,154980.0,154600.0,-236.064674,-8.649023,-8599.6,-1.11321,-261.577315,-9.583764,-9529.0,-1.23352,0.7,-7980.0,-82.077466,-3.007184,10,-0.5165,2026-04-23,212.057701,7.769447,commodity_futures,GOLD,424.115403,15.538894,152955.99,positional,GOLD
SELL,0.75,-0.5,5.7143,101.928571,5.7143,0.003679,,10.3,,618,155324.0,ib_break_down,ib_break,2026-04-27T04:48:00+00:00,152775.0,trail_stop,2026-04-28T12:26:00+00:00,446.073885,25.007709,3.282171,1326,weak,0.4783,28.17493,1.579537,7766.2,156100.62,10,1,6.649983,0.37281,592.19852,33.19972,0.753251,trend_down,6,155420.0,ib_break_down,155520.0,155400.0,435.290447,24.40317,24873.8,3.202828,419.11529,23.496361,23949.51,3.083813,0.75,25490.0,-16.799958,-0.941836,10,1.6411,2026-04-28,135.90816,7.619257,commodity_futures,GOLD,203.699491,11.419762,154160.0,positional,GOLD
BUY,0.75,0.75,18.4286,209.571429,18.4286,0.012029,,10.1667,,610,153202.0,ib_break_up,ib_break,2026-04-29T04:40:00+00:00,152429.0,stop_loss,2026-04-29T07:14:00+00:00,-41.945671,-3.68848,-1.009125,154,neutral,0.005,21.705393,1.908657,7660.1,152435.99,10,1,41.945671,3.68848,10.147271,0.892297,-4.13369,trend_up,5,153060.0,ib_break_up,153160.0,152920.0,-45.262592,-3.980152,-8341.26,-1.088923,-50.237972,-4.417661,-9258.16,-1.208621,1.0,-7730.0,7.705414,0.677573,10,-0.5046,2026-04-29,41.56637,3.655126,commodity_futures,GOLD,81.286696,7.147921,154700.0,positional,GOLD
SELL,0.75,-2.75,24.8571,250.285714,24.8571,0.016334,,10.0833,,605,152179.0,ib_break_down,ib_break,2026-04-30T04:35:00+00:00,153015.0,stop_loss,2026-04-30T05:41:00+00:00,-33.632242,-3.340183,-1.098706,66,neutral,0.013,15.488532,1.538242,7608.95,152939.895,10,1,34.396611,3.416096,1.327588,0.131849,-25.333343,trend_down,5,152400.0,ib_break_down,152420.0,152200.0,-36.08783,-3.584059,-8970.39,-1.178926,-39.771212,-3.949874,-9885.97,-1.299255,1.0,-8360.0,-8.89082,-0.882991,10,-0.5494,2026-04-30,30.610771,3.040106,commodity_futures,GOLD,61.221542,6.080211,150657.21,positional,GOLD
BUY,0.75,1.75,50.3571,345.857143,50.3571,0.032562,,19.5,,1170,154652.0,ib_break_up,ib_break,2026-05-01T14:00:00+00:00,153847.0,stop_loss,2026-05-04T05:37:00+00:00,-15.985829,-2.327551,-1.041047,367,strong,0.1416,28.615627,4.16646,7732.6,153878.74,10,1,16.065262,2.339116,16.839731,2.451879,-0.949292,trend_up,11,153960.0,ib_break_up,154580.0,153620.0,-17.211075,-2.505947,-8667.0,-1.120839,-19.048942,-2.773543,-9592.49,-1.240526,1.0,-8050.0,13.741856,2.000826,10,-0.5205,2026-05-04,15.355531,2.235779,commodity_futures,GOLD,30.711062,4.471557,156198.52,positional,GOLD
BUY,0.75,0.75,15.1429,150.428571,15.1429,0.009884,,11.1,,666,153202.0,ib_break_up,ib_break,2026-05-05T05:36:00+00:00,155400.0,trail_stop,2026-05-06T12:01:00+00:00,145.150533,14.611586,2.869414,1255,neutral,0.0585,28.198033,2.838557,7660.1,152435.99,10,1,40.348942,4.061728,208.084317,20.946819,0.697556,trend_up,9,153000.0,ib_break_up,153160.0,152880.0,141.074669,14.201289,21362.8,2.78884,134.960873,13.585843,20436.99,2.66798,0.875,21980.0,13.339585,1.34283,10,1.4347,2026-05-06,50.585423,5.092184,commodity_futures,GOLD,92.320493,9.293447,154600.0,positional,GOLD
BUY,0.75,1.5,75.4286,222.642857,75.4286,0.048476,,17.9667,,1078,155599.0,ib_break_up,ib_break,2026-05-06T12:28:00+00:00,156365.0,trail_stop,2026-05-07T08:25:00+00:00,10.155299,3.440488,0.984582,609,strong,0.4797,5.223483,1.76965,7779.95,154821.005,10,1,5.157195,1.747193,21.225371,7.190889,0.478451,trend_up,36,155940.0,ib_break_up,156100.0,155380.0,9.328122,3.16025,7036.07,0.904385,8.087357,2.739895,6100.18,0.78409,1.0,7660.0,-4.520832,-1.531601,10,0.4923,2026-05-07,10.314324,3.494363,commodity_futures,GOLD,20.628647,6.988726,157154.99,positional,GOLD
SELL,0.75,-1.4,52.7857,238.142857,52.7857,0.033901,,21.7667,,1306,155706.0,ib_break_down,ib_break,2026-05-07T16:16:00+00:00,156489.0,stop_loss,2026-05-08T13:31:00+00:00,-14.833563,-3.287942,-1.005742,702,neutral,0.3815,4.717187,1.045591,7785.3,156484.53,10,1,14.833563,3.287942,7.9567,1.763647,-1.864286,trend_down,51,156520.0,ib_break_down,156720.0,156100.0,-16.01644,-3.550134,-8454.39,-1.085943,-17.790756,-3.943421,-9390.98,-1.206244,0.95,-7830.0,-15.420843,-3.418116,10,-0.5029,2026-05-08,14.748881,3.269172,commodity_futures,GOLD,29.497762,6.538344,154148.94,positional,GOLD
SELL,0.75,-5.8,35.0,251.785714,35.0,0.022529,,11.2667,,676,155352.0,ib_break_down,ib_break,2026-05-11T05:46:00+00:00,156271.0,stop_loss,2026-05-11T12:24:00+00:00,-26.257143,-3.649929,-1.18312,398,weak,0.0331,50.857143,7.069504,7767.6,156128.76,10,1,26.257143,3.649929,10.057143,1.398014,-2.610795,trend_down,10,155600.0,ib_break_down,156180.0,155340.0,-28.037846,-3.897459,-9813.25,-1.263356,-30.7089,-4.268755,-10748.11,-1.383711,1.0,-9190.0,-7.085714,-0.984965,10,-0.5916,2026-05-11,22.193143,3.085004,commodity_futures,GOLD,44.386286,6.170009,153798.48,positional,GOLD
BUY,0.75,4.0,70.3571,211.428571,70.3571,0.044736,,18.8,,1128,157272.0,ib_break_up,ib_break,2026-05-11T13:18:00+00:00,156416.0,stop_loss,2026-05-12T15:23:00+00:00,-12.166505,-4.048649,-1.08856,994,strong,0.0455,25.299508,8.418919,7863.6,156485.64,10,1,12.337063,4.105405,8.215233,2.733784,-1.480969,trend_up,40,155600.0,ib_break_up,156100.0,155120.0,-13.058207,-4.345381,-9187.38,-1.168342,-14.395761,-4.790478,-10128.44,-1.288016,0.7,-8560.0,23.764481,7.908108,10,-0.5443,2026-05-12,11.176697,3.71927,commodity_futures,GOLD,22.353394,7.438541,158844.72,positional,GOLD
BUY,0.75,4.4,88.2143,275.285714,88.2143,0.052754,,10.0333,,602,167219.0,ib_break_up,ib_break,2026-05-14T04:32:00+00:00,166302.0,stop_loss,2026-05-14T06:27:00+00:00,-10.39514,-3.331085,-1.096765,115,strong,0.0636,13.183804,4.224702,8360.95,166382.905,10,1,10.406476,3.334717,1.462348,0.468604,-7.108527,trend_up,5,166980.0,ib_break_up,167200.0,166320.0,-11.151301,-3.573394,-9837.04,-1.176546,-12.285542,-3.936857,-10837.6,-1.296217,1.0,-9170.0,2.709311,0.868189,10,-0.5484,2026-05-14,9.477998,3.03719,commodity_futures,GOLD,18.955997,6.07438,168891.19,positional,GOLD
BUY,0.75,3.0,35.7143,189.071429,35.7143,0.021857,,18.0833,,1085,163400.0,ib_break_up,ib_break,2026-05-18T12:35:00+00:00,162577.0,stop_loss,2026-05-19T10:14:00+00:00,-23.043991,-4.352852,-1.007344,729,strong,0.1108,31.835987,6.0136,8170.0,162583.0,10,1,23.043991,4.352852,12.655995,2.390631,-1.820796,trend_up,37,162760.0,ib_break_up,163060.0,162600.0,-24.869461,-4.697671,-8881.95,-1.087142,-27.607667,-5.214899,-9859.89,-1.20684,1.0,-8230.0,17.919993,3.384964,10,-0.5037,2026-05-19,22.875991,4.321118,commodity_futures,GOLD,45.751982,8.642236,165034.0,positional,GOLD
BUY,0.75,2.833,39.6429,198.428571,39.6429,0.024611,,11.0333,,662,161080.0,ib_break_up,ib_break,2026-05-20T05:32:00+00:00,160788.0,value_migration_reversal,2026-05-20T05:50:00+00:00,-7.365758,-1.471562,-0.362553,18,neutral,0.191,10.695484,2.136789,8054.0,160274.6,10,1,7.365758,1.471562,1.740539,0.347732,-4.231883,trend_up,9,160840.0,ib_break_up,160980.0,160760.0,-8.989595,-1.795979,-3563.74,-0.44248,-11.42535,-2.282605,-4529.34,-0.562371,1.0,-2920.0,6.054048,1.209503,10,-0.1813,2026-05-20,20.316374,4.058891,commodity_futures,GOLD,40.632749,8.117783,162690.8,positional,GOLD
BUY,0.75,0.667,17.9286,228.642857,17.9286,0.011136,,11.7167,,703,161003.0,ib_break_up,ib_break,2026-05-20T06:13:00+00:00,161900.0,trail_stop,2026-05-21T06:58:00+00:00,50.031793,3.923149,1.114265,915,neutral,0.0094,23.649365,1.85442,8050.15,160197.985,10,1,9.482057,0.743518,103.577524,8.121837,0.483037,trend_up,11,160820.0,ib_break_up,161000.0,160780.0,46.429693,3.640697,8324.19,1.034042,41.026544,3.217019,7355.48,0.913708,1.0,8970.0,10.207155,0.800375,10,0.5571,2026-05-21,44.901164,3.52084,commodity_futures,GOLD,89.802327,7.041681,162613.03,positional,GOLD
SELL,0.75,-3.5,42.1429,191.0,42.1429,0.026057,,15.9333,,956,161733.0,ib_break_down,ib_break,2026-05-21T10:26:00+00:00,162548.0,stop_loss,2026-05-21T17:57:00+00:00,-19.338963,-4.267016,-1.007834,451,neutral,0.4123,15.827103,3.492147,8086.65,162541.665,10,1,19.338963,4.267016,13.810155,3.04712,-1.400344,trend_down,28,162080.0,ib_break_down,162340.0,161940.0,-20.877922,-4.606577,-8798.56,-1.088035,-23.186361,-5.115919,-9771.41,-1.208338,1.0,-8150.0,-8.23389,-1.816754,10,-0.5039,2026-05-21,19.188642,4.233848,commodity_futures,GOLD,38.377283,8.467696,160115.67,positional,GOLD
BUY,0.75,2.667,18.5,178.5,18.5,0.011406,,10.3333,,620,162200.0,ib_break_up,ib_break,2026-05-25T04:50:00+00:00,161370.0,stop_loss,2026-05-26T04:38:00+00:00,-44.864865,-4.64986,-1.023428,858,strong,0.0765,20.486486,2.123249,8110.0,161389.0,10,1,44.864865,4.64986,26.0,2.694678,-1.725572,trend_up,6,162120.0,ib_break_up,162180.0,161960.0,-48.362919,-5.012403,-8947.14,-1.103223,-53.61,-5.556218,-9917.85,-1.222916,1.0,-8300.0,4.324324,0.448179,10,-0.5117,2026-05-26,43.837838,4.543417,commodity_futures,GOLD,87.675676,9.086835,163822.0,positional,GOLD
SELL,0.75,-0.857,27.2857,189.857143,27.2857,0.016895,,11.0,,660,161500.0,ib_break_down,ib_break,2026-05-26T05:30:00+00:00,159100.0,trail_stop,2026-05-27T14:03:00+00:00,87.958161,12.641084,2.972136,1382,neutral,0.4823,11.397912,1.638074,8075.0,162307.5,10,1,15.759171,2.264861,121.345613,17.439428,0.724857,trend_down,9,161740.0,ib_break_down,161980.0,161480.0,85.608212,12.303356,23358.8,2.892731,82.083289,11.796764,22397.0,2.773622,1.0,24000.0,-8.795816,-1.264108,10,1.4861,2026-05-27,29.594256,4.253198,commodity_futures,GOLD,59.188513,8.506396,159885.0,positional,GOLD
BUY,0.75,3.429,51.2857,290.857143,51.2857,0.031854,,12.4333,,746,161000.0,ib_break_up,ib_break,2026-05-29T06:56:00+00:00,160139.0,stop_loss,2026-05-29T12:20:00+00:00,-16.788306,-2.960216,-1.069565,324,neutral,0.0497,14.916439,2.630157,8050.0,160195.0,10,1,16.788306,2.960216,2.339834,0.412574,-7.174999,trend_up,14,160720.0,ib_break_up,160840.0,160520.0,-18.040659,-3.181039,-9252.28,-1.149351,-19.919188,-3.512272,-10215.69,-1.26903,1.0,-8610.0,5.459612,0.962672,10,-0.5348,2026-05-29,15.696383,2.767682,commodity_futures,GOLD,31.392766,5.535363,162610.0,positional,GOLD
SELL,0.75,-10.857,62.4286,215.642857,62.4286,0.03903,,18.2,,1092,159950.0,ib_break_down,ib_break,2026-05-29T12:42:00+00:00,160818.0,stop_loss,2026-05-29T14:04:00+00:00,-13.903884,-4.025174,-1.085339,82,neutral,0.3229,12.253999,3.547532,7997.5,160749.75,10,1,13.903884,4.025174,1.874141,0.542564,-7.418804,trend_down,37,160520.0,ib_break_down,160840.0,160420.0,-14.931515,-4.322673,-9321.54,-1.165556,-16.472963,-4.768922,-10283.84,-1.285882,1.0,-8680.0,-9.130431,-2.643259,10,-0.5427,2026-05-29,12.810635,3.708678,commodity_futures,GOLD,25.62127,7.417357,158350.5,positional,GOLD
SELL,0.75,-15.625,35.8571,198.714286,35.8571,0.022507,,13.3,,798,159317.0,ib_break_down,ib_break,2026-06-01T07:48:00+00:00,160117.0,stop_loss,2026-06-02T05:27:00+00:00,-22.310784,-4.025881,-1.004287,729,weak,0.0391,23.509988,4.242272,7965.85,160113.585,10,1,23.231103,4.191948,27.219156,4.911574,-0.819672,trend_down,18,159700.0,ib_break_down,159900.0,159560.0,-24.092489,-4.347381,-8638.87,-1.084488,-26.765048,-4.829633,-9597.17,-1.204789,1.0,-8000.0,-10.681288,-1.92739,10,-0.5021,2026-06-02,22.215544,4.008695,commodity_futures,GOLD,44.431089,8.01739,157723.83,positional,GOLD
SELL,0.75,-4.0,46.2143,180.857143,46.2143,0.02902,,10.05,,603,159250.0,ib_break_down,ib_break,2026-06-03T04:33:00+00:00,160135.0,stop_loss,2026-06-04T11:47:00+00:00,-19.149917,-4.893365,-1.11146,1304,neutral,0.023,10.364757,2.648499,7962.5,160046.25,10,1,19.193193,4.904423,24.451306,6.248025,-0.783186,trend_down,5,159340.0,ib_break_down,159580.0,159260.0,-20.532108,-5.246555,-9488.77,-1.191682,-22.605395,-5.776341,-10446.92,-1.312016,1.0,-8850.0,-1.947449,-0.49763,10,-0.5557,2026-06-04,17.229516,4.402646,commodity_futures,GOLD,34.459031,8.805292,157657.5,positional,GOLD
BUY,0.75,1.778,61.2143,317.571429,61.2143,0.038333,,19.9333,,1196,159690.0,ib_break_up,ib_break,2026-06-04T14:26:00+00:00,158439.0,stop_loss,2026-06-05T03:45:00+00:00,-20.436401,-3.939271,-1.566786,229,neutral,0.4872,10.863475,2.094017,7984.5,158891.55,10,1,21.073507,4.062078,1.078179,0.207827,-18.954553,trend_up,44,159140.0,ib_break_up,159880.0,158740.0,-21.475796,-4.139622,-13146.26,-1.646472,-23.034887,-4.440149,-14100.65,-1.766002,1.0,-12510.0,8.984829,1.731894,10,-0.7834,2026-06-05,13.043521,2.514238,commodity_futures,GOLD,26.087042,5.028475,161286.9,positional,GOLD
SELL,0.75,-6.333,37.9286,217.214286,37.9286,0.023974,,10.45,,627,158206.0,ib_break_down,ib_break,2026-06-05T04:57:00+00:00,155691.0,trail_stop,2026-06-05T14:56:00+00:00,66.308801,11.578428,3.179399,599,weak,0.0182,10.150651,1.772443,7910.3,158997.03,10,1,8.173252,1.427162,89.747578,15.671161,0.738837,trend_down,6,158400.0,ib_break_down,158540.0,158340.0,64.653602,11.289408,24522.21,3.100035,62.170803,10.855877,23580.51,2.980989,1.0,25150.0,-5.114874,-0.893127,10,1.5897,2026-06-05,20.855766,3.641703,commodity_futures,GOLD,41.711532,7.283407,156623.94,positional,GOLD
SELL,0.75,-19.889,101.4286,453.571429,101.4286,0.066205,,11.0833,,665,153204.0,ib_break_down,ib_break,2026-06-08T05:35:00+00:00,153980.0,stop_loss,2026-06-08T06:22:00+00:00,-7.650702,-1.710866,-1.013028,47,weak,0.4279,9.030983,2.019528,7660.2,153970.02,10,1,7.650702,1.710866,4.850703,1.084724,-1.577236,trend_down,9,153960.0,ib_break_down,154280.0,153720.0,-8.256417,-1.846317,-8374.37,-1.093231,-9.164989,-2.049494,-9295.92,-1.213535,1.0,-7760.0,-7.453519,-1.666772,10,-0.5065,2026-06-08,7.552308,1.688863,commodity_futures,GOLD,15.104615,3.377726,151671.96,positional,GOLD
BUY,0.75,7.667,138.9286,299.071429,138.9286,0.089849,,16.9167,,1015,154624.0,ib_break_up,ib_break,2026-06-08T11:25:00+00:00,153740.0,stop_loss,2026-06-09T14:36:00+00:00,-6.362981,-2.955816,-1.143419,1061,strong,0.1223,6.593315,3.062813,7731.2,153850.88,10,1,6.744472,3.133031,5.952698,2.765226,-1.068924,trend_up,32,153820.0,ib_break_up,154040.0,153220.0,-6.806898,-3.16203,-9456.73,-1.22319,-7.472774,-3.471351,-10381.82,-1.342847,1.0,-8840.0,5.787145,2.688321,10,-0.5717,2026-06-09,5.564873,2.585068,commodity_futures,GOLD,6.305397,2.929066,155500.0,positional,GOLD
SELL,0.75,-5.3,80.8571,293.071429,80.8571,0.054167,,13.55,,813,149273.0,ib_break_down,ib_break,2026-06-10T08:03:00+00:00,147494.0,trail_stop,2026-06-11T04:13:00+00:00,22.001778,6.070193,2.383552,640,weak,0.4152,10.722621,2.958323,7463.65,150019.365,10,1,7.729686,2.132586,31.574222,8.711187,0.696827,trend_down,19,149820.0,ib_break_down,150280.0,149640.0,21.267725,5.867671,17196.47,2.304029,20.166646,5.563888,16306.17,2.184744,1.0,17790.0,-6.765021,-1.866439,10,1.1918,2026-06-11,9.230667,2.5467,commodity_futures,GOLD,18.461335,5.0934,147780.27,positional,GOLD
SELL,0.75,-2.0,48.8571,548.357143,48.8571,0.032613,,10.8,,648,149810.0,ib_break_down,ib_break,2026-06-12T05:18:00+00:00,150030.0,value_migration_reversal,2026-06-12T07:56:00+00:00,-4.502928,-0.401198,-0.293705,158,neutral,0.0533,15.350891,1.367722,7490.5,150559.05,10,1,5.526321,0.49238,6.385971,0.568972,-0.705128,trend_down,8,150080.0,ib_break_down,150200.0,149840.0,-5.730344,-0.510558,-2799.68,-0.373764,-7.571469,-0.674597,-3699.2,-0.493852,1.0,-2200.0,-5.526321,-0.49238,10,-0.1469,2026-06-12,15.331446,1.365989,commodity_futures,GOLD,30.662892,2.731979,148311.9,positional,GOLD
BUY,0.75,1.909,57.1429,260.0,57.1429,0.037931,,15.1,,906,150651.0,ib_break_up,ib_break,2026-06-12T09:36:00+00:00,149891.0,stop_loss,2026-06-12T12:57:00+00:00,-13.29999,-2.923077,-1.008954,201,neutral,0.068,13.12499,2.884615,7532.55,149897.745,10,1,13.29999,2.923077,3.464997,0.761538,-3.838384,trend_up,25,149880.0,ib_break_up,150240.0,149580.0,-14.351886,-3.154263,-8201.08,-1.088753,-15.929731,-3.501042,-9102.71,-1.20845,1.0,-7600.0,13.49249,2.965385,10,-0.5045,2026-06-12,13.181953,2.897135,commodity_futures,GOLD,26.363905,5.794269,152157.51,positional,GOLD
SELL,0.75,-3.636,53.0,287.642857,53.0,0.035419,,19.8667,,1192,149638.0,ib_break_down,ib_break,2026-06-12T14:22:00+00:00,150253.0,value_migration_reversal,2026-06-12T14:53:00+00:00,-11.603774,-2.138068,-0.821984,31,neutral,0.2827,14.150943,2.6074,7481.9,150386.19,10,1,11.603774,2.138068,1.660377,0.305935,-6.988638,trend_down,44,149880.0,ib_break_down,150420.0,149700.0,-12.735438,-2.346584,-6749.78,-0.902148,-14.432934,-2.659359,-7649.45,-1.022395,1.0,-6150.0,-4.566038,-0.841321,10,-0.411,2026-06-12,14.116792,2.601108,commodity_futures,GOLD,28.233585,5.202215,148141.62,positional,GOLD
SELL,0.75,-2.909,57.3571,413.785714,57.3571,0.037524,,11.2,,672,152853.0,ib_break_down,ib_break,2026-06-15T05:42:00+00:00,153183.0,value_migration_reversal,2026-06-15T08:15:00+00:00,-5.753429,-0.797514,-0.431787,153,weak,0.1455,14.854307,2.059037,7642.65,153617.265,10,1,6.311337,0.874849,3.853054,0.534093,-1.493213,trend_down,9,153220.0,ib_break_down,153320.0,153020.0,-6.820554,-0.945434,-3912.07,-0.511874,-8.421242,-1.167314,-4830.18,-0.632003,1.0,-3300.0,-6.39851,-0.886933,10,-0.2159,2026-06-15,13.32468,1.847007,commodity_futures,GOLD,26.64936,3.694013,151324.47,positional,GOLD
BUY,0.75,1.636,51.8571,178.642857,51.8571,0.03371,,19.6167,,1177,153832.0,ib_break_up,ib_break,2026-06-15T14:07:00+00:00,153056.0,stop_loss,2026-06-15T17:10:00+00:00,-14.9642,-4.343862,-1.008893,183,strong,0.0035,16.429766,4.769292,7691.6,153062.84,10,1,15.079902,4.377449,0.443527,0.128749,-33.739096,trend_up,43,153340.0,ib_break_up,153600.0,153040.0,-16.147791,-4.68744,-8373.78,-1.088691,-17.923177,-5.202805,-9294.44,-1.208388,1.0,-7760.0,9.487611,2.754098,10,-0.5044,2026-06-15,14.832299,4.305574,commodity_futures,GOLD,16.738306,4.858856,154700.0,positional,GOLD
SELL,0.75,-4.091,48.2857,183.928571,48.2857,0.031587,,23.1,,1386,152864.0,ib_break_down,ib_break,2026-06-15T17:36:00+00:00,153673.0,stop_loss,2026-06-17T16:19:00+00:00,-16.754443,-4.398447,-1.058457,1663,weak,0.1326,17.644976,4.632233,7643.2,153628.32,10,1,16.754443,4.398447,11.659767,3.060971,-1.436945,trend_down,57,153340.0,ib_break_down,153620.0,153060.0,-18.024123,-4.731768,-8703.07,-1.138669,-19.928643,-5.231751,-9622.68,-1.258986,1.0,-8090.0,-9.857991,-2.587961,10,-0.5292,2026-06-17,15.829117,4.155526,commodity_futures,GOLD,31.658234,8.311052,151335.36,positional,GOLD
BUY,0.75,1.083,23.0,280.071429,23.0,0.014994,,22.4167,,1345,153396.0,ib_break_up,ib_break,2026-06-17T16:55:00+00:00,152600.0,stop_loss,2026-06-18T03:45:00+00:00,-34.608696,-2.842132,-1.037837,80,neutral,0.3018,31.26087,2.567202,7669.8,152629.02,10,1,36.565217,3.002805,32.086957,2.635042,-1.078591,trend_up,54,152540.0,ib_break_up,152980.0,152380.0,-37.26953,-3.060645,-8571.99,-1.117629,-41.260783,-3.388414,-9489.98,-1.237318,1.0,-7960.0,37.217391,3.056363,10,-0.5189,2026-06-18,33.346957,2.738516,commodity_futures,GOLD,56.695652,4.655955,154700.0,positional,GOLD
SELL,0.75,-3.833,51.7857,350.428571,51.7857,0.034064,,11.2333,,674,152023.0,ib_break_down,ib_break,2026-06-18T05:44:00+00:00,150595.0,trail_stop,2026-06-18T12:21:00+00:00,27.57518,4.07501,1.878663,397,weak,0.1643,13.401383,1.980432,7601.15,152783.115,10,1,0.926897,0.136975,43.737943,6.463514,0.630464,trend_down,9,152300.0,ib_break_down,152540.0,152140.0,26.406448,3.902297,13674.76,1.799039,24.65335,3.643227,12766.91,1.679602,1.0,14280.0,-5.348967,-0.790461,10,0.9393,2026-06-18,14.678087,2.169101,commodity_futures,GOLD,29.356174,4.338202,150502.77,positional,GOLD
SELL,0.75,-3.077,69.2857,498.142857,69.2857,0.047383,,10.2667,,616,146226.0,ib_break_down,ib_break,2026-06-19T04:46:00+00:00,146962.0,stop_loss,2026-06-19T06:57:00+00:00,-10.622683,-1.477488,-1.006661,131,weak,0.0175,21.432994,2.981073,7311.3,146957.13,10,1,10.622683,1.477488,7.447424,1.035847,-1.426357,trend_down,6,146640.0,ib_break_down,146900.0,146220.0,-11.468999,-1.5952,-7946.38,-1.086862,-12.738473,-1.771769,-8825.94,-1.207164,1.0,-7360.0,-5.975259,-0.831087,10,-0.5033,2026-06-19,10.552394,1.467712,commodity_futures,GOLD,21.104788,2.935423,144763.74,positional,GOLD
SELL,0.75,-6.5,68.5,358.071429,68.5,0.046832,,10.4833,,629,146268.0,ib_break_down,ib_break,2026-06-23T04:59:00+00:00,144900.0,trail_stop,2026-06-24T05:32:00+00:00,19.970803,3.820467,1.870539,903,weak,0.4626,8.20438,1.569519,7313.4,146999.34,10,1,10.671533,2.041492,31.445255,6.01556,0.635098,trend_down,6,146700.0,ib_break_down,147020.0,146640.0,19.120677,3.657836,13097.66,1.790913,17.845489,3.413889,12224.16,1.671474,1.0,13680.0,-6.306569,-1.206463,10,0.9353,2026-06-24,10.676496,2.042442,commodity_futures,GOLD,21.352993,4.084883,144805.32,positional,GOLD
SELL,0.75,-9.214,61.0,210.785714,61.0,0.042342,,16.6167,,997,144065.0,ib_break_down,ib_break,2026-06-24T11:07:00+00:00,141839.0,trail_stop,2026-06-24T13:31:00+00:00,36.491803,10.560488,3.090272,144,weak,0.0553,14.52459,4.203321,7203.25,144785.325,10,1,1.393443,0.403253,51.42623,14.882413,0.709595,trend_down,31,144500.0,ib_break_down,145000.0,144320.0,35.554413,10.289213,21688.19,3.01089,34.148328,9.882302,20830.48,2.891817,1.0,22260.0,-7.131148,-2.063707,10,1.5451,2026-06-24,11.808607,3.417333,commodity_futures,GOLD,23.617213,6.834666,142624.35,positional,GOLD
SELL,0.75,-3.6,61.3571,299.857143,61.3571,0.042858,,18.1833,,1091,143163.0,ib_break_down,ib_break,2026-06-26T12:41:00+00:00,143630.0,value_migration_reversal,2026-06-26T12:57:00+00:00,-7.611181,-1.557408,-0.652403,16,weak,0.2195,10.02329,2.050977,7158.15,143878.815,10,1,7.611181,1.557408,3.06403,0.626965,-2.484043,trend_down,5,143480.0,ib_break_down,143640.0,143320.0,-8.546013,-1.748695,-5243.59,-0.732534,-9.948262,-2.035624,-6103.97,-0.852729,1.0,-4670.0,-5.166476,-1.05717,10,-0.3262,2026-06-26,11.666376,2.387187,commodity_futures,GOLD,23.332752,4.774374,141731.37,positional,GOLD
SELL,0.75,-3.375,37.6429,302.928571,37.6429,0.026254,,10.0667,,604,143379.0,ib_break_down,ib_break,2026-06-29T04:34:00+00:00,141410.0,trail_stop,2026-06-30T04:33:00+00:00,52.307341,6.499882,2.746567,869,weak,0.1033,19.286506,2.396605,7168.95,144095.895,10,1,8.979117,1.115775,73.825343,9.17378,0.708528,trend_down,5,143600.0,ib_break_down,143820.0,143440.0,50.794232,6.311858,19120.42,2.667116,48.524569,6.029822,18266.06,2.54794,1.0,19690.0,-5.870961,-0.729545,10,1.3733,2026-06-30,19.044627,2.366548,commodity_futures,GOLD,38.089255,4.733096,141945.21,positional,GOLD
SELL,0.85,-1.941,54.1429,398.214286,54.1429,0.038411,,10.1,,606,140956.0,open_drive_down_below_pval,open_drive,2026-07-01T04:36:00+00:00,141984.0,stop_loss,2026-07-01T10:08:00+00:00,-18.986792,-2.581525,-1.003906,332,weak,0.0711,11.691284,1.589596,10240.0,141980.0,10,1,19.153019,2.604126,7.461736,1.014529,-2.544554,trend_down,5,141240.0,open_drive_down_below_pval,141440.0,141100.0,-20.031952,-2.723629,-10845.88,-1.059168,-21.599693,-2.936786,-11694.7,-1.142061,1.0,-10280.0,-5.245378,-0.713184,10,-0.7293,2026-07-01,18.912914,2.57148,commodity_futures,GOLD,37.825828,5.14296,138908.0,positional,GOLD
SELL,0.75,-3.167,28.2857,239.928571,28.2857,0.019661,,10.2,,612,143866.0,ib_break_down,ib_break,2026-07-02T04:42:00+00:00,144732.0,stop_loss,2026-07-02T06:02:00+00:00,-30.616177,-3.609408,-1.203898,80,weak,0.0283,20.010111,2.359035,7193.3,144585.33,10,1,30.792945,3.630247,3.570709,0.420959,-8.574257,trend_down,5,144180.0,ib_break_down,144400.0,144040.0,-32.65677,-3.849978,-9237.2,-1.284139,-35.717659,-4.210832,-10102.99,-1.4045,1.0,-8660.0,-11.101016,-1.308723,10,-0.6019,2026-07-02,25.430871,2.998101,commodity_futures,GOLD,44.050527,5.193212,142620.0,positional,GOLD
BUY,0.75,0.389,45.4286,311.714286,45.4286,0.031419,,12.5833,,755,144588.0,ib_break_up,ib_break,2026-07-02T07:05:00+00:00,145776.0,trail_stop,2026-07-02T16:30:00+00:00,26.150927,3.811182,1.64329,565,neutral,0.2473,12.459112,1.815765,7229.4,143865.06,10,1,10.742132,1.565536,45.74211,6.666361,0.571704,trend_up,15,143920.0,ib_break_up,144580.0,143840.0,24.872596,3.624881,11299.27,1.562961,22.955099,3.345429,10428.18,1.442468,1.0,11880.0,14.704393,2.142988,10,0.8216,2026-07-02,15.913764,2.319239,commodity_futures,GOLD,31.827527,4.638478,146033.88,positional,GOLD
SELL,0.75,,0.2429,,0.2429,0.089863,,11.3333,,680,270.3,ib_break_down,ib_break,2026-02-20T05:50:00+00:00,271.7,stop_loss,2026-02-20T06:30:00+00:00,-5.763689,,-1.035886,40,weak,0.2,10.292301,,1689.375,271.6515,1250,1,6.175381,,1.646768,,-3.500001,trend_down,10,271.4,ib_break_down,272.6,271.2,-6.209963,,-1885.5,-1.116093,-6.879374,,-2088.75,-1.236404,1.0,-1750.0,-4.528613,,1250,-0.5179,2026-02-20,5.564018,,commodity_futures,NATURALGAS,11.128036,,267.597,positional,NATURALGAS
BUY,0.75,,0.6571,1.521429,0.6571,0.24008,,18.9833,,1139,273.7,ib_break_up,ib_break,2026-02-20T13:29:00+00:00,272.1,stop_loss,2026-02-20T13:32:00+00:00,-2.434941,-1.051643,-1.169163,3,strong,0.16,3.804596,1.643192,1710.625,272.3315,1250,1,2.434941,1.051643,1.065287,0.460094,-2.285714,trend_up,40,272.0,ib_break_up,272.4,270.2,-2.601065,-1.123391,-2136.45,-1.248929,-2.850251,-1.231014,-2341.12,-1.368579,1.0,-2000.0,2.587125,1.117371,1250,-0.5846,2026-02-20,2.082636,0.899483,commodity_futures,NATURALGAS,4.165272,1.798967,276.437,positional,NATURALGAS
SELL,0.75,-0.301,0.3,0.85,0.3,0.111317,,16.1833,,971,269.5,ib_break_down,ib_break,2026-02-24T10:41:00+00:00,271.7,stop_loss,2026-02-24T16:32:00+00:00,-7.333333,-2.588235,-1.004566,351,weak,0.3636,11.0,3.882353,2737.5,271.69,1250,1,8.0,2.823529,14.0,4.941176,-0.523809,trend_down,29,272.0,ib_break_down,272.6,271.0,-7.694133,-2.715576,-2885.3,-1.053991,-8.235333,-2.906588,-3088.25,-1.128128,1.0,-2750.0,-8.333333,-2.941176,1250,-0.8163,2026-02-24,7.3,2.576471,commodity_futures,NATURALGAS,14.6,5.152941,265.12,positional,NATURALGAS
SELL,0.75,-0.721,0.2429,1.428571,0.2429,0.094038,,12.4,,744,258.3,ib_break_down,ib_break,2026-02-25T06:54:00+00:00,259.9,stop_loss,2026-02-25T12:20:00+00:00,-6.587073,-1.12,-1.23887,326,weak,0.2308,5.351997,0.91,1614.375,259.5915,1250,1,6.587073,1.12,3.705228,0.63,-1.777778,trend_down,14,260.0,ib_break_down,260.2,258.8,-7.013751,-1.192548,-2129.55,-1.319117,-7.653767,-1.30137,-2323.88,-1.439489,1.0,-2000.0,-6.998765,-1.19,1250,-0.6194,2026-02-25,5.317003,0.90405,commodity_futures,NATURALGAS,10.634006,1.808101,255.717,positional,NATURALGAS
SELL,0.75,-1.188,0.2071,1.1,0.2071,0.079654,,10.9,,654,260.0,ib_break_down,ib_break,2026-02-26T05:24:00+00:00,255.3,trail_stop,2026-02-26T12:02:00+00:00,22.694351,4.272727,3.615385,398,neutral,0.4667,7.242878,1.363636,1625.0,261.3,1250,1,0.965717,0.181818,32.351521,6.090909,0.701493,trend_down,8,261.0,ib_break_down,261.4,260.6,22.196717,4.179036,5746.18,3.536108,21.450266,4.0385,5552.94,3.417192,1.0,5875.0,-4.828585,-0.909091,1250,1.8077,2026-02-26,6.277161,1.181818,commodity_futures,NATURALGAS,8.691453,1.636364,258.2,positional,NATURALGAS
BUY,0.75,0.432,0.1429,0.771429,0.1429,0.055195,,11.5,,690,258.9,ib_break_up,ib_break,2026-02-27T06:00:00+00:00,262.9,trail_stop,2026-02-27T13:35:00+00:00,27.991603,5.185182,3.089996,455,neutral,0.4444,6.298111,1.166667,1618.125,257.6055,1250,1,9.097271,1.685184,38.488453,7.129626,0.727273,trend_up,11,258.0,ib_break_up,258.4,257.8,27.261302,5.049901,4869.55,3.009378,26.16585,4.846979,4673.88,2.888451,1.0,5000.0,6.298111,1.166667,1250,1.545,2026-02-27,9.058782,1.678055,commodity_futures,NATURALGAS,18.117565,3.356109,261.489,positional,NATURALGAS
SELL,0.75,-0.34,0.1929,1.714286,0.1929,0.072655,,10.4667,,628,265.5,ib_break_down,ib_break,2026-03-02T04:58:00+00:00,267.0,stop_loss,2026-03-02T05:49:00+00:00,-7.77605,-0.875,-1.129944,51,weak,0.1818,11.404873,1.283333,1659.375,266.8275,1250,1,7.77605,0.875,3.11042,0.35,-2.5,trend_up,6,266.8,ib_break_down,267.6,266.2,-8.328149,-0.937125,-2008.12,-1.210169,-9.156299,-1.030312,-2207.81,-1.330508,1.0,-1875.0,-6.739243,-0.758333,1250,-0.565,2026-03-02,6.881804,0.774375,commodity_futures,NATURALGAS,13.763608,1.54875,262.845,positional,NATURALGAS
BUY,0.75,1.57,0.3357,1.464286,0.3357,0.124935,,11.7,,702,268.7,ib_break_up,ib_break,2026-03-02T06:12:00+00:00,277.1,trail_stop,2026-03-02T09:10:00+00:00,25.022341,5.736584,6.252326,178,strong,0.2727,6.55347,1.502439,1679.375,267.3565,1250,1,0.0,0.0,29.192732,6.692682,0.857143,trend_up,11,266.8,ib_break_up,267.6,265.6,24.69717,5.662036,10363.55,6.171076,24.209413,5.550214,10158.88,6.0492,1.0,10500.0,5.659815,1.297561,1250,3.1262,2026-03-02,4.002085,0.917512,commodity_futures,NATURALGAS,8.00417,1.835024,271.387,positional,NATURALGAS
BUY,0.75,1.733,0.6786,3.6,0.6786,0.232796,,19.7667,,1186,291.5,ib_break_up,ib_break,2026-03-03T14:16:00+00:00,286.8,stop_loss,2026-03-03T16:46:00+00:00,-6.926024,-1.305556,-1.13253,150,strong,0.0074,19.893899,3.75,5187.5,287.35,1250,1,7.220749,1.361111,5.30504,1.0,-1.305555,trend_up,12,286.0,ib_break_up,290.0,284.8,-7.096463,-1.337683,-6019.57,-1.1604,-7.352122,-1.385875,-6236.44,-1.202205,1.0,-5875.0,8.104922,1.527778,1250,-1.6123,2026-03-03,6.115532,1.152778,commodity_futures,NATURALGAS,12.231064,2.305556,299.8,positional,NATURALGAS
BUY,0.75,0.332,0.2571,2.057143,0.2571,0.091041,,10.9167,,655,282.4,ib_break_up,ib_break,2026-03-04T05:25:00+00:00,281.8,value_migration_reversal,2026-03-04T07:33:00+00:00,-2.333722,-0.291667,-0.375,128,neutral,0.2333,11.668611,1.458333,2000.0,280.8,1250,1,2.333722,0.291667,12.446519,1.555555,-0.1875,trend_down,8,281.0,ib_break_up,281.4,279.6,-2.772618,-0.346519,-891.05,-0.445525,-3.430961,-0.428799,-1102.62,-0.551313,1.0,-750.0,5.445352,0.680556,1250,-0.2125,2026-03-04,6.223259,0.777778,commodity_futures,NATURALGAS,12.446519,1.555555,285.6,positional,NATURALGAS
SELL,0.75,-2.632,0.55,1.578571,0.55,0.198341,,16.2167,,973,277.3,ib_break_down,ib_break,2026-03-04T10:43:00+00:00,279.7,stop_loss,2026-03-04T12:20:00+00:00,-4.363636,-1.520362,-1.043478,97,neutral,0.4667,5.454545,1.900452,2875.0,279.6,1250,1,4.363636,1.520362,3.454545,1.20362,-1.263158,trend_down,29,283.2,ib_break_down,284.6,280.8,-4.566182,-1.590933,-3139.25,-1.091913,-4.87,-1.696788,-3348.12,-1.164565,1.0,-3000.0,-10.727273,-3.737557,1250,-0.8655,2026-03-04,4.181818,1.457014,commodity_futures,NATURALGAS,8.363636,2.914028,272.7,positional,NATURALGAS
BUY,0.75,0.385,0.3214,1.828571,0.3214,0.116071,,10.7667,,646,276.9,ib_break_up,ib_break,2026-03-05T05:16:00+00:00,275.4,stop_loss,2026-03-05T06:01:00+00:00,-4.667082,-0.820313,-1.020408,45,neutral,0.4737,5.911637,1.039062,1837.5,275.43,1250,1,6.533914,1.148438,1.244555,0.21875,-3.750001,trend_up,8,275.2,ib_break_up,275.8,274.4,-5.010765,-0.880721,-2013.08,-1.095551,-5.526291,-0.971332,-2220.19,-1.208265,1.0,-1875.0,5.289359,0.929687,1250,-0.5417,2026-03-05,4.57374,0.803906,commodity_futures,NATURALGAS,9.14748,1.607813,279.84,positional,NATURALGAS
SELL,0.75,-0.421,0.2214,1.621429,0.2214,0.080862,,12.35,,741,273.8,ib_break_down,ib_break,2026-03-05T06:51:00+00:00,275.5,stop_loss,2026-03-05T08:08:00+00:00,-7.67841,-1.048458,-1.241782,77,neutral,0.1579,8.581752,1.171806,1711.25,275.169,1250,1,7.67841,1.048458,3.613369,0.493392,-2.125,trend_down,14,274.6,ib_break_down,276.2,274.2,-8.174616,-1.116213,-2262.32,-1.322031,-8.918925,-1.217845,-2468.31,-1.442403,1.0,-2125.0,-3.613369,-0.493392,1250,-0.6209,2026-03-05,6.183379,0.844317,commodity_futures,NATURALGAS,7.226739,0.986784,272.2,positional,NATURALGAS
SELL,0.75,-0.572,0.2643,1.107143,0.2643,0.096707,,10.6667,,640,273.3,ib_break_down,ib_break,2026-03-06T05:10:00+00:00,275.0,stop_loss,2026-03-06T09:05:00+00:00,-6.432085,-1.535484,-1.244054,235,neutral,0.3333,5.675369,1.354839,1708.125,274.6665,1250,1,7.945516,1.896774,5.297011,1.264516,-1.214286,trend_down,7,274.0,ib_break_down,274.6,273.8,-6.846992,-1.634531,-2262.07,-1.324303,-7.469353,-1.783103,-2467.69,-1.444676,1.0,-2125.0,-2.648505,-0.632258,1250,-0.622,2026-03-06,5.170261,1.234258,commodity_futures,NATURALGAS,10.340522,2.468516,270.567,positional,NATURALGAS
SELL,0.75,-2.093,1.1571,4.964286,1.1571,0.376906,,11.6833,,701,307.0,ib_break_down,ib_break,2026-03-09T06:11:00+00:00,312.4,stop_loss,2026-03-09T06:22:00+00:00,-4.66684,-1.08777,-1.082164,11,weak,0.0261,13.222712,3.082014,6237.5,311.99,1250,1,4.753262,1.107914,0.0,0.0,,trend_down,11,313.2,ib_break_down,321.0,310.4,-4.7739,-1.112724,-6904.85,-1.10699,-4.934491,-1.150155,-7137.12,-1.144228,1.0,-6750.0,-5.358223,-1.248921,1250,-1.759,2026-03-09,4.312505,1.00518,commodity_futures,NATURALGAS,8.625011,2.01036,297.02,positional,NATURALGAS
SELL,0.75,-0.309,0.4214,2.221429,0.4214,0.147137,,11.3,,678,286.4,ib_break_down,ib_break,2026-03-10T05:48:00+00:00,284.0,trail_stop,2026-03-10T07:36:00+00:00,5.695301,1.080386,1.325967,108,weak,0.0851,11.153299,2.115756,2262.5,288.21,1250,1,2.610346,0.495177,12.33982,2.340836,0.461538,trend_down,10,288.2,ib_break_down,289.6,287.0,5.424585,1.029031,2857.4,1.262939,5.01851,0.952,2643.5,1.168398,1.0,3000.0,-4.271476,-0.810289,1250,0.838,2026-03-10,4.295206,0.814791,commodity_futures,NATURALGAS,8.590413,1.629582,282.78,positional,NATURALGAS
SELL,0.75,-0.729,0.5714,1.907143,0.5714,0.20014,,15.9,,954,285.5,ib_break_down,ib_break,2026-03-10T10:24:00+00:00,288.6,stop_loss,2026-03-10T10:37:00+00:00,-5.425271,-1.625468,-1.143911,13,weak,0.2766,8.225411,2.464419,3387.5,288.21,1250,1,6.475324,1.940075,0.0,0.0,,trend_down,28,283.8,ib_break_down,287.6,281.8,-5.626216,-1.685673,-4018.53,-1.18628,-5.927634,-1.775981,-4233.81,-1.249834,1.0,-3875.0,2.975149,0.891386,1250,-1.0858,2026-03-10,4.742737,1.420974,commodity_futures,NATURALGAS,9.485474,2.841947,280.08,positional,NATURALGAS
SELL,0.75,-0.511,0.3786,1.621429,0.3786,0.126074,,13.2333,,794,300.3,ib_break_down,ib_break,2026-03-12T07:44:00+00:00,302.7,stop_loss,2026-03-12T09:35:00+00:00,-6.339144,-1.480176,-1.121495,111,neutral,0.1458,12.678288,2.960352,2675.0,302.44,1250,1,6.339144,1.480176,4.226096,0.986784,-1.5,trend_down,17,302.2,ib_break_down,303.4,301.0,-6.657686,-1.554555,-3150.75,-1.17785,-7.135499,-1.666123,-3376.88,-1.262383,1.0,-3000.0,-5.018489,-1.171806,1250,-0.7992,2026-03-12,5.652404,1.319823,commodity_futures,NATURALGAS,11.304807,2.639647,296.02,positional,NATURALGAS
BUY,0.75,0.251,0.3071,1.892857,0.3071,0.105751,,10.7,,642,290.4,ib_break_up,ib_break,2026-03-16T05:12:00+00:00,288.5,stop_loss,2026-03-16T05:59:00+00:00,-6.18691,-1.003774,-1.043956,47,strong,0.2353,11.071312,1.796226,2275.0,288.58,1250,1,6.838163,1.109434,2.930641,0.475472,-2.111112,trend_down,7,288.0,ib_break_up,288.6,286.6,-6.563921,-1.06494,-2519.72,-1.107571,-7.129437,-1.156691,-2736.81,-1.202995,1.0,-2375.0,7.815044,1.267925,1250,-0.6543,2026-03-16,5.926408,0.96151,commodity_futures,NATURALGAS,11.852817,1.923019,294.04,positional,NATURALGAS
SELL,0.75,-0.842,0.4857,1.4,0.4857,0.170123,,16.3,,978,285.5,ib_break_down,ib_break,2026-03-16T10:48:00+00:00,287.4,stop_loss,2026-03-16T11:19:00+00:00,-3.91188,-1.357143,-1.104651,31,weak,0.2059,7.000206,2.428571,2150.0,287.22,1250,1,3.91188,1.357143,1.441219,0.5,-2.714286,trend_down,30,288.6,ib_break_down,290.4,287.8,-4.147787,-1.438986,-2518.22,-1.171267,-4.501647,-1.56175,-2733.06,-1.271192,1.0,-2375.0,-6.382541,-2.214286,1250,-0.6655,2026-03-16,3.541281,1.228571,commodity_futures,NATURALGAS,7.082561,2.457143,282.06,positional,NATURALGAS
SELL,0.75,-0.427,0.3714,1.171429,0.3714,0.132833,,14.9833,,899,279.6,ib_break_down,ib_break,2026-03-17T09:29:00+00:00,281.3,stop_loss,2026-03-17T10:05:00+00:00,-4.577275,-1.451219,-1.216023,36,weak,0.1053,5.115778,1.621951,1747.5,280.998,1250,1,4.577275,1.451219,1.077006,0.341463,-4.25,trend_down,24,280.6,ib_break_down,282.2,280.4,-4.879321,-1.546982,-2265.22,-1.296266,-5.332391,-1.690627,-2475.56,-1.416631,1.0,-2125.0,-2.692515,-0.853659,1250,-0.608,2026-03-17,3.764136,1.193414,commodity_futures,NATURALGAS,7.528271,2.386828,276.804,positional,NATURALGAS
BUY,0.75,0.364,0.2929,1.285714,0.2929,0.103645,,16.1333,,968,282.6,ib_break_up,ib_break,2026-03-17T10:38:00+00:00,285.5,trail_stop,2026-03-17T12:35:00+00:00,9.90099,2.255556,1.972789,117,neutral,0.4737,6.486856,1.477778,1837.5,281.13,1250,1,4.438375,1.011111,16.387846,3.733334,0.604167,trend_up,29,281.2,ib_break_up,282.0,280.2,9.513076,2.167185,3482.97,1.895497,8.931205,2.034628,3269.94,1.779558,1.0,3625.0,4.779788,1.088889,1250,1.0262,2026-03-17,5.018778,1.143334,commodity_futures,NATURALGAS,10.037555,2.286667,285.54,positional,NATURALGAS
SELL,0.75,-0.256,0.3429,1.207143,0.3429,0.126205,,11.9167,,715,271.7,ib_break_down,ib_break,2026-03-18T06:25:00+00:00,274.0,stop_loss,2026-03-18T08:33:00+00:00,-6.707495,-1.905325,-1.03139,128,weak,0.1373,14.873141,4.224852,2787.5,273.93,1250,1,6.707495,1.905325,0.58326,0.16568,-11.500009,trend_down,12,273.2,ib_break_down,274.2,272.2,-7.02578,-1.995737,-3011.43,-1.080332,-7.503208,-2.131355,-3216.06,-1.153744,1.0,-2875.0,-4.374453,-1.242604,1250,-0.8465,2026-03-18,6.503354,1.847337,commodity_futures,NATURALGAS,13.006707,3.694674,267.24,positional,NATURALGAS
BUY,0.75,0.452,0.6571,1.728571,0.6571,0.234679,,18.1333,,1088,280.0,ib_break_up,ib_break,2026-03-18T12:38:00+00:00,296.9,trail_stop,2026-03-19T09:51:00+00:00,25.719069,9.776862,4.193548,728,neutral,0.4902,7.761376,2.950413,5037.5,275.97,1250,1,0.456552,0.173554,33.480444,12.727276,0.768182,trend_down,37,273.2,ib_break_up,275.6,271.6,25.543479,9.710113,20980.78,4.164918,25.280094,9.60999,20764.44,4.121973,1.0,21125.0,10.348501,3.933884,1250,6.0357,2026-03-19,6.133009,2.331406,commodity_futures,NATURALGAS,12.266017,4.662811,288.06,positional,NATURALGAS
BUY,0.75,3.29,0.9357,2.742857,0.9357,0.310143,,18.9333,,1136,301.7,ib_break_up,ib_break,2026-03-19T13:26:00+00:00,296.3,stop_loss,2026-03-19T16:12:00+00:00,-5.77108,-1.96875,-1.046512,166,strong,0.123,13.038367,4.447917,6450.0,296.54,1250,1,5.877952,2.005208,4.168003,1.421875,-1.384615,trend_up,40,297.0,ib_break_up,299.0,295.0,-5.898899,-2.012354,-6899.5,-1.06969,-6.090627,-2.077761,-7123.75,-1.104457,1.0,-6750.0,5.022977,1.713542,1250,-1.7899,2026-03-19,5.514588,1.88125,commodity_futures,NATURALGAS,11.029176,3.7625,312.02,positional,NATURALGAS
BUY,0.75,0.556,0.2857,1.392857,0.2857,0.097342,,14.4167,,865,293.5,ib_break_up,ib_break,2026-03-20T08:55:00+00:00,295.6,trail_stop,2026-03-20T10:15:00+00:00,7.350368,1.507692,1.431005,80,neutral,0.1563,11.20056,2.297436,1834.375,292.0325,1250,1,4.20021,0.861539,15.050753,3.08718,0.488372,trend_down,22,291.8,ib_break_up,292.8,290.8,6.937977,1.423104,2477.72,1.350719,6.319391,1.296221,2256.81,1.23029,1.0,2625.0,5.950298,1.220513,1250,0.7155,2026-03-20,5.136507,1.05359,commodity_futures,NATURALGAS,10.273014,2.10718,296.435,positional,NATURALGAS
BUY,0.75,0.265,0.55,1.7,0.55,0.186821,,16.8333,,1010,294.4,ib_break_up,ib_break,2026-03-20T11:20:00+00:00,292.0,stop_loss,2026-03-20T11:27:00+00:00,-4.363636,-1.411765,-1.016949,7,neutral,0.4375,5.818182,1.882353,2950.0,292.04,1250,1,4.545455,1.470588,0.0,0.0,,trend_down,32,292.0,ib_break_up,294.0,290.8,-4.576873,-1.480753,-3146.6,-1.066644,-4.896727,-1.584235,-3366.5,-1.141186,1.0,-3000.0,4.363636,1.411765,1250,-0.8152,2026-03-20,4.290909,1.388235,commodity_futures,NATURALGAS,5.454545,1.764706,297.4,positional,NATURALGAS
SELL,0.75,-1.451,0.7786,1.892857,0.7786,0.269412,,17.3333,,1040,289.0,ib_break_down,ib_break,2026-03-20T11:50:00+00:00,290.9,stop_loss,2026-03-20T14:41:00+00:00,-2.440277,-1.003774,-1.079545,171,neutral,0.25,4.109941,1.690566,2200.0,290.76,1250,1,2.568713,1.056604,3.981505,1.637736,-0.612903,trend_down,34,291.8,ib_break_down,294.2,290.6,-2.589237,-1.065046,-2519.97,-1.145443,-2.812677,-1.156955,-2737.44,-1.24429,1.0,-2375.0,-3.596198,-1.479245,1250,-0.6574,2026-03-20,2.260468,0.929811,commodity_futures,NATURALGAS,4.520935,1.859623,285.48,positional,NATURALGAS
SELL,0.75,-0.266,0.4071,1.542857,0.4071,0.148848,,16.4833,,989,273.5,ib_break_down,ib_break,2026-03-24T10:59:00+00:00,275.5,stop_loss,2026-03-24T11:53:00+00:00,-4.912798,-1.296296,-1.117318,54,weak,0.4783,5.649718,1.490741,2237.5,275.29,1250,1,5.895357,1.555556,1.965119,0.518519,-2.5,trend_down,30,275.0,ib_break_down,276.6,274.2,-5.18251,-1.367463,-2637.25,-1.178659,-5.587079,-1.474213,-2843.12,-1.27067,1.0,-2500.0,-3.684598,-0.972222,1250,-0.7313,2026-03-24,4.396954,1.160185,commodity_futures,NATURALGAS,8.793908,2.320371,269.92,positional,NATURALGAS
BUY,0.75,0.254,0.75,1.828571,0.75,0.266241,,20.2,,1212,281.7,ib_break_up,ib_break,2026-03-26T14:42:00+00:00,286.9,trail_stop,2026-03-27T13:01:00+00:00,6.933333,2.843751,1.3,794,strong,0.5,6.666667,2.734375,5000.0,277.7,1250,1,4.533333,1.859375,13.6,5.578126,0.509804,trend_up,13,279.0,ib_break_up,280.4,277.6,6.781707,2.78156,6357.85,1.27157,6.554267,2.688274,6144.62,1.228925,1.0,6500.0,3.6,1.476562,1250,1.8459,2026-03-27,5.333333,2.187501,commodity_futures,NATURALGAS,9.2,3.773438,288.6,positional,NATURALGAS
BUY,0.75,0.553,0.2786,1.05,0.2786,0.099111,,15.8833,,953,281.1,ib_break_up,ib_break,2026-03-30T10:23:00+00:00,278.8,stop_loss,2026-03-30T11:26:00+00:00,-8.255564,-2.190476,-1.636428,63,strong,0.1111,9.691314,2.571429,1756.875,279.6945,1250,1,8.614501,2.285714,6.460876,1.714286,-1.277778,trend_up,28,279.2,ib_break_up,280.0,278.6,-8.657502,-2.297124,-3014.97,-1.716101,-9.260409,-2.457095,-3224.94,-1.83561,1.0,-2875.0,6.819813,1.809524,1250,-0.8182,2026-03-30,5.044867,1.338571,commodity_futures,NATURALGAS,10.089734,2.677143,283.911,positional,NATURALGAS
SELL,0.75,-2.22,0.5429,1.3,0.5429,0.195781,,17.95,,1077,277.3,ib_break_down,ib_break,2026-03-30T12:27:00+00:00,279.0,stop_loss,2026-03-30T12:47:00+00:00,-3.131332,-1.307692,-1.055901,20,weak,0.2963,4.973292,2.076923,2012.5,278.91,1250,1,3.315528,1.384615,1.105176,0.461538,-2.833333,trend_down,36,279.2,ib_break_down,280.2,278.6,-3.336268,-1.393277,-2264.07,-1.125006,-3.643673,-1.521654,-2472.69,-1.228665,1.0,-2125.0,-3.499724,-1.461538,1250,-0.6131,2026-03-30,2.965555,1.238462,commodity_futures,NATURALGAS,5.931111,2.476923,274.08,positional,NATURALGAS
BUY,0.75,0.425,0.2357,1.714286,0.2357,0.085585,,10.0333,,602,275.4,ib_break_up,ib_break,2026-04-01T04:32:00+00:00,273.9,stop_loss,2026-04-01T05:25:00+00:00,-6.364022,-0.875,-1.027397,53,neutral,0.3636,9.333899,1.283333,1825.0,273.94,1250,1,6.78829,0.933333,0.424268,0.058333,-15.000005,trend_up,5,274.0,ib_break_up,274.4,272.8,-6.830123,-0.939085,-2012.33,-1.102644,-7.529275,-1.035212,-2218.31,-1.215514,1.0,-1875.0,5.939754,0.816667,1250,-0.5447,2026-04-01,6.194315,0.851667,commodity_futures,NATURALGAS,12.38863,1.703333,278.32,positional,NATURALGAS
SELL,0.75,-0.761,0.3,0.878571,0.3,0.110294,,11.7333,,704,272.0,ib_break_down,ib_break,2026-04-01T06:14:00+00:00,270.4,trail_stop,2026-04-01T11:22:00+00:00,5.333333,1.821139,1.176471,308,weak,0.1818,7.333333,2.504065,1700.0,273.36,1250,1,2.333333,0.796748,11.0,3.756099,0.484848,trend_down,11,273.8,ib_break_down,274.4,273.0,4.971733,1.697666,1864.4,1.096706,4.429333,1.512456,1661.0,0.977059,1.0,2000.0,-6.0,-2.04878,1250,0.5882,2026-04-01,4.533333,1.547968,commodity_futures,NATURALGAS,9.066667,3.095936,269.28,positional,NATURALGAS
BUY,0.75,0.354,0.2214,1.407143,0.2214,0.081278,,10.6,,636,272.4,ib_break_up,ib_break,2026-04-02T05:06:00+00:00,271.0,stop_loss,2026-04-02T05:39:00+00:00,-6.323397,-0.994924,-1.0279,33,neutral,0.1538,11.743451,1.847716,1702.5,271.038,1250,1,6.323397,0.994924,1.355014,0.213198,-4.666665,trend_up,7,271.6,ib_break_up,272.2,270.4,-6.814273,-1.072158,-1885.85,-1.107695,-7.550587,-1.18801,-2089.62,-1.227386,1.0,-1750.0,3.613369,0.568528,1250,-0.514,2026-04-02,6.151762,0.967919,commodity_futures,NATURALGAS,6.323397,0.994924,273.8,positional,NATURALGAS
SELL,0.75,-0.317,0.2286,1.128571,0.2286,0.084887,,13.1167,,787,269.3,ib_break_down,ib_break,2026-04-02T07:37:00+00:00,270.7,stop_loss,2026-04-02T10:28:00+00:00,-6.124234,-1.240507,-1.039733,171,weak,0.0385,11.373578,2.303797,1683.125,270.6465,1250,1,6.124234,1.240507,8.311461,1.683545,-0.736842,trend_down,17,270.6,ib_break_down,272.0,270.0,-6.596675,-1.336203,-1885.0,-1.119941,-7.305337,-1.479747,-2087.5,-1.240253,1.0,-1750.0,-5.686789,-1.151899,1250,-0.5199,2026-04-02,5.890201,1.193102,commodity_futures,NATURALGAS,11.780402,2.386203,266.607,positional,NATURALGAS
SELL,0.75,-0.319,0.2429,1.157143,0.2429,0.092112,,10.5,,630,263.7,ib_break_down,ib_break,2026-04-06T05:00:00+00:00,265.3,stop_loss,2026-04-06T08:47:00+00:00,-6.587073,-1.382716,-1.025641,227,weak,0.0714,17.291066,3.62963,1950.0,265.26,1250,1,6.587073,1.382716,11.115685,2.333333,-0.592593,trend_down,7,264.0,ib_break_down,266.0,263.8,-7.022643,-1.474148,-2132.25,-1.093462,-7.675998,-1.611296,-2330.62,-1.195192,1.0,-2000.0,-1.235076,-0.259259,1250,-0.6068,2026-04-06,6.422396,1.348148,commodity_futures,NATURALGAS,12.844792,2.696296,260.58,positional,NATURALGAS
BUY,0.75,1.433,0.3714,1.4,0.3714,0.138324,,15.5167,,931,268.5,ib_break_up,ib_break,2026-04-06T10:01:00+00:00,266.9,stop_loss,2026-04-06T10:10:00+00:00,-4.308024,-1.142857,-1.025641,9,neutral,0.0714,11.308562,3.0,1950.0,266.94,1250,1,4.577275,1.214286,0.0,0.0,,trend_up,27,264.0,ib_break_up,265.6,261.8,-4.596338,-1.219343,-2133.85,-1.094282,-5.02881,-1.334071,-2334.62,-1.197244,1.0,-2000.0,12.116317,3.214286,1250,-0.5959,2026-04-06,4.200323,1.114286,commodity_futures,NATURALGAS,8.400646,2.228571,271.62,positional,NATURALGAS
SELL,0.75,-0.42,0.2643,0.828571,0.2643,0.100609,,13.85,,831,262.7,ib_break_down,ib_break,2026-04-07T08:21:00+00:00,264.7,stop_loss,2026-04-07T10:25:00+00:00,-7.567159,-2.413794,-1.522649,124,weak,0.2353,6.432085,2.051724,1641.875,264.0135,1250,1,7.567159,2.413794,9.08059,2.896553,-0.833333,trend_down,20,264.2,ib_break_down,265.4,263.8,-7.96625,-2.541098,-2631.85,-1.602954,-8.564888,-2.732053,-2829.62,-1.723411,1.0,-2500.0,-5.675369,-1.810345,1250,-0.7613,2026-04-07,4.969731,1.585259,commodity_futures,NATURALGAS,9.939463,3.170519,260.073,positional,NATURALGAS
SELL,0.75,-0.599,0.2071,1.414286,0.2071,0.080678,,11.2667,,676,256.7,ib_break_down,ib_break,2026-04-08T05:46:00+00:00,258.5,stop_loss,2026-04-08T12:08:00+00:00,-8.691453,-1.272727,-1.084337,382,weak,0.0192,25.108643,3.676768,2075.0,258.36,1250,1,8.691453,1.272727,14.002897,2.050505,-0.62069,trend_down,10,257.8,ib_break_down,258.2,256.8,-9.188991,-1.345584,-2378.8,-1.14641,-9.935297,-1.454868,-2572.0,-1.239518,1.0,-2250.0,-5.311444,-0.777778,1250,-0.7012,2026-04-08,8.015451,1.173737,commodity_futures,NATURALGAS,16.030903,2.347474,253.38,positional,NATURALGAS
SELL,0.75,-0.791,0.3071,1.235714,0.3071,0.12081,,19.5333,,1172,254.2,ib_break_down,ib_break,2026-04-09T14:02:00+00:00,255.6,stop_loss,2026-04-09T14:31:00+00:00,-4.558776,-1.132948,-1.101495,29,weak,0.1818,7.16379,1.780347,1588.75,255.471,1250,1,5.210029,1.294798,1.302507,0.323699,-3.500001,trend_down,43,256.0,ib_break_down,256.8,255.2,-4.890785,-1.215459,-1877.45,-1.181715,-5.388798,-1.339226,-2068.62,-1.302046,1.0,-1750.0,-5.861283,-1.456647,1250,-0.5507,2026-04-09,4.138717,1.028555,commodity_futures,NATURALGAS,8.277434,2.05711,251.658,positional,NATURALGAS
SELL,0.75,-0.851,0.2071,0.628571,0.2071,0.083006,,11.4333,,686,249.5,ib_break_down,ib_break,2026-04-10T05:56:00+00:00,251.0,stop_loss,2026-04-10T06:02:00+00:00,-7.242878,-2.386365,-1.202405,6,weak,0.15,9.65717,3.181818,1559.375,250.7475,1250,1,7.242878,2.386365,0.0,0.0,,trend_down,10,250.2,ib_break_down,251.0,250.0,-7.726219,-2.545615,-2000.12,-1.282645,-8.451231,-2.784491,-2187.81,-1.403006,1.0,-1875.0,-3.38001,-1.113636,1250,-0.6012,2026-04-10,6.02366,1.98466,commodity_futures,NATURALGAS,12.04732,3.969321,247.005,positional,NATURALGAS
BUY,0.75,0.894,0.1929,0.607143,0.1929,0.076336,,15.4,,924,252.7,ib_break_up,ib_break,2026-04-13T09:54:00+00:00,254.5,trail_stop,2026-04-13T12:13:00+00:00,9.33126,2.964705,1.424614,139,neutral,0.125,8.294453,2.635294,1579.375,251.4365,1250,1,1.036807,0.329412,16.588906,5.270587,0.5625,trend_up,26,251.2,ib_break_up,251.6,250.6,8.805391,2.797628,2123.2,1.344329,8.016589,2.547011,1933.0,1.223902,1.0,2250.0,7.77605,2.470588,1250,0.7123,2026-04-13,6.550026,2.081058,commodity_futures,NATURALGAS,13.100052,4.162117,255.227,positional,NATURALGAS
SELL,0.75,-0.649,0.2857,1.442857,0.2857,0.114097,,20.4167,,1225,250.4,ib_break_down,ib_break,2026-04-13T14:55:00+00:00,249.1,trail_stop,2026-04-13T16:46:00+00:00,4.550228,0.90099,1.038339,111,weak,0.3125,5.60028,1.108911,1565.0,251.652,1250,1,1.050053,0.207921,9.450473,1.871287,0.481482,trend_up,46,251.2,ib_break_down,253.8,250.4,4.20056,0.831753,1500.12,0.958546,3.676059,0.727896,1312.81,0.838858,1.0,1625.0,-2.80014,-0.554455,1250,0.5192,2026-04-13,4.382219,0.867723,commodity_futures,NATURALGAS,8.764438,1.735446,247.896,positional,NATURALGAS
SELL,0.75,-1.512,0.3071,1.771429,0.3071,0.127164,,21.6333,,1298,241.5,ib_break_down,ib_break,2026-04-14T16:08:00+00:00,243.2,stop_loss,2026-04-14T17:23:00+00:00,-5.535656,-0.959677,-1.024096,75,weak,0.0952,13.676327,2.370968,2075.0,243.16,1250,1,5.535656,0.959677,3.581895,0.620968,-1.545455,trend_down,19,244.8,ib_break_down,246.4,242.6,-5.851319,-1.014401,-2246.18,-1.082494,-6.324813,-1.096488,-2427.94,-1.17009,1.0,-2125.0,-10.745685,-1.862903,1250,-0.7039,2026-04-14,5.405405,0.937097,commodity_futures,NATURALGAS,10.810811,1.874193,238.18,positional,NATURALGAS
SELL,0.75,-0.811,0.3357,0.735714,0.3357,0.138433,,17.1333,,1028,242.5,ib_break_down,ib_break,2026-04-15T11:38:00+00:00,243.8,stop_loss,2026-04-15T12:00:00+00:00,-3.872505,-1.766991,-1.072165,22,weak,0.0667,4.468275,2.038835,1515.625,243.7125,1250,1,4.468275,2.038836,1.489425,0.679612,-2.6,trend_down,33,244.0,ib_break_down,244.4,243.4,-4.162228,-1.899189,-1746.58,-1.152379,-4.596813,-2.097486,-1928.94,-1.272701,1.0,-1625.0,-4.468275,-2.038835,1250,-0.5361,2026-04-15,3.611856,1.648059,commodity_futures,NATURALGAS,7.223712,3.296118,240.075,positional,NATURALGAS
BUY,0.75,0.51,0.2071,0.635714,0.2071,0.08324,,12.0,,720,248.8,ib_break_up,ib_break,2026-04-17T06:30:00+00:00,250.0,trail_stop,2026-04-17T12:18:00+00:00,5.794302,1.887641,0.96463,348,neutral,0.0833,5.794302,1.88764,1555.0,247.556,1250,1,2.414293,0.786517,14.485756,4.719103,0.4,trend_up,13,248.0,ib_break_up,248.2,247.6,5.312603,1.730715,1375.3,0.884437,4.590053,1.495327,1188.25,0.764148,1.0,1500.0,3.862868,1.258427,1250,0.4823,2026-04-17,6.00676,1.956855,commodity_futures,NATURALGAS,12.01352,3.91371,251.288,positional,NATURALGAS
SELL,0.75,-3.919,0.45,1.0,0.45,0.182113,,18.3333,,1100,247.1,ib_break_down,ib_break,2026-04-17T12:50:00+00:00,245.5,trail_stop,2026-04-17T13:34:00+00:00,3.555556,1.6,1.295022,44,weak,0.3333,2.666667,1.2,1544.375,248.3355,1250,1,0.666667,0.3,7.111111,3.2,0.5,trend_down,38,249.0,ib_break_down,250.0,248.0,3.336622,1.50148,1876.85,1.215281,3.008222,1.3537,1692.12,1.09567,1.0,2000.0,-4.222222,-1.9,1250,0.6475,2026-04-17,2.745556,1.2355,commodity_futures,NATURALGAS,5.491111,2.471,244.629,positional,NATURALGAS
BUY,0.75,0.665,0.3,1.735714,0.3,0.120337,,21.5833,,1295,249.3,ib_break_up,ib_break,2026-04-17T16:05:00+00:00,252.7,trail_stop,2026-04-20T07:21:00+00:00,11.333333,1.958848,2.727637,346,neutral,0.5,4.0,0.691358,1558.125,248.0535,1250,1,4.0,0.691358,16.666667,2.880659,0.68,trend_up,51,249.0,ib_break_up,250.4,247.2,10.998667,1.901004,4124.5,2.647092,10.496667,1.814239,3936.25,2.526274,1.0,4250.0,1.0,0.17284,1250,1.3638,2026-04-20,4.155,0.718148,commodity_futures,NATURALGAS,8.31,1.436297,251.793,positional,NATURALGAS
SELL,0.75,-0.738,0.45,1.135714,0.45,0.179712,,19.0167,,1141,250.4,ib_break_down,ib_break,2026-04-20T13:31:00+00:00,251.7,stop_loss,2026-04-20T14:59:00+00:00,-2.888889,-1.144654,-1.038339,88,weak,0.04,5.555556,2.201258,1565.0,251.652,1250,1,2.888889,1.144654,2.666667,1.056604,-1.083333,trend_down,41,254.0,ib_break_down,254.8,252.8,-3.112044,-1.233075,-1750.53,-1.118546,-3.446778,-1.365705,-1938.81,-1.238858,1.0,-1625.0,-8.0,-3.169811,1250,-0.5192,2026-04-20,2.782222,1.10239,commodity_futures,NATURALGAS,3.111111,1.232705,249.0,positional,NATURALGAS
SELL,0.75,-0.413,0.1786,0.764286,0.1786,0.072132,,11.85,,711,247.6,ib_break_down,ib_break,2026-04-21T06:21:00+00:00,249.0,stop_loss,2026-04-21T07:03:00+00:00,-7.838746,-1.831775,-1.130856,42,weak,0.1765,9.518477,2.224299,1547.5,248.838,1250,1,7.838746,1.831775,1.119821,0.261682,-6.999999,trend_down,12,248.8,ib_break_down,249.2,248.2,-8.394849,-1.961726,-1874.15,-1.211082,-9.229003,-2.156653,-2060.38,-1.331422,1.0,-1750.0,-6.718925,-1.570093,1250,-0.5654,2026-04-21,6.931691,1.619812,commodity_futures,NATURALGAS,13.863382,3.239625,245.124,positional,NATURALGAS
BUY,0.75,0.366,0.1571,0.6,0.1571,0.061439,,14.0667,,844,255.7,ib_break_up,ib_break,2026-04-22T08:34:00+00:00,254.3,stop_loss,2026-04-22T12:09:00+00:00,-8.911521,-2.333333,-1.095033,215,neutral,0.1176,10.821133,2.833333,1598.125,254.4215,1250,1,8.911521,2.333333,8.274984,2.166667,-1.076923,trend_up,21,255.0,ib_break_up,255.4,254.8,-9.560789,-2.503333,-1877.5,-1.174814,-10.534691,-2.758333,-2068.75,-1.294486,1.0,-1750.0,4.455761,1.166667,1250,-0.5475,2026-04-22,8.138129,2.130833,commodity_futures,NATURALGAS,16.276257,4.261667,258.257,positional,NATURALGAS
SELL,0.75,-1.459,0.3429,0.735714,0.3429,0.134629,,17.6833,,1061,254.7,ib_break_down,ib_break,2026-04-23T12:11:00+00:00,253.0,trail_stop,2026-04-23T12:47:00+00:00,4.957714,2.310681,1.334904,36,weak,0.2941,4.957714,2.31068,1591.875,255.9735,1250,1,0.58326,0.271845,10.207057,4.757283,0.485714,trend_down,35,255.6,ib_break_down,256.2,255.2,4.661592,2.172665,1998.08,1.255171,4.21741,1.965642,1807.69,1.135571,1.0,2125.0,-2.624672,-1.223301,1250,0.6675,2026-04-23,3.713911,1.730972,commodity_futures,NATURALGAS,7.427822,3.461943,252.153,positional,NATURALGAS
SELL,0.75,-0.279,0.25,1.214286,0.25,0.103605,,14.95,,897,241.3,ib_break_down,ib_break,2026-04-24T09:27:00+00:00,239.6,trail_stop,2026-04-24T13:42:00+00:00,6.8,1.4,1.409034,255,weak,0.5,5.6,1.152941,1508.125,242.5065,1250,1,3.6,0.741176,15.2,3.129411,0.447368,trend_down,24,242.4,ib_break_down,243.2,241.6,6.41528,1.320793,2004.78,1.329316,5.8382,1.201982,1824.44,1.209739,1.0,2125.0,-4.4,-0.905882,1250,0.7045,2026-04-24,4.826,0.993588,commodity_futures,NATURALGAS,9.652,1.987176,238.887,positional,NATURALGAS
SELL,0.75,-0.291,0.1571,0.521429,0.1571,0.06101,,15.3,,918,257.5,ib_break_down,ib_break,2026-04-28T09:48:00+00:00,259.1,stop_loss,2026-04-28T11:32:00+00:00,-10.184596,-3.068491,-1.242718,104,weak,0.05,12.730745,3.835616,1609.375,258.7875,1250,1,10.184596,3.068491,12.730745,3.835613,-0.8,trend_down,26,258.8,ib_break_down,259.2,258.2,-10.842266,-3.266638,-2129.15,-1.322967,-11.828771,-3.56386,-2322.88,-1.44334,1.0,-2000.0,-8.274984,-2.493151,1250,-0.6214,2026-04-28,8.195417,2.469176,commodity_futures,NATURALGAS,16.390834,4.938352,254.925,positional,NATURALGAS
BUY,0.75,1.09,0.5,1.057143,0.5,0.191865,,17.8167,,1069,260.6,ib_break_up,ib_break,2026-04-28T12:19:00+00:00,258.8,stop_loss,2026-04-28T12:47:00+00:00,-3.6,-1.702702,-1.125,28,neutral,0.5,4.0,1.891892,2000.0,259.0,1250,1,4.0,1.891892,0.8,0.378378,-4.5,trend_up,36,258.8,ib_break_up,259.8,257.8,-3.80776,-1.800967,-2379.85,-1.189925,-4.1194,-1.948365,-2574.62,-1.287312,1.0,-2250.0,3.6,1.702703,1250,-0.6907,2026-04-28,3.2,1.513513,commodity_futures,NATURALGAS,6.4,3.027027,263.8,positional,NATURALGAS
BUY,0.75,0.297,0.1786,0.457143,0.1786,0.069684,,13.2,,792,256.3,ib_break_up,ib_break,2026-04-29T07:42:00+00:00,255.4,value_migration_reversal,2026-04-29T08:54:00+00:00,-5.039194,-1.968749,-0.702302,72,neutral,0.3529,9.518477,3.71875,1601.875,255.0185,1250,1,6.159015,2.406249,3.919373,1.53125,-1.285714,trend_up,17,255.4,ib_break_up,255.8,254.6,-5.612206,-2.192618,-1252.92,-0.782162,-6.471725,-2.528421,-1444.81,-0.901951,1.0,-1125.0,5.039194,1.96875,1250,-0.3512,2026-04-29,7.175252,2.80328,commodity_futures,NATURALGAS,12.87794,5.031248,258.6,positional,NATURALGAS
SELL,0.75,-1.629,0.1929,0.785714,0.1929,0.076035,,15.8167,,949,253.7,ib_break_down,ib_break,2026-04-29T10:19:00+00:00,251.7,trail_stop,2026-04-29T13:19:00+00:00,10.368066,2.545455,1.576665,180,neutral,0.1765,8.812856,2.163636,1585.625,254.9685,1250,1,6.22084,1.527273,19.180923,4.709093,0.540541,trend_down,28,255.4,ib_break_down,256.4,255.0,9.844064,2.416808,2373.65,1.496981,9.058061,2.223837,2184.12,1.377454,1.0,2500.0,-8.812856,-2.163636,1250,0.7883,2026-04-29,6.575946,1.614455,commodity_futures,NATURALGAS,13.151892,3.22891,251.163,positional,NATURALGAS
SELL,0.75,-0.873,0.4,1.435714,0.4,0.157978,,19.45,,1167,253.2,ib_break_down,ib_break,2026-04-29T13:57:00+00:00,249.7,trail_stop,2026-04-30T12:13:00+00:00,8.75,2.437811,2.671756,766,neutral,0.4706,4.25,1.18408,1637.5,254.51,1250,1,2.5,0.696518,12.5,3.482588,0.7,trend_down,42,254.4,ib_break_down,256.4,253.4,8.49855,2.367756,4249.27,2.594977,8.121375,2.262672,4060.69,2.479809,1.0,4375.0,-3.0,-0.835821,1250,1.3823,2026-04-30,3.275,0.912438,commodity_futures,NATURALGAS,6.55,1.824876,250.58,positional,NATURALGAS
BUY,0.75,3.019,0.6214,1.042857,0.6214,0.244646,,18.4,,1104,254.0,ib_break_up,ib_break,2026-04-30T12:54:00+00:00,252.4,stop_loss,2026-04-30T13:07:00+00:00,-2.574831,-1.534247,-1.259843,13,neutral,0.25,2.574831,1.534247,1587.5,252.73,1250,1,2.735758,1.630137,1.448342,0.863014,-1.777778,trend_up,38,253.6,ib_break_up,253.8,251.0,-2.737818,-1.631365,-2126.6,-1.339591,-2.982298,-1.777041,-2316.5,-1.459213,1.0,-2000.0,0.643708,0.383562,1250,-0.6299,2026-04-30,2.043772,1.217808,commodity_futures,NATURALGAS,2.896685,1.726028,255.8,positional,NATURALGAS
SELL,0.75,-1.521,0.5071,2.078571,0.5071,0.192448,,19.55,,1173,263.5,ib_break_down,ib_break,2026-05-01T14:03:00+00:00,270.4,stop_loss,2026-05-04T03:45:00+00:00,-13.606784,-3.319588,-3.254717,252,neutral,0.0926,10.648787,2.597938,2650.0,265.62,1250,1,14.001183,3.415808,3.352396,0.81787,-4.058824,trend_down,11,266.2,ib_break_down,267.6,264.6,-13.817354,-3.37096,-8758.48,-3.305085,-14.133208,-3.448018,-8958.69,-3.380637,1.0,-8625.0,-5.324394,-1.298969,1250,-2.6186,2026-05-04,4.180635,1.019931,commodity_futures,NATURALGAS,8.36127,2.039863,259.26,positional,NATURALGAS
BUY,0.75,0.796,0.2071,1.407143,0.2071,0.076421,,10.4,,624,271.0,ib_break_up,ib_break,2026-05-04T04:54:00+00:00,269.4,stop_loss,2026-05-04T09:55:00+00:00,-7.725736,-1.137056,-1.180812,301,neutral,0.0256,18.831482,2.771574,1693.75,269.645,1250,1,8.208595,1.208122,6.760019,0.994924,-1.142857,trend_up,6,270.2,ib_break_up,271.2,269.8,-8.24761,-1.213864,-2135.1,-1.260576,-9.03042,-1.329076,-2337.75,-1.380221,1.0,-2000.0,3.862868,0.568528,1250,-0.5904,2026-05-04,6.542733,0.962944,commodity_futures,NATURALGAS,13.085466,1.925888,273.71,positional,NATURALGAS
SELL,0.75,-0.753,0.3071,0.671429,0.3071,0.113825,,13.1167,,787,269.8,ib_break_down,ib_break,2026-05-05T07:37:00+00:00,271.6,stop_loss,2026-05-05T09:24:00+00:00,-5.861283,-2.680849,-1.040462,107,neutral,0.2581,10.094432,4.617021,2162.5,271.53,1250,1,5.861283,2.680849,1.302507,0.595744,-4.500001,trend_down,17,272.0,ib_break_down,272.6,271.2,-6.213872,-2.842117,-2385.35,-1.103052,-6.742755,-3.084019,-2588.38,-1.196936,1.0,-2250.0,-7.16379,-3.276596,1250,-0.6672,2026-05-05,5.633344,2.576594,commodity_futures,NATURALGAS,11.266688,5.153188,266.34,positional,NATURALGAS
SELL,0.75,-2.143,0.35,0.557143,0.35,0.133029,,13.45,,807,263.1,ib_break_down,ib_break,2026-05-06T07:57:00+00:00,261.1,trail_stop,2026-05-06T09:41:00+00:00,5.714286,3.589743,1.111111,104,weak,0.3,8.571429,5.384615,2250.0,264.9,1250,1,4.571429,2.871794,11.142857,6.999998,0.512821,trend_down,18,265.2,ib_break_down,265.8,264.8,5.414743,3.401568,2368.95,1.052867,4.965429,3.119307,2172.38,0.9655,1.0,2500.0,-6.0,-3.769231,1250,0.7602,2026-05-06,5.142857,3.230768,commodity_futures,NATURALGAS,10.285714,6.461537,259.5,positional,NATURALGAS
SELL,0.75,-0.303,0.1357,0.535714,0.1357,0.052536,,11.6333,,698,258.3,ib_break_down,ib_break,2026-05-07T06:08:00+00:00,256.5,trail_stop,2026-05-07T07:46:00+00:00,13.264554,3.360002,1.393728,98,weak,0.25,5.895357,1.493333,1614.375,259.5915,1250,1,2.947679,0.746667,24.318349,6.160003,0.545455,trend_down,11,259.0,ib_break_down,259.4,258.8,12.505822,3.16781,2121.3,1.314007,11.367723,2.879522,1928.25,1.194425,1.0,2250.0,-5.158438,-1.306667,1250,0.6969,2026-05-07,9.517318,2.410801,commodity_futures,NATURALGAS,18.422992,4.666669,255.8,positional,NATURALGAS
BUY,0.75,0.328,0.2214,0.685714,0.2214,0.083737,,13.5,,810,264.4,ib_break_up,ib_break,2026-05-08T08:00:00+00:00,266.1,trail_stop,2026-05-08T08:21:00+00:00,7.67841,2.479168,1.28593,21,neutral,0.3846,5.871725,1.895833,1652.5,263.078,1250,1,0.0,0.0,14.453478,4.666669,0.53125,trend_up,19,263.2,ib_break_up,263.6,262.8,7.199187,2.324438,1992.38,1.205673,6.480352,2.092345,1793.44,1.085287,1.0,2125.0,5.420054,1.75,1250,0.643,2026-05-08,5.971093,1.927917,commodity_futures,NATURALGAS,11.942186,3.855835,267.044,positional,NATURALGAS
BUY,0.75,1.908,0.3857,0.985714,0.3857,0.142535,,17.0167,,1021,270.6,ib_break_up,ib_break,2026-05-11T11:31:00+00:00,278.4,trail_stop,2026-05-12T11:09:00+00:00,20.222971,7.913046,2.943396,848,strong,0.0533,19.445165,7.608696,3312.5,267.95,1250,1,3.889033,1.52174,28.778844,11.260873,0.702703,trend_up,33,267.2,ib_break_up,268.2,266.4,19.938294,7.801654,9612.75,2.901962,19.511278,7.634567,9406.88,2.839811,1.0,9750.0,8.815141,3.449275,1250,2.8825,2026-05-12,6.870625,2.688407,commodity_futures,NATURALGAS,13.74125,5.376813,275.9,positional,NATURALGAS
SELL,0.75,-0.734,0.3286,0.957143,0.3286,0.118244,,17.0167,,1021,277.9,ib_break_down,ib_break,2026-05-12T11:31:00+00:00,275.0,trail_stop,2026-05-12T13:27:00+00:00,8.82532,3.02985,2.087082,116,neutral,0.1667,7.303713,2.507463,1736.875,279.2895,1250,1,1.521607,0.522388,13.694461,4.701492,0.644444,trend_down,33,280.2,ib_break_down,280.8,279.6,8.488801,2.914319,3486.78,2.007499,7.984023,2.741022,3279.44,1.888125,1.0,3625.0,-6.999391,-2.402985,1250,1.0435,2026-05-12,4.228545,1.451716,commodity_futures,NATURALGAS,8.457091,2.903432,275.121,positional,NATURALGAS
BUY,0.75,0.279,0.1786,0.671429,0.1786,0.065614,,12.75,,765,272.2,ib_break_up,ib_break,2026-05-13T07:15:00+00:00,271.6,value_migration_reversal,2026-05-13T10:30:00+00:00,-3.359462,-0.893616,-0.440852,195,neutral,0.2381,11.758119,3.12766,1701.25,270.839,1250,1,3.919373,1.042553,10.078387,2.680849,-0.333333,trend_up,16,271.2,ib_break_up,271.6,270.2,-3.968421,-1.055599,-885.95,-0.520764,-4.881859,-1.298574,-1089.88,-0.640632,1.0,-750.0,5.599104,1.489362,1250,-0.2204,2026-05-13,7.620381,2.02702,commodity_futures,NATURALGAS,15.240761,4.05404,274.922,positional,NATURALGAS
BUY,0.75,0.578,0.35,1.085714,0.35,0.128488,,17.1167,,1027,272.4,ib_break_up,ib_break,2026-05-13T11:37:00+00:00,271.2,value_migration_reversal,2026-05-13T11:42:00+00:00,-3.428571,-1.105263,-0.881057,5,neutral,0.3333,6.0,1.934211,1702.5,271.038,1250,1,4.0,1.289474,0.285714,0.092105,-12.000011,trend_down,33,272.0,ib_break_up,272.6,270.6,-3.7392,-1.2054,-1635.9,-0.960881,-4.205143,-1.355606,-1839.75,-1.080617,1.0,-1500.0,1.142857,0.368421,1250,-0.4405,2026-05-13,3.891429,1.254474,commodity_futures,NATURALGAS,7.782857,2.508948,275.124,positional,NATURALGAS
BUY,0.75,0.332,0.1786,1.228571,0.1786,0.064687,,10.3167,,619,276.1,ib_break_up,ib_break,2026-05-14T04:49:00+00:00,274.3,stop_loss,2026-05-14T10:11:00+00:00,-10.078387,-1.465117,-1.005587,322,neutral,0.2424,18.477044,2.686047,2237.5,274.31,1250,1,10.638298,1.546512,12.318029,1.790698,-0.818182,trend_up,6,275.0,ib_break_up,275.8,274.0,-10.694737,-1.554717,-2387.6,-1.067084,-11.619261,-1.689117,-2594.0,-1.15933,1.0,-2250.0,6.159015,0.895349,1250,-0.6519,2026-05-14,10.022396,1.456977,commodity_futures,NATURALGAS,20.044793,2.913955,279.68,positional,NATURALGAS
SELL,0.75,-0.492,0.4429,1.271429,0.4429,0.162891,,17.5333,,1052,271.9,ib_break_down,ib_break,2026-05-14T12:02:00+00:00,270.0,trail_stop,2026-05-14T14:28:00+00:00,4.289907,1.494382,1.397573,146,neutral,0.0303,7.450892,2.595506,1699.375,273.2595,1250,1,3.160984,1.101123,8.35403,2.910111,0.513513,trend_down,35,276.4,ib_break_down,277.4,273.6,4.045202,1.409139,2239.53,1.317852,3.678144,1.281275,2036.31,1.198271,1.0,2375.0,-10.160307,-3.539326,1250,0.6988,2026-05-14,3.069542,1.069269,commodity_futures,NATURALGAS,6.139083,2.138539,269.181,positional,NATURALGAS
BUY,0.75,1.111,0.2571,0.6,0.2571,0.091235,,12.6167,,757,281.8,ib_break_up,ib_break,2026-05-15T07:07:00+00:00,280.2,stop_loss,2026-05-15T10:20:00+00:00,-6.223259,-2.666667,-1.135557,193,strong,0.25,6.223259,2.666667,1761.25,280.391,1250,1,7.001167,3.0,7.779074,3.333333,-0.8,trend_up,15,280.2,ib_break_up,280.6,279.8,-6.660443,-2.854,-2140.5,-1.21533,-7.316219,-3.135,-2351.25,-1.334989,1.0,-2000.0,6.223259,2.666667,1250,-0.5678,2026-05-15,5.480358,2.348333,commodity_futures,NATURALGAS,10.960716,4.696667,284.618,positional,NATURALGAS
SELL,0.75,-1.223,0.3357,1.064286,0.3357,0.120193,,16.2833,,977,279.3,ib_break_down,ib_break,2026-05-15T10:47:00+00:00,280.8,stop_loss,2026-05-15T11:21:00+00:00,-4.468275,-1.409396,-1.074114,34,neutral,0.3125,4.76616,1.503356,1745.625,280.6965,1250,1,4.468275,1.409396,2.38308,0.751678,-1.875,trend_down,30,280.2,ib_break_down,282.2,279.8,-4.801966,-1.514649,-2015.03,-1.154329,-5.302502,-1.67253,-2225.06,-1.274651,1.0,-1875.0,-2.680965,-0.845638,1250,-0.5371,2026-05-15,4.159964,1.312147,commodity_futures,NATURALGAS,8.319929,2.624295,276.507,positional,NATURALGAS
BUY,0.75,0.366,0.2571,1.342857,0.2571,0.087747,,12.0167,,721,293.0,ib_break_up,ib_break,2026-05-18T06:31:00+00:00,294.8,trail_stop,2026-05-18T12:35:00+00:00,7.001167,1.340426,1.228669,364,strong,0.1852,10.50175,2.010638,1831.25,291.535,1250,1,7.001167,1.340426,16.72501,3.202128,0.418605,trend_up,13,291.8,ib_break_up,292.6,291.0,6.543913,1.252881,2103.05,1.148423,5.858032,1.121564,1882.62,1.028055,1.0,2250.0,4.667445,0.893617,1250,0.6143,2026-05-18,5.698172,1.090958,commodity_futures,NATURALGAS,11.396344,2.181915,295.93,positional,NATURALGAS
BUY,0.75,0.777,0.5786,1.735714,0.5786,0.197272,,18.5667,,1114,293.3,ib_break_up,ib_break,2026-05-18T13:04:00+00:00,291.2,stop_loss,2026-05-18T13:13:00+00:00,-3.62945,-1.209877,-1.304348,9,neutral,0.2963,4.666436,1.555556,2012.5,291.69,1250,1,3.62945,1.209877,1.036986,0.345679,-3.499999,trend_up,39,292.2,ib_break_up,294.2,291.4,-3.83149,-1.277227,-2771.12,-1.376957,-4.134549,-1.378251,-2990.31,-1.48587,1.0,-2625.0,1.901141,0.633745,1250,-0.716,2026-05-18,2.782579,0.927572,commodity_futures,NATURALGAS,5.565157,1.855144,296.52,positional,NATURALGAS
SELL,0.75,-1.568,0.5071,1.971429,0.5071,0.175225,,19.05,,1143,289.4,ib_break_down,ib_break,2026-05-18T13:33:00+00:00,290.9,stop_loss,2026-05-18T14:24:00+00:00,-2.957996,-0.760869,-1.036628,51,weak,0.1481,5.324394,1.369565,1808.75,290.847,1250,1,2.957996,0.760869,4.535595,1.166666,-0.652174,trend_down,41,292.2,ib_break_down,294.2,291.0,-3.186866,-0.81974,-2020.08,-1.116835,-3.530172,-0.908047,-2237.69,-1.237146,1.0,-1875.0,-5.521593,-1.42029,1250,-0.5183,2026-05-18,2.853481,0.733985,commodity_futures,NATURALGAS,5.706961,1.467971,286.506,positional,NATURALGAS
BUY,0.75,0.515,0.2643,0.635714,0.2643,0.090328,,13.9833,,839,292.6,ib_break_up,ib_break,2026-05-19T08:29:00+00:00,295.5,trail_stop,2026-05-19T12:02:00+00:00,10.97238,4.5618,1.982228,213,neutral,0.0435,8.702232,3.617978,1828.75,291.137,1250,1,1.135074,0.47191,17.404465,7.235958,0.630435,trend_up,20,291.0,ib_break_up,291.4,290.6,10.527355,4.376779,3477.97,1.901832,9.859818,4.099249,3257.44,1.781237,1.0,3625.0,6.053727,2.516854,1250,0.9911,2026-05-19,5.535376,2.301349,commodity_futures,NATURALGAS,11.070753,4.602699,295.526,positional,NATURALGAS
BUY,0.85,0.314,0.2143,1.057143,0.2143,0.071125,,10.1333,,608,301.3,open_drive_up_above_pvah,open_drive,2026-05-20T04:38:00+00:00,296.8,stop_loss,2026-05-20T12:29:00+00:00,-20.9986,-4.256756,-1.097561,471,strong,0.0714,6.532898,1.324324,5125.0,297.2,1250,1,21.465236,4.351351,9.799347,1.986486,-2.142857,trend_up,5,300.8,open_drive_up_above_pvah,301.0,300.2,-21.55679,-4.36991,-5774.52,-1.126737,-22.394074,-4.539641,-5998.81,-1.1705,1.0,-5625.0,2.333178,0.472973,1250,-1.4935,2026-05-20,19.132058,3.878378,commodity_futures,NATURALGAS,38.264116,7.756756,309.5,positional,NATURALGAS
SELL,0.75,-0.695,0.3143,0.792857,0.3143,0.108193,,13.9,,834,290.5,ib_break_down,ib_break,2026-05-21T08:24:00+00:00,292.4,stop_loss,2026-05-21T10:30:00+00:00,-6.04518,-2.396397,-1.30809,126,neutral,0.0385,8.272351,3.279279,1815.625,291.9525,1250,1,6.04518,2.396397,4.136176,1.63964,-1.461538,trend_down,20,292.2,ib_break_down,293.2,291.8,-6.416099,-2.543435,-2520.72,-1.388351,-6.972479,-2.763991,-2739.31,-1.508744,1.0,-2375.0,-5.408845,-2.144144,1250,-0.654,2026-05-21,4.621381,1.831982,commodity_futures,NATURALGAS,9.242762,3.663965,287.595,positional,NATURALGAS
BUY,0.75,1.692,0.5786,1.428571,0.5786,0.197071,,18.65,,1119,293.6,ib_break_up,ib_break,2026-05-21T13:09:00+00:00,291.6,stop_loss,2026-05-21T13:50:00+00:00,-3.456619,-1.4,-1.362398,41,neutral,0.1538,4.493605,1.82,1835.0,292.132,1250,1,3.456619,1.4,3.283788,1.33,-1.052632,trend_up,39,292.2,ib_break_up,292.8,290.6,-3.658901,-1.481928,-2646.3,-1.442125,-3.962323,-1.60482,-2865.75,-1.561717,1.0,-2500.0,2.419634,0.98,1250,-0.6812,2026-05-21,2.537159,1.0276,commodity_futures,NATURALGAS,5.074317,2.055201,296.536,positional,NATURALGAS
BUY,0.75,0.285,0.2714,0.721429,0.2714,0.098227,,12.8167,,769,276.3,ib_break_up,ib_break,2026-05-25T07:19:00+00:00,273.6,value_migration_reversal,2026-05-25T09:11:00+00:00,-9.948416,-3.742572,-0.89404,112,strong,0.0595,30.950626,11.643564,3775.0,273.28,1250,1,9.948416,3.742572,0.0,0.0,,trend_down,16,273.6,ib_break_up,275.6,273.0,-10.353648,-3.895019,-3512.47,-0.930457,-10.961496,-4.123691,-3718.69,-0.985083,1.0,-3375.0,9.948416,3.742574,1250,-0.9772,2026-05-25,11.127487,4.186136,commodity_futures,NATURALGAS,22.254974,8.372272,282.34,positional,NATURALGAS
BUY,0.75,0.252,0.2643,0.95,0.2643,0.095415,,17.8333,,1070,277.0,ib_break_up,ib_break,2026-05-25T12:20:00+00:00,281.0,trail_stop,2026-05-26T16:14:00+00:00,15.134317,4.210526,1.075269,1104,strong,0.1429,31.782066,8.842105,4650.0,273.28,1250,1,3.405221,0.947368,31.403708,8.736842,0.481928,trend_up,36,274.4,ib_break_up,275.4,273.2,14.71207,4.093053,4860.5,1.045269,14.078698,3.916842,4651.25,1.000269,1.0,5000.0,9.837306,2.736842,1250,1.444,2026-05-26,14.074915,3.915789,commodity_futures,NATURALGAS,28.14983,7.831579,284.44,positional,NATURALGAS
BUY,0.75,1.422,0.2857,0.685714,0.2857,0.098415,,16.0333,,962,290.3,ib_break_up,ib_break,2026-05-27T10:32:00+00:00,293.7,trail_stop,2026-05-27T12:22:00+00:00,11.900595,4.958335,2.342404,110,strong,0.2941,5.950298,2.479167,1814.375,288.8485,1250,1,1.750088,0.729167,20.301015,8.458337,0.586207,trend_up,29,288.6,ib_break_up,289.2,287.6,11.491775,4.788002,4104.0,2.261936,10.878544,4.532502,3885.0,2.141233,1.0,4250.0,5.950298,2.479167,1250,1.1712,2026-05-27,5.080504,2.116772,commodity_futures,NATURALGAS,10.161008,4.233543,293.203,positional,NATURALGAS
BUY,0.75,3.235,0.4571,1.928571,0.4571,0.15176,,19.0167,,1141,301.2,ib_break_up,ib_break,2026-05-28T13:31:00+00:00,304.4,trail_stop,2026-05-28T14:12:00+00:00,7.000656,1.65926,2.077922,41,strong,0.1053,8.313279,1.97037,1925.0,299.66,1250,1,0.0,0.0,12.032378,2.851852,0.581818,trend_up,9,300.0,ib_break_up,300.6,297.6,6.735681,1.596457,3848.6,1.999273,6.338219,1.502252,3621.5,1.881299,1.0,4000.0,2.625246,0.622222,1250,1.0624,2026-05-28,3.369066,0.798519,commodity_futures,NATURALGAS,6.738132,1.597037,304.28,positional,NATURALGAS
BUY,0.75,0.372,0.3571,1.085714,0.3571,0.112049,,13.15,,789,318.7,ib_break_up,ib_break,2026-05-29T07:39:00+00:00,316.6,stop_loss,2026-05-29T08:29:00+00:00,-5.880706,-1.934211,-1.044776,50,strong,0.4444,7.560907,2.486842,2512.5,316.69,1250,1,5.880706,1.934211,2.520302,0.828948,-2.333334,trend_up,17,316.6,ib_break_up,317.4,315.4,-6.236516,-2.05124,-2783.82,-1.10799,-6.770232,-2.226783,-3022.06,-1.202811,1.0,-2625.0,5.880706,1.934211,1250,-0.6589,2026-05-29,5.628675,1.851316,commodity_futures,NATURALGAS,11.257351,3.702633,322.72,positional,NATURALGAS
SELL,0.75,-0.772,0.2786,1.471429,0.2786,0.087363,,10.5833,,635,318.9,ib_break_down,ib_break,2026-06-01T05:05:00+00:00,320.9,stop_loss,2026-06-01T05:24:00+00:00,-7.178751,-1.359223,-1.254312,19,neutral,0.1481,9.691314,1.834951,1993.125,320.4945,1250,1,7.178751,1.359223,0.358938,0.067961,-19.999975,trend_down,7,320.6,ib_break_down,321.4,320.0,-7.638047,-1.446186,-2659.95,-1.334563,-8.326992,-1.576631,-2899.88,-1.454939,1.0,-2500.0,-6.101938,-1.15534,1250,-0.6272,2026-06-01,5.723259,1.08364,commodity_futures,NATURALGAS,6.819813,1.291262,317.0,positional,NATURALGAS
BUY,0.75,0.498,0.3357,1.05,0.3357,0.1039,,12.85,,771,323.1,ib_break_up,ib_break,2026-06-01T07:21:00+00:00,321.1,stop_loss,2026-06-01T08:34:00+00:00,-5.9577,-1.904762,-1.04712,73,strong,0.4074,8.042895,2.571429,2387.5,321.19,1250,1,6.255585,2.0,2.085195,0.666667,-2.857143,trend_up,16,321.2,ib_break_up,321.8,320.2,-6.341495,-2.027467,-2661.05,-1.114576,-6.917188,-2.211524,-2902.62,-1.215759,1.0,-2500.0,5.659815,1.809524,1250,-0.619,2026-06-01,5.689604,1.819048,commodity_futures,NATURALGAS,11.379208,3.638095,326.92,positional,NATURALGAS
SELL,0.75,-0.268,0.1643,1.214286,0.1643,0.054189,,10.6333,,638,303.2,ib_break_down,ib_break,2026-06-02T05:08:00+00:00,304.8,stop_loss,2026-06-02T07:25:00+00:00,-9.738284,-1.317647,-1.055409,137,neutral,0.1875,9.738284,1.317647,1895.0,304.716,1250,1,9.738284,1.317647,7.303713,0.988235,-1.333333,trend_down,7,304.0,ib_break_down,304.4,303.6,-10.478393,-1.417788,-2152.0,-1.13562,-11.588558,-1.568,-2380.0,-1.255937,1.0,-2000.0,-4.869142,-0.658824,1250,-0.5277,2026-06-02,9.227024,1.24847,commodity_futures,NATURALGAS,18.454047,2.496941,300.168,positional,NATURALGAS
BUY,0.75,0.426,0.35,0.742857,0.35,0.114754,,12.6833,,761,305.0,ib_break_up,ib_break,2026-06-03T07:11:00+00:00,310.0,trail_stop,2026-06-03T10:09:00+00:00,14.285714,6.730771,3.278689,178,neutral,0.2381,6.0,2.826923,1906.25,303.475,1250,1,0.0,0.0,19.142857,9.019233,0.746269,trend_up,15,303.4,ib_break_up,304.0,302.8,13.934286,6.565194,6096.25,3.198033,13.407143,6.316828,5865.62,3.077049,1.0,6250.0,4.571429,2.153846,1250,1.6393,2026-06-03,4.357143,2.052885,commodity_futures,NATURALGAS,8.714286,4.10577,308.05,positional,NATURALGAS
BUY,0.85,0.405,0.2429,1.278571,0.2429,0.078103,,10.0,,600,311.0,open_drive_up_above_pvah,open_drive,2026-06-04T04:30:00+00:00,309.1,stop_loss,2026-06-04T05:30:00+00:00,-7.822149,-1.486034,-1.055556,60,strong,0.0667,6.175381,1.173184,2250.0,309.2,1250,1,7.822149,1.486034,0.823384,0.156425,-9.500001,trend_up,5,310.4,open_drive_up_above_pvah,310.8,310.0,-8.33273,-1.583033,-2530.03,-1.124456,-9.0986,-1.728531,-2762.56,-1.227806,1.0,-2375.0,2.470152,0.469274,1250,-0.6109,2026-06-04,7.410457,1.407822,commodity_futures,NATURALGAS,14.820914,2.815643,314.6,positional,NATURALGAS
BUY,0.75,0.347,0.2214,0.907143,0.2214,0.071167,,14.6667,,880,311.1,ib_break_up,ib_break,2026-06-04T09:10:00+00:00,315.5,trail_stop,2026-06-04T13:09:00+00:00,19.873532,4.850393,2.828672,239,strong,0.1333,6.775068,1.653543,1944.375,309.5445,1250,1,4.968383,1.212598,28.455285,6.944881,0.698413,trend_up,23,310.0,ib_break_up,310.6,309.0,19.307498,4.712245,5343.35,2.748107,18.458446,4.505023,5108.38,2.627258,1.0,5500.0,4.968383,1.212598,1250,1.4143,2026-06-04,7.025745,1.714724,commodity_futures,NATURALGAS,14.051491,3.429448,314.211,positional,NATURALGAS
SELL,0.75,-0.301,0.15,1.2,0.15,0.049587,,10.5167,,631,302.5,ib_break_down,ib_break,2026-06-08T05:01:00+00:00,304.2,stop_loss,2026-06-08T05:33:00+00:00,-11.333333,-1.416667,-1.123967,32,weak,0.3333,8.0,1.0,1890.625,304.0125,1250,1,11.333333,1.416667,0.666667,0.083333,-16.999991,trend_down,7,303.0,ib_break_down,303.8,303.0,-12.142267,-1.517783,-2276.68,-1.204192,-13.355667,-1.669458,-2504.19,-1.324529,1.0,-2125.0,-3.333333,-0.416667,1250,-0.562,2026-06-08,10.083333,1.260417,commodity_futures,NATURALGAS,20.166667,2.520833,299.475,positional,NATURALGAS
BUY,0.75,0.362,0.3429,1.264286,0.3429,0.112574,,11.5667,,694,304.6,ib_break_up,ib_break,2026-06-08T06:04:00+00:00,303.2,value_migration_reversal,2026-06-08T06:39:00+00:00,-4.082823,-1.107344,-0.919238,35,strong,0.4167,3.499563,0.949153,1903.75,303.077,1250,1,4.666083,1.265536,0.874891,0.237288,-4.666665,trend_up,11,303.4,ib_break_up,304.4,302.8,-4.437329,-1.203494,-1901.95,-0.999054,-4.969087,-1.347717,-2129.88,-1.118779,1.0,-1750.0,3.499563,0.949153,1250,-0.4596,2026-06-08,4.441528,1.204632,commodity_futures,NATURALGAS,8.883056,2.409265,307.646,positional,NATURALGAS
SELL,0.75,-0.324,0.1786,0.907143,0.1786,0.059257,,11.2833,,677,301.4,ib_break_down,ib_break,2026-06-09T05:47:00+00:00,302.5,value_migration_reversal,2026-06-09T05:57:00+00:00,-6.159015,-1.212598,-0.729927,10,neutral,0.0435,12.87794,2.535433,1883.75,302.907,1250,1,7.838746,1.543307,0.55991,0.110236,-11.000009,trend_down,10,302.2,ib_break_down,303.4,302.0,-6.835274,-1.345742,-1525.97,-0.810073,-7.849664,-1.545456,-1752.44,-0.930292,1.0,-1375.0,-4.479283,-0.88189,1250,-0.365,2026-06-09,8.43785,1.66126,commodity_futures,NATURALGAS,10.078387,1.984252,299.6,positional,NATURALGAS
BUY,0.75,0.554,0.3714,0.95,0.3714,0.122171,,12.7167,,763,304.0,ib_break_up,ib_break,2026-06-09T07:13:00+00:00,302.4,stop_loss,2026-06-09T12:00:00+00:00,-4.308024,-1.684211,-1.052632,287,strong,0.087,6.192784,2.421053,1900.0,302.48,1250,1,5.115778,2.0,7.26979,2.842105,-0.592593,trend_up,15,302.2,ib_break_up,303.0,301.6,-4.634572,-1.811874,-2151.6,-1.132421,-5.124394,-2.003368,-2379.0,-1.252105,1.0,-2000.0,4.846527,1.894737,1250,-0.5263,2026-06-09,4.092623,1.6,commodity_futures,NATURALGAS,8.185245,3.2,307.04,positional,NATURALGAS
SELL,0.75,-3.173,0.5857,1.607143,0.5857,0.194649,,18.6667,,1120,300.9,ib_break_down,ib_break,2026-06-09T13:10:00+00:00,302.6,stop_loss,2026-06-09T14:15:00+00:00,-2.90251,-1.057778,-1.129944,65,neutral,0.2609,3.926925,1.431111,1880.625,302.4045,1250,1,2.90251,1.057778,5.292812,1.928889,-0.548387,trend_down,39,303.2,ib_break_down,304.4,302.2,-3.108588,-1.13288,-2275.88,-1.210169,-3.417705,-1.245533,-2502.19,-1.330508,1.0,-2125.0,-3.926925,-1.431111,1250,-0.565,2026-06-09,2.568721,0.936133,commodity_futures,NATURALGAS,5.137442,1.872267,297.891,positional,NATURALGAS
SELL,0.85,-0.352,0.2214,1.307143,0.2214,0.07437,,10.0333,,602,297.7,open_drive_down_below_pval,open_drive,2026-06-10T04:32:00+00:00,301.5,stop_loss,2026-06-10T07:45:00+00:00,-17.163505,-2.907104,-1.085714,193,weak,0.037,12.195122,2.065574,4375.0,301.2,1250,1,21.228546,3.595628,21.228546,3.595628,-0.808511,trend_down,5,299.2,open_drive_down_below_pval,300.0,298.0,-17.704788,-2.998784,-4899.8,-1.119954,-18.516712,-3.136306,-5124.5,-1.171314,1.0,-4750.0,-6.775068,-1.147541,1250,-1.2765,2026-06-10,15.808491,2.677595,commodity_futures,NATURALGAS,31.616983,5.355191,290.7,positional,NATURALGAS
BUY,0.75,0.259,0.1857,1.707143,0.1857,0.061551,,13.9833,,839,301.7,ib_break_up,ib_break,2026-06-10T08:29:00+00:00,299.5,stop_loss,2026-06-10T09:17:00+00:00,-11.847065,-1.288703,-1.094527,48,neutral,0.4444,14.53958,1.58159,2512.5,299.69,1250,1,11.847065,1.288703,1.615509,0.175732,-7.333333,trend_up,20,294.2,ib_break_up,299.2,293.0,-12.494561,-1.359136,-2900.3,-1.154348,-13.465805,-1.464786,-3125.75,-1.24408,1.0,-2750.0,40.387722,4.393305,1250,-0.7292,2026-06-10,10.82391,1.177406,commodity_futures,NATURALGAS,21.647819,2.354812,305.72,positional,NATURALGAS
SELL,0.75,-0.841,0.3214,1.264286,0.3214,0.105585,,10.2667,,616,304.4,ib_break_down,ib_break,2026-06-11T04:46:00+00:00,299.8,trail_stop,2026-06-11T11:46:00+00:00,14.312383,3.638417,3.022339,420,neutral,0.25,6.222775,1.581921,1902.5,305.922,1250,1,4.667082,1.18644,22.71313,5.77401,0.630137,trend_down,6,306.0,ib_break_down,306.8,305.6,13.936403,3.542838,5598.95,2.942943,13.372433,3.399468,5372.38,2.82385,1.0,5750.0,-4.97822,-1.265537,1250,1.5112,2026-06-11,4.735532,1.203842,commodity_futures,NATURALGAS,9.471064,2.407683,301.356,positional,NATURALGAS
SELL,0.75,-0.462,0.1929,1.307143,0.1929,0.066701,,10.0667,,604,289.2,ib_break_down,ib_break,2026-06-15T04:34:00+00:00,290.8,stop_loss,2026-06-15T06:09:00+00:00,-8.294453,-1.224044,-1.106501,95,neutral,0.0345,15.033696,2.218579,1807.5,290.646,1250,1,8.294453,1.224044,0.518403,0.076503,-16.00001,trend_down,5,290.0,ib_break_down,290.2,289.2,-8.895801,-1.312787,-2145.0,-1.186722,-9.797823,-1.445901,-2362.5,-1.307054,1.0,-2000.0,-4.147227,-0.612022,1250,-0.5533,2026-06-15,7.496112,1.106229,commodity_futures,NATURALGAS,14.992224,2.212459,286.308,positional,NATURALGAS
BUY,0.75,0.853,0.4214,1.078571,0.4214,0.143921,,17.9167,,1075,292.8,ib_break_up,ib_break,2026-06-15T12:25:00+00:00,290.5,stop_loss,2026-06-15T12:50:00+00:00,-5.457997,-2.132451,-1.564626,25,strong,0.2069,6.881822,2.688742,1837.5,291.33,1250,1,5.457997,2.132451,0.711913,0.278146,-7.666663,trend_down,36,289.6,ib_break_up,291.2,288.0,-5.734836,-2.240613,-3020.82,-1.643986,-6.150095,-2.402855,-3239.56,-1.763027,1.0,-2875.0,7.593735,2.966887,1250,-0.7855,2026-06-15,3.488372,1.362914,commodity_futures,NATURALGAS,6.976744,2.725829,295.74,positional,NATURALGAS
BUY,0.75,0.934,0.4143,0.971429,0.4143,0.134078,,16.2667,,976,309.0,ib_break_up,ib_break,2026-06-17T10:46:00+00:00,306.4,stop_loss,2026-06-17T11:59:00+00:00,-6.275646,-2.676469,-1.181818,73,strong,0.25,9.654839,4.117647,2750.0,306.8,1250,1,7.24113,3.088234,6.517017,2.779411,-0.962963,trend_up,30,306.4,ib_break_up,307.4,305.2,-6.572725,-2.803169,-3403.85,-1.237764,-7.018344,-2.993219,-3634.62,-1.321682,1.0,-3250.0,6.275646,2.676471,1250,-0.8414,2026-06-17,5.310162,2.264705,commodity_futures,NATURALGAS,10.620323,4.52941,313.4,positional,NATURALGAS
SELL,0.75,-0.437,0.5357,1.821429,0.5357,0.176449,,18.0333,,1082,303.6,ib_break_down,ib_break,2026-06-17T12:32:00+00:00,296.9,trail_stop,2026-06-17T14:11:00+00:00,12.507,3.678431,4.1875,99,neutral,0.1,7.466866,2.196078,2000.0,305.2,1250,1,2.986746,0.878431,15.86709,4.666666,0.788235,trend_down,37,306.0,ib_break_down,308.0,304.4,12.282808,3.612493,8224.88,4.112438,11.946519,3.513587,7999.69,3.999844,1.0,8375.0,-4.480119,-1.317647,1250,2.2069,2026-06-17,2.986746,0.878431,commodity_futures,NATURALGAS,5.973493,1.756862,300.4,positional,NATURALGAS
SELL,0.75,-0.338,0.2357,1.357143,0.2357,0.079387,,10.1333,,608,296.9,ib_break_down,ib_break,2026-06-18T04:38:00+00:00,298.4,stop_loss,2026-06-18T07:48:00+00:00,-6.364022,-1.105263,-1.010441,190,neutral,0.2143,11.879508,2.063158,1855.625,298.3845,1250,1,8.061095,1.4,7.212558,1.252631,-0.882353,trend_down,5,298.6,ib_break_down,299.2,297.4,-6.869156,-1.192991,-2023.83,-1.090643,-7.626856,-1.324584,-2247.06,-1.210946,1.0,-1875.0,-7.212558,-1.252632,1250,-0.5052,2026-06-18,6.298261,1.093842,commodity_futures,NATURALGAS,12.596521,2.187684,293.931,positional,NATURALGAS
BUY,0.75,2.943,0.4643,2.285714,0.4643,0.15415,,20.6,,1236,301.2,ib_break_up,ib_break,2026-06-18T15:06:00+00:00,302.8,trail_stop,2026-06-19T11:41:00+00:00,3.446048,0.7,0.91954,665,neutral,0.3214,6.030584,1.225,2175.0,299.46,1250,1,1.723024,0.35,9.045876,1.8375,0.380952,trend_up,47,297.6,ib_break_up,298.8,296.6,3.185871,0.64715,1849.0,0.850115,2.795606,0.567875,1622.5,0.745977,1.0,2000.0,7.753608,1.575,1250,0.5312,2026-06-19,3.747577,0.76125,commodity_futures,NATURALGAS,7.495154,1.5225,304.68,positional,NATURALGAS
SELL,0.75,-0.315,0.2714,0.864286,0.2714,0.089957,,17.7167,,1063,301.7,ib_break_down,ib_break,2026-06-19T12:13:00+00:00,303.4,stop_loss,2026-06-19T12:36:00+00:00,-6.263817,-1.966941,-1.126947,23,neutral,0.1667,6.632277,2.082645,1885.625,303.2085,1250,1,6.263817,1.966941,4.421518,1.388429,-1.416667,trend_down,35,302.8,ib_break_down,303.6,302.4,-6.709727,-2.106965,-2276.28,-1.207173,-7.378592,-2.316999,-2503.19,-1.327511,1.0,-2125.0,-4.053058,-1.272727,1250,-0.5635,2026-06-19,5.558217,1.745371,commodity_futures,NATURALGAS,11.116433,3.490743,298.683,positional,NATURALGAS
BUY,0.75,0.505,0.3286,1.407143,0.3286,0.108021,,18.7167,,1123,304.2,ib_break_up,ib_break,2026-06-19T13:13:00+00:00,302.6,stop_loss,2026-06-19T14:11:00+00:00,-4.869142,-1.137056,-1.05194,58,neutral,0.2222,5.477785,1.279188,1901.25,302.679,1250,1,5.173463,1.208122,7.912355,1.847716,-0.615385,trend_up,39,303.0,ib_break_up,303.6,302.2,-5.238466,-1.223301,-2151.7,-1.131729,-5.792453,-1.35267,-2379.25,-1.251414,1.0,-2000.0,3.651856,0.852792,1250,-0.526,2026-06-19,4.628728,1.080914,commodity_futures,NATURALGAS,9.257456,2.161827,307.242,positional,NATURALGAS
BUY,0.75,0.64,0.2714,0.771429,0.2714,0.086241,,13.5167,,811,314.7,ib_break_up,ib_break,2026-06-22T08:01:00+00:00,311.5,stop_loss,2026-06-22T11:30:00+00:00,-11.790715,-4.148146,-1.059603,209,strong,0.1081,27.266028,9.592593,3775.0,311.68,1250,1,11.790715,4.148146,4.789978,1.685184,-2.461538,trend_up,19,309.8,ib_break_up,312.4,308.6,-12.252174,-4.310494,-4156.55,-1.101073,-12.944363,-4.554016,-4391.38,-1.163278,1.0,-4000.0,18.054532,6.351852,1250,-1.0168,2026-06-22,11.127487,3.914813,commodity_futures,NATURALGAS,22.254974,7.829625,320.74,positional,NATURALGAS
BUY,0.75,0.372,0.2571,1.185714,0.2571,0.083555,,10.1167,,607,307.7,ib_break_up,ib_break,2026-06-23T04:37:00+00:00,308.4,trail_stop,2026-06-23T07:01:00+00:00,2.722676,0.590362,0.454989,144,neutral,0.3571,5.445352,1.180723,1923.125,306.1615,1250,1,1.166861,0.253012,10.112797,2.192772,0.269231,trend_up,5,306.8,ib_break_up,306.8,306.0,2.243407,0.486441,720.98,0.374898,1.524504,0.33056,489.94,0.254761,1.0,875.0,3.500583,0.759036,1250,0.2275,2026-06-23,5.984053,1.29753,commodity_futures,NATURALGAS,8.168028,1.771085,309.8,positional,NATURALGAS
SELL,0.75,-0.297,0.2429,0.935714,0.2429,0.079587,,15.6333,,938,305.2,ib_break_down,ib_break,2026-06-23T10:08:00+00:00,304.0,trail_stop,2026-06-23T13:47:00+00:00,4.940305,1.282443,0.78637,219,weak,0.4286,5.763689,1.496183,1907.5,306.726,1250,1,5.763689,1.496184,12.350762,3.206108,0.4,trend_down,27,309.0,ib_break_down,310.0,307.0,4.438699,1.152232,1347.7,0.706527,3.686291,0.956916,1119.25,0.586763,1.0,1500.0,-15.644298,-4.061069,1250,0.3932,2026-06-23,6.282421,1.63084,commodity_futures,NATURALGAS,9.057225,2.351146,303.0,positional,NATURALGAS
SELL,0.75,-0.386,0.1286,,0.1286,0.042541,,11.35,,681,302.3,ib_break_down,ib_break,2026-06-24T05:51:00+00:00,303.9,stop_loss,2026-06-24T06:32:00+00:00,-12.44168,,-1.058551,41,weak,0.3077,10.108865,,1889.375,303.8115,1250,1,13.219285,,0.0,,,trend_down,10,303.2,ib_break_down,303.4,302.8,-13.384448,,-2151.55,-1.138763,-14.7986,,-2378.88,-1.25908,1.0,-2000.0,-6.998445,,1250,-0.5293,2026-06-24,11.753499,,commodity_futures,NATURALGAS,23.506998,,299.277,positional,NATURALGAS
BUY,0.75,0.394,0.2071,0.685714,0.2071,0.067991,,13.25,,795,304.6,ib_break_up,ib_break,2026-06-24T07:45:00+00:00,306.2,trail_stop,2026-06-24T12:13:00+00:00,7.725736,2.333334,1.050558,268,neutral,0.4615,6.277161,1.895833,1903.75,303.077,1250,1,2.414293,0.729167,18.831482,5.687502,0.410256,trend_up,18,303.2,ib_break_up,303.8,302.8,7.135876,2.155184,1847.3,0.970348,6.251086,1.887959,1618.25,0.850033,1.0,2000.0,6.760019,2.041667,1250,0.5253,2026-06-24,7.353935,2.221043,commodity_futures,NATURALGAS,14.707871,4.442085,307.646,positional,NATURALGAS
BUY,0.75,0.326,0.2,0.8,0.2,0.064144,,12.5333,,752,311.8,ib_break_up,ib_break,2026-06-25T07:02:00+00:00,314.8,trail_stop,2026-06-25T09:41:00+00:00,15.0,3.75,1.92431,159,strong,0.1538,13.0,3.25,1948.75,310.241,1250,1,0.5,0.125,23.5,5.875,0.638298,trend_up,15,310.6,ib_break_up,311.4,310.2,14.3734,3.59335,3593.35,1.843926,13.4335,3.358375,3358.38,1.723348,1.0,3750.0,6.0,1.5,1250,0.9622,2026-06-25,7.795,1.94875,commodity_futures,NATURALGAS,15.59,3.8975,314.918,positional,NATURALGAS
SELL,0.75,-8.719,0.8429,1.728571,0.8429,0.273314,,20.0167,,1201,308.4,ib_break_down,ib_break,2026-06-25T14:31:00+00:00,310.2,stop_loss,2026-06-25T15:17:00+00:00,-2.135485,-1.041323,-1.167315,46,neutral,0.1538,3.084589,1.504132,1927.5,309.942,1250,1,2.372761,1.157025,4.033693,1.966943,-0.529412,trend_down,45,314.2,ib_break_down,316.8,311.8,-2.282264,-1.112896,-2404.65,-1.247549,-2.502432,-1.220257,-2636.62,-1.367899,1.0,-2250.0,-6.881006,-3.355372,1250,-0.5837,2026-06-25,1.829399,0.892066,commodity_futures,NATURALGAS,3.658797,1.784133,305.316,positional,NATURALGAS
BUY,0.75,2.347,0.4857,2.385714,0.4857,0.155524,,21.1167,,1267,312.3,ib_break_up,ib_break,2026-06-25T15:37:00+00:00,310.6,stop_loss,2026-06-25T15:53:00+00:00,-3.500103,-0.712575,-1.011905,16,strong,0.3462,5.353099,1.08982,2100.0,310.62,1250,1,3.91188,0.796407,0.0,0.0,,trend_up,49,314.2,ib_break_up,316.4,310.8,-3.756599,-0.764794,-2280.72,-1.08606,-4.141342,-0.843123,-2514.31,-1.197292,1.0,-2125.0,-3.91188,-0.796407,1250,-0.5443,2026-06-25,3.458925,0.704192,commodity_futures,NATURALGAS,6.917851,1.408383,315.66,positional,NATURALGAS
BUY,0.75,0.985,0.4143,1.75,0.4143,0.130201,,18.0667,,1084,318.2,ib_break_up,ib_break,2026-06-26T12:34:00+00:00,316.6,stop_loss,2026-06-26T12:43:00+00:00,-3.861936,-0.914286,-1.005657,9,strong,0.1,7.24113,1.714286,1988.75,316.609,1250,1,4.103307,0.971429,2.896452,0.685714,-1.333333,trend_up,5,317.2,ib_break_up,317.8,315.8,-4.16838,-0.986834,-2158.7,-1.085456,-4.628047,-1.095657,-2396.75,-1.205154,1.0,-2000.0,2.41371,0.571429,1250,-0.5028,2026-06-26,3.840212,0.909143,commodity_futures,NATURALGAS,7.680425,1.818286,321.382,positional,NATURALGAS
SELL,0.75,-0.257,0.2286,1.207143,0.2286,0.073316,,12.4167,,745,311.8,ib_break_down,ib_break,2026-06-29T06:55:00+00:00,308.9,trail_stop,2026-06-29T10:06:00+00:00,12.685914,2.402367,1.860167,191,neutral,0.4615,5.686789,1.076923,1948.75,313.359,1250,1,0.437445,0.08284,20.55993,3.893491,0.617021,trend_down,14,312.8,ib_break_down,313.4,311.4,12.14287,2.299529,3469.82,1.780539,11.328303,2.145272,3237.06,1.661097,1.0,3625.0,-4.374453,-0.828402,1250,0.9301,2026-06-29,6.819773,1.291479,commodity_futures,NATURALGAS,13.639545,2.582958,308.682,positional,NATURALGAS
BUY,0.75,0.635,0.15,1.021429,0.15,0.049735,,10.1833,,611,301.6,ib_break_up,ib_break,2026-06-30T04:41:00+00:00,312.7,trail_stop,2026-06-30T12:46:00+00:00,74.0,10.867128,7.360743,485,neutral,0.0667,10.0,1.468531,1885.0,300.092,1250,1,6.666667,0.979021,85.333333,12.531463,0.867188,trend_down,5,301.0,ib_break_up,301.2,300.4,73.180933,10.746846,13721.42,7.279271,71.952333,10.566422,13491.06,7.157062,1.0,13875.0,4.0,0.587413,1250,3.6804,2026-06-30,10.053333,1.476363,commodity_futures,NATURALGAS,20.106667,2.952726,304.616,positional,NATURALGAS
SELL,0.75,-1.089,0.1786,1.214286,0.1786,0.057968,,11.05,,663,308.1,ib_break_down,ib_break,2026-07-01T05:33:00+00:00,309.7,stop_loss,2026-07-01T09:34:00+00:00,-8.958567,-1.317647,-1.038624,241,neutral,0.0357,15.677492,2.305882,1925.625,309.6405,1250,1,8.958567,1.317647,14.557671,2.141176,-0.615385,trend_down,9,309.2,ib_break_down,309.8,308.6,-9.650392,-1.419402,-2154.45,-1.118832,-10.68813,-1.572035,-2386.12,-1.239143,1.0,-2000.0,-6.159015,-0.905882,1250,-0.5193,2026-07-01,8.62542,1.268647,commodity_futures,NATURALGAS,17.25084,2.537294,305.019,positional,NATURALGAS
BUY,0.75,5.106,0.7786,1.721429,0.7786,0.250193,,18.5167,,1111,311.2,ib_break_up,ib_break,2026-07-01T13:01:00+00:00,309.6,stop_loss,2026-07-01T13:08:00+00:00,-2.05497,-0.92946,-1.028278,7,neutral,0.0714,3.596198,1.626556,1945.0,309.644,1250,1,2.311842,1.045643,0.89905,0.406639,-2.285713,trend_down,39,309.2,ib_break_up,309.8,307.4,-2.214436,-1.001586,-2155.2,-1.108072,-2.453635,-1.109776,-2388.0,-1.227763,1.0,-2000.0,2.568713,1.161826,1250,-0.5141,2026-07-01,1.998459,0.9039,commodity_futures,NATURALGAS,2.05497,0.92946,312.8,positional,NATURALGAS
SELL,0.75,-0.644,0.1786,0.678571,0.1786,0.058808,,12.7833,,767,303.7,ib_break_down,ib_break,2026-07-02T07:17:00+00:00,305.4,stop_loss,2026-07-02T10:03:00+00:00,-9.518477,-2.505265,-1.119526,166,weak,0.25,6.718925,1.768421,1898.125,305.2185,1250,1,9.518477,2.505265,3.359462,0.884211,-2.833334,trend_down,16,304.8,ib_break_down,305.4,304.2,-10.20056,-2.684789,-2277.28,-1.19975,-11.223684,-2.954076,-2505.69,-1.320086,1.0,-2125.0,-6.159015,-1.621053,1250,-0.5598,2026-07-02,8.50224,2.237791,commodity_futures,NATURALGAS,17.004479,4.475582,300.663,positional,NATURALGAS
BUY,0.75,0.44,0.2429,0.7,0.2429,0.079483,,16.0,,960,305.6,ib_break_up,ib_break,2026-07-02T10:30:00+00:00,304.6,value_migration_reversal,2026-07-02T10:39:00+00:00,-4.116921,-1.428571,-0.65445,9,neutral,0.3333,4.940305,1.714286,1910.0,304.072,1250,1,4.528613,1.571429,0.411692,0.142857,-10.000002,trend_up,29,304.8,ib_break_up,305.4,303.8,-4.61935,-1.602914,-1402.55,-0.734319,-5.372993,-1.864429,-1631.38,-0.854123,1.0,-1250.0,3.293536,1.142857,1250,-0.3272,2026-07-02,6.290655,2.182857,commodity_futures,NATURALGAS,9.880609,3.428571,308.0,positional,NATURALGAS
BUY,0.75,1.605,0.3071,1.514286,0.3071,0.100458,,21.7667,,1306,305.7,ib_break_up,ib_break,2026-07-02T16:16:00+00:00,310.3,trail_stop,2026-07-03T08:33:00+00:00,14.978834,3.037735,3.009486,407,neutral,0.4167,3.907522,0.792453,1910.625,304.1715,1250,1,2.930641,0.59434,20.51449,4.160377,0.730159,trend_up,52,304.6,ib_break_up,305.2,303.2,14.577662,2.956377,5596.0,2.928885,13.975904,2.834339,5365.0,2.807982,1.0,5750.0,3.581895,0.726415,1250,1.5047,2026-07-03,4.977206,1.009387,commodity_futures,NATURALGAS,7.489417,1.518868,308.0,positional,NATURALGAS
BUY,0.75,0.279,0.2143,0.842857,0.2143,0.069107,,15.05,,903,310.1,ib_break_up,ib_break,2026-07-03T09:33:00+00:00,310.7,hold_to_end,2026-07-03T17:58:00+00:00,2.799813,0.711865,0.226415,506,neutral,0.4571,16.332245,4.152542,3312.5,307.45,1250,1,7.932804,2.016949,8.39944,2.135594,0.333333,trend_up,25,310.0,ib_break_up,312.0,308.8,2.220439,0.564556,594.8,0.179562,1.351377,0.343593,362.0,0.109283,1.0,750.0,0.466636,0.118644,1250,0.1935,2026-07-03,12.365842,3.144068,commodity_futures,NATURALGAS,24.731685,6.288137,315.4,positional,NATURALGAS
SELL,0.75,-1.667,0.7143,1.942857,0.7143,0.045671,,15.75,,945,1564.0,ib_break_down,ib_break,2026-07-03T10:15:00+00:00,1573.8,stop_loss,2026-07-03T14:15:00+00:00,-13.719726,-5.044118,-1.253197,240,weak,0.4227,13.579728,4.992647,11730.0,1571.82,1500,1,13.719726,5.044118,0.0,0.0,,trend_up,28,1575.0,ib_break_down,1579.0,1572.5,-14.598292,-5.367127,-15641.34,-1.333448,-15.916142,-5.85164,-17053.35,-1.453824,0.7,-14700.0,-15.399692,-5.661765,1500,-0.6266,2026-07-03,10.947781,4.025,commodity_futures,NICKEL,21.895562,8.050001,1548.36,positional,NICKEL
BUY,0.75,,211.5714,,211.5714,0.085164,,11.5333,,692,248427.0,ib_break_up,ib_break,2026-02-20T06:02:00+00:00,253350.0,trail_stop,2026-02-20T09:24:00+00:00,23.26874,,3.963337,202,strong,0.0449,16.84065,,6210.675,247184.865,5,1,3.048616,,32.367324,,0.718896,trend_up,11,247300.0,ib_break_up,248300.0,246100.0,22.794407,,24113.22,3.882545,22.082907,,23360.56,3.761356,1.0,24615.0,5.326807,,5,1.9817,2026-02-20,5.870997,,commodity_futures,SILVERM,11.741993,,250911.27,positional,SILVERM
BUY,0.75,0.421,456.5714,1279.071429,456.5714,0.169414,,20.1833,,1211,269500.0,ib_break_up,ib_break,2026-02-23T14:41:00+00:00,267500.0,stop_loss,2026-02-23T14:51:00+00:00,-4.380476,-1.563634,-1.256281,10,strong,0.0431,10.162704,3.627632,7960.0,267908.0,5,1,4.380476,1.563634,0.545369,0.194672,-8.032132,trend_up,45,266700.0,ib_break_up,267700.0,265300.0,-4.615707,-1.647601,-10537.0,-1.323744,-4.968555,-1.773552,-11342.5,-1.424937,1.0,-10000.0,6.132666,2.189088,5,-0.7421,2026-02-23,3.486859,1.244653,commodity_futures,SILVERM,6.973718,2.489306,272684.0,positional,SILVERM
BUY,0.75,30.222,261.0,,261.0,0.087757,,11.7667,,706,297412.0,ib_break_up,ib_break,2026-03-02T06:16:00+00:00,300300.0,trail_stop,2026-03-02T08:42:00+00:00,11.065134,,1.220884,146,strong,0.0348,27.068966,,11827.5,295046.5,5,1,0.16092,,20.51341,,0.53941,trend_up,12,295700.0,ib_break_up,296700.0,293900.0,10.607117,,13842.29,1.170348,9.920092,,12945.72,1.094544,1.0,14440.0,6.559387,,5,0.971,2026-03-02,9.063218,,commodity_futures,SILVERM,18.126437,,302143.0,positional,SILVERM
SELL,0.75,-26.333,897.7857,2966.142857,897.7857,0.309599,,20.5333,,1232,289983.0,ib_break_down,ib_break,2026-03-02T15:02:00+00:00,292490.0,stop_loss,2026-03-02T15:08:00+00:00,-2.792426,-0.845205,-1.120447,6,weak,0.0167,7.869361,2.381881,11187.5,292220.5,5,1,2.826955,0.855657,0.972392,0.294322,-2.871708,trend_down,47,301100.0,ib_break_down,302700.0,294700.0,-2.922184,-0.88448,-13117.47,-1.172512,-3.11682,-0.943392,-13991.18,-1.250608,1.0,-12535.0,-12.382688,-3.747965,5,-0.8645,2026-03-02,2.492243,0.754347,commodity_futures,SILVERM,4.984486,1.508693,285508.0,positional,SILVERM
BUY,0.75,4.263,262.2857,1272.857143,262.2857,0.093799,,15.4,,924,279626.0,ib_break_up,ib_break,2026-03-04T09:54:00+00:00,277327.0,stop_loss,2026-03-04T12:40:00+00:00,-8.765251,-1.806173,-1.054974,166,strong,0.0241,25.636167,5.282604,10896.0,277446.8,5,1,9.257081,1.90752,8.673748,1.787318,-1.010549,trend_up,26,277800.0,ib_break_up,279100.0,276700.0,-9.189943,-1.893685,-12051.95,-1.10609,-9.826981,-2.024953,-12887.38,-1.182763,1.0,-11495.0,6.961874,1.434568,5,-0.8222,2026-03-04,8.308497,1.712054,commodity_futures,SILVERM,16.616994,3.424108,283984.4,positional,SILVERM
SELL,0.75,-23.253,846.7857,1819.642857,846.7857,0.310689,,19.9333,,1196,272551.0,ib_break_down,ib_break,2026-03-04T14:26:00+00:00,274965.0,stop_loss,2026-03-04T14:31:00+00:00,-2.85078,-1.326634,-1.094189,5,neutral,0.0281,7.940616,3.695231,11031.0,274757.2,5,1,3.127119,1.455231,0.0,0.0,,trend_down,44,277800.0,ib_break_down,280400.0,276700.0,-2.980097,-1.386812,-12617.52,-1.143823,-3.174071,-1.47708,-13438.79,-1.218275,1.0,-12070.0,-6.198735,-2.884632,5,-0.8857,2026-03-04,2.605382,1.212436,commodity_futures,SILVERM,5.210763,2.424871,268138.6,positional,SILVERM
SELL,0.75,-0.882,355.5,1750.642857,355.5,0.129832,,11.1167,,667,273815.0,ib_break_down,ib_break,2026-03-05T05:37:00+00:00,267501.0,trail_stop,2026-03-05T06:12:00+00:00,17.7609,3.606675,3.400474,35,neutral,0.084,13.603376,2.762414,9284.0,275671.8,5,1,2.075949,0.421559,25.499297,5.178098,0.696525,trend_down,9,275600.0,ib_break_down,276700.0,274400.0,17.456362,3.544833,31028.68,3.342168,16.999556,3.45207,30216.71,3.254708,1.0,31570.0,-5.021097,-1.019625,5,2.3059,2026-03-05,5.223066,1.060639,commodity_futures,SILVERM,10.446132,2.121278,270101.4,positional,SILVERM
SELL,0.75,-1.0,216.2143,1505.785714,216.2143,0.079515,,11.0167,,661,271916.0,ib_break_down,ib_break,2026-03-06T05:31:00+00:00,273585.0,stop_loss,2026-03-06T08:00:00+00:00,-7.719193,-1.108391,-1.015763,149,neutral,0.1712,16.127518,2.315735,8215.5,273559.1,5,1,8.005946,1.149566,5.147671,0.739149,-1.499551,trend_down,9,273300.0,ib_break_down,274100.0,272700.0,-8.223786,-1.180845,-8890.5,-1.082162,-8.980676,-1.289526,-9708.75,-1.18176,1.0,-8345.0,-6.401057,-0.919121,5,-0.6138,2026-03-06,7.599405,1.091191,commodity_futures,SILVERM,12.561611,1.80371,269200.0,positional,SILVERM
BUY,0.75,7.277,628.0714,1914.571429,628.0714,0.22718,,21.0333,,1262,276464.0,ib_break_up,ib_break,2026-03-06T15:32:00+00:00,274724.0,stop_loss,2026-03-06T15:46:00+00:00,-2.770386,-0.90882,-1.152242,14,strong,0.1331,5.551917,1.821295,7550.5,274953.9,5,1,2.803821,0.919788,0.534971,0.175496,-5.178572,trend_up,49,272800.0,ib_break_up,274000.0,269500.0,-2.945903,-0.966398,-9251.19,-1.225242,-3.20918,-1.052765,-10077.97,-1.334742,1.0,-8700.0,5.833732,1.913744,5,-0.6294,2026-03-06,2.404344,0.78874,commodity_futures,SILVERM,4.808689,1.577481,279484.2,positional,SILVERM
SELL,0.75,-1.493,418.5,1619.071429,418.5,0.156006,,10.0167,,601,268259.0,ib_break_down,ib_break,2026-03-09T04:31:00+00:00,270043.0,stop_loss,2026-03-09T05:35:00+00:00,-4.262843,-1.101866,-1.207118,64,weak,0.1571,7.725209,1.996824,7389.5,269736.9,5,1,4.399044,1.137072,4.081243,1.054926,-1.044496,trend_down,5,270600.0,ib_break_down,271800.0,269600.0,-4.520097,-1.168361,-9458.3,-1.279965,-4.905976,-1.268104,-10265.76,-1.389235,1.0,-8920.0,-5.593787,-1.445891,5,-0.665,2026-03-09,3.531422,0.912807,commodity_futures,SILVERM,7.062843,1.825614,265303.2,positional,SILVERM
BUY,0.75,1.814,452.7857,1907.785714,452.7857,0.166283,,11.7,,702,272298.0,ib_break_up,ib_break,2026-03-09T06:12:00+00:00,270758.0,stop_loss,2026-03-09T06:38:00+00:00,-3.401167,-0.807219,-1.131114,26,strong,0.0922,7.140243,1.694635,6807.45,270936.51,5,1,3.573434,0.848104,0.0,0.0,,trend_up,11,271300.0,ib_break_up,271900.0,268400.0,-3.641041,-0.864149,-8243.06,-1.210887,-4.000851,-0.949545,-9057.64,-1.330548,1.0,-7700.0,2.204133,0.52312,5,-0.5656,2026-03-09,3.006919,0.713649,commodity_futures,SILVERM,6.013838,1.427299,275020.98,positional,SILVERM
BUY,0.75,1.041,220.7143,952.428571,220.7143,0.080231,,12.0167,,721,275097.0,ib_break_up,ib_break,2026-03-12T06:31:00+00:00,276650.0,trail_stop,2026-03-12T07:00:00+00:00,7.036245,1.630568,1.082305,29,neutral,0.1292,15.146277,3.509975,7174.5,273662.1,5,1,0.0,0.0,14.801941,3.430178,0.47536,trend_up,13,272300.0,ib_break_up,273700.0,271300.0,6.536281,1.514707,7213.25,1.005401,5.786333,1.340916,6385.63,0.890046,1.0,7765.0,12.672491,2.936703,5,0.5645,2026-03-12,6.501165,1.50657,commodity_futures,SILVERM,13.002329,3.013139,277966.8,positional,SILVERM
SELL,0.75,-1.815,426.0,1010.0,426.0,0.157404,,11.4,,684,270642.0,ib_break_down,ib_break,2026-03-13T05:54:00+00:00,268312.0,trail_stop,2026-03-13T07:34:00+00:00,5.469484,2.306931,1.410497,100,neutral,0.1636,8.36385,3.527723,8259.5,272293.9,5,1,2.887324,1.217822,10.309859,4.348515,0.53051,trend_down,10,272900.0,ib_break_down,273900.0,272100.0,5.216454,2.200207,11111.05,1.345244,4.836908,2.040122,10302.61,1.247365,1.0,11650.0,-5.300469,-2.235644,5,0.8609,2026-03-13,3.8777,1.635545,commodity_futures,SILVERM,7.755399,3.271089,267338.2,positional,SILVERM
SELL,0.75,-0.386,221.4286,1341.428571,221.4286,0.082011,,16.2167,,973,270000.0,ib_break_down,ib_break,2026-03-13T10:43:00+00:00,272391.0,stop_loss,2026-03-13T12:02:00+00:00,-10.798063,-1.782428,-1.04233,79,neutral,0.3438,16.090966,2.656124,11469.5,272293.9,5,1,11.290321,1.863685,0.0,0.0,,trend_down,29,269200.0,ib_break_down,271600.0,266400.0,-11.287965,-1.863296,-12497.39,-1.08962,-12.022817,-1.984597,-13310.98,-1.160554,1.0,-11955.0,3.612903,0.596379,5,-0.8856,2026-03-13,10.359547,1.710043,commodity_futures,SILVERM,20.719094,3.420085,265412.2,positional,SILVERM
SELL,0.75,-1.142,194.5714,1437.928571,194.5714,0.074835,,10.4667,,628,260000.0,ib_break_down,ib_break,2026-03-16T04:58:00+00:00,261584.0,stop_loss,2026-03-16T06:15:00+00:00,-8.14097,-1.101585,-1.218462,77,weak,0.082,13.162263,1.781034,6500.0,261300.0,5,1,8.634363,1.168347,10.279003,1.39089,-0.792,trend_down,6,261500.0,ib_break_down,262200.0,260700.0,-8.677107,-1.174131,-8441.58,-1.298705,-9.481311,-1.282951,-9223.96,-1.419071,1.0,-7920.0,-7.709252,-1.043167,5,-0.6092,2026-03-16,6.681352,0.904078,commodity_futures,SILVERM,13.362704,1.808157,257400.0,positional,SILVERM
BUY,0.75,0.465,569.5714,1600.357143,569.5714,0.216419,,19.0333,,1142,263180.0,ib_break_up,ib_break,2026-03-16T13:32:00+00:00,261471.0,stop_loss,2026-03-16T14:30:00+00:00,-3.000502,-1.067887,-1.298731,58,neutral,0.1597,4.496363,1.600268,6579.5,261864.1,5,1,3.121646,1.111002,4.0153,1.429056,-0.747267,trend_up,41,257400.0,ib_break_up,261200.0,256200.0,-3.184728,-1.133453,-9069.65,-1.378471,-3.461068,-1.231803,-9856.63,-1.498082,1.0,-8545.0,10.147981,3.611694,5,-0.6494,2026-03-16,2.310334,0.822254,commodity_futures,SILVERM,4.620667,1.644508,265811.8,positional,SILVERM
BUY,0.75,0.426,286.2857,1425.857143,286.2857,0.106704,,10.35,,621,268300.0,ib_break_up,ib_break,2026-03-17T04:51:00+00:00,266559.0,stop_loss,2026-03-17T05:35:00+00:00,-6.081338,-1.22102,-1.125186,44,strong,0.0946,13.696108,2.749925,7736.5,266752.7,5,1,6.147705,1.234345,0.349301,0.070133,-17.410022,trend_up,6,265500.0,ib_break_up,267400.0,264000.0,-6.454992,-1.296043,-9239.86,-1.19432,-7.015473,-1.408577,-10042.15,-1.298022,1.0,-8705.0,9.78044,1.963731,5,-0.6489,2026-03-17,5.404741,1.085172,commodity_futures,SILVERM,10.809482,2.170344,271394.6,positional,SILVERM
SELL,0.75,-2.0,516.9286,1317.357143,516.9286,0.196457,,11.5333,,692,263126.0,ib_break_down,ib_break,2026-03-17T06:02:00+00:00,265259.0,stop_loss,2026-03-17T06:33:00+00:00,-4.126295,-1.619151,-1.036292,31,weak,0.2249,7.585187,2.976414,10291.5,265184.3,5,1,4.654415,1.826384,0.0,0.0,,trend_up,11,267700.0,ib_break_down,268800.0,265300.0,-4.330728,-1.69937,-11193.39,-1.087634,-4.637376,-1.819698,-11985.96,-1.164647,1.0,-10665.0,-8.848417,-3.472103,5,-0.8106,2026-03-17,3.981788,1.562446,commodity_futures,SILVERM,7.963576,3.124893,259009.4,positional,SILVERM
SELL,0.75,-0.292,125.9286,1056.428571,125.9286,0.04924,,10.5667,,634,255744.0,ib_break_down,ib_break,2026-03-18T05:04:00+00:00,257664.0,stop_loss,2026-03-18T05:07:00+00:00,-15.246735,-1.817444,-1.501502,3,weak,0.126,19.415764,2.314402,6393.6,257022.72,5,1,16.739645,1.995402,0.0,0.0,,trend_down,7,256600.0,ib_break_down,257000.0,255500.0,-16.06213,-1.914641,-10113.41,-1.581802,-17.285224,-2.060437,-10883.52,-1.702252,1.0,-9600.0,-6.797503,-0.810277,5,-0.7508,2026-03-18,10.154326,1.210418,commodity_futures,SILVERM,20.308651,2.420836,253186.56,positional,SILVERM
SELL,0.75,-4.68,414.4286,1139.071429,414.4286,0.16731,,11.15,,669,247701.0,ib_break_down,ib_break,2026-03-19T05:39:00+00:00,241780.0,trail_stop,2026-03-19T06:56:00+00:00,14.287141,5.198094,3.705488,77,weak,0.1472,8.621509,3.136766,7989.5,249298.9,5,1,1.445364,0.525867,19.60772,7.133881,0.728649,trend_down,9,249900.0,ib_break_down,250700.0,249000.0,14.050922,5.11215,29115.52,3.644223,13.696592,4.983234,28381.3,3.552325,1.0,29605.0,-5.306101,-1.93052,5,2.3904,2026-03-19,3.85567,1.402809,commodity_futures,SILVERM,7.71134,2.805619,244505.2,positional,SILVERM
SELL,0.75,-0.494,425.8571,2130.142857,425.8571,0.178706,,11.8667,,712,238301.0,ib_break_down,ib_break,2026-03-20T06:22:00+00:00,240842.0,stop_loss,2026-03-20T08:15:00+00:00,-5.96679,-1.192878,-1.036212,113,neutral,0.0126,18.419324,3.682382,12261.0,240753.2,5,1,5.96679,1.192878,9.34351,1.86795,-0.638603,trend_up,12,242300.0,ib_break_down,245000.0,239500.0,-6.191816,-1.237865,-13184.14,-1.075291,-6.529353,-1.305345,-13902.86,-1.133909,1.0,-12705.0,-9.390474,-1.877339,5,-1.0663,2026-03-20,5.75827,1.15119,commodity_futures,SILVERM,11.038914,2.206894,233600.0,positional,SILVERM
SELL,0.75,-1.194,393.5714,2165.928571,393.5714,0.179041,,10.5667,,634,219822.0,ib_break_down,ib_break,2026-03-24T05:04:00+00:00,222295.0,stop_loss,2026-03-24T05:41:00+00:00,-6.283485,-1.141774,-1.40992,37,neutral,0.0602,12.373867,2.248458,8770.0,221576.0,5,1,6.550273,1.190252,4.629401,0.84121,-1.3573,trend_down,7,221700.0,ib_break_down,222700.0,220400.0,-6.508154,-1.182598,-12807.12,-1.460333,-6.845158,-1.243835,-13470.29,-1.535951,1.0,-12365.0,-4.771688,-0.867065,5,-1.125,2026-03-24,4.456625,0.809814,commodity_futures,SILVERM,8.913249,1.619629,216314.0,positional,SILVERM
BUY,0.75,0.816,215.7143,1238.642857,215.7143,0.093897,,10.4167,,625,229736.0,ib_break_up,ib_break,2026-03-27T04:55:00+00:00,228417.0,stop_loss,2026-03-27T08:28:00+00:00,-6.114569,-1.064875,-1.012979,213,strong,0.1191,14.40331,2.508391,6510.5,228433.9,5,1,6.378808,1.110893,9.169536,1.596909,-0.666835,trend_up,6,228400.0,ib_break_up,229100.0,227700.0,-6.539347,-1.138852,-7053.15,-1.08335,-7.176513,-1.249817,-7740.38,-1.188908,1.0,-6595.0,6.193377,1.0786,5,-0.5741,2026-03-27,6.036225,1.051231,commodity_futures,SILVERM,12.07245,2.102462,232340.2,positional,SILVERM
SELL,0.75,-0.801,292.7857,1065.142857,292.7857,0.129441,,17.4833,,1049,226193.0,ib_break_down,ib_break,2026-03-27T11:59:00+00:00,227714.0,stop_loss,2026-03-27T13:46:00+00:00,-5.194926,-1.427977,-1.344869,107,neutral,0.0212,10.611857,2.91698,5654.825,227323.965,5,1,5.488656,1.508718,3.989266,1.096567,-1.302226,trend_up,34,228300.0,ib_break_down,230800.0,227400.0,-5.504987,-1.513207,-8058.91,-1.425138,-5.970078,-1.641051,-8739.77,-1.545542,1.0,-7605.0,-7.19639,-1.978138,5,-0.6724,2026-03-27,3.862774,1.061797,commodity_futures,SILVERM,5.099293,1.40169,224700.0,positional,SILVERM
BUY,0.75,0.273,283.5714,1425.857143,283.5714,0.120958,,12.0833,,725,234437.0,ib_break_up,ib_break,2026-03-30T06:35:00+00:00,232556.0,stop_loss,2026-03-30T07:03:00+00:00,-6.63325,-1.319206,-1.013197,28,strong,0.1224,15.498742,3.082356,9282.5,232580.5,5,1,6.947104,1.381625,0.81461,0.162008,-8.142854,trend_up,13,233700.0,ib_break_up,234200.0,230900.0,-6.962615,-1.38471,-9871.99,-1.063506,-7.456663,-1.482965,-10572.48,-1.138969,1.0,-9405.0,2.598993,0.516882,5,-0.8023,2026-03-30,6.546852,1.302024,commodity_futures,SILVERM,13.093704,2.604048,238150.0,positional,SILVERM
BUY,0.75,1.202,362.3571,1586.571429,362.3571,0.149752,,19.9833,,1199,241971.0,ib_break_up,ib_break,2026-03-31T14:29:00+00:00,240600.0,stop_loss,2026-03-31T14:49:00+00:00,-3.78356,-0.864127,-1.074115,20,strong,0.0317,10.619359,2.425356,6382.0,240694.6,5,1,4.031934,0.920854,1.730337,0.395192,-2.186603,trend_up,12,239500.0,ib_break_up,240500.0,238600.0,-4.049912,-0.924959,-7337.57,-1.149729,-4.449438,-1.016207,-8061.43,-1.263151,1.0,-6855.0,6.81924,1.557446,5,-0.5666,2026-03-31,3.522492,0.804502,commodity_futures,SILVERM,7.044984,1.609004,244523.8,positional,SILVERM
BUY,0.75,0.445,296.9286,1077.714286,296.9286,0.120885,,11.25,,675,245630.0,ib_break_up,ib_break,2026-04-01T05:45:00+00:00,243997.0,stop_loss,2026-04-01T05:57:00+00:00,-5.499639,-1.515244,-1.166512,12,strong,0.0088,15.266296,4.206124,6999.5,244230.1,5,1,5.822949,1.604321,0.0,0.0,,trend_up,10,243200.0,ib_break_up,244600.0,242000.0,-5.829433,-1.606108,-8654.63,-1.236464,-6.324125,-1.742404,-9389.07,-1.341391,1.0,-8165.0,8.183786,2.254772,5,-0.6648,2026-04-01,4.714601,1.298953,commodity_futures,SILVERM,9.429203,2.597906,248429.8,positional,SILVERM
BUY,0.75,0.275,133.7143,1070.857143,133.7143,0.056796,,10.4,,624,235431.0,ib_break_up,ib_break,2026-04-06T04:54:00+00:00,234250.0,stop_loss,2026-04-06T06:01:00+00:00,-8.832264,-1.102855,-1.003266,67,strong,0.0671,20.498929,2.559632,5885.775,234253.845,5,1,8.832264,1.102855,8.607905,1.07484,-1.026064,trend_up,6,234400.0,ib_break_up,235200.0,233800.0,-9.534778,-1.190575,-6374.68,-1.083066,-10.58855,-1.322156,-7079.2,-1.202765,1.0,-5905.0,7.710469,0.96278,5,-0.5016,2026-04-06,8.803509,1.099264,commodity_futures,SILVERM,17.607017,2.198529,237785.31,positional,SILVERM
BUY,0.75,0.379,195.4286,851.285714,195.4286,0.082421,,10.2833,,617,237109.0,ib_break_up,ib_break,2026-04-07T04:47:00+00:00,235770.0,stop_loss,2026-04-07T05:26:00+00:00,-6.851607,-1.572915,-1.129438,39,neutral,0.1169,13.785086,3.164625,5927.725,235923.455,5,1,6.851607,1.572915,5.582602,1.281591,-1.227314,trend_up,6,235700.0,ib_break_up,236900.0,235500.0,-7.335548,-1.684013,-7167.88,-1.209212,-8.061458,-1.850659,-7877.2,-1.328874,1.0,-6695.0,7.209794,1.655143,5,-0.5647,2026-04-07,6.066384,1.392652,commodity_futures,SILVERM,12.132769,2.785305,239480.09,positional,SILVERM
SELL,0.75,-1.073,230.0,1020.071429,230.0,0.098543,,18.3167,,1099,233400.0,ib_break_down,ib_break,2026-04-07T12:49:00+00:00,229947.0,trail_stop,2026-04-07T14:23:00+00:00,15.013043,3.385057,2.289484,94,weak,0.2598,11.713043,2.640992,7541.0,234908.2,5,1,5.073913,1.144038,25.408696,5.729011,0.590862,trend_down,38,235500.0,ib_break_down,236200.0,234300.0,14.610133,3.294211,16801.65,2.22804,14.005767,3.157942,16106.63,2.135875,1.0,17265.0,-9.130435,-2.058679,5,1.4794,2026-04-07,6.557391,1.478524,commodity_futures,SILVERM,13.114783,2.957048,230383.6,positional,SILVERM
BUY,0.75,0.495,124.1429,512.642857,124.1429,0.051549,,17.2667,,1036,240827.0,ib_break_up,ib_break,2026-04-09T11:46:00+00:00,244925.0,trail_stop,2026-04-10T03:51:00+00:00,33.010345,7.993869,3.25807,420,neutral,0.2625,18.011501,4.361711,6289.0,239569.2,5,1,9.054082,2.19256,43.280768,10.480981,0.762702,trend_down,34,239500.0,ib_break_up,239900.0,239000.0,32.227776,7.80436,20004.25,3.180831,31.053923,7.520097,19275.62,3.064974,1.0,20490.0,10.689294,2.588547,5,1.7016,2026-04-10,10.131872,2.45356,commodity_futures,SILVERM,20.263744,4.90712,243342.6,positional,SILVERM
BUY,0.75,0.266,150.4286,600.071429,150.4286,0.061212,,11.1667,,670,245750.0,ib_break_up,ib_break,2026-04-10T05:40:00+00:00,244486.0,stop_loss,2026-04-10T06:13:00+00:00,-8.402657,-2.106416,-1.028688,33,neutral,0.1199,10.649571,2.669682,6143.75,244521.25,5,1,8.934471,2.239733,0.066477,0.016665,-126.399461,trend_up,9,244900.0,ib_break_up,245500.0,244700.0,-9.054443,-2.269808,-6810.24,-1.108482,-10.032122,-2.514897,-7545.59,-1.228173,1.0,-6320.0,5.650521,1.416498,5,-0.5143,2026-04-10,8.168327,2.047673,commodity_futures,SILVERM,16.336654,4.095346,248207.5,positional,SILVERM
SELL,0.75,-0.537,181.2857,564.071429,181.2857,0.074393,,12.1333,,728,243685.0,ib_break_down,ib_break,2026-04-10T06:38:00+00:00,244182.0,value_migration_reversal,2026-04-10T10:34:00+00:00,-2.741529,-0.881094,-0.407904,236,neutral,0.1692,8.83688,2.840066,6092.125,244903.425,5,1,3.944051,1.26757,8.743105,2.809928,-0.313565,trend_down,13,244900.0,ib_break_down,245600.0,244500.0,-3.279759,-1.054075,-2972.87,-0.487985,-4.087104,-1.313546,-3704.67,-0.608108,1.0,-2485.0,-6.702128,-2.153983,5,-0.204,2026-04-10,6.721021,2.160054,commodity_futures,SILVERM,13.442042,4.320109,241248.15,positional,SILVERM
BUY,0.75,1.963,217.0,1081.714286,217.0,0.08696,,18.7667,,1126,249541.0,ib_break_up,ib_break,2026-04-14T13:16:00+00:00,252800.0,trail_stop,2026-04-15T05:43:00+00:00,15.018433,3.01281,1.599038,417,strong,0.1071,23.073733,4.628764,10190.5,247502.9,5,1,1.9447,0.390122,29.036866,5.825013,0.517219,trend_up,8,248200.0,ib_break_up,249500.0,247200.0,14.555446,2.919932,15792.66,1.549743,13.860965,2.780614,15039.15,1.475801,1.0,16295.0,6.179724,1.239699,5,1.306,2026-04-15,9.392166,1.884139,commodity_futures,SILVERM,18.784332,3.768278,253617.2,positional,SILVERM
SELL,0.75,-0.253,166.8571,937.785714,166.8571,0.065751,,11.75,,705,253773.0,ib_break_down,ib_break,2026-04-15T06:15:00+00:00,251663.0,trail_stop,2026-04-15T10:09:00+00:00,12.645551,2.249981,1.662903,234,neutral,0.2576,11.075345,1.970599,6344.325,255041.865,5,1,1.066781,0.189809,23.391273,4.161932,0.54061,trend_up,12,254700.0,ib_break_down,255300.0,253700.0,12.03972,2.142187,10044.56,1.583236,11.130974,1.980497,9286.41,1.463735,1.0,10550.0,-5.555652,-0.988499,5,0.8315,2026-04-15,7.604501,1.353044,commodity_futures,SILVERM,15.209002,2.706087,251235.27,positional,SILVERM
SELL,0.75,-1.22,424.7143,1064.928571,424.7143,0.167639,,21.1667,,1270,253350.0,ib_break_down,ib_break,2026-04-15T15:40:00+00:00,255350.0,stop_loss,2026-04-16T03:45:00+00:00,-4.709048,-1.87806,-1.376084,155,neutral,0.4865,4.35116,1.735328,7267.0,254803.4,5,1,4.732593,1.887451,2.47225,0.985982,-1.904762,trend_down,49,253000.0,ib_break_down,254600.0,251200.0,-4.948597,-1.973597,-10508.7,-1.446085,-5.307921,-2.116903,-11271.75,-1.551087,1.0,-10000.0,0.824083,0.328661,5,-0.7894,2026-04-16,3.422065,1.364786,commodity_futures,SILVERM,6.84413,2.729573,250443.2,positional,SILVERM
BUY,0.75,0.514,112.2857,732.5,112.2857,0.044595,,10.1333,,608,251792.0,ib_break_up,ib_break,2026-04-17T04:38:00+00:00,251299.0,value_migration_reversal,2026-04-17T05:30:00+00:00,-4.390586,-0.673038,-0.391593,52,neutral,0.1293,7.988551,1.224573,6294.8,250533.04,5,1,4.390586,0.673038,0.409669,0.062799,-10.717399,trend_up,5,251300.0,ib_break_up,251600.0,251100.0,-5.286677,-0.8104,-2968.09,-0.471515,-6.630813,-1.016444,-3722.73,-0.591397,1.0,-2465.0,4.38168,0.671672,5,-0.1958,2026-04-17,11.212113,1.718717,commodity_futures,SILVERM,13.430027,2.058703,253300.0,positional,SILVERM
SELL,0.75,-0.336,147.6429,591.571429,147.6429,0.058949,,11.6667,,700,250457.0,ib_break_down,ib_break,2026-04-17T06:10:00+00:00,251750.0,stop_loss,2026-04-17T08:40:00+00:00,-8.757617,-2.185704,-1.032513,150,weak,0.359,6.07547,1.5163,6261.425,251709.285,5,1,8.757617,2.185704,6.813738,1.700555,-1.285288,trend_down,11,251400.0,ib_break_down,251700.0,251100.0,-9.437917,-2.355491,-6967.21,-1.112719,-10.458366,-2.610173,-7720.52,-1.233029,1.0,-6465.0,-6.387032,-1.594059,5,-0.5163,2026-04-17,8.48185,2.116879,commodity_futures,SILVERM,16.963701,4.233758,247952.43,positional,SILVERM
SELL,0.75,-0.55,167.4286,1187.571429,167.4286,0.066144,,10.05,,603,253126.0,ib_break_down,ib_break,2026-04-20T04:33:00+00:00,254600.0,stop_loss,2026-04-20T07:03:00+00:00,-8.803753,-1.241188,-1.164637,150,weak,0.0233,12.315698,1.736317,6328.15,254391.63,5,1,9.120306,1.285817,2.30546,0.325033,-3.818654,trend_down,5,253600.0,ib_break_down,254300.0,253200.0,-9.410251,-1.326695,-7877.73,-1.24487,-10.319999,-1.454955,-8639.32,-1.36522,1.0,-7370.0,-2.831058,-0.399134,5,-0.5823,2026-04-20,7.559222,1.06573,commodity_futures,SILVERM,15.118445,2.131459,250594.74,positional,SILVERM
BUY,0.75,0.937,246.0714,664.357143,246.0714,0.09635,,18.7167,,1123,255393.0,ib_break_up,ib_break,2026-04-20T13:13:00+00:00,253829.0,stop_loss,2026-04-20T14:52:00+00:00,-6.355879,-2.354155,-1.224779,99,strong,0.0761,8.379682,3.103752,6384.825,254116.035,5,1,7.180843,2.659714,2.893469,1.071713,-2.196629,trend_down,39,253400.0,ib_break_up,254200.0,253100.0,-6.76976,-2.507453,-8329.22,-1.304534,-7.390583,-2.7374,-9093.06,-1.424167,1.0,-7820.0,8.099275,2.999892,5,-0.6124,2026-04-20,5.189408,1.922106,commodity_futures,SILVERM,10.378817,3.844212,257946.93,positional,SILVERM
BUY,0.75,0.258,111.6429,608.857143,111.6429,0.044046,,11.1333,,668,253468.0,ib_break_up,ib_break,2026-04-21T05:38:00+00:00,252122.0,stop_loss,2026-04-21T13:06:00+00:00,-12.056297,-2.210699,-1.062067,448,neutral,0.3368,13.937295,2.555608,6336.7,252200.66,5,1,14.188094,2.601595,3.287267,0.602769,-3.667575,trend_up,9,252700.0,ib_break_up,253000.0,252300.0,-12.962024,-2.376778,-7235.59,-1.141855,-14.320615,-2.625895,-7993.98,-1.261536,1.0,-6730.0,6.879076,1.26138,5,-0.531,2026-04-21,11.351729,2.081506,commodity_futures,SILVERM,22.703459,4.163013,256002.68,positional,SILVERM
SELL,0.75,-0.405,371.6429,522.214286,371.6429,0.148146,,18.9667,,1138,250862.0,ib_break_down,ib_break,2026-04-21T13:28:00+00:00,252151.0,stop_loss,2026-04-21T13:40:00+00:00,-3.468383,-2.468335,-1.027657,12,weak,0.338,4.186815,2.97962,6271.55,252116.31,5,1,3.60023,2.562167,0.368633,0.262344,-9.40877,trend_down,40,252800.0,ib_break_down,253400.0,252500.0,-3.73908,-2.660982,-6948.01,-1.107862,-4.145126,-2.949951,-7702.53,-1.22817,1.0,-6445.0,-5.214683,-3.71112,5,-0.5138,2026-04-21,3.375041,2.401907,commodity_futures,SILVERM,6.750082,4.803813,248353.38,positional,SILVERM
BUY,0.75,1.509,184.3571,1116.642857,184.3571,0.073244,,10.8,,648,251703.0,ib_break_up,ib_break,2026-04-22T05:18:00+00:00,250300.0,stop_loss,2026-04-22T10:02:00+00:00,-7.61023,-1.256445,-1.114806,284,neutral,0.4873,7.870595,1.299431,6292.575,250444.485,5,1,7.61023,1.256445,3.509493,0.579415,-2.16847,trend_up,8,250500.0,ib_break_up,250900.0,250100.0,-8.154829,-1.346358,-7517.0,-1.194583,-8.971727,-1.481227,-8270.01,-1.314249,1.0,-7015.0,6.525379,1.077336,5,-0.5574,2026-04-22,6.826507,1.127052,commodity_futures,SILVERM,9.204961,1.519734,253400.0,positional,SILVERM
SELL,0.75,-1.342,211.5714,720.642857,211.5714,0.084861,,18.3167,,1099,249314.0,ib_break_down,ib_break,2026-04-22T12:49:00+00:00,250580.0,stop_loss,2026-04-22T13:44:00+00:00,-5.983796,-1.756765,-1.015587,55,weak,0.1592,6.858205,2.01348,6232.85,250560.57,5,1,6.725862,1.974626,2.78393,0.817326,-2.149406,trend_down,38,250500.0,ib_break_down,251800.0,250200.0,-6.456349,-1.8955,-6829.89,-1.09579,-7.165179,-2.103604,-7579.73,-1.216095,1.0,-6330.0,-5.605673,-1.645753,5,-0.5078,2026-04-22,5.891959,1.729803,commodity_futures,SILVERM,11.783918,3.459606,246820.86,positional,SILVERM
SELL,0.75,-0.55,204.2143,574.214286,204.2143,0.083797,,15.7,,942,243700.0,ib_break_down,ib_break,2026-04-23T10:12:00+00:00,245010.0,stop_loss,2026-04-23T11:54:00+00:00,-6.41483,-2.281378,-1.075092,102,weak,0.1422,13.289961,4.726459,6092.5,244918.5,5,1,6.41483,2.281378,9.56838,3.402911,-0.67042,trend_down,27,246100.0,ib_break_down,246700.0,245200.0,-6.893455,-2.451597,-7038.71,-1.155307,-7.611392,-2.706925,-7771.77,-1.27563,1.0,-6550.0,-11.75236,-4.179624,5,-0.5375,2026-04-23,5.966771,2.12203,commodity_futures,SILVERM,11.933542,4.24406,241263.0,positional,SILVERM
BUY,0.75,3.769,385.5714,1536.285714,385.5714,0.15222,,19.2,,1152,253299.0,ib_break_up,ib_break,2026-05-01T13:42:00+00:00,251417.0,stop_loss,2026-05-04T06:46:00+00:00,-4.881067,-1.225033,-1.012209,454,strong,0.0227,14.941461,3.749954,9296.5,251439.7,5,1,4.925158,1.236098,9.858096,2.474149,-0.495133,trend_up,9,250900.0,ib_break_up,253300.0,249900.0,-5.142869,-1.290739,-9914.72,-1.0665,-5.535571,-1.389298,-10671.79,-1.147936,1.0,-9410.0,6.221935,1.561558,5,-0.743,2026-05-04,4.822194,1.210257,commodity_futures,SILVERM,9.644388,2.420513,257017.6,positional,SILVERM
SELL,0.75,-0.296,147.1429,669.428571,147.1429,0.058506,,12.8167,,769,251499.0,ib_break_down,ib_break,2026-05-04T07:19:00+00:00,247098.0,trail_stop,2026-05-04T10:26:00+00:00,29.9097,6.574264,2.456875,187,weak,0.4338,16.589316,3.646394,8956.5,253290.3,5,1,1.739805,0.382416,44.113579,9.696329,0.678016,trend_down,16,252800.0,ib_break_down,253400.0,251500.0,29.231996,6.425302,21506.4,2.401206,28.215439,6.201859,20758.51,2.317703,1.0,22005.0,-8.841745,-1.943449,5,1.7499,2026-05-04,12.17388,2.675864,commodity_futures,SILVERM,24.34776,5.351729,247916.4,positional,SILVERM
BUY,0.75,0.269,150.2857,725.857143,150.2857,0.060608,,10.6833,,641,247962.0,ib_break_up,ib_break,2026-05-05T05:11:00+00:00,249263.0,trail_stop,2026-05-05T13:36:00+00:00,8.656845,1.792364,1.049354,505,neutral,0.1291,9.022815,1.868136,6199.05,246722.19,5,1,6.434411,1.332218,18.884032,3.90986,0.458421,trend_up,7,247100.0,ib_break_up,247600.0,246800.0,7.995139,1.65536,6007.77,0.969144,7.002579,1.449855,5261.94,0.84883,1.0,6505.0,5.735742,1.187562,5,0.5247,2026-05-05,8.249687,1.708063,commodity_futures,SILVERM,16.499374,3.416127,250441.62,positional,SILVERM
BUY,0.75,0.969,193.3571,530.928571,193.3571,0.075789,,13.4667,,808,255125.0,ib_break_up,ib_break,2026-05-06T07:58:00+00:00,256700.0,trail_stop,2026-05-06T11:43:00+00:00,8.14555,2.966501,1.170134,225,strong,0.039,20.531959,7.477465,6730.0,253779.0,5,1,4.670116,1.700794,15.903217,5.79174,0.512195,trend_up,18,254100.0,ib_break_up,254800.0,253700.0,7.616141,2.773697,7363.18,1.094082,6.822028,2.484491,6595.44,0.980006,1.0,7875.0,5.301072,1.93058,5,0.6173,2026-05-06,6.961213,2.535181,commodity_futures,SILVERM,13.922426,5.070362,257817.0,positional,SILVERM
BUY,0.75,0.76,434.6429,960.785714,434.6429,0.170215,,17.8667,,1072,255349.0,ib_break_up,ib_break,2026-05-06T12:22:00+00:00,260920.0,trail_stop,2026-05-07T08:50:00+00:00,12.817419,5.798379,3.548408,658,strong,0.0955,9.133935,4.132035,7850.0,253779.0,5,1,0.299096,0.135306,16.581428,7.501152,0.772999,trend_up,36,254100.0,ib_break_up,256500.0,253500.0,12.579859,5.690911,27338.73,3.482641,12.223518,5.529709,26564.33,3.383991,1.0,27855.0,2.873623,1.299978,5,2.1817,2026-05-07,3.612161,1.634079,commodity_futures,SILVERM,7.224321,3.268159,258489.0,positional,SILVERM
BUY,0.75,0.611,216.5,1266.142857,216.5,0.081809,,11.45,,687,264640.0,ib_break_up,ib_break,2026-05-08T05:57:00+00:00,263248.0,stop_loss,2026-05-08T07:16:00+00:00,-6.429561,-1.099402,-1.051995,79,strong,0.0615,10.512702,1.797585,6616.0,263316.8,5,1,6.429561,1.099402,3.048499,0.521268,-2.109091,trend_up,10,262700.0,ib_break_up,263900.0,262100.0,-6.917218,-1.182787,-7487.89,-1.131785,-7.648702,-1.307865,-8279.72,-1.251469,1.0,-6960.0,8.960739,1.532213,5,-0.526,2026-05-08,6.111778,1.045064,commodity_futures,SILVERM,12.223557,2.090127,267286.4,positional,SILVERM
SELL,0.75,-0.915,265.5714,824.642857,265.5714,0.100699,,11.3667,,682,263728.0,ib_break_down,ib_break,2026-05-11T05:52:00+00:00,265200.0,stop_loss,2026-05-11T06:48:00+00:00,-5.542766,-1.785015,-1.116302,56,neutral,0.0669,11.19473,3.605197,6593.2,265046.64,5,1,5.542766,1.785015,2.05971,0.663317,-2.691042,trend_down,10,264700.0,ib_break_down,265200.0,264000.0,-5.941098,-1.913296,-7888.93,-1.196525,-6.538596,-2.105716,-8682.32,-1.31686,1.0,-7360.0,-3.660033,-1.178692,5,-0.5582,2026-05-11,4.965294,1.599044,commodity_futures,SILVERM,9.930587,3.198087,261090.72,positional,SILVERM
BUY,0.75,4.209,237.5714,502.785714,237.5714,0.088904,,17.1833,,1031,267223.0,ib_break_up,ib_break,2026-05-11T11:41:00+00:00,271657.0,trail_stop,2026-05-11T12:40:00+00:00,18.663863,8.818866,3.318577,59,strong,0.1086,12.514133,5.913056,6680.575,265886.885,5,1,4.44077,2.098309,25.790141,12.186106,0.723682,trend_up,33,264800.0,ib_break_up,265300.0,264200.0,18.210205,8.604509,21631.12,3.237913,17.529719,8.282972,20822.8,3.116917,1.0,22170.0,10.199039,4.81915,5,1.6593,2026-05-11,5.624057,2.657424,commodity_futures,SILVERM,11.248113,5.314849,269895.23,positional,SILVERM
SELL,0.75,-1.082,445.2857,1265.571429,445.2857,0.158999,,11.5667,,694,280055.0,ib_break_down,ib_break,2026-05-12T06:04:00+00:00,277932.0,trail_stop,2026-05-12T07:11:00+00:00,4.767726,1.677503,1.511032,67,weak,0.0345,9.432147,3.318659,7025.0,281460.0,5,1,1.223933,0.430636,10.063202,3.540693,0.473778,trend_down,11,282800.0,ib_break_down,283600.0,281500.0,4.517106,1.589324,10057.01,1.431603,4.141176,1.457054,9220.03,1.31246,1.0,10615.0,-6.164582,-2.168981,5,0.7581,2026-05-12,3.155278,1.11017,commodity_futures,SILVERM,6.310555,2.220341,277245.0,positional,SILVERM
SELL,0.75,-2.844,465.2857,1787.0,465.2857,0.165413,,10.8167,,649,281287.0,ib_break_down,ib_break,2026-05-15T05:19:00+00:00,277149.0,trail_stop,2026-05-15T06:13:00+00:00,8.893461,2.315613,2.414517,54,weak,0.1084,9.018115,2.348069,8569.0,283000.8,5,1,1.70218,0.443201,13.432607,3.497482,0.66208,trend_down,8,284800.0,ib_break_down,285800.0,282900.0,8.65342,2.253113,20131.56,2.349348,8.29336,2.159363,19293.91,2.251594,1.0,20690.0,-7.5502,-1.965865,5,1.4711,2026-05-15,3.683328,0.959037,commodity_futures,SILVERM,7.366657,1.918075,277859.4,positional,SILVERM
SELL,0.75,-1.297,295.3571,1201.285714,295.3571,0.106736,,10.05,,603,276718.0,ib_break_down,ib_break,2026-05-19T04:33:00+00:00,278278.0,stop_loss,2026-05-19T05:00:00+00:00,-5.281742,-1.298609,-1.127502,27,neutral,0.16,9.287063,2.283387,6917.95,278101.59,5,1,5.281742,1.298609,0.23023,0.056606,-22.941154,trend_down,5,278000.0,ib_break_down,279600.0,277800.0,-5.657556,-1.391009,-8355.0,-1.207727,-6.221276,-1.529609,-9187.49,-1.328065,1.0,-7800.0,-4.340508,-1.06719,5,-0.5638,2026-05-19,4.684465,1.151758,commodity_futures,SILVERM,9.36893,2.303515,273950.82,positional,SILVERM
SELL,0.75,-0.421,267.7143,924.357143,267.7143,0.097559,,12.1167,,727,274414.0,ib_break_down,ib_break,2026-05-21T06:37:00+00:00,275916.0,stop_loss,2026-05-21T09:06:00+00:00,-5.610459,-1.624913,-1.094696,149,neutral,0.0664,7.933831,2.297813,6860.35,275786.07,5,1,5.815902,1.684414,3.600854,1.042887,-1.558091,trend_down,13,275700.0,ib_break_down,276300.0,274900.0,-6.021591,-1.743986,-8060.33,-1.174915,-6.638289,-1.922596,-8885.83,-1.295244,1.0,-7510.0,-4.803628,-1.391237,5,-0.5473,2026-05-21,5.125128,1.484351,commodity_futures,SILVERM,10.250256,2.968701,271669.86,positional,SILVERM
BUY,0.75,1.895,264.4286,1028.857143,264.4286,0.095561,,21.6333,,1298,276711.0,ib_break_up,ib_break,2026-05-21T16:08:00+00:00,275276.0,stop_loss,2026-05-22T14:16:00+00:00,-5.426796,-1.394751,-1.037183,758,neutral,0.0151,8.032414,2.064427,6917.775,275327.445,5,1,5.714208,1.46862,10.169097,2.61358,-0.533656,trend_up,51,274700.0,ib_break_up,275800.0,274000.0,-5.84429,-1.502052,-7726.99,-1.116976,-6.470531,-1.663004,-8554.97,-1.236665,1.0,-7175.0,7.605078,1.954596,5,-0.5186,2026-05-22,5.232244,1.344749,commodity_futures,SILVERM,10.464488,2.689499,279478.11,positional,SILVERM
SELL,0.75,-0.347,150.5,591.571429,150.5,0.054588,,10.3167,,619,275700.0,ib_break_down,ib_break,2026-05-26T04:49:00+00:00,276276.0,value_migration_reversal,2026-05-27T04:45:00+00:00,-3.827243,-0.973678,-0.417845,866,weak,0.1547,14.385382,3.659744,6892.5,277078.5,5,1,6.624585,1.685342,12.790698,3.254045,-0.299221,trend_down,6,277000.0,ib_break_down,277500.0,276000.0,-4.560765,-1.160291,-3431.98,-0.497929,-5.66105,-1.440212,-4259.94,-0.618054,1.0,-2880.0,-8.637874,-2.197537,5,-0.2089,2026-05-27,9.159468,2.330234,commodity_futures,SILVERM,18.318937,4.660468,272943.0,positional,SILVERM
SELL,0.75,-1.607,425.4286,686.357143,425.4286,0.155108,,11.1833,,671,274279.0,ib_break_down,ib_break,2026-05-27T05:41:00+00:00,272117.0,trail_stop,2026-05-27T06:56:00+00:00,5.081934,3.149964,1.576497,75,weak,0.3026,4.007723,2.484129,6856.975,275650.395,5,1,0.072868,0.045166,8.965077,5.556874,0.566859,trend_down,9,276100.0,ib_break_down,276600.0,275600.0,4.825065,2.990747,10263.6,1.496812,4.439763,2.751923,9444.01,1.377285,1.0,10810.0,-4.280389,-2.653138,5,0.7882,2026-05-27,3.223561,1.998078,commodity_futures,SILVERM,6.447122,3.996156,271536.21,positional,SILVERM
SELL,0.75,-0.947,223.0,775.642857,223.0,0.081974,,11.1667,,670,272037.0,ib_break_down,ib_break,2026-05-29T05:40:00+00:00,270543.0,trail_stop,2026-05-29T14:51:00+00:00,6.699552,1.926144,1.09838,551,weak,0.0352,8.026906,2.307763,6800.925,273397.185,5,1,5.215247,1.499401,14.829596,4.26356,0.451769,trend_down,9,273100.0,ib_break_down,273600.0,272700.0,6.212933,1.78624,6927.42,1.0186,5.483004,1.576383,6113.55,0.898929,1.0,7470.0,-4.766816,-1.370476,5,0.5492,2026-05-29,6.099484,1.753623,commodity_futures,SILVERM,12.198969,3.507246,269316.63,positional,SILVERM
SELL,0.75,-1.077,276.0,1311.5,276.0,0.10169,,21.2,,1272,271412.0,ib_break_down,ib_break,2026-05-29T15:42:00+00:00,272936.0,stop_loss,2026-06-01T09:19:00+00:00,-5.521739,-1.162028,-1.123016,487,weak,0.3844,6.485507,1.364849,6785.3,272769.06,5,1,5.753623,1.210827,5.184783,1.091117,-1.064989,trend_down,49,271800.0,ib_break_down,273000.0,270800.0,-5.916194,-1.24504,-8164.35,-1.203241,-6.507877,-1.369557,-8980.87,-1.323577,1.0,-7620.0,-1.405797,-0.295844,5,-0.5615,2026-06-01,4.916884,1.034739,commodity_futures,SILVERM,9.833768,2.069478,268697.88,positional,SILVERM
BUY,0.75,1.155,153.5714,733.857143,153.5714,0.056346,,15.6333,,938,272551.0,ib_break_up,ib_break,2026-06-01T10:08:00+00:00,271054.0,stop_loss,2026-06-01T12:20:00+00:00,-9.747909,-2.039907,-1.09851,132,strong,0.0844,15.432561,3.229511,6813.775,271188.245,5,1,9.75442,2.041269,1.295814,0.27117,-7.522614,trend_up,27,271700.0,ib_break_up,271900.0,270800.0,-10.45586,-2.188057,-8028.6,-1.17829,-11.517786,-2.410282,-8844.01,-1.297961,1.0,-7485.0,5.541396,1.159626,5,-0.5493,2026-06-01,8.873755,1.856976,commodity_futures,SILVERM,17.74751,3.713952,275276.51,positional,SILVERM
BUY,0.75,0.467,171.8571,749.357143,171.8571,0.063191,,10.0667,,604,271965.0,ib_break_up,ib_break,2026-06-02T04:34:00+00:00,274102.0,trail_stop,2026-06-02T05:52:00+00:00,12.43475,2.851778,1.571526,78,neutral,0.1607,9.560268,2.192546,6799.125,270605.175,5,1,1.472153,0.337623,21.587703,4.95091,0.576011,trend_up,5,270700.0,ib_break_up,271200.0,270000.0,11.79926,2.706035,10138.93,1.491211,10.846026,2.487421,9319.83,1.37074,1.0,10685.0,7.360767,1.688114,5,0.7858,2026-06-02,7.912533,1.814655,commodity_futures,SILVERM,15.825066,3.629311,274684.65,positional,SILVERM
SELL,0.85,-0.938,114.2143,780.5,114.2143,0.042256,,10.0333,,602,270289.0,open_drive_down_below_pval,open_drive,2026-06-03T04:32:00+00:00,264486.0,trail_stop,2026-06-05T06:49:00+00:00,50.807999,7.434978,2.511034,1877,weak,0.026,14.148841,2.070468,11555.0,272600.0,5,1,16.293932,2.384369,73.782355,10.796925,0.68862,trend_down,5,270600.0,open_drive_down_below_pval,271500.0,270500.0,49.871557,7.297944,28480.22,2.464753,48.466895,7.092393,27678.06,2.395332,1.0,29015.0,-2.722952,-0.398463,5,2.147,2026-06-05,20.233894,2.960922,commodity_futures,SILVERM,40.467787,5.921845,265667.0,positional,SILVERM
SELL,0.75,-2.653,393.7857,716.857143,393.7857,0.150128,,18.45,,1107,262300.0,ib_break_down,ib_break,2026-06-05T12:57:00+00:00,256265.0,trail_stop,2026-06-05T14:51:00+00:00,15.325595,8.418693,3.45311,114,weak,0.0991,11.120262,6.108609,8738.5,264047.7,5,1,0.55614,0.3055,20.996192,11.533679,0.729923,trend_down,38,264500.0,ib_break_down,265800.0,264000.0,15.06222,8.274015,29656.44,3.393767,14.667159,8.056999,28878.59,3.304753,1.0,30175.0,-5.586795,-3.068952,5,2.3008,2026-06-05,4.438201,2.438003,commodity_futures,SILVERM,8.876402,4.876006,258804.6,positional,SILVERM
SELL,0.75,-0.722,324.6429,1500.357143,324.6429,0.131082,,11.0167,,661,247664.0,ib_break_down,ib_break,2026-06-08T05:31:00+00:00,246340.0,trail_stop,2026-06-08T05:40:00+00:00,4.078327,0.882457,1.069191,9,weak,0.1253,8.258305,1.786908,6191.6,248902.32,5,1,0.061606,0.01333,9.130032,1.97553,0.446694,trend_down,9,248900.0,ib_break_down,249900.0,248400.0,3.77399,0.816605,6126.0,0.989404,3.317485,0.717828,5384.99,0.869725,1.0,6620.0,-3.80726,-0.823804,5,0.5346,2026-06-08,3.814407,0.82535,commodity_futures,SILVERM,7.628813,1.6507,245187.36,positional,SILVERM
SELL,0.75,-0.266,284.1429,1654.357143,284.1429,0.114812,,12.1,,726,247486.0,ib_break_down,ib_break,2026-06-08T06:36:00+00:00,248851.0,stop_loss,2026-06-08T07:25:00+00:00,-4.803921,-0.825094,-1.035424,49,weak,0.1917,9.435393,1.620569,6591.5,248804.3,5,1,5.162895,0.886749,2.062343,0.354216,-2.329351,trend_down,13,248800.0,ib_break_down,250400.0,247500.0,-5.153278,-0.885098,-7321.34,-1.110724,-5.677314,-0.975103,-8065.84,-1.223673,1.0,-6825.0,-4.624434,-0.794266,5,-0.5515,2026-06-08,4.639567,0.796865,commodity_futures,SILVERM,9.279134,1.593731,244849.4,positional,SILVERM
BUY,0.75,2.295,495.1429,889.285714,495.1429,0.197199,,16.8333,,1010,251088.0,ib_break_up,ib_break,2026-06-08T11:20:00+00:00,249801.0,stop_loss,2026-06-08T14:05:00+00:00,-2.59925,-1.447229,-1.025139,165,strong,0.1518,5.414598,3.014779,6277.2,249832.56,5,1,2.932487,1.632771,4.66532,2.59759,-0.557143,trend_up,32,247500.0,ib_break_up,249300.0,246800.0,-2.801571,-1.559879,-6935.89,-1.104934,-3.105052,-1.728853,-7687.22,-1.224626,1.0,-6435.0,7.246393,4.034699,5,-0.5126,2026-06-08,2.53551,1.41174,commodity_futures,SILVERM,5.071021,2.82348,253598.88,positional,SILVERM
BUY,0.75,0.461,245.4286,827.571429,245.4286,0.097516,,11.1667,,670,251680.0,ib_break_up,ib_break,2026-06-09T05:40:00+00:00,250216.0,stop_loss,2026-06-09T14:15:00+00:00,-5.965075,-1.769032,-1.163382,515,neutral,0.0244,13.209544,3.917487,6292.0,250421.6,5,1,6.115832,1.813741,8.189755,2.428793,-0.728358,trend_up,9,250500.0,ib_break_up,251300.0,249900.0,-6.374071,-1.890325,-7821.9,-1.243149,-6.987564,-2.072266,-8574.74,-1.3628,1.0,-7320.0,4.807916,1.425859,5,-0.5817,2026-06-09,5.127357,1.520594,commodity_futures,SILVERM,10.254714,3.041188,254196.8,positional,SILVERM
SELL,0.75,-0.538,308.0,1316.0,308.0,0.129148,,10.25,,615,238486.0,ib_break_down,ib_break,2026-06-10T04:45:00+00:00,239886.0,stop_loss,2026-06-10T05:06:00+00:00,-4.545455,-1.06383,-1.174073,21,weak,0.2804,6.668831,1.56079,5962.15,239678.43,5,1,4.545455,1.06383,0.035714,0.008359,-127.273758,trend_down,6,240300.0,ib_break_down,241100.0,239300.0,-4.856086,-1.136531,-7478.37,-1.254308,-5.322032,-1.245582,-8195.93,-1.37466,1.0,-7000.0,-5.88961,-1.378419,5,-0.587,2026-06-10,3.871526,0.906102,commodity_futures,SILVERM,7.743052,1.812204,236101.14,positional,SILVERM
BUY,0.75,0.902,288.8571,1243.714286,288.8571,0.119777,,11.4667,,688,241163.0,ib_break_up,ib_break,2026-06-10T05:58:00+00:00,240216.0,value_migration_reversal,2026-06-10T07:13:00+00:00,-3.278438,-0.761429,-0.785361,75,strong,0.0229,7.110782,1.651505,6029.075,239957.185,5,1,3.333828,0.774294,4.02275,0.934298,-0.814974,trend_up,10,239200.0,ib_break_up,240500.0,238800.0,-3.611737,-0.838839,-5216.38,-0.865204,-4.111685,-0.954954,-5938.45,-0.984968,1.0,-4735.0,6.795748,1.578337,5,-0.3927,2026-06-10,4.174434,0.969527,commodity_futures,SILVERM,8.348869,1.939055,243574.63,positional,SILVERM
BUY,0.75,1.877,384.3571,1312.357143,384.3571,0.159279,,19.1333,,1148,241311.0,ib_break_up,ib_break,2026-06-10T13:38:00+00:00,239900.0,stop_loss,2026-06-10T14:56:00+00:00,-3.671065,-1.075165,-1.169445,78,strong,0.0949,5.343989,1.565123,6032.775,240104.445,5,1,4.115964,1.205465,6.098495,1.786099,-0.601962,trend_up,41,239200.0,ib_break_up,240600.0,238500.0,-3.921463,-1.1485,-7536.21,-1.249211,-4.29706,-1.258503,-8258.03,-1.368861,1.0,-7055.0,5.492288,1.608556,5,-0.5847,2026-06-10,3.139151,0.91938,commodity_futures,SILVERM,6.278302,1.83876,243724.11,positional,SILVERM
SELL,0.638,-0.047,305.5,1724.571429,305.5,0.126974,,20.9833,,1259,240601.0,failed_auction_high,failed_auction,2026-06-10T15:29:00+00:00,240842.0,scalp_time_stop,2026-06-10T15:35:00+00:00,-0.788871,-0.139745,-0.200332,6,neutral,,6.723404,1.191021,6015.025,241804.005,5,1,1.797054,0.31834,0.530278,0.093936,-1.487656,trend_down,48,239200.0,failed_auction_high,240900.0,238400.0,-1.104054,-0.195578,-1686.44,-0.280372,-1.57683,-0.279328,-2408.61,-0.400432,1.0,-1205.0,4.585925,0.812376,5,-0.1002,2026-06-10,3.937823,0.697568,commodity_futures,SILVERM,4.585925,0.812376,239200.0,scalp,SILVERM
SELL,0.75,-0.525,163.0,1680.714286,163.0,0.066179,,10.6833,,641,246303.0,ib_break_down,ib_break,2026-06-12T05:11:00+00:00,246977.0,value_migration_reversal,2026-06-12T08:17:00+00:00,-4.134969,-0.40102,-0.524514,186,weak,0.1159,18.957055,1.838504,6425.0,247588.0,5,1,5.509202,0.534297,11.300613,1.095963,-0.365907,trend_down,7,247200.0,ib_break_down,247800.0,246500.0,-4.740221,-0.459719,-3863.28,-0.601289,-5.648098,-0.547767,-4603.2,-0.716451,1.0,-3370.0,-5.503067,-0.533702,5,-0.2736,2026-06-12,7.883436,0.764556,commodity_futures,SILVERM,15.766871,1.529112,243733.0,positional,SILVERM
SELL,0.75,-0.406,194.3571,771.285714,194.3571,0.079001,,18.5,,1110,246019.0,ib_break_down,ib_break,2026-06-12T13:00:00+00:00,247589.0,stop_loss,2026-06-12T14:54:00+00:00,-8.077914,-2.035562,-1.000637,114,weak,0.2078,15.89857,4.006297,7845.0,247588.0,5,1,8.077914,2.035562,2.670342,0.672902,-3.025048,trend_down,39,247200.0,ib_break_down,247900.0,246100.0,-8.585854,-2.163558,-8343.61,-1.063557,-9.347762,-2.355553,-9084.02,-1.157938,1.0,-7850.0,-6.076444,-1.531209,5,-0.6382,2026-06-12,8.072769,2.034266,commodity_futures,SILVERM,16.145538,4.068531,242881.0,positional,SILVERM
BUY,0.75,3.111,210.1429,955.5,210.1429,0.083846,,23.2,,1392,250630.0,ib_break_up,ib_break,2026-06-12T17:42:00+00:00,255750.0,trail_stop,2026-06-15T15:11:00+00:00,24.364373,5.358451,2.834994,719,neutral,0.2845,14.70428,3.233909,9030.0,248824.0,5,1,2.041468,0.44898,33.639014,7.398221,0.724289,trend_up,57,247500.0,ib_break_up,248100.0,245700.0,23.882434,5.252458,25093.62,2.778917,23.159526,5.093469,24334.05,2.694801,1.0,25600.0,14.894626,3.275772,5,2.0429,2026-06-15,8.594152,1.89011,commodity_futures,SILVERM,17.188304,3.78022,254242.0,positional,SILVERM
SELL,0.75,-0.272,133.2143,628.714286,133.2143,0.052598,,10.25,,615,253268.0,ib_break_down,ib_break,2026-06-16T04:45:00+00:00,254544.0,stop_loss,2026-06-16T08:59:00+00:00,-9.578551,-2.029539,-1.007628,254,weak,0.0936,9.788739,2.074074,6331.7,254534.34,5,1,9.623591,2.039082,19.262196,4.081345,-0.497272,trend_down,6,253600.0,ib_break_down,254100.0,253200.0,-10.34095,-2.191079,-6887.81,-1.08783,-11.484548,-2.433388,-7649.53,-1.208132,1.0,-6380.0,-2.492225,-0.528062,5,-0.5038,2026-06-16,9.506037,2.014174,commodity_futures,SILVERM,19.012073,4.028348,250735.32,positional,SILVERM
SELL,0.75,-1.293,220.8571,667.285714,220.8571,0.08899,,13.5667,,814,248182.0,ib_break_down,ib_break,2026-06-18T08:04:00+00:00,244555.0,trail_stop,2026-06-18T12:11:00+00:00,16.422384,5.435453,2.922855,247,weak,0.0045,18.161064,6.010918,6204.55,249422.91,5,1,1.122898,0.371655,24.586033,8.137444,0.667956,trend_down,19,249300.0,ib_break_down,250300.0,248400.0,15.976179,5.287769,17642.26,2.84344,15.306873,5.066243,16903.16,2.724316,1.0,18135.0,-5.062097,-1.675444,5,1.4614,2026-06-18,5.61861,1.859638,commodity_futures,SILVERM,11.237221,3.719276,245700.18,positional,SILVERM
BUY,0.75,1.181,173.0714,,173.0714,0.072143,,11.0,,660,239900.0,ib_break_up,ib_break,2026-06-22T05:30:00+00:00,240901.0,trail_stop,2026-06-22T14:19:00+00:00,5.78374,,0.834514,529,neutral,0.1337,9.683865,,5997.5,238700.5,5,1,0.0,,13.994224,,0.413295,trend_up,9,239100.0,ib_break_up,239400.0,238500.0,5.22813,,4524.2,0.754347,4.394715,,3803.0,0.634097,1.0,5005.0,4.62237,,5,0.4173,2026-06-22,6.930666,,commodity_futures,SILVERM,13.861331,,242299.0,positional,SILVERM
SELL,0.75,-0.88,198.5714,816.571429,198.5714,0.086389,,13.4333,,806,229856.0,ib_break_down,ib_break,2026-06-23T07:56:00+00:00,231101.0,stop_loss,2026-06-23T09:19:00+00:00,-6.269785,-1.524668,-1.083287,83,weak,0.0435,16.653959,4.04986,5746.4,231005.28,5,1,7.020145,1.707138,1.73741,0.422498,-3.608696,trend_down,18,231000.0,ib_break_down,232200.0,230500.0,-6.734058,-1.637568,-6685.96,-1.163504,-7.430468,-1.806919,-7377.39,-1.283829,1.0,-6225.0,-5.761152,-1.40098,5,-0.5416,2026-06-23,5.787742,1.407446,commodity_futures,SILVERM,11.575484,2.814892,227557.44,positional,SILVERM
BUY,0.75,0.914,143.3571,649.0,143.3571,0.062551,,16.5667,,994,229183.0,ib_break_up,ib_break,2026-07-01T11:04:00+00:00,233607.0,trail_stop,2026-07-01T15:09:00+00:00,30.859999,6.816641,2.434381,245,neutral,0.0334,38.023928,8.399076,9086.5,227365.7,5,1,0.578974,0.127889,46.004,10.161787,0.670811,trend_up,31,227700.0,ib_break_up,228300.0,226300.0,30.214353,6.674025,21657.21,2.383449,29.245883,6.4601,20963.03,2.307052,1.0,22120.0,10.344796,2.285054,5,1.9303,2026-07-01,12.676735,2.800154,commodity_futures,SILVERM,25.35347,5.600308,232817.6,positional,SILVERM
SELL,0.75,-0.397,208.1429,666.642857,208.1429,0.089389,,11.0667,,664,232850.0,ib_break_down,ib_break,2026-07-02T05:34:00+00:00,234161.0,stop_loss,2026-07-02T05:56:00+00:00,-6.298557,-1.96657,-1.126047,22,neutral,0.1333,10.809881,3.375121,5821.25,234014.25,5,1,6.437885,2.010072,1.052162,0.328512,-5.9863,trend_down,9,233700.0,ib_break_down,234800.0,233400.0,-6.747298,-2.106679,-7022.01,-1.206272,-7.420409,-2.316841,-7722.53,-1.32661,1.0,-6555.0,-4.083733,-1.275046,5,-0.563,2026-07-02,5.593513,1.746437,commodity_futures,SILVERM,11.187026,3.492875,230521.5,positional,SILVERM
BUY,0.75,,0.0643,,0.0643,0.019794,,12.2667,,736,324.85,ib_break_up,ib_break,2026-02-20T06:46:00+00:00,327.55,trail_stop,2026-02-23T14:00:00+00:00,41.990669,,1.662357,1329,strong,0.1304,17.884914,,1624.2,323.2258,1000,1,9.33126,,70.762053,,0.593407,trend_up,14,324.5,ib_break_up,324.7,324.1,39.961431,,2569.52,1.582022,36.917574,,2373.8,1.46152,1.0,2700.0,5.443235,,1000,0.8312,2026-02-23,25.25972,,commodity_futures,ZINCMINI,50.520995,,328.0985,positional,ZINCMINI
BUY,0.75,0.571,0.0607,0.332143,0.0607,0.0185,,20.2667,,1216,328.1,ib_break_up,ib_break,2026-02-23T14:46:00+00:00,326.05,stop_loss,2026-02-25T14:47:00+00:00,-33.772652,-6.17204,-1.249619,1790,strong,0.1875,26.359143,4.817204,1640.5,326.4595,1000,1,33.772652,6.17204,39.538715,7.225803,-0.854167,trend_up,46,327.4,ib_break_up,328.5,327.1,-35.928007,-6.565937,-2180.83,-1.329369,-39.161038,-7.156782,-2377.07,-1.448994,1.0,-2050.0,11.532125,2.107527,1000,-0.6248,2026-02-25,27.026359,4.939138,commodity_futures,ZINCMINI,54.052718,9.878275,331.381,positional,ZINCMINI
BUY,0.75,4.45,0.0857,0.307143,0.0857,0.026041,,11.2667,,676,329.1,ib_break_up,ib_break,2026-03-02T05:46:00+00:00,327.4,stop_loss,2026-03-02T17:03:00+00:00,-19.836639,-5.534881,-1.033121,677,strong,0.0541,21.586931,6.023256,1645.5,327.4545,1000,1,19.836639,5.534881,33.255543,9.279065,-0.596491,trend_up,10,328.3,ib_break_up,328.7,328.0,-21.368728,-5.962369,-1831.3,-1.112914,-23.666861,-6.603602,-2028.25,-1.232604,1.0,-1700.0,9.334889,2.604651,1000,-0.5166,2026-03-02,19.2007,5.357439,commodity_futures,ZINCMINI,38.4014,10.714879,332.391,positional,ZINCMINI
SELL,0.75,-3.4,0.1,0.785714,0.1,0.030576,,23.0167,,1381,327.05,ib_break_down,ib_break,2026-03-02T17:31:00+00:00,328.2,value_migration_reversal,2026-03-04T05:00:00+00:00,-11.5,-1.463637,-0.703278,559,weak,0.0541,18.5,2.354545,1635.2,328.6852,1000,1,16.0,2.036364,20.0,2.545455,-0.575,trend_down,57,328.8,ib_break_down,330.4,328.0,-12.8105,-1.630428,-1281.05,-0.783421,-14.77625,-1.880614,-1477.62,-0.903636,1.0,-1150.0,-17.5,-2.227273,1000,-0.3516,2026-03-04,16.352,2.081164,commodity_futures,ZINCMINI,32.705,4.162456,323.7795,positional,ZINCMINI
BUY,0.75,3.037,0.15,0.314286,0.15,0.04562,,17.7167,,1063,328.8,ib_break_up,ib_break,2026-03-04T12:13:00+00:00,327.1,stop_loss,2026-03-04T15:16:00+00:00,-11.333333,-5.409086,-1.034063,183,neutral,0.0909,11.0,5.25,1644.0,327.156,1000,1,11.666667,5.568177,1.333333,0.636363,-8.500002,trend_up,35,327.7,ib_break_up,328.0,327.4,-12.207867,-5.826477,-1831.18,-1.113856,-13.519667,-6.452562,-2027.95,-1.233546,1.0,-1700.0,7.333333,3.5,1000,-0.517,2026-03-04,10.96,5.230904,commodity_futures,ZINCMINI,21.92,10.461809,332.088,positional,ZINCMINI
SELL,0.75,-7.815,0.1857,0.532143,0.1857,0.056815,,21.3667,,1282,326.85,ib_break_down,ib_break,2026-03-04T15:52:00+00:00,328.05,value_migration_reversal,2026-03-04T17:32:00+00:00,-6.462036,-2.255033,-0.734259,100,neutral,0.0909,8.885299,3.100671,1634.3,328.4843,1000,1,7.000539,2.442952,0.0,0.0,,trend_down,50,327.7,ib_break_down,328.2,327.4,-7.167367,-2.50117,-1330.98,-0.814404,-8.225363,-2.870375,-1527.45,-0.93462,1.0,-1200.0,-4.577275,-1.597315,1000,-0.3671,2026-03-04,8.800754,3.071167,commodity_futures,ZINCMINI,17.600969,6.142146,323.5815,positional,ZINCMINI
SELL,0.75,-0.667,0.0607,0.560714,0.0607,0.018546,,13.5667,,814,327.3,ib_break_down,ib_break,2026-03-05T08:04:00+00:00,323.2,trail_stop,2026-03-06T03:45:00+00:00,67.545305,7.312106,2.505347,636,neutral,0.08,20.593081,2.229299,1636.5,328.9365,1000,1,2.47117,0.267516,103.789127,11.235675,0.650794,trend_down,19,327.6,ib_break_down,328.4,327.4,65.401977,7.08008,3969.9,2.425848,62.186985,6.732042,3774.75,2.306599,1.0,4100.0,-4.942339,-0.535032,1000,1.2527,2026-03-06,26.960461,2.9186,commodity_futures,ZINCMINI,53.920923,5.8372,324.027,positional,ZINCMINI
SELL,0.75,-4.036,0.1893,0.6,0.1893,0.058825,,18.8167,,1129,321.8,ib_break_down,ib_break,2026-03-06T13:19:00+00:00,323.5,stop_loss,2026-03-06T15:02:00+00:00,-8.980454,-2.833333,-1.056557,103,weak,0.1,10.56524,3.333333,1609.0,323.409,1000,1,10.036978,3.166667,2.113048,0.666667,-4.25,trend_down,40,323.3,ib_break_down,324.3,322.6,-9.662229,-3.048433,-1829.06,-1.136768,-10.684892,-3.371083,-2022.65,-1.257085,1.0,-1700.0,-7.92393,-2.5,1000,-0.5283,2026-03-06,8.499736,2.681667,commodity_futures,ZINCMINI,16.999472,5.363333,318.582,positional,ZINCMINI
BUY,0.75,1.167,0.2429,0.542857,0.2429,0.074395,,14.9,,894,326.5,ib_break_up,ib_break,2026-03-09T09:24:00+00:00,324.75,stop_loss,2026-03-09T15:34:00+00:00,-7.204611,-3.223685,-1.071975,370,strong,0.1667,12.350762,5.526316,1632.5,324.8675,1000,1,7.204611,3.223685,4.528613,2.026316,-1.590909,trend_up,24,325.4,ib_break_up,325.7,324.0,-7.74084,-3.463619,-1880.25,-1.151761,-8.545183,-3.823521,-2075.62,-1.27144,1.0,-1750.0,4.528613,2.026316,1000,-0.536,2026-03-09,6.720873,3.007238,commodity_futures,ZINCMINI,13.441746,6.014475,329.765,positional,ZINCMINI
BUY,0.75,0.781,0.0536,0.346429,0.0536,0.016384,,12.15,,729,327.15,ib_break_up,ib_break,2026-03-10T06:39:00+00:00,325.5,stop_loss,2026-03-11T07:28:00+00:00,-30.783582,-4.762881,-1.008742,944,strong,0.2174,21.455224,3.319588,1635.7,325.5143,1000,1,30.783582,4.762881,15.858209,2.453605,-1.941176,trend_up,13,326.5,ib_break_up,326.7,326.2,-33.218843,-5.139668,-1780.53,-1.088543,-36.871735,-5.704849,-1976.33,-1.208244,1.0,-1650.0,12.126866,1.876289,1000,-0.5044,2026-03-11,30.516791,4.721602,commodity_futures,ZINCMINI,61.035448,9.443493,330.4215,positional,ZINCMINI
SELL,0.75,-0.406,0.1429,0.396429,0.1429,0.043922,,13.3,,798,325.35,ib_break_down,ib_break,2026-03-11T07:48:00+00:00,327.0,stop_loss,2026-03-12T08:01:00+00:00,-11.546536,-4.162158,-1.014261,908,weak,0.4762,7.347796,2.648649,1626.8,326.9768,1000,1,11.546536,4.162158,8.397481,3.027024,-1.375,trend_down,18,326.6,ib_break_down,326.9,326.1,-12.459552,-4.491271,-1780.47,-1.094462,-13.829076,-4.984941,-1976.17,-1.214762,1.0,-1650.0,-8.747376,-3.153153,1000,-0.5071,2026-03-12,11.384185,4.103635,commodity_futures,ZINCMINI,22.76767,8.207018,322.0965,positional,ZINCMINI
SELL,0.75,-0.286,0.0393,0.289286,0.0393,0.0121,,10.05,,603,324.8,ib_break_down,ib_break,2026-03-13T04:33:00+00:00,317.75,trail_stop,2026-03-18T05:48:00+00:00,179.389313,24.370346,4.341133,2760,weak,0.2,12.722646,1.728395,1624.0,326.424,1000,1,30.534351,4.148144,230.279898,31.28392,0.779006,trend_down,5,325.0,ib_break_down,325.3,325.0,176.119338,23.926115,6921.49,4.262001,171.214377,23.259767,6728.73,4.143304,1.0,7050.0,-5.089059,-0.691358,1000,2.1706,2026-03-18,41.323155,5.613822,commodity_futures,ZINCMINI,82.64631,11.227643,321.552,positional,ZINCMINI
SELL,0.75,-4.333,0.275,0.514286,0.275,0.087288,,18.7,,1122,315.05,ib_break_down,ib_break,2026-03-18T13:12:00+00:00,310.3,trail_stop,2026-03-19T07:05:00+00:00,17.272727,9.236106,3.01549,528,weak,0.2593,9.818182,5.25,1575.2,316.6252,1000,1,1.636364,0.875,23.818182,12.736104,0.725191,trend_down,39,317.3,ib_break_down,317.8,316.6,16.817927,8.992914,4624.93,2.936091,16.135727,8.628127,4437.32,2.816991,1.0,4750.0,-8.181818,-4.375,1000,1.5077,2026-03-19,5.728,3.062887,commodity_futures,ZINCMINI,11.456364,6.125969,311.8995,positional,ZINCMINI
SELL,0.75,-0.733,0.1286,0.8,0.1286,0.041537,,12.9167,,775,309.6,ib_break_down,ib_break,2026-03-19T07:25:00+00:00,304.0,trail_stop,2026-03-19T12:46:00+00:00,43.545879,7.0,3.353293,321,weak,0.3958,18.662519,3.0,1670.0,311.27,1000,1,6.22084,1.0,57.931571,9.3125,0.751678,trend_down,16,311.2,ib_break_down,311.9,309.7,42.591602,6.8466,5477.28,3.279808,41.160187,6.6165,5293.2,3.169581,1.0,5600.0,-12.44168,-2.0,1000,1.8088,2026-03-19,12.986003,2.0875,commodity_futures,ZINCMINI,25.972006,4.175,306.26,positional,ZINCMINI
SELL,0.75,-0.938,0.1107,0.857143,0.1107,0.035924,,10.2333,,614,308.15,ib_break_down,ib_break,2026-03-20T04:44:00+00:00,309.7,stop_loss,2026-03-20T11:46:00+00:00,-14.001807,-1.808333,-1.006036,422,weak,0.1842,17.163505,2.216667,1540.7,309.6907,1000,1,15.35682,1.983333,23.938573,3.091666,-0.584906,trend_down,5,309.1,ib_break_down,310.3,309.0,-15.118067,-1.952498,-1673.57,-1.08624,-16.792457,-2.168745,-1858.92,-1.206546,1.0,-1550.0,-8.581752,-1.108333,1000,-0.503,2026-03-20,13.917796,1.797483,commodity_futures,ZINCMINI,27.836495,3.595083,305.0685,positional,ZINCMINI
BUY,0.75,0.344,0.35,2.182143,0.35,0.112958,,17.6667,,1060,309.85,ib_break_up,ib_break,2026-03-23T12:10:00+00:00,317.6,contract_roll,2026-03-30T18:24:00+00:00,22.142857,3.551555,2.266082,4332,neutral,0.4773,12.571429,2.016367,3420.0,306.43,1000,1,9.571429,1.535188,22.142857,3.551555,1.0,trend_up,35,305.0,ib_break_up,309.6,304.1,21.784314,3.494047,7624.51,2.229389,21.2465,3.407785,7436.27,2.174349,1.0,7750.0,13.857143,2.222586,1000,2.5012,2026-03-30,9.771429,1.567267,commodity_futures,ZINCMINI,19.542857,3.134533,316.69,positional,ZINCMINI
SELL,0.75,-0.7,0.1107,,0.1107,0.034675,,12.35,,741,319.25,ib_break_down,ib_break,2026-04-01T06:51:00+00:00,320.95,stop_loss,2026-04-01T10:15:00+00:00,-15.35682,,-1.065029,204,neutral,0.4516,14.001807,,1596.2,320.8462,1000,1,15.35682,,11.29178,,-1.36,trend_down,14,320.5,ib_break_down,320.9,319.7,-16.51346,,-1828.04,-1.145245,-18.248419,,-2020.1,-1.265568,1.0,-1700.0,-11.29178,,1000,-0.5325,2026-04-01,14.419151,,commodity_futures,ZINCMINI,14.905149,,317.6,positional,ZINCMINI
BUY,0.75,1.3,0.1786,0.471429,0.1786,0.055535,,18.95,,1137,321.6,ib_break_up,ib_break,2026-04-01T13:27:00+00:00,322.1,trail_stop,2026-04-02T03:45:00+00:00,2.799552,1.060605,0.310945,313,strong,0.0645,8.678611,3.287879,1608.0,319.992,1000,1,2.799552,1.060605,24.636058,9.333325,0.113636,trend_down,40,320.5,ib_break_up,321.2,319.1,2.078723,0.78752,371.26,0.230883,0.99748,0.377894,178.15,0.11079,1.0,500.0,6.159015,2.333333,1000,0.1555,2026-04-02,9.003359,3.410906,commodity_futures,ZINCMINI,18.006719,6.821812,324.816,positional,ZINCMINI
BUY,0.75,1.935,0.1464,0.539286,0.1464,0.04529,,19.3667,,1162,323.25,ib_break_up,ib_break,2026-04-02T13:52:00+00:00,329.15,trail_stop,2026-04-07T14:04:00+00:00,40.300546,10.940392,3.650538,1802,strong,0.0822,24.931694,6.768212,1616.2,321.6338,1000,1,6.489071,1.761588,54.644809,14.834429,0.7375,trend_up,42,321.8,ib_break_up,322.3,320.8,39.40929,10.698442,5769.52,3.569806,38.072404,10.335518,5573.8,3.448707,1.0,5900.0,9.904372,2.688742,1000,1.8252,2026-04-07,11.039617,2.996926,commodity_futures,ZINCMINI,22.079918,5.994037,326.4825,positional,ZINCMINI
BUY,0.75,4.031,0.1679,0.610714,0.1679,0.050496,,11.0167,,661,332.5,ib_break_up,ib_break,2026-04-08T05:31:00+00:00,330.8,stop_loss,2026-04-08T07:33:00+00:00,-10.125074,-2.783627,-1.022556,122,strong,0.1818,16.378797,4.502924,1662.5,330.8375,1000,1,10.422871,2.865498,5.062537,1.391814,-2.0,trend_up,9,331.5,ib_break_up,332.0,330.9,-10.915188,-3.000848,-1832.66,-1.102352,-12.100357,-3.32668,-2031.65,-1.222045,1.0,-1700.0,5.955926,1.637427,1000,-0.5113,2026-04-08,9.901727,2.722223,commodity_futures,ZINCMINI,19.803454,5.444447,335.825,positional,ZINCMINI
SELL,0.75,-1.656,0.1857,0.525,0.1857,0.056581,,20.35,,1221,328.2,ib_break_down,ib_break,2026-04-08T14:51:00+00:00,330.1,stop_loss,2026-04-09T13:39:00+00:00,-10.231556,-3.619048,-1.013333,823,neutral,0.3818,14.808831,5.238095,1875.0,330.075,1000,1,10.500808,3.714286,3.231018,1.142857,-3.166666,trend_down,46,330.1,ib_break_down,331.7,329.3,-10.940549,-3.869829,-2031.66,-1.083552,-12.004039,-4.246,-2229.15,-1.18888,1.0,-1900.0,-10.231556,-3.619048,1000,-0.5789,2026-04-09,10.096931,3.571429,commodity_futures,ZINCMINI,16.693592,5.904762,325.1,positional,ZINCMINI
BUY,0.75,0.562,0.1179,0.464286,0.1179,0.035771,,20.05,,1203,329.6,ib_break_up,ib_break,2026-04-09T14:33:00+00:00,332.85,trail_stop,2026-04-13T09:48:00+00:00,27.565734,6.999996,1.972087,1505,neutral,0.0714,11.87447,3.015385,1648.0,327.952,1000,1,0.848176,0.215384,42.832909,10.876916,0.643564,trend_up,45,328.3,ib_break_up,328.9,328.0,26.441985,6.714633,3117.51,1.891693,24.756361,6.286588,2918.78,1.771101,1.0,3250.0,11.026293,2.8,1000,0.986,2026-04-13,13.977947,3.549536,commodity_futures,ZINCMINI,27.955895,7.099073,332.896,positional,ZINCMINI
BUY,0.75,0.344,0.0536,0.385714,0.0536,0.016067,,16.6167,,997,333.6,ib_break_up,ib_break,2026-04-13T11:07:00+00:00,335.6,trail_stop,2026-04-14T11:56:00+00:00,37.313433,5.185189,1.183432,464,strong,0.4348,42.910448,5.962963,1690.0,331.91,1000,1,18.656716,2.592595,75.559701,10.500008,0.493827,trend_up,31,333.8,ib_break_up,334.4,333.0,34.816418,4.838196,1866.16,1.104237,31.070896,4.317707,1665.4,0.985444,1.0,2000.0,-3.731343,-0.518519,1000,0.5995,2026-04-14,31.529851,4.381485,commodity_futures,ZINCMINI,63.059701,8.762969,336.98,positional,ZINCMINI
SELL,0.75,-4.576,0.2821,0.875,0.2821,0.084411,,19.9,,1194,334.2,ib_break_down,ib_break,2026-04-14T14:24:00+00:00,335.95,stop_loss,2026-04-15T03:45:00+00:00,-6.203474,-2.0,-1.047277,231,neutral,0.1695,10.457285,3.371429,1671.0,335.871,1000,1,6.203474,2.0,3.3676,1.085714,-1.842105,trend_down,12,335.8,ib_break_down,336.3,335.3,-6.678589,-2.153177,-1884.03,-1.127487,-7.391262,-2.382943,-2085.07,-1.247801,1.0,-1750.0,-5.671748,-1.828571,1000,-0.5236,2026-04-15,5.923431,1.909714,commodity_futures,ZINCMINI,11.846863,3.819429,330.858,positional,ZINCMINI
BUY,0.75,0.333,0.0643,0.464286,0.0643,0.019123,,10.3833,,623,336.25,ib_break_up,ib_break,2026-04-15T04:53:00+00:00,339.9,trail_stop,2026-04-16T08:28:00+00:00,56.765163,7.861534,2.171068,1085,strong,0.1429,16.329705,2.261538,1681.2,334.5688,1000,1,7.77605,1.076922,85.536547,11.846147,0.663636,trend_up,6,335.9,ib_break_up,336.1,335.5,54.662053,7.570269,3514.77,2.090632,51.507387,7.133373,3311.93,1.969977,1.0,3650.0,5.443235,0.753846,1000,1.0855,2026-04-16,26.14619,3.621044,commodity_futures,ZINCMINI,52.293935,7.242303,339.6125,positional,ZINCMINI
BUY,0.75,0.909,0.0786,0.496429,0.0786,0.023077,,14.4667,,868,340.6,ib_break_up,ib_break,2026-04-16T08:58:00+00:00,338.85,stop_loss,2026-04-17T06:32:00+00:00,-22.264631,-3.525177,-1.027598,724,strong,0.1143,22.264631,3.52518,1703.0,338.897,1000,1,24.80916,3.928054,17.811705,2.820141,-1.25,trend_up,22,341.1,ib_break_up,341.5,340.1,-23.993511,-3.798912,-1885.89,-1.107393,-26.586832,-4.209514,-2089.72,-1.227085,1.0,-1750.0,-6.361323,-1.007194,1000,-0.5138,2026-04-17,21.666667,3.430501,commodity_futures,ZINCMINI,43.333333,6.861001,344.006,positional,ZINCMINI
SELL,0.75,-0.818,0.1036,0.417857,0.1036,0.030466,,12.7333,,764,340.05,ib_break_down,ib_break,2026-04-20T07:14:00+00:00,342.35,stop_loss,2026-04-21T08:01:00+00:00,-22.200772,-5.504275,-1.352782,917,neutral,0.2187,15.444015,3.82906,1700.2,341.7502,1000,1,23.648649,5.86325,9.65251,2.393163,-2.3,trend_down,15,341.0,ib_break_down,341.3,340.7,-23.518147,-5.830894,-2436.48,-1.433055,-25.494208,-6.320823,-2641.2,-1.553464,1.0,-2300.0,-9.169884,-2.273504,1000,-0.6764,2026-04-21,16.411197,4.068856,commodity_futures,ZINCMINI,32.823359,8.137952,336.6495,positional,ZINCMINI
BUY,0.75,0.97,0.0821,0.453571,0.0821,0.023684,,13.75,,825,346.65,ib_break_up,ib_break,2026-04-22T08:15:00+00:00,350.55,trail_stop,2026-04-24T13:56:00+00:00,47.503045,8.598433,2.250043,2081,strong,0.0595,51.157125,9.259843,1733.3,344.9167,1000,1,0.609013,0.110236,76.126675,13.779541,0.624,trend_up,20,346.0,ib_break_up,346.5,345.3,45.804629,8.291006,3760.56,2.169596,43.257004,7.829866,3551.4,2.048924,1.0,3900.0,7.917174,1.433071,1000,1.1251,2026-04-24,21.112058,3.821452,commodity_futures,ZINCMINI,42.222899,7.642684,350.1165,positional,ZINCMINI
SELL,0.75,-2.121,0.1571,0.457143,0.1571,0.044873,,16.3667,,982,350.1,ib_break_down,ib_break,2026-04-27T10:52:00+00:00,346.15,trail_stop,2026-04-27T17:07:00+00:00,25.143221,8.640622,2.256498,375,neutral,0.0492,19.414386,6.671875,1750.5,351.8505,1000,1,3.819223,1.3125,36.600891,12.578121,0.686957,trend_down,30,351.6,ib_break_down,352.7,351.6,24.256843,8.336013,3810.75,2.176949,22.927276,7.879099,3601.88,2.057626,1.0,3950.0,-9.548059,-3.28125,1000,1.1282,2026-04-27,11.142584,3.829218,commodity_futures,ZINCMINI,22.285169,7.658435,346.599,positional,ZINCMINI
SELL,0.75,-0.938,0.375,1.878571,0.375,0.110165,,10.1667,,610,340.4,ib_break_down,ib_break,2026-04-28T04:40:00+00:00,339.6,trail_stop,2026-04-28T15:52:00+00:00,2.133333,0.425856,0.324544,672,weak,0.0265,20.133333,4.019011,2465.0,342.865,1000,1,5.866667,1.171103,14.266667,2.847909,0.149533,trend_down,5,343.3,ib_break_down,344.6,340.7,1.770667,0.35346,664.0,0.269371,1.226667,0.244867,460.0,0.186613,1.0,800.0,-7.733333,-1.543726,1000,0.235,2026-04-28,6.573333,1.312168,commodity_futures,ZINCMINI,13.146667,2.624335,335.47,positional,ZINCMINI
SELL,0.75,-3.25,0.1036,0.560714,0.1036,0.030279,,18.7,,1122,342.15,ib_break_down,ib_break,2026-05-01T13:12:00+00:00,343.95,stop_loss,2026-05-01T13:54:00+00:00,-17.374517,-3.210193,-1.052201,42,neutral,0.2857,13.513514,2.496815,1710.7,343.8607,1000,1,17.374517,3.210193,1.447876,0.267516,-12.000003,trend_down,7,343.3,ib_break_down,343.6,342.8,-18.699035,-3.454916,-1937.22,-1.132414,-20.685811,-3.822002,-2143.05,-1.252733,1.0,-1800.0,-11.100386,-2.050955,1000,-0.5261,2026-05-01,16.512548,3.050931,commodity_futures,ZINCMINI,33.026062,6.102041,338.7285,positional,ZINCMINI
BUY,0.75,0.281,0.1679,0.839286,0.1679,0.048737,,21.4333,,1286,344.5,ib_break_up,ib_break,2026-05-01T15:56:00+00:00,343.25,value_migration_reversal,2026-05-01T16:31:00+00:00,-7.444908,-1.489361,-0.725689,35,strong,0.3929,8.338297,1.668085,1722.5,342.7775,1000,1,7.742704,1.548936,0.0,0.0,,trend_down,18,345.1,ib_break_up,346.2,343.3,-8.264145,-1.653251,-1387.55,-0.805544,-9.493002,-1.899084,-1593.88,-0.925327,1.0,-1250.0,-3.573556,-0.714894,1000,-0.3628,2026-05-01,10.259083,2.05234,commodity_futures,ZINCMINI,20.518166,4.104679,347.945,positional,ZINCMINI
BUY,0.75,0.688,0.0607,0.675,0.0607,0.017633,,10.05,,603,344.25,ib_break_up,ib_break,2026-05-04T04:33:00+00:00,342.3,stop_loss,2026-05-04T07:59:00+00:00,-32.125206,-2.888889,-1.132931,206,strong,0.1389,29.654036,2.666667,1721.2,342.5288,1000,1,32.125206,2.888889,0.0,0.0,,trend_up,5,343.7,ib_break_up,344.2,343.1,-34.387315,-3.092311,-2087.31,-1.212706,-37.780478,-3.397444,-2293.28,-1.33237,1.0,-1950.0,9.060956,0.814815,1000,-0.5664,2026-05-04,28.355848,2.549926,commodity_futures,ZINCMINI,56.713344,5.1,347.6925,positional,ZINCMINI
SELL,0.75,-1.656,0.0929,0.432143,0.0929,0.02718,,15.7667,,946,341.8,ib_break_down,ib_break,2026-05-04T10:16:00+00:00,343.65,stop_loss,2026-05-04T15:09:00+00:00,-19.913886,-4.28099,-1.082504,293,weak,0.2222,19.375673,4.165289,1709.0,343.509,1000,1,19.913886,4.28099,1.614639,0.347107,-12.333336,trend_down,28,343.3,ib_break_down,343.9,342.6,-21.389559,-4.598223,-1987.09,-1.162721,-23.603068,-5.074073,-2192.72,-1.283046,1.0,-1850.0,-16.146394,-3.471074,1000,-0.5413,2026-05-04,18.396125,3.954709,commodity_futures,ZINCMINI,36.79225,7.909419,338.382,positional,ZINCMINI
BUY,0.75,0.656,0.0643,0.414286,0.0643,0.018719,,10.3667,,622,343.5,ib_break_up,ib_break,2026-05-05T04:52:00+00:00,347.95,trail_stop,2026-05-06T07:20:00+00:00,69.206843,10.741372,2.590975,1018,strong,0.0667,23.328149,3.62069,1717.5,341.7825,1000,1,9.33126,1.448275,96.423017,14.965507,0.717742,trend_up,6,342.8,ib_break_up,343.3,342.6,67.056143,10.407569,4311.71,2.510457,63.830093,9.906864,4104.27,2.38968,1.0,4450.0,10.88647,1.689655,1000,1.2955,2026-05-06,26.710731,4.145687,commodity_futures,ZINCMINI,53.421462,8.291374,346.935,positional,ZINCMINI
BUY,0.75,0.25,0.0643,0.425,0.0643,0.018525,,10.55,,633,347.1,ib_break_up,ib_break,2026-05-07T05:03:00+00:00,356.75,trail_stop,2026-05-12T06:00:00+00:00,150.07776,22.705882,5.560357,2667,strong,0.1765,13.219285,2.0,1735.5,345.3645,1000,1,13.99689,2.117647,177.293935,26.823529,0.846491,trend_up,7,346.8,ib_break_up,346.9,346.5,147.888491,22.374659,9509.23,5.479245,144.604588,21.877824,9298.08,5.357577,1.0,9650.0,4.66563,0.705882,1000,2.7802,2026-05-12,26.990669,4.083529,commodity_futures,ZINCMINI,53.981337,8.167059,350.571,positional,ZINCMINI
BUY,0.75,3.875,0.225,0.857143,0.225,0.062718,,15.0167,,901,358.75,ib_break_up,ib_break,2026-05-12T09:31:00+00:00,362.0,trail_stop,2026-05-12T15:17:00+00:00,14.444444,3.791666,1.811897,346,strong,0.0714,15.555556,4.083333,1793.7,356.9563,1000,1,2.888889,0.758333,24.0,6.299999,0.601852,trend_up,25,357.3,ib_break_up,358.5,356.1,13.803778,3.623491,3105.85,1.731533,12.842778,3.371229,2889.62,1.610986,1.0,3250.0,6.444444,1.691667,1000,0.9059,2026-05-12,7.972,2.09265,commodity_futures,ZINCMINI,15.944444,4.185416,362.3375,positional,ZINCMINI
BUY,0.75,3.848,0.1393,0.875,0.1393,0.038159,,12.6167,,757,365.05,ib_break_up,ib_break,2026-05-13T07:07:00+00:00,363.2,stop_loss,2026-05-13T09:31:00+00:00,-13.280689,-2.114286,-1.013588,144,strong,0.0476,22.613065,3.6,1825.2,363.2248,1000,1,13.280689,2.114286,2.512563,0.4,-5.285714,trend_up,15,363.8,ib_break_up,364.3,363.1,-14.326274,-2.280743,-1995.65,-1.093387,-15.894652,-2.530429,-2214.12,-1.213086,1.0,-1850.0,8.973439,1.428571,1000,-0.5068,2026-05-13,13.102656,2.085943,commodity_futures,ZINCMINI,26.20603,4.172,368.7005,positional,ZINCMINI
BUY,0.75,0.939,0.0714,1.146429,0.0714,0.019522,,11.35,,681,365.75,ib_break_up,ib_break,2026-05-14T05:51:00+00:00,368.85,trail_stop,2026-05-14T12:43:00+00:00,43.417367,2.704049,1.501211,412,strong,0.1089,70.728291,4.404984,2065.0,363.685,1000,1,25.910364,1.613707,73.529412,4.579438,0.590476,trend_up,10,365.0,ib_break_up,365.5,363.2,41.359664,2.575894,2953.08,1.430063,38.273109,2.383663,2732.7,1.323341,1.0,3100.0,10.504202,0.654206,1000,0.8476,2026-05-14,28.921569,1.801245,commodity_futures,ZINCMINI,57.843137,3.602491,369.88,positional,ZINCMINI
BUY,0.75,1.879,0.3036,0.960714,0.3036,0.082623,,19.3667,,1162,367.45,ib_break_up,ib_break,2026-05-14T13:52:00+00:00,363.5,stop_loss,2026-05-15T05:09:00+00:00,-13.01054,-4.111525,-1.049137,347,strong,0.4455,16.633729,5.256506,3765.0,363.685,1000,1,13.01054,4.111525,3.129117,0.988848,-4.157895,trend_up,42,368.7,ib_break_up,370.9,365.0,-13.492062,-4.263693,-4096.19,-1.087965,-14.214345,-4.491946,-4315.48,-1.146208,1.0,-3950.0,-4.11726,-1.301115,1000,-1.075,2026-05-15,12.401186,3.91896,commodity_futures,ZINCMINI,24.802372,7.837921,374.98,positional,ZINCMINI
BUY,0.75,2.324,0.1929,0.935714,0.1929,0.053126,,11.0167,,661,363.1,ib_break_up,ib_break,2026-05-18T05:31:00+00:00,365.75,trail_stop,2026-05-18T13:21:00+00:00,13.737688,2.832062,1.459653,470,strong,0.0988,20.995334,4.328244,1815.5,361.2845,1000,1,4.66563,0.961832,24.624158,5.076337,0.557895,trend_up,9,361.4,ib_break_up,362.5,360.8,12.982011,2.676277,2504.23,1.379361,11.848497,2.4426,2285.57,1.258923,1.0,2650.0,8.812856,1.816794,1000,0.7298,2026-05-18,9.411612,1.94023,commodity_futures,ZINCMINI,18.823224,3.880459,366.731,positional,ZINCMINI
BUY,0.75,1.559,0.1429,0.878571,0.1429,0.03898,,11.9667,,718,366.6,ib_break_up,ib_break,2026-05-19T06:28:00+00:00,364.5,stop_loss,2026-05-19T14:53:00+00:00,-14.695591,-2.390245,-1.145663,505,strong,0.0351,19.944017,3.243902,1833.0,364.767,1000,1,14.695591,2.390245,8.397481,1.365854,-1.75,trend_up,12,364.9,ib_break_up,365.8,364.5,-15.718824,-2.556674,-2246.22,-1.225434,-17.253674,-2.806318,-2465.55,-1.34509,1.0,-2100.0,11.896431,1.934959,1000,-0.5728,2026-05-19,12.827152,2.086342,commodity_futures,ZINCMINI,25.654304,4.172685,370.266,positional,ZINCMINI
BUY,0.75,1.676,0.1107,0.653571,0.1107,0.030139,,10.6833,,641,367.3,ib_break_up,ib_break,2026-05-20T05:11:00+00:00,370.65,trail_stop,2026-05-21T05:36:00+00:00,30.261969,5.125686,1.824122,895,strong,0.1707,18.518519,3.136612,1836.5,365.4635,1000,1,9.033424,1.530056,48.780488,8.2623,0.62037,trend_up,7,366.2,ib_break_up,366.7,365.6,28.928726,4.899866,3202.41,1.743757,26.928862,4.561134,2981.03,1.62321,1.0,3350.0,9.936766,1.68306,1000,0.9121,2026-05-21,16.589883,2.809947,commodity_futures,ZINCMINI,33.179765,5.619894,370.973,positional,ZINCMINI
BUY,0.75,2.343,0.1571,0.814286,0.1571,0.042362,,10.15,,609,370.85,ib_break_up,ib_break,2026-05-22T04:39:00+00:00,368.85,stop_loss,2026-05-22T10:04:00+00:00,-12.730745,-2.456139,-1.078632,325,strong,0.3226,9.866327,1.903509,1854.2,368.9958,1000,1,13.685551,2.64035,0.318269,0.061403,-39.999953,trend_up,5,369.9,ib_break_up,370.3,369.5,-13.672438,-2.63782,-2147.94,-1.158419,-15.084978,-2.910341,-2369.85,-1.278098,1.0,-2000.0,6.047104,1.166667,1000,-0.5393,2026-05-22,11.802673,2.277087,commodity_futures,ZINCMINI,23.605983,4.554297,374.5585,positional,ZINCMINI
BUY,0.75,4.057,0.2107,0.521429,0.2107,0.056496,,12.5833,,755,372.95,ib_break_up,ib_break,2026-05-25T07:05:00+00:00,370.15,stop_loss,2026-05-27T12:13:00+00:00,-13.289037,-5.369859,-1.501502,2046,strong,0.375,9.492169,3.835616,1864.8,371.0852,1000,1,13.289037,5.369859,25.86616,10.452046,-0.513761,trend_up,15,371.1,ib_break_up,371.5,370.7,-13.9944,-5.654883,-2948.62,-1.581199,-15.052444,-6.08242,-3171.55,-1.700745,1.0,-2800.0,8.780256,3.547945,1000,-0.7508,2026-05-27,8.850498,3.576326,commodity_futures,ZINCMINI,17.700522,7.15246,376.6795,positional,ZINCMINI
BUY,0.75,1.667,0.1857,0.446429,0.1857,0.050696,,12.6833,,761,366.3,ib_break_up,ib_break,2026-06-01T07:11:00+00:00,366.5,value_migration_reversal,2026-06-01T13:28:00+00:00,1.077006,0.448,0.1092,377,strong,0.24,6.731287,2.8,1831.5,364.4685,1000,1,0.807754,0.336,9.15455,3.807996,0.117647,trend_up,15,365.5,ib_break_up,366.0,365.2,0.287776,0.119705,53.44,0.029178,-0.896069,-0.372736,-166.4,-0.090854,1.0,200.0,4.308024,1.792,1000,0.0546,2026-06-01,9.862682,4.102556,commodity_futures,ZINCMINI,18.309101,7.615993,369.7,positional,ZINCMINI
BUY,0.75,3.667,0.1107,0.467857,0.1107,0.029943,,10.3333,,620,369.7,ib_break_up,ib_break,2026-06-02T04:50:00+00:00,373.3,trail_stop,2026-06-02T17:37:00+00:00,32.520325,7.694659,1.947525,767,strong,0.3548,14.001807,3.312977,1848.5,367.8515,1000,1,1.806685,0.427481,51.490515,12.18321,0.631579,trend_up,6,368.2,ib_break_up,369.1,368.0,31.177958,7.37704,3451.4,1.867136,29.164408,6.900613,3228.5,1.746551,1.0,3600.0,13.550136,3.206107,1000,0.9738,2026-06-02,16.698284,3.950994,commodity_futures,ZINCMINI,33.396567,7.901987,373.397,positional,ZINCMINI
BUY,0.75,0.471,0.125,0.532143,0.125,0.03349,,10.0167,,601,373.25,ib_break_up,ib_break,2026-06-04T04:31:00+00:00,372.8,value_migration_reversal,2026-06-04T05:25:00+00:00,-3.6,-0.845637,-0.241132,54,strong,0.0345,11.6,2.724832,1866.2,371.3838,1000,1,4.4,1.033557,4.8,1.127516,-0.75,trend_up,5,373.0,ib_break_up,373.1,372.5,-4.79368,-1.126032,-599.21,-0.321086,-6.5842,-1.546624,-823.02,-0.441017,1.0,-450.0,2.0,0.469799,1000,-0.1206,2026-06-04,14.9296,3.506952,commodity_futures,ZINCMINI,18.0,4.228187,375.5,positional,ZINCMINI
SELL,0.75,-2.941,0.1607,0.514286,0.1607,0.043609,,10.8,,648,368.5,ib_break_down,ib_break,2026-06-05T05:18:00+00:00,370.4,stop_loss,2026-06-05T12:11:00+00:00,-11.823273,-3.694442,-1.031208,413,neutral,0.2083,14.934661,4.666667,1842.5,370.3425,1000,1,11.823273,3.694442,14.934661,4.666664,-0.791667,trend_down,8,369.8,ib_break_down,370.4,369.2,-12.742875,-3.981792,-2047.78,-1.111414,-14.122278,-4.412817,-2269.45,-1.231723,1.0,-1900.0,-8.089608,-2.527778,1000,-0.5156,2026-06-05,11.465464,3.582637,commodity_futures,ZINCMINI,22.930927,7.165274,364.815,positional,ZINCMINI
SELL,0.85,-4.265,0.2036,0.835714,0.2036,0.056166,,10.2333,,614,362.5,open_drive_down_below_pval,open_drive,2026-06-08T04:44:00+00:00,366.7,stop_loss,2026-06-09T06:06:00+00:00,-20.628684,-5.025643,-1.0,952,weak,0.24,12.278978,2.991453,4200.0,366.7,1000,1,20.628684,5.025643,1.227898,0.299145,-16.799998,trend_down,5,364.1,open_drive_down_below_pval,364.8,363.3,-21.34499,-5.200152,-4345.84,-1.034724,-22.41945,-5.461916,-4564.6,-1.08681,1.0,-4200.0,-7.858546,-1.91453,1000,-1.1586,2026-06-09,20.628684,5.025643,commodity_futures,ZINCMINI,41.257367,10.051285,354.1,positional,ZINCMINI
SELL,0.75,-0.743,0.2464,0.807143,0.2464,0.068057,,12.8833,,773,362.05,ib_break_down,ib_break,2026-06-10T07:23:00+00:00,359.1,trail_stop,2026-06-11T05:32:00+00:00,11.972403,3.654867,1.629564,759,weak,0.0556,14.61039,4.460177,1810.3,363.8603,1000,1,5.681818,1.734513,19.480519,5.946902,0.614583,trend_down,16,363.3,ib_break_down,364.3,362.9,11.387054,3.476175,2805.77,1.549892,10.50903,3.208137,2589.43,1.430384,1.0,2950.0,-5.073052,-1.548673,1000,0.8148,2026-06-11,7.346997,2.242849,commodity_futures,ZINCMINI,14.693588,4.485574,358.4295,positional,ZINCMINI
BUY,0.75,0.886,0.1857,0.664286,0.1857,0.051634,,13.6833,,821,359.65,ib_break_up,ib_break,2026-06-11T08:11:00+00:00,358.6,value_migration_reversal,2026-06-11T09:16:00+00:00,-5.654281,-1.580644,-0.583885,65,neutral,0.4571,9.423802,2.634409,1798.3,357.8517,1000,1,5.654281,1.580644,0.538503,0.150538,-10.499999,trend_up,19,359.0,ib_break_up,359.5,358.3,-6.427841,-1.796892,-1193.65,-0.663766,-7.58818,-2.121263,-1409.12,-0.783587,1.0,-1050.0,3.500269,0.978495,1000,-0.292,2026-06-11,9.683899,2.707117,commodity_futures,ZINCMINI,19.367259,5.414084,363.2465,positional,ZINCMINI
BUY,0.75,1.143,0.0571,0.439286,0.0571,0.015881,,16.4,,984,359.55,ib_break_up,ib_break,2026-06-11T10:54:00+00:00,364.7,trail_stop,2026-06-12T07:33:00+00:00,90.192644,11.72357,2.864772,669,neutral,0.4,30.647986,3.98374,1797.7,357.7523,1000,1,5.25394,0.682926,121.716287,15.821128,0.741007,trend_up,30,358.7,ib_break_up,359.4,358.3,87.655867,11.39383,5005.15,2.784196,83.850701,10.899221,4787.88,2.663334,1.0,5150.0,14.886165,1.934959,1000,1.4323,2026-06-12,31.483363,4.092323,commodity_futures,ZINCMINI,62.968476,8.184873,363.1455,positional,ZINCMINI
SELL,0.75,-1.694,0.2143,0.6,0.2143,0.058753,,13.9167,,835,364.75,ib_break_down,ib_break,2026-06-12T08:25:00+00:00,365.75,value_migration_reversal,2026-06-12T09:06:00+00:00,-4.666356,-1.666667,-0.548306,41,neutral,0.3824,7.932804,2.833333,1823.8,366.5738,1000,1,4.899673,1.75,1.166589,0.416667,-4.0,trend_down,20,365.7,ib_break_down,366.1,365.3,-5.34811,-1.910167,-1146.1,-0.628413,-6.370742,-2.275417,-1365.25,-0.748574,1.0,-1000.0,-4.433038,-1.583333,1000,-0.2742,2026-06-12,8.510499,3.039667,commodity_futures,ZINCMINI,17.020532,6.079167,361.1025,positional,ZINCMINI
BUY,0.75,0.417,0.0964,0.857143,0.0964,0.026238,,15.9167,,955,367.4,ib_break_up,ib_break,2026-06-12T10:25:00+00:00,369.9,trail_stop,2026-06-15T06:31:00+00:00,25.93361,2.916666,1.360915,636,strong,0.1765,17.634855,1.983333,1837.0,365.563,1000,1,10.373444,1.166666,46.161826,5.191666,0.561798,trend_up,28,365.7,ib_break_up,366.4,365.0,24.403942,2.74463,2352.54,1.280642,22.10944,2.486575,2131.35,1.160234,1.0,2500.0,17.634855,1.983333,1000,0.6805,2026-06-15,19.056017,2.143166,commodity_futures,ZINCMINI,38.112033,4.286333,371.074,positional,ZINCMINI
SELL,0.75,-0.528,0.075,0.642857,0.075,0.020284,,12.4667,,748,369.75,ib_break_down,ib_break,2026-06-15T06:58:00+00:00,370.0,value_migration_reversal,2026-06-15T12:47:00+00:00,-3.333333,-0.388889,-0.13523,349,neutral,0.0943,35.333333,4.122222,1848.7,371.5987,1000,1,9.333333,1.088889,43.333333,5.055557,-0.076923,trend_down,14,371.6,ib_break_down,371.9,370.3,-5.306,-0.619033,-397.95,-0.215259,-8.265,-0.96425,-619.88,-0.335303,1.0,-250.0,-24.666667,-2.877778,1000,-0.0676,2026-06-15,24.649333,2.875756,commodity_futures,ZINCMINI,49.3,5.751668,366.0525,positional,ZINCMINI
SELL,0.75,-0.611,0.0571,0.632143,0.0571,0.015518,,10.3667,,622,367.95,ib_break_down,ib_break,2026-06-16T04:52:00+00:00,369.9,stop_loss,2026-06-17T08:28:00+00:00,-34.150613,-3.084745,-1.059955,1086,neutral,0.0976,35.901926,3.242938,1839.7,369.7897,1000,1,34.150613,3.084745,42.90718,3.875705,-0.795918,trend_down,6,368.3,ib_break_down,368.9,368.1,-36.735026,-3.318189,-2097.57,-1.14017,-40.611646,-3.668355,-2318.93,-1.260491,1.0,-1950.0,-6.129597,-0.553672,1000,-0.53,2026-06-17,32.218914,2.910259,commodity_futures,ZINCMINI,64.43958,5.820677,364.2705,positional,ZINCMINI
BUY,0.75,2.167,0.1429,0.675,0.1429,0.038611,,14.35,,861,370.1,ib_break_up,ib_break,2026-06-17T08:51:00+00:00,368.1,stop_loss,2026-06-18T03:45:00+00:00,-13.995801,-2.962963,-1.080789,564,strong,0.0213,32.890133,6.962963,1850.5,368.2495,1000,1,13.995801,2.962963,9.447166,2.0,-1.481481,trend_up,22,367.2,ib_break_up,368.8,366.0,-15.028971,-3.181689,-2147.64,-1.160573,-16.578726,-3.509778,-2369.1,-1.280249,1.0,-2000.0,20.293912,4.296296,1000,-0.5404,2026-06-18,12.949615,2.741481,commodity_futures,ZINCMINI,25.89923,5.482963,373.801,positional,ZINCMINI
SELL,0.75,-1.639,0.15,0.578571,0.15,0.040866,,10.05,,603,367.05,ib_break_down,ib_break,2026-06-18T04:33:00+00:00,368.9,stop_loss,2026-06-18T09:54:00+00:00,-12.333333,-3.197533,-1.008065,321,neutral,0.0222,15.0,3.888889,1835.2,368.8852,1000,1,12.333333,3.197533,3.666667,0.950618,-3.363636,trend_down,5,368.2,ib_break_down,368.9,367.5,-13.3146,-3.451936,-1997.19,-1.088268,-14.7865,-3.83354,-2217.97,-1.208574,1.0,-1850.0,-7.666667,-1.987654,1000,-0.504,2026-06-18,12.234667,3.171953,commodity_futures,ZINCMINI,24.47,6.344079,363.3795,positional,ZINCMINI
BUY,0.75,1.135,0.1,0.646429,0.1,0.027012,,11.7333,,704,370.2,ib_break_up,ib_break,2026-06-19T06:14:00+00:00,368.3,stop_loss,2026-06-19T11:53:00+00:00,-19.0,-2.939225,-1.026472,339,strong,0.0889,22.5,3.480663,1851.0,368.349,1000,1,20.0,3.093921,6.0,0.928176,-3.166667,trend_up,11,368.7,ib_break_up,369.3,368.1,-20.477,-3.167711,-2047.7,-1.106267,-22.6925,-3.51044,-2269.25,-1.225959,1.0,-1900.0,15.0,2.320442,1000,-0.5132,2026-06-19,18.51,2.863424,commodity_futures,ZINCMINI,37.02,5.726847,373.902,positional,ZINCMINI
SELL,0.75,-1.838,0.1107,0.517857,0.1107,0.030147,,19.4,,1164,367.2,ib_break_down,ib_break,2026-06-19T13:54:00+00:00,366.5,contract_roll,2026-06-19T17:59:00+00:00,6.323397,1.351725,0.381264,245,neutral,0.2444,20.325203,4.344828,1836.0,369.036,1000,1,6.775068,1.448276,10.388437,2.22069,0.608696,trend_down,42,369.3,ib_break_down,369.6,368.1,4.997832,1.068364,553.26,0.30134,3.009485,0.643324,333.15,0.181454,1.0,700.0,-18.97019,-4.055172,1000,0.1906,2026-06-19,16.585366,3.54538,commodity_futures,ZINCMINI,33.170732,7.090761,363.528,positional,ZINCMINI
BUY,0.75,0.333,0.075,,0.075,0.0204,,10.0333,,602,367.65,ib_break_up,ib_break,2026-06-22T04:32:00+00:00,369.1,trail_stop,2026-06-22T15:49:00+00:00,19.333333,,0.788772,677,strong,0.05,13.333333,,1838.3,365.8117,1000,1,4.666667,,44.666667,,0.432836,trend_up,5,367.1,ib_break_up,367.4,366.8,17.368667,,1302.65,0.708617,14.421667,,1081.62,0.588383,1.0,1450.0,7.333333,,1000,0.3944,2026-06-22,24.510667,,commodity_futures,ZINCMINI,26.0,,369.6,positional,ZINCMINI
SELL,0.75,-0.472,0.1179,0.639286,0.1179,0.032064,,10.1833,,611,367.7,ib_break_down,ib_break,2026-06-23T04:41:00+00:00,362.15,trail_stop,2026-06-24T05:32:00+00:00,47.073791,8.68156,3.018765,921,weak,0.037,11.450382,2.111732,1838.5,369.5385,1000,1,4.66497,0.860335,63.189143,11.653626,0.744966,trend_down,5,368.2,ib_break_down,368.5,367.7,45.835708,8.453228,5404.03,2.939369,43.978584,8.110728,5185.07,2.820275,1.0,5550.0,-4.240882,-0.782123,1000,1.5094,2026-06-24,15.593723,2.875865,commodity_futures,ZINCMINI,31.187447,5.751729,364.023,positional,ZINCMINI
SELL,0.75,-1.541,0.2786,0.992857,0.2786,0.077486,,12.5833,,755,359.55,ib_break_down,ib_break,2026-06-24T07:05:00+00:00,355.45,trail_stop,2026-06-24T13:42:00+00:00,14.716439,4.129497,2.280565,397,weak,0.2222,11.306533,3.172662,1797.8,361.3478,1000,1,1.974156,0.553957,23.869347,6.697843,0.616541,trend_down,15,361.1,ib_break_down,362.6,360.4,14.203159,3.985468,3957.0,2.201023,13.433238,3.769425,3742.5,2.081711,1.0,4100.0,-5.563532,-1.561151,1000,1.1403,2026-06-24,6.452979,1.810734,commodity_futures,ZINCMINI,12.905599,3.621367,355.9545,positional,ZINCMINI
SELL,0.75,-0.27,0.1536,1.039286,0.1536,0.043513,,12.55,,753,353.0,ib_break_down,ib_break,2026-06-25T07:03:00+00:00,355.0,stop_loss,2026-06-25T07:32:00+00:00,-13.020833,-1.924398,-1.133144,29,neutral,0.0926,17.578125,2.597938,1765.0,354.765,1000,1,13.020833,1.924398,16.601563,2.453608,-0.784314,trend_down,15,354.5,ib_break_down,355.4,354.0,-13.942708,-2.060645,-2141.6,-1.213371,-15.325521,-2.265017,-2354.0,-1.333711,1.0,-2000.0,-9.765625,-1.443299,1000,-0.5666,2026-06-25,11.490885,1.698281,commodity_futures,ZINCMINI,22.981771,3.396563,349.47,positional,ZINCMINI
BUY,0.75,0.865,0.2536,1.235714,0.2536,0.071026,,13.5333,,812,357.05,ib_break_up,ib_break,2026-06-25T08:02:00+00:00,355.1,stop_loss,2026-06-25T10:46:00+00:00,-7.689274,-1.578035,-1.020942,164,neutral,0.4074,10.646688,2.184971,1910.0,355.14,1000,1,7.886435,1.618497,1.774448,0.364162,-4.333333,trend_up,19,354.5,ib_break_up,356.0,353.8,-8.250907,-1.693296,-2092.43,-1.095513,-9.093356,-1.866188,-2306.07,-1.207369,1.0,-1950.0,10.055205,2.063584,1000,-0.5461,2026-06-25,7.531546,1.545665,commodity_futures,ZINCMINI,15.063091,3.09133,360.87,positional,ZINCMINI
SELL,0.75,-0.27,0.0714,1.221429,0.0714,0.020198,,18.1,,1086,353.5,ib_break_down,ib_break,2026-06-26T12:36:00+00:00,355.8,stop_loss,2026-06-26T13:01:00+00:00,-32.212885,-1.88304,-1.301273,25,neutral,0.0448,46.918768,2.74269,1767.5,355.2675,1000,1,32.212885,1.88304,22.408964,1.309941,-1.4375,trend_down,5,354.5,ib_break_down,356.3,354.3,-34.19972,-1.999183,-2441.86,-1.381533,-37.179972,-2.173397,-2654.65,-1.501924,1.0,-2300.0,-14.005602,-0.818713,1000,-0.6506,2026-06-26,24.754902,1.447076,commodity_futures,ZINCMINI,49.509804,2.894151,349.965,positional,ZINCMINI
SELL,0.75,-1.568,0.1143,0.514286,0.1143,0.031614,,10.15,,609,361.55,ib_break_down,ib_break,2026-07-01T04:39:00+00:00,363.4,stop_loss,2026-07-01T13:43:00+00:00,-16.185477,-3.59722,-1.023343,544,neutral,0.1429,15.310586,3.402778,1807.8,363.3578,1000,1,17.060367,3.791665,19.685039,4.374998,-0.822222,trend_down,5,362.3,ib_break_down,363.1,362.0,-17.453981,-3.879145,-1994.99,-1.103546,-19.356737,-4.302032,-2212.47,-1.223849,1.0,-1850.0,-6.56168,-1.458333,1000,-0.5117,2026-07-01,15.816273,3.515165,commodity_futures,ZINCMINI,31.631671,7.030135,357.9345,positional,ZINCMINI
SELL,0.75,-2.622,0.1571,0.635714,0.1571,0.043694,,10.5167,,631,359.55,ib_break_down,ib_break,2026-07-02T05:01:00+00:00,362.25,stop_loss,2026-07-03T03:45:00+00:00,-17.186505,-4.247193,-1.501836,794,weak,0.2647,10.821133,2.674157,1797.8,361.3478,1000,1,17.186505,4.247193,12.094208,2.988765,-1.421053,trend_down,7,360.8,ib_break_down,361.5,360.5,-18.105411,-4.474276,-2844.36,-1.582134,-19.483768,-4.814901,-3060.9,-1.702581,1.0,-2700.0,-7.956715,-1.966292,1000,-0.7509,2026-07-03,11.443666,2.828001,commodity_futures,ZINCMINI,22.886696,5.655845,355.9545,positional,ZINCMINI
BUY,0.75,1.553,0.0857,0.592857,0.0857,0.02356,,11.7167,,703,363.75,ib_break_up,ib_break,2026-07-03T06:13:00+00:00,366.6,hold_to_end,2026-07-03T17:58:00+00:00,33.255543,4.80723,1.566967,706,strong,0.1321,30.92182,4.46988,1818.8,361.9312,1000,1,4.667445,0.674699,36.172695,5.228917,0.919355,trend_up,11,363.1,ib_break_up,363.5,362.5,31.551109,4.560847,2703.93,1.486656,28.994457,4.191272,2484.82,1.366189,1.0,2850.0,7.584597,1.096386,1000,0.7835,2026-07-03,21.22287,3.067856,commodity_futures,ZINCMINI,42.444574,6.135544,367.3875,positional,ZINCMINI
