strategy,series_id,expiry,option_type,entry_time,entry_price,spot_at_entry,exit_time,exit_reason,blended_return,poc,vah,val,ibh,ibl,ppoc,target_override
baseline_both,SENSEX|weekly|2025-04-08,2025-04-08,CE,2025-04-07 15:10:00+05:30,30.25,73181.14,2025-04-08 15:30:00+05:30,hold_to_end,-99.8347,72450.0,72850.0,72100.0,73149.12,71425.01,75450.0,0.0
mp_poc_filter,SENSEX|weekly|2025-04-08,2025-04-08,CE,2025-04-07 15:10:00+05:30,30.25,73181.14,2025-04-08 15:30:00+05:30,hold_to_end,-99.8347,72450.0,72850.0,72100.0,73149.12,71425.01,75450.0,0.0
mp_ib_breakout,SENSEX|weekly|2025-04-08,2025-04-08,CE,2025-04-07 15:10:00+05:30,30.25,73181.14,2025-04-08 15:30:00+05:30,hold_to_end,-99.8347,72450.0,72850.0,72100.0,73149.12,71425.01,75450.0,0.0
mp_va_outside,SENSEX|weekly|2025-04-08,2025-04-08,CE,2025-04-07 15:10:00+05:30,30.25,73181.14,2025-04-08 15:30:00+05:30,hold_to_end,-99.8347,72450.0,72850.0,72100.0,73149.12,71425.01,75450.0,0.0
mp_ppoc_target,SENSEX|weekly|2025-04-08,2025-04-08,CE,2025-04-07 15:10:00+05:30,30.25,73181.14,2025-04-08 09:15:00+05:30,mp_target_hit,15.0,72450.0,72850.0,72100.0,73149.12,71425.01,75450.0,15.0
mp_combo_best,SENSEX|weekly|2025-04-08,2025-04-08,CE,2025-04-07 15:10:00+05:30,30.25,73181.14,2025-04-08 15:30:00+05:30,hold_to_end,-99.8347,72450.0,72850.0,72100.0,73149.12,71425.01,75450.0,0.0
mp_poc_target,SENSEX|weekly|2025-04-08,2025-04-08,CE,2025-04-07 15:10:00+05:30,30.25,73181.14,2025-04-08 09:15:00+05:30,mp_target_hit,15.0,72450.0,72850.0,72100.0,73149.12,71425.01,75450.0,15.0
baseline_both,SENSEX|weekly|2025-04-08,2025-04-08,PE,2025-04-03 14:30:00+05:30,332.05,76303.53,2025-04-04 09:15:00+05:30,target_hit,30.0,76300.0,76450.0,76250.0,76423.82,75807.55,,0.0
mp_ppoc_filter,SENSEX|weekly|2025-04-08,2025-04-08,PE,2025-04-03 14:30:00+05:30,332.05,76303.53,2025-04-04 09:15:00+05:30,target_hit,30.0,76300.0,76450.0,76250.0,76423.82,75807.55,,0.0
mp_va_inside,SENSEX|weekly|2025-04-08,2025-04-08,PE,2025-04-03 14:30:00+05:30,332.05,76303.53,2025-04-04 09:15:00+05:30,target_hit,30.0,76300.0,76450.0,76250.0,76423.82,75807.55,,0.0
mp_ppoc_target,SENSEX|weekly|2025-04-08,2025-04-08,PE,2025-04-03 14:30:00+05:30,332.05,76303.53,2025-04-04 09:15:00+05:30,target_hit,30.0,76300.0,76450.0,76250.0,76423.82,75807.55,,0.0
mp_fa_reversal,SENSEX|weekly|2025-04-08,2025-04-08,PE,2025-04-03 14:30:00+05:30,332.05,76303.53,2025-04-04 09:15:00+05:30,target_hit,30.0,76300.0,76450.0,76250.0,76423.82,75807.55,,0.0
mp_poc_target,SENSEX|weekly|2025-04-08,2025-04-08,PE,2025-04-03 14:30:00+05:30,332.05,76303.53,2025-04-03 15:20:00+05:30,mp_target_hit,15.0,76300.0,76450.0,76250.0,76423.82,75807.55,,15.0
baseline_both,SENSEX|weekly|2025-04-08,2025-04-08,PE,2025-04-08 15:05:00+05:30,1892.9,74213.18,2025-04-08 15:30:00+05:30,hold_to_end,-0.8188,74200.0,74700.0,73900.0,74421.65,73797.13,72450.0,0.0
mp_va_inside,SENSEX|weekly|2025-04-08,2025-04-08,PE,2025-04-08 15:05:00+05:30,1892.9,74213.18,2025-04-08 15:30:00+05:30,hold_to_end,-0.8188,74200.0,74700.0,73900.0,74421.65,73797.13,72450.0,0.0
mp_ppoc_target,SENSEX|weekly|2025-04-08,2025-04-08,PE,2025-04-08 15:05:00+05:30,1892.9,74213.18,2025-04-08 15:30:00+05:30,hold_to_end,-0.8188,74200.0,74700.0,73900.0,74421.65,73797.13,72450.0,15.0
mp_fa_reversal,SENSEX|weekly|2025-04-08,2025-04-08,PE,2025-04-08 15:05:00+05:30,1892.9,74213.18,2025-04-08 15:30:00+05:30,hold_to_end,-0.8188,74200.0,74700.0,73900.0,74421.65,73797.13,72450.0,0.0
mp_poc_target,SENSEX|weekly|2025-04-08,2025-04-08,PE,2025-04-08 15:05:00+05:30,1892.9,74213.18,2025-04-08 15:30:00+05:30,hold_to_end,-0.8188,74200.0,74700.0,73900.0,74421.65,73797.13,72450.0,15.0
baseline_both,SENSEX|weekly|2025-04-15,2025-04-15,CE,2025-04-07 14:30:00+05:30,135.1,72608.1,2025-04-07 15:10:00+05:30,target_hit,30.0,72450.0,72850.0,72100.0,73149.12,71425.01,75450.0,0.0
mp_poc_filter,SENSEX|weekly|2025-04-15,2025-04-15,CE,2025-04-07 14:30:00+05:30,135.1,72608.1,2025-04-07 15:10:00+05:30,target_hit,30.0,72450.0,72850.0,72100.0,73149.12,71425.01,75450.0,0.0
mp_va_inside,SENSEX|weekly|2025-04-15,2025-04-15,CE,2025-04-07 14:30:00+05:30,135.1,72608.1,2025-04-07 15:10:00+05:30,target_hit,30.0,72450.0,72850.0,72100.0,73149.12,71425.01,75450.0,0.0
mp_ppoc_target,SENSEX|weekly|2025-04-15,2025-04-15,CE,2025-04-07 14:30:00+05:30,135.1,72608.1,2025-04-07 15:00:00+05:30,mp_target_hit,15.0,72450.0,72850.0,72100.0,73149.12,71425.01,75450.0,15.0
mp_poc_target,SENSEX|weekly|2025-04-15,2025-04-15,CE,2025-04-07 14:30:00+05:30,135.1,72608.1,2025-04-07 15:00:00+05:30,mp_target_hit,15.0,72450.0,72850.0,72100.0,73149.12,71425.01,75450.0,15.0
baseline_both,SENSEX|weekly|2025-04-15,2025-04-15,CE,2025-04-08 11:10:00+05:30,196.8,74110.18,2025-04-08 12:25:00+05:30,target_hit,30.0,74200.0,74700.0,73900.0,74421.65,73797.13,72450.0,0.0
mp_ppoc_filter,SENSEX|weekly|2025-04-15,2025-04-15,CE,2025-04-08 11:10:00+05:30,196.8,74110.18,2025-04-08 12:25:00+05:30,target_hit,30.0,74200.0,74700.0,73900.0,74421.65,73797.13,72450.0,0.0
mp_va_inside,SENSEX|weekly|2025-04-15,2025-04-15,CE,2025-04-08 11:10:00+05:30,196.8,74110.18,2025-04-08 12:25:00+05:30,target_hit,30.0,74200.0,74700.0,73900.0,74421.65,73797.13,72450.0,0.0
mp_ppoc_target,SENSEX|weekly|2025-04-15,2025-04-15,CE,2025-04-08 11:10:00+05:30,196.8,74110.18,2025-04-08 12:10:00+05:30,mp_target_hit,15.0,74200.0,74700.0,73900.0,74421.65,73797.13,72450.0,15.0
mp_fa_reversal,SENSEX|weekly|2025-04-15,2025-04-15,CE,2025-04-08 11:10:00+05:30,196.8,74110.18,2025-04-08 12:25:00+05:30,target_hit,30.0,74200.0,74700.0,73900.0,74421.65,73797.13,72450.0,0.0
mp_poc_target,SENSEX|weekly|2025-04-15,2025-04-15,CE,2025-04-08 11:10:00+05:30,196.8,74110.18,2025-04-08 12:10:00+05:30,mp_target_hit,15.0,74200.0,74700.0,73900.0,74421.65,73797.13,72450.0,15.0
baseline_both,SENSEX|weekly|2025-04-15,2025-04-15,CE,2025-04-09 15:10:00+05:30,130.7,73863.19,2025-04-11 09:15:00+05:30,target_hit,30.0,73850.0,73950.0,73750.0,74103.83,73673.06,74200.0,0.0
mp_poc_filter,SENSEX|weekly|2025-04-15,2025-04-15,CE,2025-04-09 15:10:00+05:30,130.7,73863.19,2025-04-11 09:15:00+05:30,target_hit,30.0,73850.0,73950.0,73750.0,74103.83,73673.06,74200.0,0.0
mp_va_inside,SENSEX|weekly|2025-04-15,2025-04-15,CE,2025-04-09 15:10:00+05:30,130.7,73863.19,2025-04-11 09:15:00+05:30,target_hit,30.0,73850.0,73950.0,73750.0,74103.83,73673.06,74200.0,0.0
mp_ppoc_target,SENSEX|weekly|2025-04-15,2025-04-15,CE,2025-04-09 15:10:00+05:30,130.7,73863.19,2025-04-11 09:15:00+05:30,mp_target_hit,15.0,73850.0,73950.0,73750.0,74103.83,73673.06,74200.0,15.0
mp_poc_target,SENSEX|weekly|2025-04-15,2025-04-15,CE,2025-04-09 15:10:00+05:30,130.7,73863.19,2025-04-11 09:15:00+05:30,mp_target_hit,15.0,73850.0,73950.0,73750.0,74103.83,73673.06,74200.0,15.0
baseline_both,SENSEX|weekly|2025-04-15,2025-04-15,CE,2025-04-11 14:55:00+05:30,273.55,75104.68,2025-04-15 09:15:00+05:30,target_hit,30.0,75100.0,75350.0,74950.0,75319.35,74762.84,73850.0,0.0
mp_poc_filter,SENSEX|weekly|2025-04-15,2025-04-15,CE,2025-04-11 14:55:00+05:30,273.55,75104.68,2025-04-15 09:15:00+05:30,target_hit,30.0,75100.0,75350.0,74950.0,75319.35,74762.84,73850.0,0.0
mp_ppoc_filter,SENSEX|weekly|2025-04-15,2025-04-15,CE,2025-04-11 14:55:00+05:30,273.55,75104.68,2025-04-15 09:15:00+05:30,target_hit,30.0,75100.0,75350.0,74950.0,75319.35,74762.84,73850.0,0.0
mp_va_inside,SENSEX|weekly|2025-04-15,2025-04-15,CE,2025-04-11 14:55:00+05:30,273.55,75104.68,2025-04-15 09:15:00+05:30,target_hit,30.0,75100.0,75350.0,74950.0,75319.35,74762.84,73850.0,0.0
mp_ppoc_target,SENSEX|weekly|2025-04-15,2025-04-15,CE,2025-04-11 14:55:00+05:30,273.55,75104.68,2025-04-11 15:00:00+05:30,mp_target_hit,15.0,75100.0,75350.0,74950.0,75319.35,74762.84,73850.0,15.0
mp_poc_target,SENSEX|weekly|2025-04-15,2025-04-15,CE,2025-04-11 14:55:00+05:30,273.55,75104.68,2025-04-11 15:00:00+05:30,mp_target_hit,15.0,75100.0,75350.0,74950.0,75319.35,74762.84,73850.0,15.0
baseline_both,SENSEX|weekly|2025-04-15,2025-04-15,PE,2025-04-03 14:30:00+05:30,470.3,76303.53,2025-04-04 09:15:00+05:30,target_hit,30.0,76300.0,76450.0,76250.0,76423.82,75807.55,,0.0
mp_ppoc_filter,SENSEX|weekly|2025-04-15,2025-04-15,PE,2025-04-03 14:30:00+05:30,470.3,76303.53,2025-04-04 09:15:00+05:30,target_hit,30.0,76300.0,76450.0,76250.0,76423.82,75807.55,,0.0
mp_va_inside,SENSEX|weekly|2025-04-15,2025-04-15,PE,2025-04-03 14:30:00+05:30,470.3,76303.53,2025-04-04 09:15:00+05:30,target_hit,30.0,76300.0,76450.0,76250.0,76423.82,75807.55,,0.0
mp_ppoc_target,SENSEX|weekly|2025-04-15,2025-04-15,PE,2025-04-03 14:30:00+05:30,470.3,76303.53,2025-04-04 09:15:00+05:30,target_hit,30.0,76300.0,76450.0,76250.0,76423.82,75807.55,,0.0
mp_fa_reversal,SENSEX|weekly|2025-04-15,2025-04-15,PE,2025-04-03 14:30:00+05:30,470.3,76303.53,2025-04-04 09:15:00+05:30,target_hit,30.0,76300.0,76450.0,76250.0,76423.82,75807.55,,0.0
mp_poc_target,SENSEX|weekly|2025-04-15,2025-04-15,PE,2025-04-03 14:30:00+05:30,470.3,76303.53,2025-04-04 09:15:00+05:30,mp_target_hit,15.0,76300.0,76450.0,76250.0,76423.82,75807.55,,15.0
baseline_both,SENSEX|weekly|2025-04-15,2025-04-15,PE,2025-04-09 09:15:00+05:30,2462.3,73834.67,2025-04-15 15:30:00+05:30,hold_to_end,-99.998,73850.0,73950.0,73750.0,74103.83,73673.06,74200.0,0.0
mp_poc_filter,SENSEX|weekly|2025-04-15,2025-04-15,PE,2025-04-09 09:15:00+05:30,2462.3,73834.67,2025-04-15 15:30:00+05:30,hold_to_end,-99.998,73850.0,73950.0,73750.0,74103.83,73673.06,74200.0,0.0
mp_ppoc_filter,SENSEX|weekly|2025-04-15,2025-04-15,PE,2025-04-09 09:15:00+05:30,2462.3,73834.67,2025-04-15 15:30:00+05:30,hold_to_end,-99.998,73850.0,73950.0,73750.0,74103.83,73673.06,74200.0,0.0
mp_va_inside,SENSEX|weekly|2025-04-15,2025-04-15,PE,2025-04-09 09:15:00+05:30,2462.3,73834.67,2025-04-15 15:30:00+05:30,hold_to_end,-99.998,73850.0,73950.0,73750.0,74103.83,73673.06,74200.0,0.0
mp_ppoc_target,SENSEX|weekly|2025-04-15,2025-04-15,PE,2025-04-09 09:15:00+05:30,2462.3,73834.67,2025-04-15 15:30:00+05:30,hold_to_end,-99.998,73850.0,73950.0,73750.0,74103.83,73673.06,74200.0,15.0
mp_poc_target,SENSEX|weekly|2025-04-15,2025-04-15,PE,2025-04-09 09:15:00+05:30,2462.3,73834.67,2025-04-15 15:30:00+05:30,hold_to_end,-99.998,73850.0,73950.0,73750.0,74103.83,73673.06,74200.0,15.0
baseline_both,SENSEX|weekly|2025-04-22,2025-04-22,CE,2025-04-09 12:15:00+05:30,1171.25,73898.3,2025-04-11 09:15:00+05:30,target_hit,30.0,73850.0,73950.0,73750.0,74103.83,73673.06,,0.0
mp_poc_filter,SENSEX|weekly|2025-04-22,2025-04-22,CE,2025-04-09 12:15:00+05:30,1171.25,73898.3,2025-04-11 09:15:00+05:30,target_hit,30.0,73850.0,73950.0,73750.0,74103.83,73673.06,,0.0
mp_ppoc_filter,SENSEX|weekly|2025-04-22,2025-04-22,CE,2025-04-09 12:15:00+05:30,1171.25,73898.3,2025-04-11 09:15:00+05:30,target_hit,30.0,73850.0,73950.0,73750.0,74103.83,73673.06,,0.0
mp_va_inside,SENSEX|weekly|2025-04-22,2025-04-22,CE,2025-04-09 12:15:00+05:30,1171.25,73898.3,2025-04-11 09:15:00+05:30,target_hit,30.0,73850.0,73950.0,73750.0,74103.83,73673.06,,0.0
mp_ppoc_target,SENSEX|weekly|2025-04-22,2025-04-22,CE,2025-04-09 12:15:00+05:30,1171.25,73898.3,2025-04-11 09:15:00+05:30,target_hit,30.0,73850.0,73950.0,73750.0,74103.83,73673.06,,0.0
mp_poc_target,SENSEX|weekly|2025-04-22,2025-04-22,CE,2025-04-09 12:15:00+05:30,1171.25,73898.3,2025-04-11 09:15:00+05:30,mp_target_hit,15.0,73850.0,73950.0,73750.0,74103.83,73673.06,,15.0
baseline_both,SENSEX|weekly|2025-04-22,2025-04-22,CE,2025-04-15 09:25:00+05:30,2955.45,76691.8,2025-04-17 13:00:00+05:30,target_hit,30.0,76750.0,76850.0,76650.0,76907.63,76435.07,75100.0,0.0
mp_ppoc_filter,SENSEX|weekly|2025-04-22,2025-04-22,CE,2025-04-15 09:25:00+05:30,2955.45,76691.8,2025-04-17 13:00:00+05:30,target_hit,30.0,76750.0,76850.0,76650.0,76907.63,76435.07,75100.0,0.0
mp_va_inside,SENSEX|weekly|2025-04-22,2025-04-22,CE,2025-04-15 09:25:00+05:30,2955.45,76691.8,2025-04-17 13:00:00+05:30,target_hit,30.0,76750.0,76850.0,76650.0,76907.63,76435.07,75100.0,0.0
mp_ppoc_target,SENSEX|weekly|2025-04-22,2025-04-22,CE,2025-04-15 09:25:00+05:30,2955.45,76691.8,2025-04-17 12:15:00+05:30,mp_target_hit,15.0,76750.0,76850.0,76650.0,76907.63,76435.07,75100.0,15.0
mp_poc_target,SENSEX|weekly|2025-04-22,2025-04-22,CE,2025-04-15 09:25:00+05:30,2955.45,76691.8,2025-04-17 12:15:00+05:30,mp_target_hit,15.0,76750.0,76850.0,76650.0,76907.63,76435.07,75100.0,15.0
baseline_both,SENSEX|weekly|2025-04-22,2025-04-22,PE,2025-04-09 13:50:00+05:30,1134.85,73856.95,2025-04-22 15:30:00+05:30,hold_to_end,-99.9956,73850.0,73950.0,73750.0,74103.83,73673.06,,0.0
mp_ppoc_filter,SENSEX|weekly|2025-04-22,2025-04-22,PE,2025-04-09 13:50:00+05:30,1134.85,73856.95,2025-04-22 15:30:00+05:30,hold_to_end,-99.9956,73850.0,73950.0,73750.0,74103.83,73673.06,,0.0
mp_va_inside,SENSEX|weekly|2025-04-22,2025-04-22,PE,2025-04-09 13:50:00+05:30,1134.85,73856.95,2025-04-22 15:30:00+05:30,hold_to_end,-99.9956,73850.0,73950.0,73750.0,74103.83,73673.06,,0.0
mp_ppoc_target,SENSEX|weekly|2025-04-22,2025-04-22,PE,2025-04-09 13:50:00+05:30,1134.85,73856.95,2025-04-22 15:30:00+05:30,hold_to_end,-99.9956,73850.0,73950.0,73750.0,74103.83,73673.06,,0.0
mp_poc_target,SENSEX|weekly|2025-04-22,2025-04-22,PE,2025-04-09 13:50:00+05:30,1134.85,73856.95,2025-04-22 15:30:00+05:30,hold_to_end,-99.9956,73850.0,73950.0,73750.0,74103.83,73673.06,,15.0
baseline_both,SENSEX|weekly|2025-05-06,2025-05-06,CE,2025-04-23 09:15:00+05:30,909.05,80032.67,2025-05-02 09:30:00+05:30,target_hit,30.0,80000.0,80150.0,79750.0,80254.55,79718.3,79600.0,0.0
mp_poc_filter,SENSEX|weekly|2025-05-06,2025-05-06,CE,2025-04-23 09:15:00+05:30,909.05,80032.67,2025-05-02 09:30:00+05:30,target_hit,30.0,80000.0,80150.0,79750.0,80254.55,79718.3,79600.0,0.0
mp_ppoc_filter,SENSEX|weekly|2025-05-06,2025-05-06,CE,2025-04-23 09:15:00+05:30,909.05,80032.67,2025-05-02 09:30:00+05:30,target_hit,30.0,80000.0,80150.0,79750.0,80254.55,79718.3,79600.0,0.0
mp_va_inside,SENSEX|weekly|2025-05-06,2025-05-06,CE,2025-04-23 09:15:00+05:30,909.05,80032.67,2025-05-02 09:30:00+05:30,target_hit,30.0,80000.0,80150.0,79750.0,80254.55,79718.3,79600.0,0.0
mp_ppoc_target,SENSEX|weekly|2025-05-06,2025-05-06,CE,2025-04-23 09:15:00+05:30,909.05,80032.67,2025-04-23 09:25:00+05:30,mp_target_hit,15.0,80000.0,80150.0,79750.0,80254.55,79718.3,79600.0,15.0
mp_fa_reversal,SENSEX|weekly|2025-05-06,2025-05-06,CE,2025-04-23 09:15:00+05:30,909.05,80032.67,2025-05-02 09:30:00+05:30,target_hit,30.0,80000.0,80150.0,79750.0,80254.55,79718.3,79600.0,0.0
mp_poc_target,SENSEX|weekly|2025-05-06,2025-05-06,CE,2025-04-23 09:15:00+05:30,909.05,80032.67,2025-04-23 09:25:00+05:30,mp_target_hit,15.0,80000.0,80150.0,79750.0,80254.55,79718.3,79600.0,15.0
baseline_both,SENSEX|weekly|2025-05-06,2025-05-06,CE,2025-05-02 13:45:00+05:30,918.5,80649.93,2025-05-06 15:30:00+05:30,hold_to_end,-30.0163,80400.0,80750.0,80250.0,81177.93,80235.36,80300.0,0.0
mp_poc_filter,SENSEX|weekly|2025-05-06,2025-05-06,CE,2025-05-02 13:45:00+05:30,918.5,80649.93,2025-05-06 15:30:00+05:30,hold_to_end,-30.0163,80400.0,80750.0,80250.0,81177.93,80235.36,80300.0,0.0
mp_ppoc_filter,SENSEX|weekly|2025-05-06,2025-05-06,CE,2025-05-02 13:45:00+05:30,918.5,80649.93,2025-05-06 15:30:00+05:30,hold_to_end,-30.0163,80400.0,80750.0,80250.0,81177.93,80235.36,80300.0,0.0
mp_va_inside,SENSEX|weekly|2025-05-06,2025-05-06,CE,2025-05-02 13:45:00+05:30,918.5,80649.93,2025-05-06 15:30:00+05:30,hold_to_end,-30.0163,80400.0,80750.0,80250.0,81177.93,80235.36,80300.0,0.0
mp_ppoc_target,SENSEX|weekly|2025-05-06,2025-05-06,CE,2025-05-02 13:45:00+05:30,918.5,80649.93,2025-05-05 10:00:00+05:30,mp_target_hit,15.0,80400.0,80750.0,80250.0,81177.93,80235.36,80300.0,15.0
mp_fa_reversal,SENSEX|weekly|2025-05-06,2025-05-06,CE,2025-05-02 13:45:00+05:30,918.5,80649.93,2025-05-06 15:30:00+05:30,hold_to_end,-30.0163,80400.0,80750.0,80250.0,81177.93,80235.36,80300.0,0.0
mp_poc_target,SENSEX|weekly|2025-05-06,2025-05-06,CE,2025-05-02 13:45:00+05:30,918.5,80649.93,2025-05-05 10:00:00+05:30,mp_target_hit,15.0,80400.0,80750.0,80250.0,81177.93,80235.36,80300.0,15.0
baseline_both,SENSEX|weekly|2025-05-06,2025-05-06,PE,2025-04-22 12:45:00+05:30,984.45,79631.13,2025-04-25 10:05:00+05:30,target_hit,30.0,79600.0,79750.0,79550.0,79728.39,79253.44,,0.0
mp_ppoc_filter,SENSEX|weekly|2025-05-06,2025-05-06,PE,2025-04-22 12:45:00+05:30,984.45,79631.13,2025-04-25 10:05:00+05:30,target_hit,30.0,79600.0,79750.0,79550.0,79728.39,79253.44,,0.0
mp_va_inside,SENSEX|weekly|2025-05-06,2025-05-06,PE,2025-04-22 12:45:00+05:30,984.45,79631.13,2025-04-25 10:05:00+05:30,target_hit,30.0,79600.0,79750.0,79550.0,79728.39,79253.44,,0.0
mp_ppoc_target,SENSEX|weekly|2025-05-06,2025-05-06,PE,2025-04-22 12:45:00+05:30,984.45,79631.13,2025-04-25 10:05:00+05:30,target_hit,30.0,79600.0,79750.0,79550.0,79728.39,79253.44,,0.0
mp_fa_reversal,SENSEX|weekly|2025-05-06,2025-05-06,PE,2025-04-22 12:45:00+05:30,984.45,79631.13,2025-04-25 10:05:00+05:30,target_hit,30.0,79600.0,79750.0,79550.0,79728.39,79253.44,,0.0
mp_poc_target,SENSEX|weekly|2025-05-06,2025-05-06,PE,2025-04-22 12:45:00+05:30,984.45,79631.13,2025-04-25 10:00:00+05:30,mp_target_hit,15.0,79600.0,79750.0,79550.0,79728.39,79253.44,,15.0
baseline_both,SENSEX|weekly|2025-05-06,2025-05-06,PE,2025-04-25 15:30:00+05:30,1286.0,79093.17,2025-05-06 15:30:00+05:30,hold_to_end,-99.9961,79250.0,79600.0,78800.0,80130.66,78905.49,79850.0,0.0
mp_poc_filter,SENSEX|weekly|2025-05-06,2025-05-06,PE,2025-04-25 15:30:00+05:30,1286.0,79093.17,2025-05-06 15:30:00+05:30,hold_to_end,-99.9961,79250.0,79600.0,78800.0,80130.66,78905.49,79850.0,0.0
mp_ppoc_filter,SENSEX|weekly|2025-05-06,2025-05-06,PE,2025-04-25 15:30:00+05:30,1286.0,79093.17,2025-05-06 15:30:00+05:30,hold_to_end,-99.9961,79250.0,79600.0,78800.0,80130.66,78905.49,79850.0,0.0
mp_va_inside,SENSEX|weekly|2025-05-06,2025-05-06,PE,2025-04-25 15:30:00+05:30,1286.0,79093.17,2025-05-06 15:30:00+05:30,hold_to_end,-99.9961,79250.0,79600.0,78800.0,80130.66,78905.49,79850.0,0.0
mp_ppoc_target,SENSEX|weekly|2025-05-06,2025-05-06,PE,2025-04-25 15:30:00+05:30,1286.0,79093.17,2025-05-06 15:30:00+05:30,hold_to_end,-99.9961,79250.0,79600.0,78800.0,80130.66,78905.49,79850.0,15.0
mp_poc_target,SENSEX|weekly|2025-05-06,2025-05-06,PE,2025-04-25 15:30:00+05:30,1286.0,79093.17,2025-05-06 15:30:00+05:30,hold_to_end,-99.9961,79250.0,79600.0,78800.0,80130.66,78905.49,79850.0,15.0
baseline_both,SENSEX|weekly|2025-05-13,2025-05-13,CE,2025-04-29 13:10:00+05:30,893.3,80392.13,2025-05-02 09:35:00+05:30,target_hit,30.0,80300.0,80450.0,80200.0,80661.31,80122.02,,0.0
mp_poc_filter,SENSEX|weekly|2025-05-13,2025-05-13,CE,2025-04-29 13:10:00+05:30,893.3,80392.13,2025-05-02 09:35:00+05:30,target_hit,30.0,80300.0,80450.0,80200.0,80661.31,80122.02,,0.0
mp_ppoc_filter,SENSEX|weekly|2025-05-13,2025-05-13,CE,2025-04-29 13:10:00+05:30,893.3,80392.13,2025-05-02 09:35:00+05:30,target_hit,30.0,80300.0,80450.0,80200.0,80661.31,80122.02,,0.0
mp_va_inside,SENSEX|weekly|2025-05-13,2025-05-13,CE,2025-04-29 13:10:00+05:30,893.3,80392.13,2025-05-02 09:35:00+05:30,target_hit,30.0,80300.0,80450.0,80200.0,80661.31,80122.02,,0.0
mp_ppoc_target,SENSEX|weekly|2025-05-13,2025-05-13,CE,2025-04-29 13:10:00+05:30,893.3,80392.13,2025-05-02 09:35:00+05:30,target_hit,30.0,80300.0,80450.0,80200.0,80661.31,80122.02,,0.0
mp_poc_target,SENSEX|weekly|2025-05-13,2025-05-13,CE,2025-04-29 13:10:00+05:30,893.3,80392.13,2025-05-02 09:20:00+05:30,mp_target_hit,15.0,80300.0,80450.0,80200.0,80661.31,80122.02,,15.0
baseline_both,SENSEX|weekly|2025-05-13,2025-05-13,CE,2025-05-02 13:45:00+05:30,966.0,80649.93,2025-05-12 10:00:00+05:30,target_hit,30.0,80400.0,80750.0,80250.0,81177.93,80235.36,80300.0,0.0
mp_poc_filter,SENSEX|weekly|2025-05-13,2025-05-13,CE,2025-05-02 13:45:00+05:30,966.0,80649.93,2025-05-12 10:00:00+05:30,target_hit,30.0,80400.0,80750.0,80250.0,81177.93,80235.36,80300.0,0.0
mp_ppoc_filter,SENSEX|weekly|2025-05-13,2025-05-13,CE,2025-05-02 13:45:00+05:30,966.0,80649.93,2025-05-12 10:00:00+05:30,target_hit,30.0,80400.0,80750.0,80250.0,81177.93,80235.36,80300.0,0.0
mp_va_inside,SENSEX|weekly|2025-05-13,2025-05-13,CE,2025-05-02 13:45:00+05:30,966.0,80649.93,2025-05-12 10:00:00+05:30,target_hit,30.0,80400.0,80750.0,80250.0,81177.93,80235.36,80300.0,0.0
mp_ppoc_target,SENSEX|weekly|2025-05-13,2025-05-13,CE,2025-05-02 13:45:00+05:30,966.0,80649.93,2025-05-12 10:00:00+05:30,mp_target_hit,15.0,80400.0,80750.0,80250.0,81177.93,80235.36,80300.0,15.0
mp_fa_reversal,SENSEX|weekly|2025-05-13,2025-05-13,CE,2025-05-02 13:45:00+05:30,966.0,80649.93,2025-05-12 10:00:00+05:30,target_hit,30.0,80400.0,80750.0,80250.0,81177.93,80235.36,80300.0,0.0
mp_poc_target,SENSEX|weekly|2025-05-13,2025-05-13,CE,2025-05-02 13:45:00+05:30,966.0,80649.93,2025-05-12 10:00:00+05:30,mp_target_hit,15.0,80400.0,80750.0,80250.0,81177.93,80235.36,80300.0,15.0
baseline_both,SENSEX|weekly|2025-05-13,2025-05-13,PE,2025-04-29 12:25:00+05:30,1106.35,80228.32,2025-05-09 09:15:00+05:30,target_hit,30.0,80300.0,80450.0,80200.0,80661.31,80122.02,,0.0
mp_poc_filter,SENSEX|weekly|2025-05-13,2025-05-13,PE,2025-04-29 12:25:00+05:30,1106.35,80228.32,2025-05-09 09:15:00+05:30,target_hit,30.0,80300.0,80450.0,80200.0,80661.31,80122.02,,0.0
mp_ppoc_filter,SENSEX|weekly|2025-05-13,2025-05-13,PE,2025-04-29 12:25:00+05:30,1106.35,80228.32,2025-05-09 09:15:00+05:30,target_hit,30.0,80300.0,80450.0,80200.0,80661.31,80122.02,,0.0
mp_va_inside,SENSEX|weekly|2025-05-13,2025-05-13,PE,2025-04-29 12:25:00+05:30,1106.35,80228.32,2025-05-09 09:15:00+05:30,target_hit,30.0,80300.0,80450.0,80200.0,80661.31,80122.02,,0.0
mp_ppoc_target,SENSEX|weekly|2025-05-13,2025-05-13,PE,2025-04-29 12:25:00+05:30,1106.35,80228.32,2025-05-09 09:15:00+05:30,target_hit,30.0,80300.0,80450.0,80200.0,80661.31,80122.02,,0.0
mp_poc_target,SENSEX|weekly|2025-05-13,2025-05-13,PE,2025-04-29 12:25:00+05:30,1106.35,80228.32,2025-05-09 09:15:00+05:30,mp_target_hit,15.0,80300.0,80450.0,80200.0,80661.31,80122.02,,15.0
baseline_both,SENSEX|weekly|2025-05-13,2025-05-13,PE,2025-05-13 10:40:00+05:30,71.05,81561.95,2025-05-13 15:30:00+05:30,hold_to_end,-99.9296,81750.0,82150.0,81300.0,82572.81,81468.82,81700.0,0.0
mp_poc_filter,SENSEX|weekly|2025-05-13,2025-05-13,PE,2025-05-13 10:40:00+05:30,71.05,81561.95,2025-05-13 15:30:00+05:30,hold_to_end,-99.9296,81750.0,82150.0,81300.0,82572.81,81468.82,81700.0,0.0
mp_ppoc_filter,SENSEX|weekly|2025-05-13,2025-05-13,PE,2025-05-13 10:40:00+05:30,71.05,81561.95,2025-05-13 15:30:00+05:30,hold_to_end,-99.9296,81750.0,82150.0,81300.0,82572.81,81468.82,81700.0,0.0
mp_va_inside,SENSEX|weekly|2025-05-13,2025-05-13,PE,2025-05-13 10:40:00+05:30,71.05,81561.95,2025-05-13 15:30:00+05:30,hold_to_end,-99.9296,81750.0,82150.0,81300.0,82572.81,81468.82,81700.0,0.0
mp_ppoc_target,SENSEX|weekly|2025-05-13,2025-05-13,PE,2025-05-13 10:40:00+05:30,71.05,81561.95,2025-05-13 15:30:00+05:30,hold_to_end,-99.9296,81750.0,82150.0,81300.0,82572.81,81468.82,81700.0,15.0
mp_poc_target,SENSEX|weekly|2025-05-13,2025-05-13,PE,2025-05-13 10:40:00+05:30,71.05,81561.95,2025-05-13 15:30:00+05:30,hold_to_end,-99.9296,81750.0,82150.0,81300.0,82572.81,81468.82,81700.0,15.0
baseline_both,SENSEX|weekly|2025-05-20,2025-05-20,CE,2025-05-06 13:40:00+05:30,1037.55,80617.86,2025-05-12 10:15:00+05:30,target_hit,30.0,80550.0,80700.0,80500.0,80981.58,80549.66,,0.0
mp_poc_filter,SENSEX|weekly|2025-05-20,2025-05-20,CE,2025-05-06 13:40:00+05:30,1037.55,80617.86,2025-05-12 10:15:00+05:30,target_hit,30.0,80550.0,80700.0,80500.0,80981.58,80549.66,,0.0
mp_ppoc_filter,SENSEX|weekly|2025-05-20,2025-05-20,CE,2025-05-06 13:40:00+05:30,1037.55,80617.86,2025-05-12 10:15:00+05:30,target_hit,30.0,80550.0,80700.0,80500.0,80981.58,80549.66,,0.0
mp_va_inside,SENSEX|weekly|2025-05-20,2025-05-20,CE,2025-05-06 13:40:00+05:30,1037.55,80617.86,2025-05-12 10:15:00+05:30,target_hit,30.0,80550.0,80700.0,80500.0,80981.58,80549.66,,0.0
mp_ppoc_target,SENSEX|weekly|2025-05-20,2025-05-20,CE,2025-05-06 13:40:00+05:30,1037.55,80617.86,2025-05-12 10:15:00+05:30,target_hit,30.0,80550.0,80700.0,80500.0,80981.58,80549.66,,0.0
mp_poc_target,SENSEX|weekly|2025-05-20,2025-05-20,CE,2025-05-06 13:40:00+05:30,1037.55,80617.86,2025-05-07 09:40:00+05:30,mp_target_hit,15.0,80550.0,80700.0,80500.0,80981.58,80549.66,,15.0
baseline_both,SENSEX|weekly|2025-05-20,2025-05-20,CE,2025-05-14 09:30:00+05:30,1286.1,81507.6,2025-05-15 13:15:00+05:30,target_hit,30.0,81200.0,81600.0,81150.0,81664.2,81184.89,81750.0,0.0
mp_poc_filter,SENSEX|weekly|2025-05-20,2025-05-20,CE,2025-05-14 09:30:00+05:30,1286.1,81507.6,2025-05-15 13:15:00+05:30,target_hit,30.0,81200.0,81600.0,81150.0,81664.2,81184.89,81750.0,0.0
mp_va_inside,SENSEX|weekly|2025-05-20,2025-05-20,CE,2025-05-14 09:30:00+05:30,1286.1,81507.6,2025-05-15 13:15:00+05:30,target_hit,30.0,81200.0,81600.0,81150.0,81664.2,81184.89,81750.0,0.0
mp_ppoc_target,SENSEX|weekly|2025-05-20,2025-05-20,CE,2025-05-14 09:30:00+05:30,1286.1,81507.6,2025-05-15 13:10:00+05:30,mp_target_hit,15.0,81200.0,81600.0,81150.0,81664.2,81184.89,81750.0,15.0
mp_fa_reversal,SENSEX|weekly|2025-05-20,2025-05-20,CE,2025-05-14 09:30:00+05:30,1286.1,81507.6,2025-05-15 13:15:00+05:30,target_hit,30.0,81200.0,81600.0,81150.0,81664.2,81184.89,81750.0,0.0
mp_poc_target,SENSEX|weekly|2025-05-20,2025-05-20,CE,2025-05-14 09:30:00+05:30,1286.1,81507.6,2025-05-15 13:10:00+05:30,mp_target_hit,15.0,81200.0,81600.0,81150.0,81664.2,81184.89,81750.0,15.0
baseline_both,SENSEX|weekly|2025-05-20,2025-05-20,CE,2025-05-16 12:55:00+05:30,1873.8,82286.14,2025-05-20 15:30:00+05:30,hold_to_end,-68.7987,82250.0,82400.0,82200.0,82514.81,82201.49,81100.0,0.0
mp_poc_filter,SENSEX|weekly|2025-05-20,2025-05-20,CE,2025-05-16 12:55:00+05:30,1873.8,82286.14,2025-05-20 15:30:00+05:30,hold_to_end,-68.7987,82250.0,82400.0,82200.0,82514.81,82201.49,81100.0,0.0
mp_ppoc_filter,SENSEX|weekly|2025-05-20,2025-05-20,CE,2025-05-16 12:55:00+05:30,1873.8,82286.14,2025-05-20 15:30:00+05:30,hold_to_end,-68.7987,82250.0,82400.0,82200.0,82514.81,82201.49,81100.0,0.0
mp_va_inside,SENSEX|weekly|2025-05-20,2025-05-20,CE,2025-05-16 12:55:00+05:30,1873.8,82286.14,2025-05-20 15:30:00+05:30,hold_to_end,-68.7987,82250.0,82400.0,82200.0,82514.81,82201.49,81100.0,0.0
mp_ppoc_target,SENSEX|weekly|2025-05-20,2025-05-20,CE,2025-05-16 12:55:00+05:30,1873.8,82286.14,2025-05-20 15:30:00+05:30,hold_to_end,-68.7987,82250.0,82400.0,82200.0,82514.81,82201.49,81100.0,15.0
mp_fa_reversal,SENSEX|weekly|2025-05-20,2025-05-20,CE,2025-05-16 12:55:00+05:30,1873.8,82286.14,2025-05-20 15:30:00+05:30,hold_to_end,-68.7987,82250.0,82400.0,82200.0,82514.81,82201.49,81100.0,0.0
mp_poc_target,SENSEX|weekly|2025-05-20,2025-05-20,CE,2025-05-16 12:55:00+05:30,1873.8,82286.14,2025-05-20 15:30:00+05:30,hold_to_end,-68.7987,82250.0,82400.0,82200.0,82514.81,82201.49,81100.0,15.0
baseline_both,SENSEX|weekly|2025-05-20,2025-05-20,PE,2025-05-06 15:25:00+05:30,908.55,80628.91,2025-05-08 14:55:00+05:30,target_hit,30.0,80550.0,80700.0,80500.0,80981.58,80549.66,,0.0
mp_ppoc_filter,SENSEX|weekly|2025-05-20,2025-05-20,PE,2025-05-06 15:25:00+05:30,908.55,80628.91,2025-05-08 14:55:00+05:30,target_hit,30.0,80550.0,80700.0,80500.0,80981.58,80549.66,,0.0
mp_va_inside,SENSEX|weekly|2025-05-20,2025-05-20,PE,2025-05-06 15:25:00+05:30,908.55,80628.91,2025-05-08 14:55:00+05:30,target_hit,30.0,80550.0,80700.0,80500.0,80981.58,80549.66,,0.0
mp_ppoc_target,SENSEX|weekly|2025-05-20,2025-05-20,PE,2025-05-06 15:25:00+05:30,908.55,80628.91,2025-05-08 14:55:00+05:30,target_hit,30.0,80550.0,80700.0,80500.0,80981.58,80549.66,,0.0
mp_poc_target,SENSEX|weekly|2025-05-20,2025-05-20,PE,2025-05-06 15:25:00+05:30,908.55,80628.91,2025-05-07 09:25:00+05:30,mp_target_hit,15.0,80550.0,80700.0,80500.0,80981.58,80549.66,,15.0
baseline_both,SENSEX|weekly|2025-05-20,2025-05-20,PE,2025-05-13 13:30:00+05:30,524.95,81176.95,2025-05-20 15:30:00+05:30,hold_to_end,-99.981,81750.0,82150.0,81300.0,82572.81,81468.82,81700.0,0.0
mp_poc_filter,SENSEX|weekly|2025-05-20,2025-05-20,PE,2025-05-13 13:30:00+05:30,524.95,81176.95,2025-05-20 15:30:00+05:30,hold_to_end,-99.981,81750.0,82150.0,81300.0,82572.81,81468.82,81700.0,0.0
mp_ppoc_filter,SENSEX|weekly|2025-05-20,2025-05-20,PE,2025-05-13 13:30:00+05:30,524.95,81176.95,2025-05-20 15:30:00+05:30,hold_to_end,-99.981,81750.0,82150.0,81300.0,82572.81,81468.82,81700.0,0.0
mp_ib_breakout,SENSEX|weekly|2025-05-20,2025-05-20,PE,2025-05-13 13:30:00+05:30,524.95,81176.95,2025-05-20 15:30:00+05:30,hold_to_end,-99.981,81750.0,82150.0,81300.0,82572.81,81468.82,81700.0,0.0
mp_va_outside,SENSEX|weekly|2025-05-20,2025-05-20,PE,2025-05-13 13:30:00+05:30,524.95,81176.95,2025-05-20 15:30:00+05:30,hold_to_end,-99.981,81750.0,82150.0,81300.0,82572.81,81468.82,81700.0,0.0
mp_ppoc_target,SENSEX|weekly|2025-05-20,2025-05-20,PE,2025-05-13 13:30:00+05:30,524.95,81176.95,2025-05-20 15:30:00+05:30,hold_to_end,-99.981,81750.0,82150.0,81300.0,82572.81,81468.82,81700.0,15.0
mp_combo_best,SENSEX|weekly|2025-05-20,2025-05-20,PE,2025-05-13 13:30:00+05:30,524.95,81176.95,2025-05-20 15:30:00+05:30,hold_to_end,-99.981,81750.0,82150.0,81300.0,82572.81,81468.82,81700.0,0.0
mp_poc_target,SENSEX|weekly|2025-05-20,2025-05-20,PE,2025-05-13 13:30:00+05:30,524.95,81176.95,2025-05-20 15:30:00+05:30,hold_to_end,-99.981,81750.0,82150.0,81300.0,82572.81,81468.82,81700.0,15.0
baseline_both,SENSEX|weekly|2025-06-03,2025-06-03,CE,2025-05-21 09:45:00+05:30,939.7,81641.78,2025-05-26 09:50:00+05:30,target_hit,30.0,81600.0,81750.0,81350.0,81786.25,81255.73,81800.0,0.0
mp_poc_filter,SENSEX|weekly|2025-06-03,2025-06-03,CE,2025-05-21 09:45:00+05:30,939.7,81641.78,2025-05-26 09:50:00+05:30,target_hit,30.0,81600.0,81750.0,81350.0,81786.25,81255.73,81800.0,0.0
mp_va_inside,SENSEX|weekly|2025-06-03,2025-06-03,CE,2025-05-21 09:45:00+05:30,939.7,81641.78,2025-05-26 09:50:00+05:30,target_hit,30.0,81600.0,81750.0,81350.0,81786.25,81255.73,81800.0,0.0
mp_ppoc_target,SENSEX|weekly|2025-06-03,2025-06-03,CE,2025-05-21 09:45:00+05:30,939.7,81641.78,2025-05-21 10:20:00+05:30,mp_target_hit,15.0,81600.0,81750.0,81350.0,81786.25,81255.73,81800.0,15.0
mp_fa_reversal,SENSEX|weekly|2025-06-03,2025-06-03,CE,2025-05-21 09:45:00+05:30,939.7,81641.78,2025-05-26 09:50:00+05:30,target_hit,30.0,81600.0,81750.0,81350.0,81786.25,81255.73,81800.0,0.0
mp_poc_target,SENSEX|weekly|2025-06-03,2025-06-03,CE,2025-05-21 09:45:00+05:30,939.7,81641.78,2025-05-21 10:20:00+05:30,mp_target_hit,15.0,81600.0,81750.0,81350.0,81786.25,81255.73,81800.0,15.0
baseline_both,SENSEX|weekly|2025-06-03,2025-06-03,CE,2025-05-26 15:20:00+05:30,1054.0,82186.32,2025-06-03 15:30:00+05:30,hold_to_end,-99.9953,82100.0,82250.0,82000.0,82492.24,81867.23,81750.0,0.0
mp_poc_filter,SENSEX|weekly|2025-06-03,2025-06-03,CE,2025-05-26 15:20:00+05:30,1054.0,82186.32,2025-06-03 15:30:00+05:30,hold_to_end,-99.9953,82100.0,82250.0,82000.0,82492.24,81867.23,81750.0,0.0
mp_ppoc_filter,SENSEX|weekly|2025-06-03,2025-06-03,CE,2025-05-26 15:20:00+05:30,1054.0,82186.32,2025-06-03 15:30:00+05:30,hold_to_end,-99.9953,82100.0,82250.0,82000.0,82492.24,81867.23,81750.0,0.0
mp_va_inside,SENSEX|weekly|2025-06-03,2025-06-03,CE,2025-05-26 15:20:00+05:30,1054.0,82186.32,2025-06-03 15:30:00+05:30,hold_to_end,-99.9953,82100.0,82250.0,82000.0,82492.24,81867.23,81750.0,0.0
mp_ppoc_target,SENSEX|weekly|2025-06-03,2025-06-03,CE,2025-05-26 15:20:00+05:30,1054.0,82186.32,2025-06-03 15:30:00+05:30,hold_to_end,-99.9953,82100.0,82250.0,82000.0,82492.24,81867.23,81750.0,15.0
mp_poc_target,SENSEX|weekly|2025-06-03,2025-06-03,CE,2025-05-26 15:20:00+05:30,1054.0,82186.32,2025-06-03 15:30:00+05:30,hold_to_end,-99.9953,82100.0,82250.0,82000.0,82492.24,81867.23,81750.0,15.0
baseline_both,SENSEX|weekly|2025-06-03,2025-06-03,PE,2025-05-21 12:05:00+05:30,1069.65,81527.28,2025-05-22 09:20:00+05:30,target_hit,30.0,81600.0,81750.0,81350.0,81786.25,81255.73,81800.0,0.0
mp_poc_filter,SENSEX|weekly|2025-06-03,2025-06-03,PE,2025-05-21 12:05:00+05:30,1069.65,81527.28,2025-05-22 09:20:00+05:30,target_hit,30.0,81600.0,81750.0,81350.0,81786.25,81255.73,81800.0,0.0
mp_ppoc_filter,SENSEX|weekly|2025-06-03,2025-06-03,PE,2025-05-21 12:05:00+05:30,1069.65,81527.28,2025-05-22 09:20:00+05:30,target_hit,30.0,81600.0,81750.0,81350.0,81786.25,81255.73,81800.0,0.0
mp_va_inside,SENSEX|weekly|2025-06-03,2025-06-03,PE,2025-05-21 12:05:00+05:30,1069.65,81527.28,2025-05-22 09:20:00+05:30,target_hit,30.0,81600.0,81750.0,81350.0,81786.25,81255.73,81800.0,0.0
mp_ppoc_target,SENSEX|weekly|2025-06-03,2025-06-03,PE,2025-05-21 12:05:00+05:30,1069.65,81527.28,2025-05-21 12:20:00+05:30,mp_target_hit,15.0,81600.0,81750.0,81350.0,81786.25,81255.73,81800.0,15.0
mp_fa_reversal,SENSEX|weekly|2025-06-03,2025-06-03,PE,2025-05-21 12:05:00+05:30,1069.65,81527.28,2025-05-22 09:20:00+05:30,target_hit,30.0,81600.0,81750.0,81350.0,81786.25,81255.73,81800.0,0.0
mp_poc_target,SENSEX|weekly|2025-06-03,2025-06-03,PE,2025-05-21 12:05:00+05:30,1069.65,81527.28,2025-05-21 12:20:00+05:30,mp_target_hit,15.0,81600.0,81750.0,81350.0,81786.25,81255.73,81800.0,15.0
baseline_both,SENSEX|weekly|2025-06-03,2025-06-03,PE,2025-05-23 14:55:00+05:30,1000.0,81642.31,2025-05-27 09:25:00+05:30,target_hit,30.0,81750.0,81900.0,81450.0,81625.65,80897.0,80800.0,0.0
mp_poc_filter,SENSEX|weekly|2025-06-03,2025-06-03,PE,2025-05-23 14:55:00+05:30,1000.0,81642.31,2025-05-27 09:25:00+05:30,target_hit,30.0,81750.0,81900.0,81450.0,81625.65,80897.0,80800.0,0.0
mp_va_inside,SENSEX|weekly|2025-06-03,2025-06-03,PE,2025-05-23 14:55:00+05:30,1000.0,81642.31,2025-05-27 09:25:00+05:30,target_hit,30.0,81750.0,81900.0,81450.0,81625.65,80897.0,80800.0,0.0
mp_ppoc_target,SENSEX|weekly|2025-06-03,2025-06-03,PE,2025-05-23 14:55:00+05:30,1000.0,81642.31,2025-05-27 09:15:00+05:30,mp_target_hit,15.0,81750.0,81900.0,81450.0,81625.65,80897.0,80800.0,15.0
mp_poc_target,SENSEX|weekly|2025-06-03,2025-06-03,PE,2025-05-23 14:55:00+05:30,1000.0,81642.31,2025-05-27 09:15:00+05:30,mp_target_hit,15.0,81750.0,81900.0,81450.0,81625.65,80897.0,80800.0,15.0
baseline_both,SENSEX|weekly|2025-06-03,2025-06-03,PE,2025-05-27 12:45:00+05:30,1048.1,81680.04,2025-05-27 14:20:00+05:30,target_hit,30.0,81550.0,81950.0,81300.0,82091.54,81261.96,82100.0,0.0
mp_ppoc_filter,SENSEX|weekly|2025-06-03,2025-06-03,PE,2025-05-27 12:45:00+05:30,1048.1,81680.04,2025-05-27 14:20:00+05:30,target_hit,30.0,81550.0,81950.0,81300.0,82091.54,81261.96,82100.0,0.0
mp_va_inside,SENSEX|weekly|2025-06-03,2025-06-03,PE,2025-05-27 12:45:00+05:30,1048.1,81680.04,2025-05-27 14:20:00+05:30,target_hit,30.0,81550.0,81950.0,81300.0,82091.54,81261.96,82100.0,0.0
mp_ppoc_target,SENSEX|weekly|2025-06-03,2025-06-03,PE,2025-05-27 12:45:00+05:30,1048.1,81680.04,2025-05-27 13:05:00+05:30,mp_target_hit,15.0,81550.0,81950.0,81300.0,82091.54,81261.96,82100.0,15.0
mp_fa_reversal,SENSEX|weekly|2025-06-03,2025-06-03,PE,2025-05-27 12:45:00+05:30,1048.1,81680.04,2025-05-27 14:20:00+05:30,target_hit,30.0,81550.0,81950.0,81300.0,82091.54,81261.96,82100.0,0.0
mp_poc_target,SENSEX|weekly|2025-06-03,2025-06-03,PE,2025-05-27 12:45:00+05:30,1048.1,81680.04,2025-05-27 13:05:00+05:30,mp_target_hit,15.0,81550.0,81950.0,81300.0,82091.54,81261.96,82100.0,15.0
baseline_both,SENSEX|weekly|2025-06-03,2025-06-03,PE,2025-05-28 09:30:00+05:30,1287.45,81325.96,2025-06-03 15:30:00+05:30,hold_to_end,-1.868,81350.0,81500.0,81300.0,81613.36,81259.1,81550.0,0.0
mp_poc_filter,SENSEX|weekly|2025-06-03,2025-06-03,PE,2025-05-28 09:30:00+05:30,1287.45,81325.96,2025-06-03 15:30:00+05:30,hold_to_end,-1.868,81350.0,81500.0,81300.0,81613.36,81259.1,81550.0,0.0
mp_ppoc_filter,SENSEX|weekly|2025-06-03,2025-06-03,PE,2025-05-28 09:30:00+05:30,1287.45,81325.96,2025-06-03 15:30:00+05:30,hold_to_end,-1.868,81350.0,81500.0,81300.0,81613.36,81259.1,81550.0,0.0
mp_va_inside,SENSEX|weekly|2025-06-03,2025-06-03,PE,2025-05-28 09:30:00+05:30,1287.45,81325.96,2025-06-03 15:30:00+05:30,hold_to_end,-1.868,81350.0,81500.0,81300.0,81613.36,81259.1,81550.0,0.0
mp_ppoc_target,SENSEX|weekly|2025-06-03,2025-06-03,PE,2025-05-28 09:30:00+05:30,1287.45,81325.96,2025-06-02 09:20:00+05:30,mp_target_hit,15.0,81350.0,81500.0,81300.0,81613.36,81259.1,81550.0,15.0
mp_poc_target,SENSEX|weekly|2025-06-03,2025-06-03,PE,2025-05-28 09:30:00+05:30,1287.45,81325.96,2025-06-02 09:20:00+05:30,mp_target_hit,15.0,81350.0,81500.0,81300.0,81613.36,81259.1,81550.0,15.0
baseline_both,SENSEX|weekly|2025-06-10,2025-06-10,CE,2025-05-28 13:05:00+05:30,1033.4,81527.71,2025-06-10 15:30:00+05:30,hold_to_end,-42.6602,81350.0,81500.0,81300.0,81613.36,81259.1,81550.0,0.0
mp_poc_filter,SENSEX|weekly|2025-06-10,2025-06-10,CE,2025-05-28 13:05:00+05:30,1033.4,81527.71,2025-06-10 15:30:00+05:30,hold_to_end,-42.6602,81350.0,81500.0,81300.0,81613.36,81259.1,81550.0,0.0
mp_va_outside,SENSEX|weekly|2025-06-10,2025-06-10,CE,2025-05-28 13:05:00+05:30,1033.4,81527.71,2025-06-10 15:30:00+05:30,hold_to_end,-42.6602,81350.0,81500.0,81300.0,81613.36,81259.1,81550.0,0.0
mp_ppoc_target,SENSEX|weekly|2025-06-10,2025-06-10,CE,2025-05-28 13:05:00+05:30,1033.4,81527.71,2025-06-10 15:30:00+05:30,hold_to_end,-42.6602,81350.0,81500.0,81300.0,81613.36,81259.1,81550.0,15.0
mp_fa_reversal,SENSEX|weekly|2025-06-10,2025-06-10,CE,2025-05-28 13:05:00+05:30,1033.4,81527.71,2025-06-10 15:30:00+05:30,hold_to_end,-42.6602,81350.0,81500.0,81300.0,81613.36,81259.1,81550.0,0.0
mp_poc_target,SENSEX|weekly|2025-06-10,2025-06-10,CE,2025-05-28 13:05:00+05:30,1033.4,81527.71,2025-06-10 15:30:00+05:30,hold_to_end,-42.6602,81350.0,81500.0,81300.0,81613.36,81259.1,81550.0,15.0
baseline_both,SENSEX|weekly|2025-06-10,2025-06-10,PE,2025-05-27 13:30:00+05:30,1275.0,81526.02,2025-06-10 15:30:00+05:30,hold_to_end,-99.9961,81550.0,81950.0,81300.0,82091.54,81261.96,,0.0
mp_poc_filter,SENSEX|weekly|2025-06-10,2025-06-10,PE,2025-05-27 13:30:00+05:30,1275.0,81526.02,2025-06-10 15:30:00+05:30,hold_to_end,-99.9961,81550.0,81950.0,81300.0,82091.54,81261.96,,0.0
mp_ppoc_filter,SENSEX|weekly|2025-06-10,2025-06-10,PE,2025-05-27 13:30:00+05:30,1275.0,81526.02,2025-06-10 15:30:00+05:30,hold_to_end,-99.9961,81550.0,81950.0,81300.0,82091.54,81261.96,,0.0
mp_va_inside,SENSEX|weekly|2025-06-10,2025-06-10,PE,2025-05-27 13:30:00+05:30,1275.0,81526.02,2025-06-10 15:30:00+05:30,hold_to_end,-99.9961,81550.0,81950.0,81300.0,82091.54,81261.96,,0.0
mp_ppoc_target,SENSEX|weekly|2025-06-10,2025-06-10,PE,2025-05-27 13:30:00+05:30,1275.0,81526.02,2025-06-10 15:30:00+05:30,hold_to_end,-99.9961,81550.0,81950.0,81300.0,82091.54,81261.96,,0.0
mp_fa_reversal,SENSEX|weekly|2025-06-10,2025-06-10,PE,2025-05-27 13:30:00+05:30,1275.0,81526.02,2025-06-10 15:30:00+05:30,hold_to_end,-99.9961,81550.0,81950.0,81300.0,82091.54,81261.96,,0.0
mp_poc_target,SENSEX|weekly|2025-06-10,2025-06-10,PE,2025-05-27 13:30:00+05:30,1275.0,81526.02,2025-06-02 09:20:00+05:30,mp_target_hit,15.0,81550.0,81950.0,81300.0,82091.54,81261.96,,15.0
baseline_both,SENSEX|weekly|2025-06-17,2025-06-17,CE,2025-06-04 14:00:00+05:30,818.0,81010.76,2025-06-05 12:10:00+05:30,target_hit,30.0,80900.0,81050.0,80850.0,80967.68,80705.18,81100.0,0.0
mp_poc_filter,SENSEX|weekly|2025-06-17,2025-06-17,CE,2025-06-04 14:00:00+05:30,818.0,81010.76,2025-06-05 12:10:00+05:30,target_hit,30.0,80900.0,81050.0,80850.0,80967.68,80705.18,81100.0,0.0
mp_ib_breakout,SENSEX|weekly|2025-06-17,2025-06-17,CE,2025-06-04 14:00:00+05:30,818.0,81010.76,2025-06-05 12:10:00+05:30,target_hit,30.0,80900.0,81050.0,80850.0,80967.68,80705.18,81100.0,0.0
mp_va_inside,SENSEX|weekly|2025-06-17,2025-06-17,CE,2025-06-04 14:00:00+05:30,818.0,81010.76,2025-06-05 12:10:00+05:30,target_hit,30.0,80900.0,81050.0,80850.0,80967.68,80705.18,81100.0,0.0
mp_ppoc_target,SENSEX|weekly|2025-06-17,2025-06-17,CE,2025-06-04 14:00:00+05:30,818.0,81010.76,2025-06-05 12:05:00+05:30,mp_target_hit,15.0,80900.0,81050.0,80850.0,80967.68,80705.18,81100.0,15.0
mp_poc_target,SENSEX|weekly|2025-06-17,2025-06-17,CE,2025-06-04 14:00:00+05:30,818.0,81010.76,2025-06-05 12:05:00+05:30,mp_target_hit,15.0,80900.0,81050.0,80850.0,80967.68,80705.18,81100.0,15.0
baseline_both,SENSEX|weekly|2025-06-17,2025-06-17,CE,2025-06-06 10:35:00+05:30,1040.0,81774.8,2025-06-06 11:50:00+05:30,target_hit,30.0,82150.0,82300.0,81550.0,81607.34,81140.11,81300.0,0.0
mp_ppoc_filter,SENSEX|weekly|2025-06-17,2025-06-17,CE,2025-06-06 10:35:00+05:30,1040.0,81774.8,2025-06-06 11:50:00+05:30,target_hit,30.0,82150.0,82300.0,81550.0,81607.34,81140.11,81300.0,0.0
mp_ib_breakout,SENSEX|weekly|2025-06-17,2025-06-17,CE,2025-06-06 10:35:00+05:30,1040.0,81774.8,2025-06-06 11:50:00+05:30,target_hit,30.0,82150.0,82300.0,81550.0,81607.34,81140.11,81300.0,0.0
mp_va_inside,SENSEX|weekly|2025-06-17,2025-06-17,CE,2025-06-06 10:35:00+05:30,1040.0,81774.8,2025-06-06 11:50:00+05:30,target_hit,30.0,82150.0,82300.0,81550.0,81607.34,81140.11,81300.0,0.0
mp_ppoc_target,SENSEX|weekly|2025-06-17,2025-06-17,CE,2025-06-06 10:35:00+05:30,1040.0,81774.8,2025-06-06 10:45:00+05:30,mp_target_hit,15.0,82150.0,82300.0,81550.0,81607.34,81140.11,81300.0,15.0
mp_poc_target,SENSEX|weekly|2025-06-17,2025-06-17,CE,2025-06-06 10:35:00+05:30,1040.0,81774.8,2025-06-06 10:45:00+05:30,mp_target_hit,15.0,82150.0,82300.0,81550.0,81607.34,81140.11,81300.0,15.0
baseline_both,SENSEX|weekly|2025-06-17,2025-06-17,CE,2025-06-11 11:10:00+05:30,1400.0,82642.52,2025-06-17 15:30:00+05:30,hold_to_end,-86.925,82450.0,82700.0,82450.0,82563.25,82308.91,82450.0,0.0
mp_poc_filter,SENSEX|weekly|2025-06-17,2025-06-17,CE,2025-06-11 11:10:00+05:30,1400.0,82642.52,2025-06-17 15:30:00+05:30,hold_to_end,-86.925,82450.0,82700.0,82450.0,82563.25,82308.91,82450.0,0.0
mp_ppoc_filter,SENSEX|weekly|2025-06-17,2025-06-17,CE,2025-06-11 11:10:00+05:30,1400.0,82642.52,2025-06-17 15:30:00+05:30,hold_to_end,-86.925,82450.0,82700.0,82450.0,82563.25,82308.91,82450.0,0.0
mp_ib_breakout,SENSEX|weekly|2025-06-17,2025-06-17,CE,2025-06-11 11:10:00+05:30,1400.0,82642.52,2025-06-17 15:30:00+05:30,hold_to_end,-86.925,82450.0,82700.0,82450.0,82563.25,82308.91,82450.0,0.0
mp_va_inside,SENSEX|weekly|2025-06-17,2025-06-17,CE,2025-06-11 11:10:00+05:30,1400.0,82642.52,2025-06-17 15:30:00+05:30,hold_to_end,-86.925,82450.0,82700.0,82450.0,82563.25,82308.91,82450.0,0.0
mp_ppoc_target,SENSEX|weekly|2025-06-17,2025-06-17,CE,2025-06-11 11:10:00+05:30,1400.0,82642.52,2025-06-17 15:30:00+05:30,hold_to_end,-86.925,82450.0,82700.0,82450.0,82563.25,82308.91,82450.0,15.0
mp_poc_target,SENSEX|weekly|2025-06-17,2025-06-17,CE,2025-06-11 11:10:00+05:30,1400.0,82642.52,2025-06-17 15:30:00+05:30,hold_to_end,-86.925,82450.0,82700.0,82450.0,82563.25,82308.91,82450.0,15.0
baseline_both,SENSEX|weekly|2025-06-17,2025-06-17,PE,2025-06-05 14:00:00+05:30,758.8,81373.77,2025-06-13 09:15:00+05:30,target_hit,30.0,81300.0,81600.0,81250.0,81461.99,80983.73,80900.0,0.0
mp_va_inside,SENSEX|weekly|2025-06-17,2025-06-17,PE,2025-06-05 14:00:00+05:30,758.8,81373.77,2025-06-13 09:15:00+05:30,target_hit,30.0,81300.0,81600.0,81250.0,81461.99,80983.73,80900.0,0.0
mp_ppoc_target,SENSEX|weekly|2025-06-17,2025-06-17,PE,2025-06-05 14:00:00+05:30,758.8,81373.77,2025-06-06 10:05:00+05:30,mp_target_hit,15.0,81300.0,81600.0,81250.0,81461.99,80983.73,80900.0,15.0
mp_fa_reversal,SENSEX|weekly|2025-06-17,2025-06-17,PE,2025-06-05 14:00:00+05:30,758.8,81373.77,2025-06-13 09:15:00+05:30,target_hit,30.0,81300.0,81600.0,81250.0,81461.99,80983.73,80900.0,0.0
mp_poc_target,SENSEX|weekly|2025-06-17,2025-06-17,PE,2025-06-05 14:00:00+05:30,758.8,81373.77,2025-06-06 10:05:00+05:30,mp_target_hit,15.0,81300.0,81600.0,81250.0,81461.99,80983.73,80900.0,15.0
baseline_both,SENSEX|weekly|2025-06-17,2025-06-17,PE,2025-06-13 14:55:00+05:30,709.75,80930.06,2025-06-17 15:30:00+05:30,hold_to_end,-99.9859,81000.0,81200.0,80850.0,80914.02,80354.59,82150.0,0.0
mp_poc_filter,SENSEX|weekly|2025-06-17,2025-06-17,PE,2025-06-13 14:55:00+05:30,709.75,80930.06,2025-06-17 15:30:00+05:30,hold_to_end,-99.9859,81000.0,81200.0,80850.0,80914.02,80354.59,82150.0,0.0
mp_ppoc_filter,SENSEX|weekly|2025-06-17,2025-06-17,PE,2025-06-13 14:55:00+05:30,709.75,80930.06,2025-06-17 15:30:00+05:30,hold_to_end,-99.9859,81000.0,81200.0,80850.0,80914.02,80354.59,82150.0,0.0
mp_va_inside,SENSEX|weekly|2025-06-17,2025-06-17,PE,2025-06-13 14:55:00+05:30,709.75,80930.06,2025-06-17 15:30:00+05:30,hold_to_end,-99.9859,81000.0,81200.0,80850.0,80914.02,80354.59,82150.0,0.0
mp_ppoc_target,SENSEX|weekly|2025-06-17,2025-06-17,PE,2025-06-13 14:55:00+05:30,709.75,80930.06,2025-06-17 15:30:00+05:30,hold_to_end,-99.9859,81000.0,81200.0,80850.0,80914.02,80354.59,82150.0,15.0
mp_poc_target,SENSEX|weekly|2025-06-17,2025-06-17,PE,2025-06-13 14:55:00+05:30,709.75,80930.06,2025-06-17 15:30:00+05:30,hold_to_end,-99.9859,81000.0,81200.0,80850.0,80914.02,80354.59,82150.0,15.0
baseline_both,SENSEX|weekly|2025-07-01,2025-07-01,CE,2025-06-17 14:35:00+05:30,775.85,81567.48,2025-06-20 15:05:00+05:30,target_hit,30.0,81550.0,81650.0,81450.0,81890.15,81471.89,,0.0
mp_poc_filter,SENSEX|weekly|2025-07-01,2025-07-01,CE,2025-06-17 14:35:00+05:30,775.85,81567.48,2025-06-20 15:05:00+05:30,target_hit,30.0,81550.0,81650.0,81450.0,81890.15,81471.89,,0.0
mp_ppoc_filter,SENSEX|weekly|2025-07-01,2025-07-01,CE,2025-06-17 14:35:00+05:30,775.85,81567.48,2025-06-20 15:05:00+05:30,target_hit,30.0,81550.0,81650.0,81450.0,81890.15,81471.89,,0.0
mp_va_inside,SENSEX|weekly|2025-07-01,2025-07-01,CE,2025-06-17 14:35:00+05:30,775.85,81567.48,2025-06-20 15:05:00+05:30,target_hit,30.0,81550.0,81650.0,81450.0,81890.15,81471.89,,0.0
mp_ppoc_target,SENSEX|weekly|2025-07-01,2025-07-01,CE,2025-06-17 14:35:00+05:30,775.85,81567.48,2025-06-20 15:05:00+05:30,target_hit,30.0,81550.0,81650.0,81450.0,81890.15,81471.89,,0.0
mp_fa_reversal,SENSEX|weekly|2025-07-01,2025-07-01,CE,2025-06-17 14:35:00+05:30,775.85,81567.48,2025-06-20 15:05:00+05:30,target_hit,30.0,81550.0,81650.0,81450.0,81890.15,81471.89,,0.0
mp_poc_target,SENSEX|weekly|2025-07-01,2025-07-01,CE,2025-06-17 14:35:00+05:30,775.85,81567.48,2025-06-18 09:40:00+05:30,mp_target_hit,15.0,81550.0,81650.0,81450.0,81890.15,81471.89,,15.0
baseline_both,SENSEX|weekly|2025-07-01,2025-07-01,CE,2025-06-23 13:20:00+05:30,735.8,81958.59,2025-06-24 09:15:00+05:30,target_hit,30.0,81800.0,82050.0,81650.0,81984.44,81476.76,82150.0,0.0
mp_poc_filter,SENSEX|weekly|2025-07-01,2025-07-01,CE,2025-06-23 13:20:00+05:30,735.8,81958.59,2025-06-24 09:15:00+05:30,target_hit,30.0,81800.0,82050.0,81650.0,81984.44,81476.76,82150.0,0.0
mp_va_inside,SENSEX|weekly|2025-07-01,2025-07-01,CE,2025-06-23 13:20:00+05:30,735.8,81958.59,2025-06-24 09:15:00+05:30,target_hit,30.0,81800.0,82050.0,81650.0,81984.44,81476.76,82150.0,0.0
mp_ppoc_target,SENSEX|weekly|2025-07-01,2025-07-01,CE,2025-06-23 13:20:00+05:30,735.8,81958.59,2025-06-23 14:05:00+05:30,mp_target_hit,15.0,81800.0,82050.0,81650.0,81984.44,81476.76,82150.0,15.0
mp_poc_target,SENSEX|weekly|2025-07-01,2025-07-01,CE,2025-06-23 13:20:00+05:30,735.8,81958.59,2025-06-23 14:05:00+05:30,mp_target_hit,15.0,81800.0,82050.0,81650.0,81984.44,81476.76,82150.0,15.0
baseline_both,SENSEX|weekly|2025-07-01,2025-07-01,CE,2025-06-25 09:45:00+05:30,976.3,82572.81,2025-06-26 09:30:00+05:30,target_hit,30.0,82600.0,82800.0,82550.0,82614.01,82339.57,82650.0,0.0
mp_va_inside,SENSEX|weekly|2025-07-01,2025-07-01,CE,2025-06-25 09:45:00+05:30,976.3,82572.81,2025-06-26 09:30:00+05:30,target_hit,30.0,82600.0,82800.0,82550.0,82614.01,82339.57,82650.0,0.0
mp_ppoc_target,SENSEX|weekly|2025-07-01,2025-07-01,CE,2025-06-25 09:45:00+05:30,976.3,82572.81,2025-06-25 13:30:00+05:30,mp_target_hit,15.0,82600.0,82800.0,82550.0,82614.01,82339.57,82650.0,15.0
mp_poc_target,SENSEX|weekly|2025-07-01,2025-07-01,CE,2025-06-25 09:45:00+05:30,976.3,82572.81,2025-06-25 13:30:00+05:30,mp_target_hit,15.0,82600.0,82800.0,82550.0,82614.01,82339.57,82650.0,15.0
baseline_both,SENSEX|weekly|2025-07-01,2025-07-01,CE,2025-07-01 09:35:00+05:30,1822.55,83787.94,2025-07-01 15:30:00+05:30,hold_to_end,-1.2071,83650.0,83750.0,83600.0,83874.29,83597.51,83750.0,0.0
mp_poc_filter,SENSEX|weekly|2025-07-01,2025-07-01,CE,2025-07-01 09:35:00+05:30,1822.55,83787.94,2025-07-01 15:30:00+05:30,hold_to_end,-1.2071,83650.0,83750.0,83600.0,83874.29,83597.51,83750.0,0.0
mp_ppoc_filter,SENSEX|weekly|2025-07-01,2025-07-01,CE,2025-07-01 09:35:00+05:30,1822.55,83787.94,2025-07-01 15:30:00+05:30,hold_to_end,-1.2071,83650.0,83750.0,83600.0,83874.29,83597.51,83750.0,0.0
mp_va_outside,SENSEX|weekly|2025-07-01,2025-07-01,CE,2025-07-01 09:35:00+05:30,1822.55,83787.94,2025-07-01 15:30:00+05:30,hold_to_end,-1.2071,83650.0,83750.0,83600.0,83874.29,83597.51,83750.0,0.0
mp_ppoc_target,SENSEX|weekly|2025-07-01,2025-07-01,CE,2025-07-01 09:35:00+05:30,1822.55,83787.94,2025-07-01 15:30:00+05:30,hold_to_end,-1.2071,83650.0,83750.0,83600.0,83874.29,83597.51,83750.0,15.0
mp_fa_reversal,SENSEX|weekly|2025-07-01,2025-07-01,CE,2025-07-01 09:35:00+05:30,1822.55,83787.94,2025-07-01 15:30:00+05:30,hold_to_end,-1.2071,83650.0,83750.0,83600.0,83874.29,83597.51,83750.0,0.0
mp_poc_target,SENSEX|weekly|2025-07-01,2025-07-01,CE,2025-07-01 09:35:00+05:30,1822.55,83787.94,2025-07-01 15:30:00+05:30,hold_to_end,-1.2071,83650.0,83750.0,83600.0,83874.29,83597.51,83750.0,15.0
baseline_both,SENSEX|weekly|2025-07-01,2025-07-01,PE,2025-06-17 12:55:00+05:30,1040.4,81437.71,2025-07-01 15:30:00+05:30,hold_to_end,-99.9952,81550.0,81650.0,81450.0,81890.15,81471.89,,0.0
mp_poc_filter,SENSEX|weekly|2025-07-01,2025-07-01,PE,2025-06-17 12:55:00+05:30,1040.4,81437.71,2025-07-01 15:30:00+05:30,hold_to_end,-99.9952,81550.0,81650.0,81450.0,81890.15,81471.89,,0.0
mp_ppoc_filter,SENSEX|weekly|2025-07-01,2025-07-01,PE,2025-06-17 12:55:00+05:30,1040.4,81437.71,2025-07-01 15:30:00+05:30,hold_to_end,-99.9952,81550.0,81650.0,81450.0,81890.15,81471.89,,0.0
mp_ib_breakout,SENSEX|weekly|2025-07-01,2025-07-01,PE,2025-06-17 12:55:00+05:30,1040.4,81437.71,2025-07-01 15:30:00+05:30,hold_to_end,-99.9952,81550.0,81650.0,81450.0,81890.15,81471.89,,0.0
mp_va_outside,SENSEX|weekly|2025-07-01,2025-07-01,PE,2025-06-17 12:55:00+05:30,1040.4,81437.71,2025-07-01 15:30:00+05:30,hold_to_end,-99.9952,81550.0,81650.0,81450.0,81890.15,81471.89,,0.0
mp_ppoc_target,SENSEX|weekly|2025-07-01,2025-07-01,PE,2025-06-17 12:55:00+05:30,1040.4,81437.71,2025-07-01 15:30:00+05:30,hold_to_end,-99.9952,81550.0,81650.0,81450.0,81890.15,81471.89,,0.0
mp_combo_best,SENSEX|weekly|2025-07-01,2025-07-01,PE,2025-06-17 12:55:00+05:30,1040.4,81437.71,2025-07-01 15:30:00+05:30,hold_to_end,-99.9952,81550.0,81650.0,81450.0,81890.15,81471.89,,0.0
mp_poc_target,SENSEX|weekly|2025-07-01,2025-07-01,PE,2025-06-17 12:55:00+05:30,1040.4,81437.71,2025-07-01 15:30:00+05:30,hold_to_end,-99.9952,81550.0,81650.0,81450.0,81890.15,81471.89,,15.0
baseline_both,SENSEX|weekly|2025-07-08,2025-07-08,CE,2025-06-25 09:55:00+05:30,798.35,82563.64,2025-06-26 09:30:00+05:30,target_hit,30.0,82600.0,82800.0,82550.0,82614.01,82339.57,82650.0,0.0
mp_va_inside,SENSEX|weekly|2025-07-08,2025-07-08,CE,2025-06-25 09:55:00+05:30,798.35,82563.64,2025-06-26 09:30:00+05:30,target_hit,30.0,82600.0,82800.0,82550.0,82614.01,82339.57,82650.0,0.0
mp_ppoc_target,SENSEX|weekly|2025-07-08,2025-07-08,CE,2025-06-25 09:55:00+05:30,798.35,82563.64,2025-06-26 09:25:00+05:30,mp_target_hit,15.0,82600.0,82800.0,82550.0,82614.01,82339.57,82650.0,15.0
mp_poc_target,SENSEX|weekly|2025-07-08,2025-07-08,CE,2025-06-25 09:55:00+05:30,798.35,82563.64,2025-06-26 09:25:00+05:30,mp_target_hit,15.0,82600.0,82800.0,82550.0,82614.01,82339.57,82650.0,15.0
baseline_both,SENSEX|weekly|2025-07-08,2025-07-08,CE,2025-06-26 13:50:00+05:30,1355.0,83480.65,2025-07-08 15:30:00+05:30,hold_to_end,-25.4649,83150.0,83500.0,82950.0,83380.98,82816.26,82600.0,0.0
mp_poc_filter,SENSEX|weekly|2025-07-08,2025-07-08,CE,2025-06-26 13:50:00+05:30,1355.0,83480.65,2025-07-08 15:30:00+05:30,hold_to_end,-25.4649,83150.0,83500.0,82950.0,83380.98,82816.26,82600.0,0.0
mp_ppoc_filter,SENSEX|weekly|2025-07-08,2025-07-08,CE,2025-06-26 13:50:00+05:30,1355.0,83480.65,2025-07-08 15:30:00+05:30,hold_to_end,-25.4649,83150.0,83500.0,82950.0,83380.98,82816.26,82600.0,0.0
mp_ib_breakout,SENSEX|weekly|2025-07-08,2025-07-08,CE,2025-06-26 13:50:00+05:30,1355.0,83480.65,2025-07-08 15:30:00+05:30,hold_to_end,-25.4649,83150.0,83500.0,82950.0,83380.98,82816.26,82600.0,0.0
mp_va_inside,SENSEX|weekly|2025-07-08,2025-07-08,CE,2025-06-26 13:50:00+05:30,1355.0,83480.65,2025-07-08 15:30:00+05:30,hold_to_end,-25.4649,83150.0,83500.0,82950.0,83380.98,82816.26,82600.0,0.0
mp_ppoc_target,SENSEX|weekly|2025-07-08,2025-07-08,CE,2025-06-26 13:50:00+05:30,1355.0,83480.65,2025-07-08 15:30:00+05:30,hold_to_end,-25.4649,83150.0,83500.0,82950.0,83380.98,82816.26,82600.0,15.0
mp_poc_target,SENSEX|weekly|2025-07-08,2025-07-08,CE,2025-06-26 13:50:00+05:30,1355.0,83480.65,2025-07-08 15:30:00+05:30,hold_to_end,-25.4649,83150.0,83500.0,82950.0,83380.98,82816.26,82600.0,15.0
baseline_both,SENSEX|weekly|2025-07-08,2025-07-08,PE,2025-06-24 13:20:00+05:30,870.65,82515.19,2025-07-08 15:30:00+05:30,hold_to_end,-99.9943,82650.0,83000.0,82300.0,82835.39,82360.04,,0.0
mp_poc_filter,SENSEX|weekly|2025-07-08,2025-07-08,PE,2025-06-24 13:20:00+05:30,870.65,82515.19,2025-07-08 15:30:00+05:30,hold_to_end,-99.9943,82650.0,83000.0,82300.0,82835.39,82360.04,,0.0
mp_ppoc_filter,SENSEX|weekly|2025-07-08,2025-07-08,PE,2025-06-24 13:20:00+05:30,870.65,82515.19,2025-07-08 15:30:00+05:30,hold_to_end,-99.9943,82650.0,83000.0,82300.0,82835.39,82360.04,,0.0
mp_va_inside,SENSEX|weekly|2025-07-08,2025-07-08,PE,2025-06-24 13:20:00+05:30,870.65,82515.19,2025-07-08 15:30:00+05:30,hold_to_end,-99.9943,82650.0,83000.0,82300.0,82835.39,82360.04,,0.0
mp_ppoc_target,SENSEX|weekly|2025-07-08,2025-07-08,PE,2025-06-24 13:20:00+05:30,870.65,82515.19,2025-07-08 15:30:00+05:30,hold_to_end,-99.9943,82650.0,83000.0,82300.0,82835.39,82360.04,,0.0
mp_fa_reversal,SENSEX|weekly|2025-07-08,2025-07-08,PE,2025-06-24 13:20:00+05:30,870.65,82515.19,2025-07-08 15:30:00+05:30,hold_to_end,-99.9943,82650.0,83000.0,82300.0,82835.39,82360.04,,0.0
mp_poc_target,SENSEX|weekly|2025-07-08,2025-07-08,PE,2025-06-24 13:20:00+05:30,870.65,82515.19,2025-06-24 13:40:00+05:30,mp_target_hit,15.0,82650.0,83000.0,82300.0,82835.39,82360.04,,15.0
baseline_both,SENSEX|weekly|2025-07-15,2025-07-15,CE,2025-07-01 13:15:00+05:30,904.75,83663.31,2025-07-15 15:30:00+05:30,hold_to_end,-99.9945,83650.0,83750.0,83600.0,83874.29,83597.51,,0.0
mp_poc_filter,SENSEX|weekly|2025-07-15,2025-07-15,CE,2025-07-01 13:15:00+05:30,904.75,83663.31,2025-07-15 15:30:00+05:30,hold_to_end,-99.9945,83650.0,83750.0,83600.0,83874.29,83597.51,,0.0
mp_ppoc_filter,SENSEX|weekly|2025-07-15,2025-07-15,CE,2025-07-01 13:15:00+05:30,904.75,83663.31,2025-07-15 15:30:00+05:30,hold_to_end,-99.9945,83650.0,83750.0,83600.0,83874.29,83597.51,,0.0
mp_va_inside,SENSEX|weekly|2025-07-15,2025-07-15,CE,2025-07-01 13:15:00+05:30,904.75,83663.31,2025-07-15 15:30:00+05:30,hold_to_end,-99.9945,83650.0,83750.0,83600.0,83874.29,83597.51,,0.0
mp_ppoc_target,SENSEX|weekly|2025-07-15,2025-07-15,CE,2025-07-01 13:15:00+05:30,904.75,83663.31,2025-07-15 15:30:00+05:30,hold_to_end,-99.9945,83650.0,83750.0,83600.0,83874.29,83597.51,,0.0
mp_fa_reversal,SENSEX|weekly|2025-07-15,2025-07-15,CE,2025-07-01 13:15:00+05:30,904.75,83663.31,2025-07-15 15:30:00+05:30,hold_to_end,-99.9945,83650.0,83750.0,83600.0,83874.29,83597.51,,0.0
mp_poc_target,SENSEX|weekly|2025-07-15,2025-07-15,CE,2025-07-01 13:15:00+05:30,904.75,83663.31,2025-07-15 15:30:00+05:30,hold_to_end,-99.9945,83650.0,83750.0,83600.0,83874.29,83597.51,,15.0
baseline_both,SENSEX|weekly|2025-07-15,2025-07-15,PE,2025-07-01 13:10:00+05:30,669.25,83662.61,2025-07-02 13:30:00+05:30,target_hit,30.0,83650.0,83750.0,83600.0,83874.29,83597.51,,0.0
mp_ppoc_filter,SENSEX|weekly|2025-07-15,2025-07-15,PE,2025-07-01 13:10:00+05:30,669.25,83662.61,2025-07-02 13:30:00+05:30,target_hit,30.0,83650.0,83750.0,83600.0,83874.29,83597.51,,0.0
mp_va_inside,SENSEX|weekly|2025-07-15,2025-07-15,PE,2025-07-01 13:10:00+05:30,669.25,83662.61,2025-07-02 13:30:00+05:30,target_hit,30.0,83650.0,83750.0,83600.0,83874.29,83597.51,,0.0
mp_ppoc_target,SENSEX|weekly|2025-07-15,2025-07-15,PE,2025-07-01 13:10:00+05:30,669.25,83662.61,2025-07-02 13:30:00+05:30,target_hit,30.0,83650.0,83750.0,83600.0,83874.29,83597.51,,0.0
mp_poc_target,SENSEX|weekly|2025-07-15,2025-07-15,PE,2025-07-01 13:10:00+05:30,669.25,83662.61,2025-07-02 13:25:00+05:30,mp_target_hit,15.0,83650.0,83750.0,83600.0,83874.29,83597.51,,15.0
baseline_both,SENSEX|weekly|2025-07-15,2025-07-15,PE,2025-07-03 12:25:00+05:30,627.9,83596.27,2025-07-03 14:40:00+05:30,target_hit,30.0,83600.0,83800.0,83400.0,83778.41,83348.49,83500.0,0.0
mp_poc_filter,SENSEX|weekly|2025-07-15,2025-07-15,PE,2025-07-03 12:25:00+05:30,627.9,83596.27,2025-07-03 14:40:00+05:30,target_hit,30.0,83600.0,83800.0,83400.0,83778.41,83348.49,83500.0,0.0
mp_va_inside,SENSEX|weekly|2025-07-15,2025-07-15,PE,2025-07-03 12:25:00+05:30,627.9,83596.27,2025-07-03 14:40:00+05:30,target_hit,30.0,83600.0,83800.0,83400.0,83778.41,83348.49,83500.0,0.0
mp_ppoc_target,SENSEX|weekly|2025-07-15,2025-07-15,PE,2025-07-03 12:25:00+05:30,627.9,83596.27,2025-07-03 14:30:00+05:30,mp_target_hit,15.0,83600.0,83800.0,83400.0,83778.41,83348.49,83500.0,15.0
mp_fa_reversal,SENSEX|weekly|2025-07-15,2025-07-15,PE,2025-07-03 12:25:00+05:30,627.9,83596.27,2025-07-03 14:40:00+05:30,target_hit,30.0,83600.0,83800.0,83400.0,83778.41,83348.49,83500.0,0.0
mp_poc_target,SENSEX|weekly|2025-07-15,2025-07-15,PE,2025-07-03 12:25:00+05:30,627.9,83596.27,2025-07-03 14:30:00+05:30,mp_target_hit,15.0,83600.0,83800.0,83400.0,83778.41,83348.49,83500.0,15.0
baseline_both,SENSEX|weekly|2025-07-15,2025-07-15,PE,2025-07-04 11:25:00+05:30,804.1,83213.96,2025-07-11 11:10:00+05:30,target_hit,30.0,83200.0,83350.0,83100.0,83441.95,83102.55,83600.0,0.0
mp_ppoc_filter,SENSEX|weekly|2025-07-15,2025-07-15,PE,2025-07-04 11:25:00+05:30,804.1,83213.96,2025-07-11 11:10:00+05:30,target_hit,30.0,83200.0,83350.0,83100.0,83441.95,83102.55,83600.0,0.0
mp_va_inside,SENSEX|weekly|2025-07-15,2025-07-15,PE,2025-07-04 11:25:00+05:30,804.1,83213.96,2025-07-11 11:10:00+05:30,target_hit,30.0,83200.0,83350.0,83100.0,83441.95,83102.55,83600.0,0.0
mp_ppoc_target,SENSEX|weekly|2025-07-15,2025-07-15,PE,2025-07-04 11:25:00+05:30,804.1,83213.96,2025-07-11 10:50:00+05:30,mp_target_hit,15.0,83200.0,83350.0,83100.0,83441.95,83102.55,83600.0,15.0
mp_poc_target,SENSEX|weekly|2025-07-15,2025-07-15,PE,2025-07-04 11:25:00+05:30,804.1,83213.96,2025-07-11 10:50:00+05:30,mp_target_hit,15.0,83200.0,83350.0,83100.0,83441.95,83102.55,83600.0,15.0
baseline_both,SENSEX|weekly|2025-07-15,2025-07-15,PE,2025-07-11 15:20:00+05:30,1026.2,82495.08,2025-07-14 09:25:00+05:30,target_hit,30.0,82500.0,82800.0,82450.0,83040.74,82791.83,83300.0,0.0
mp_poc_filter,SENSEX|weekly|2025-07-15,2025-07-15,PE,2025-07-11 15:20:00+05:30,1026.2,82495.08,2025-07-14 09:25:00+05:30,target_hit,30.0,82500.0,82800.0,82450.0,83040.74,82791.83,83300.0,0.0
mp_ppoc_filter,SENSEX|weekly|2025-07-15,2025-07-15,PE,2025-07-11 15:20:00+05:30,1026.2,82495.08,2025-07-14 09:25:00+05:30,target_hit,30.0,82500.0,82800.0,82450.0,83040.74,82791.83,83300.0,0.0
mp_ib_breakout,SENSEX|weekly|2025-07-15,2025-07-15,PE,2025-07-11 15:20:00+05:30,1026.2,82495.08,2025-07-14 09:25:00+05:30,target_hit,30.0,82500.0,82800.0,82450.0,83040.74,82791.83,83300.0,0.0
mp_va_inside,SENSEX|weekly|2025-07-15,2025-07-15,PE,2025-07-11 15:20:00+05:30,1026.2,82495.08,2025-07-14 09:25:00+05:30,target_hit,30.0,82500.0,82800.0,82450.0,83040.74,82791.83,83300.0,0.0
mp_ppoc_target,SENSEX|weekly|2025-07-15,2025-07-15,PE,2025-07-11 15:20:00+05:30,1026.2,82495.08,2025-07-14 09:20:00+05:30,mp_target_hit,15.0,82500.0,82800.0,82450.0,83040.74,82791.83,83300.0,15.0
mp_poc_target,SENSEX|weekly|2025-07-15,2025-07-15,PE,2025-07-11 15:20:00+05:30,1026.2,82495.08,2025-07-14 09:20:00+05:30,mp_target_hit,15.0,82500.0,82800.0,82450.0,83040.74,82791.83,83300.0,15.0
baseline_both,SENSEX|weekly|2025-07-15,2025-07-15,PE,2025-07-15 13:45:00+05:30,1024.95,82551.74,2025-07-15 15:30:00+05:30,hold_to_end,0.5659,82550.0,82700.0,82400.0,82462.38,82221.74,82100.0,0.0
mp_va_inside,SENSEX|weekly|2025-07-15,2025-07-15,PE,2025-07-15 13:45:00+05:30,1024.95,82551.74,2025-07-15 15:30:00+05:30,hold_to_end,0.5659,82550.0,82700.0,82400.0,82462.38,82221.74,82100.0,0.0
mp_ppoc_target,SENSEX|weekly|2025-07-15,2025-07-15,PE,2025-07-15 13:45:00+05:30,1024.95,82551.74,2025-07-15 15:30:00+05:30,hold_to_end,0.5659,82550.0,82700.0,82400.0,82462.38,82221.74,82100.0,15.0
mp_poc_target,SENSEX|weekly|2025-07-15,2025-07-15,PE,2025-07-15 13:45:00+05:30,1024.95,82551.74,2025-07-15 15:30:00+05:30,hold_to_end,0.5659,82550.0,82700.0,82400.0,82462.38,82221.74,82100.0,15.0
baseline_both,SENSEX|weekly|2025-07-22,2025-07-22,CE,2025-07-08 12:35:00+05:30,802.25,83539.23,2025-07-22 15:30:00+05:30,hold_to_end,-99.9938,83450.0,83600.0,83400.0,83561.8,83320.95,,0.0
mp_poc_filter,SENSEX|weekly|2025-07-22,2025-07-22,CE,2025-07-08 12:35:00+05:30,802.25,83539.23,2025-07-22 15:30:00+05:30,hold_to_end,-99.9938,83450.0,83600.0,83400.0,83561.8,83320.95,,0.0
mp_ppoc_filter,SENSEX|weekly|2025-07-22,2025-07-22,CE,2025-07-08 12:35:00+05:30,802.25,83539.23,2025-07-22 15:30:00+05:30,hold_to_end,-99.9938,83450.0,83600.0,83400.0,83561.8,83320.95,,0.0
mp_va_inside,SENSEX|weekly|2025-07-22,2025-07-22,CE,2025-07-08 12:35:00+05:30,802.25,83539.23,2025-07-22 15:30:00+05:30,hold_to_end,-99.9938,83450.0,83600.0,83400.0,83561.8,83320.95,,0.0
mp_ppoc_target,SENSEX|weekly|2025-07-22,2025-07-22,CE,2025-07-08 12:35:00+05:30,802.25,83539.23,2025-07-22 15:30:00+05:30,hold_to_end,-99.9938,83450.0,83600.0,83400.0,83561.8,83320.95,,0.0
mp_poc_target,SENSEX|weekly|2025-07-22,2025-07-22,CE,2025-07-08 12:35:00+05:30,802.25,83539.23,2025-07-08 15:10:00+05:30,mp_target_hit,15.0,83450.0,83600.0,83400.0,83561.8,83320.95,,15.0
baseline_both,SENSEX|weekly|2025-07-22,2025-07-22,PE,2025-07-09 14:25:00+05:30,508.2,83667.71,2025-07-10 10:15:00+05:30,target_hit,30.0,83650.0,83800.0,83600.0,83741.78,83519.41,83450.0,0.0
mp_va_inside,SENSEX|weekly|2025-07-22,2025-07-22,PE,2025-07-09 14:25:00+05:30,508.2,83667.71,2025-07-10 10:15:00+05:30,target_hit,30.0,83650.0,83800.0,83600.0,83741.78,83519.41,83450.0,0.0
mp_ppoc_target,SENSEX|weekly|2025-07-22,2025-07-22,PE,2025-07-09 14:25:00+05:30,508.2,83667.71,2025-07-09 14:35:00+05:30,mp_target_hit,15.0,83650.0,83800.0,83600.0,83741.78,83519.41,83450.0,15.0
mp_fa_reversal,SENSEX|weekly|2025-07-22,2025-07-22,PE,2025-07-09 14:25:00+05:30,508.2,83667.71,2025-07-10 10:15:00+05:30,target_hit,30.0,83650.0,83800.0,83600.0,83741.78,83519.41,83450.0,0.0
mp_poc_target,SENSEX|weekly|2025-07-22,2025-07-22,PE,2025-07-09 14:25:00+05:30,508.2,83667.71,2025-07-09 14:35:00+05:30,mp_target_hit,15.0,83650.0,83800.0,83600.0,83741.78,83519.41,83450.0,15.0
baseline_both,SENSEX|weekly|2025-07-22,2025-07-22,PE,2025-07-10 13:45:00+05:30,702.7,83176.95,2025-07-11 10:35:00+05:30,target_hit,30.0,83300.0,83400.0,83150.0,83742.28,83330.28,83650.0,0.0
mp_poc_filter,SENSEX|weekly|2025-07-22,2025-07-22,PE,2025-07-10 13:45:00+05:30,702.7,83176.95,2025-07-11 10:35:00+05:30,target_hit,30.0,83300.0,83400.0,83150.0,83742.28,83330.28,83650.0,0.0
mp_ppoc_filter,SENSEX|weekly|2025-07-22,2025-07-22,PE,2025-07-10 13:45:00+05:30,702.7,83176.95,2025-07-11 10:35:00+05:30,target_hit,30.0,83300.0,83400.0,83150.0,83742.28,83330.28,83650.0,0.0
mp_ib_breakout,SENSEX|weekly|2025-07-22,2025-07-22,PE,2025-07-10 13:45:00+05:30,702.7,83176.95,2025-07-11 10:35:00+05:30,target_hit,30.0,83300.0,83400.0,83150.0,83742.28,83330.28,83650.0,0.0
mp_va_inside,SENSEX|weekly|2025-07-22,2025-07-22,PE,2025-07-10 13:45:00+05:30,702.7,83176.95,2025-07-11 10:35:00+05:30,target_hit,30.0,83300.0,83400.0,83150.0,83742.28,83330.28,83650.0,0.0
mp_ppoc_target,SENSEX|weekly|2025-07-22,2025-07-22,PE,2025-07-10 13:45:00+05:30,702.7,83176.95,2025-07-11 09:15:00+05:30,mp_target_hit,15.0,83300.0,83400.0,83150.0,83742.28,83330.28,83650.0,15.0
mp_poc_target,SENSEX|weekly|2025-07-22,2025-07-22,PE,2025-07-10 13:45:00+05:30,702.7,83176.95,2025-07-11 09:15:00+05:30,mp_target_hit,15.0,83300.0,83400.0,83150.0,83742.28,83330.28,83650.0,15.0
baseline_both,SENSEX|weekly|2025-07-22,2025-07-22,PE,2025-07-11 15:20:00+05:30,1061.15,82495.08,2025-07-14 11:35:00+05:30,target_hit,30.0,82500.0,82800.0,82450.0,83040.74,82791.83,83300.0,0.0
mp_poc_filter,SENSEX|weekly|2025-07-22,2025-07-22,PE,2025-07-11 15:20:00+05:30,1061.15,82495.08,2025-07-14 11:35:00+05:30,target_hit,30.0,82500.0,82800.0,82450.0,83040.74,82791.83,83300.0,0.0
mp_ppoc_filter,SENSEX|weekly|2025-07-22,2025-07-22,PE,2025-07-11 15:20:00+05:30,1061.15,82495.08,2025-07-14 11:35:00+05:30,target_hit,30.0,82500.0,82800.0,82450.0,83040.74,82791.83,83300.0,0.0
mp_ib_breakout,SENSEX|weekly|2025-07-22,2025-07-22,PE,2025-07-11 15:20:00+05:30,1061.15,82495.08,2025-07-14 11:35:00+05:30,target_hit,30.0,82500.0,82800.0,82450.0,83040.74,82791.83,83300.0,0.0
mp_va_inside,SENSEX|weekly|2025-07-22,2025-07-22,PE,2025-07-11 15:20:00+05:30,1061.15,82495.08,2025-07-14 11:35:00+05:30,target_hit,30.0,82500.0,82800.0,82450.0,83040.74,82791.83,83300.0,0.0
mp_ppoc_target,SENSEX|weekly|2025-07-22,2025-07-22,PE,2025-07-11 15:20:00+05:30,1061.15,82495.08,2025-07-14 09:35:00+05:30,mp_target_hit,15.0,82500.0,82800.0,82450.0,83040.74,82791.83,83300.0,15.0
mp_poc_target,SENSEX|weekly|2025-07-22,2025-07-22,PE,2025-07-11 15:20:00+05:30,1061.15,82495.08,2025-07-14 09:35:00+05:30,mp_target_hit,15.0,82500.0,82800.0,82450.0,83040.74,82791.83,83300.0,15.0
baseline_both,SENSEX|weekly|2025-07-22,2025-07-22,PE,2025-07-15 13:45:00+05:30,983.1,82551.74,2025-07-18 09:20:00+05:30,target_hit,30.0,82550.0,82700.0,82400.0,82462.38,82221.74,82100.0,0.0
mp_va_inside,SENSEX|weekly|2025-07-22,2025-07-22,PE,2025-07-15 13:45:00+05:30,983.1,82551.74,2025-07-18 09:20:00+05:30,target_hit,30.0,82550.0,82700.0,82400.0,82462.38,82221.74,82100.0,0.0
mp_ppoc_target,SENSEX|weekly|2025-07-22,2025-07-22,PE,2025-07-15 13:45:00+05:30,983.1,82551.74,2025-07-16 09:25:00+05:30,mp_target_hit,15.0,82550.0,82700.0,82400.0,82462.38,82221.74,82100.0,15.0
mp_poc_target,SENSEX|weekly|2025-07-22,2025-07-22,PE,2025-07-15 13:45:00+05:30,983.1,82551.74,2025-07-16 09:25:00+05:30,mp_target_hit,15.0,82550.0,82700.0,82400.0,82462.38,82221.74,82100.0,15.0
baseline_both,SENSEX|weekly|2025-07-22,2025-07-22,PE,2025-07-21 09:25:00+05:30,1920.0,81569.08,2025-07-22 15:30:00+05:30,hold_to_end,-31.6146,82050.0,82200.0,81900.0,82153.61,81518.66,81700.0,0.0
mp_poc_filter,SENSEX|weekly|2025-07-22,2025-07-22,PE,2025-07-21 09:25:00+05:30,1920.0,81569.08,2025-07-22 15:30:00+05:30,hold_to_end,-31.6146,82050.0,82200.0,81900.0,82153.61,81518.66,81700.0,0.0
mp_ppoc_filter,SENSEX|weekly|2025-07-22,2025-07-22,PE,2025-07-21 09:25:00+05:30,1920.0,81569.08,2025-07-22 15:30:00+05:30,hold_to_end,-31.6146,82050.0,82200.0,81900.0,82153.61,81518.66,81700.0,0.0
mp_va_outside,SENSEX|weekly|2025-07-22,2025-07-22,PE,2025-07-21 09:25:00+05:30,1920.0,81569.08,2025-07-22 15:30:00+05:30,hold_to_end,-31.6146,82050.0,82200.0,81900.0,82153.61,81518.66,81700.0,0.0
mp_ppoc_target,SENSEX|weekly|2025-07-22,2025-07-22,PE,2025-07-21 09:25:00+05:30,1920.0,81569.08,2025-07-22 15:30:00+05:30,hold_to_end,-31.6146,82050.0,82200.0,81900.0,82153.61,81518.66,81700.0,15.0
mp_poc_target,SENSEX|weekly|2025-07-22,2025-07-22,PE,2025-07-21 09:25:00+05:30,1920.0,81569.08,2025-07-22 15:30:00+05:30,hold_to_end,-31.6146,82050.0,82200.0,81900.0,82153.61,81518.66,81700.0,15.0
baseline_both,SENSEX|weekly|2025-08-05,2025-08-05,CE,2025-07-28 10:25:00+05:30,272.7,81526.69,2025-08-05 15:30:00+05:30,hold_to_end,-99.9817,81250.0,81600.0,81050.0,81478.05,81093.51,81500.0,0.0
mp_poc_filter,SENSEX|weekly|2025-08-05,2025-08-05,CE,2025-07-28 10:25:00+05:30,272.7,81526.69,2025-08-05 15:30:00+05:30,hold_to_end,-99.9817,81250.0,81600.0,81050.0,81478.05,81093.51,81500.0,0.0
mp_ppoc_filter,SENSEX|weekly|2025-08-05,2025-08-05,CE,2025-07-28 10:25:00+05:30,272.7,81526.69,2025-08-05 15:30:00+05:30,hold_to_end,-99.9817,81250.0,81600.0,81050.0,81478.05,81093.51,81500.0,0.0
mp_ib_breakout,SENSEX|weekly|2025-08-05,2025-08-05,CE,2025-07-28 10:25:00+05:30,272.7,81526.69,2025-08-05 15:30:00+05:30,hold_to_end,-99.9817,81250.0,81600.0,81050.0,81478.05,81093.51,81500.0,0.0
mp_va_inside,SENSEX|weekly|2025-08-05,2025-08-05,CE,2025-07-28 10:25:00+05:30,272.7,81526.69,2025-08-05 15:30:00+05:30,hold_to_end,-99.9817,81250.0,81600.0,81050.0,81478.05,81093.51,81500.0,0.0
mp_ppoc_target,SENSEX|weekly|2025-08-05,2025-08-05,CE,2025-07-28 10:25:00+05:30,272.7,81526.69,2025-08-05 15:30:00+05:30,hold_to_end,-99.9817,81250.0,81600.0,81050.0,81478.05,81093.51,81500.0,15.0
mp_poc_target,SENSEX|weekly|2025-08-05,2025-08-05,CE,2025-07-28 10:25:00+05:30,272.7,81526.69,2025-08-05 15:30:00+05:30,hold_to_end,-99.9817,81250.0,81600.0,81050.0,81478.05,81093.51,81500.0,15.0
baseline_both,SENSEX|weekly|2025-08-05,2025-08-05,PE,2025-07-24 09:55:00+05:30,416.4,82497.03,2025-07-24 12:00:00+05:30,target_hit,30.0,82200.0,82500.0,82050.0,82784.24,82456.37,82350.0,0.0
mp_va_inside,SENSEX|weekly|2025-08-05,2025-08-05,PE,2025-07-24 09:55:00+05:30,416.4,82497.03,2025-07-24 12:00:00+05:30,target_hit,30.0,82200.0,82500.0,82050.0,82784.24,82456.37,82350.0,0.0
mp_ppoc_target,SENSEX|weekly|2025-08-05,2025-08-05,PE,2025-07-24 09:55:00+05:30,416.4,82497.03,2025-07-24 11:25:00+05:30,mp_target_hit,15.0,82200.0,82500.0,82050.0,82784.24,82456.37,82350.0,15.0
mp_poc_target,SENSEX|weekly|2025-08-05,2025-08-05,PE,2025-07-24 09:55:00+05:30,416.4,82497.03,2025-07-24 11:25:00+05:30,mp_target_hit,15.0,82200.0,82500.0,82050.0,82784.24,82456.37,82350.0,15.0
baseline_both,SENSEX|weekly|2025-08-05,2025-08-05,PE,2025-07-24 15:00:00+05:30,554.15,82187.45,2025-07-25 09:15:00+05:30,target_hit,30.0,82200.0,82500.0,82050.0,82784.24,82456.37,82350.0,0.0
mp_poc_filter,SENSEX|weekly|2025-08-05,2025-08-05,PE,2025-07-24 15:00:00+05:30,554.15,82187.45,2025-07-25 09:15:00+05:30,target_hit,30.0,82200.0,82500.0,82050.0,82784.24,82456.37,82350.0,0.0
mp_ppoc_filter,SENSEX|weekly|2025-08-05,2025-08-05,PE,2025-07-24 15:00:00+05:30,554.15,82187.45,2025-07-25 09:15:00+05:30,target_hit,30.0,82200.0,82500.0,82050.0,82784.24,82456.37,82350.0,0.0
mp_ib_breakout,SENSEX|weekly|2025-08-05,2025-08-05,PE,2025-07-24 15:00:00+05:30,554.15,82187.45,2025-07-25 09:15:00+05:30,target_hit,30.0,82200.0,82500.0,82050.0,82784.24,82456.37,82350.0,0.0
mp_va_inside,SENSEX|weekly|2025-08-05,2025-08-05,PE,2025-07-24 15:00:00+05:30,554.15,82187.45,2025-07-25 09:15:00+05:30,target_hit,30.0,82200.0,82500.0,82050.0,82784.24,82456.37,82350.0,0.0
mp_ppoc_target,SENSEX|weekly|2025-08-05,2025-08-05,PE,2025-07-24 15:00:00+05:30,554.15,82187.45,2025-07-25 09:15:00+05:30,mp_target_hit,15.0,82200.0,82500.0,82050.0,82784.24,82456.37,82350.0,15.0
mp_poc_target,SENSEX|weekly|2025-08-05,2025-08-05,PE,2025-07-24 15:00:00+05:30,554.15,82187.45,2025-07-25 09:15:00+05:30,mp_target_hit,15.0,82200.0,82500.0,82050.0,82784.24,82456.37,82350.0,15.0
baseline_both,SENSEX|weekly|2025-08-05,2025-08-05,PE,2025-07-28 10:55:00+05:30,1098.1,81331.81,2025-07-28 14:45:00+05:30,target_hit,30.0,81250.0,81600.0,81050.0,81478.05,81093.51,81500.0,0.0
mp_ppoc_filter,SENSEX|weekly|2025-08-05,2025-08-05,PE,2025-07-28 10:55:00+05:30,1098.1,81331.81,2025-07-28 14:45:00+05:30,target_hit,30.0,81250.0,81600.0,81050.0,81478.05,81093.51,81500.0,0.0
mp_va_inside,SENSEX|weekly|2025-08-05,2025-08-05,PE,2025-07-28 10:55:00+05:30,1098.1,81331.81,2025-07-28 14:45:00+05:30,target_hit,30.0,81250.0,81600.0,81050.0,81478.05,81093.51,81500.0,0.0
mp_ppoc_target,SENSEX|weekly|2025-08-05,2025-08-05,PE,2025-07-28 10:55:00+05:30,1098.1,81331.81,2025-07-28 13:10:00+05:30,mp_target_hit,15.0,81250.0,81600.0,81050.0,81478.05,81093.51,81500.0,15.0
mp_fa_reversal,SENSEX|weekly|2025-08-05,2025-08-05,PE,2025-07-28 10:55:00+05:30,1098.1,81331.81,2025-07-28 14:45:00+05:30,target_hit,30.0,81250.0,81600.0,81050.0,81478.05,81093.51,81500.0,0.0
mp_poc_target,SENSEX|weekly|2025-08-05,2025-08-05,PE,2025-07-28 10:55:00+05:30,1098.1,81331.81,2025-07-28 13:10:00+05:30,mp_target_hit,15.0,81250.0,81600.0,81050.0,81478.05,81093.51,81500.0,15.0
baseline_both,SENSEX|weekly|2025-08-05,2025-08-05,PE,2025-07-31 09:15:00+05:30,1432.8,80955.22,2025-08-05 15:30:00+05:30,hold_to_end,17.5321,80900.0,81600.0,80900.0,81050.83,80695.15,81450.0,0.0
mp_ppoc_filter,SENSEX|weekly|2025-08-05,2025-08-05,PE,2025-07-31 09:15:00+05:30,1432.8,80955.22,2025-08-05 15:30:00+05:30,hold_to_end,17.5321,80900.0,81600.0,80900.0,81050.83,80695.15,81450.0,0.0
mp_va_inside,SENSEX|weekly|2025-08-05,2025-08-05,PE,2025-07-31 09:15:00+05:30,1432.8,80955.22,2025-08-05 15:30:00+05:30,hold_to_end,17.5321,80900.0,81600.0,80900.0,81050.83,80695.15,81450.0,0.0
mp_ppoc_target,SENSEX|weekly|2025-08-05,2025-08-05,PE,2025-07-31 09:15:00+05:30,1432.8,80955.22,2025-08-01 15:10:00+05:30,mp_target_hit,15.0,80900.0,81600.0,80900.0,81050.83,80695.15,81450.0,15.0
mp_poc_target,SENSEX|weekly|2025-08-05,2025-08-05,PE,2025-07-31 09:15:00+05:30,1432.8,80955.22,2025-08-01 15:10:00+05:30,mp_target_hit,15.0,80900.0,81600.0,80900.0,81050.83,80695.15,81450.0,15.0
baseline_both,SENSEX|weekly|2025-08-12,2025-08-12,CE,2025-07-29 13:15:00+05:30,950.0,81022.15,2025-07-30 11:35:00+05:30,target_hit,30.0,80900.0,81100.0,80600.0,80990.72,80575.45,,0.0
mp_poc_filter,SENSEX|weekly|2025-08-12,2025-08-12,CE,2025-07-29 13:15:00+05:30,950.0,81022.15,2025-07-30 11:35:00+05:30,target_hit,30.0,80900.0,81100.0,80600.0,80990.72,80575.45,,0.0
mp_ppoc_filter,SENSEX|weekly|2025-08-12,2025-08-12,CE,2025-07-29 13:15:00+05:30,950.0,81022.15,2025-07-30 11:35:00+05:30,target_hit,30.0,80900.0,81100.0,80600.0,80990.72,80575.45,,0.0
mp_ib_breakout,SENSEX|weekly|2025-08-12,2025-08-12,CE,2025-07-29 13:15:00+05:30,950.0,81022.15,2025-07-30 11:35:00+05:30,target_hit,30.0,80900.0,81100.0,80600.0,80990.72,80575.45,,0.0
mp_va_inside,SENSEX|weekly|2025-08-12,2025-08-12,CE,2025-07-29 13:15:00+05:30,950.0,81022.15,2025-07-30 11:35:00+05:30,target_hit,30.0,80900.0,81100.0,80600.0,80990.72,80575.45,,0.0
mp_ppoc_target,SENSEX|weekly|2025-08-12,2025-08-12,CE,2025-07-29 13:15:00+05:30,950.0,81022.15,2025-07-30 11:35:00+05:30,target_hit,30.0,80900.0,81100.0,80600.0,80990.72,80575.45,,0.0
mp_poc_target,SENSEX|weekly|2025-08-12,2025-08-12,CE,2025-07-29 13:15:00+05:30,950.0,81022.15,2025-07-30 09:35:00+05:30,mp_target_hit,15.0,80900.0,81100.0,80600.0,80990.72,80575.45,,15.0
baseline_both,SENSEX|weekly|2025-08-12,2025-08-12,CE,2025-07-31 11:30:00+05:30,984.1,81245.79,2025-08-12 15:30:00+05:30,hold_to_end,-99.9949,80900.0,81600.0,80900.0,81050.83,80695.15,81450.0,0.0
mp_poc_filter,SENSEX|weekly|2025-08-12,2025-08-12,CE,2025-07-31 11:30:00+05:30,984.1,81245.79,2025-08-12 15:30:00+05:30,hold_to_end,-99.9949,80900.0,81600.0,80900.0,81050.83,80695.15,81450.0,0.0
mp_ib_breakout,SENSEX|weekly|2025-08-12,2025-08-12,CE,2025-07-31 11:30:00+05:30,984.1,81245.79,2025-08-12 15:30:00+05:30,hold_to_end,-99.9949,80900.0,81600.0,80900.0,81050.83,80695.15,81450.0,0.0
mp_va_inside,SENSEX|weekly|2025-08-12,2025-08-12,CE,2025-07-31 11:30:00+05:30,984.1,81245.79,2025-08-12 15:30:00+05:30,hold_to_end,-99.9949,80900.0,81600.0,80900.0,81050.83,80695.15,81450.0,0.0
mp_ppoc_target,SENSEX|weekly|2025-08-12,2025-08-12,CE,2025-07-31 11:30:00+05:30,984.1,81245.79,2025-07-31 12:40:00+05:30,mp_target_hit,15.0,80900.0,81600.0,80900.0,81050.83,80695.15,81450.0,15.0
mp_poc_target,SENSEX|weekly|2025-08-12,2025-08-12,CE,2025-07-31 11:30:00+05:30,984.1,81245.79,2025-07-31 12:40:00+05:30,mp_target_hit,15.0,80900.0,81600.0,80900.0,81050.83,80695.15,81450.0,15.0
baseline_both,SENSEX|weekly|2025-08-12,2025-08-12,PE,2025-07-31 09:25:00+05:30,540.0,80937.69,2025-08-01 15:10:00+05:30,target_hit,30.0,80900.0,81600.0,80900.0,81050.83,80695.15,81450.0,0.0
mp_ppoc_filter,SENSEX|weekly|2025-08-12,2025-08-12,PE,2025-07-31 09:25:00+05:30,540.0,80937.69,2025-08-01 15:10:00+05:30,target_hit,30.0,80900.0,81600.0,80900.0,81050.83,80695.15,81450.0,0.0
mp_va_inside,SENSEX|weekly|2025-08-12,2025-08-12,PE,2025-07-31 09:25:00+05:30,540.0,80937.69,2025-08-01 15:10:00+05:30,target_hit,30.0,80900.0,81600.0,80900.0,81050.83,80695.15,81450.0,0.0
mp_ppoc_target,SENSEX|weekly|2025-08-12,2025-08-12,PE,2025-07-31 09:25:00+05:30,540.0,80937.69,2025-08-01 15:10:00+05:30,mp_target_hit,15.0,80900.0,81600.0,80900.0,81050.83,80695.15,81450.0,15.0
mp_poc_target,SENSEX|weekly|2025-08-12,2025-08-12,PE,2025-07-31 09:25:00+05:30,540.0,80937.69,2025-08-01 15:10:00+05:30,mp_target_hit,15.0,80900.0,81600.0,80900.0,81050.83,80695.15,81450.0,15.0
baseline_both,SENSEX|weekly|2025-08-12,2025-08-12,PE,2025-08-04 09:45:00+05:30,623.8,80605.79,2025-08-07 10:35:00+05:30,target_hit,30.0,80900.0,81050.0,80700.0,80902.93,80500.51,80850.0,0.0
mp_poc_filter,SENSEX|weekly|2025-08-12,2025-08-12,PE,2025-08-04 09:45:00+05:30,623.8,80605.79,2025-08-07 10:35:00+05:30,target_hit,30.0,80900.0,81050.0,80700.0,80902.93,80500.51,80850.0,0.0
mp_ppoc_filter,SENSEX|weekly|2025-08-12,2025-08-12,PE,2025-08-04 09:45:00+05:30,623.8,80605.79,2025-08-07 10:35:00+05:30,target_hit,30.0,80900.0,81050.0,80700.0,80902.93,80500.51,80850.0,0.0
mp_va_outside,SENSEX|weekly|2025-08-12,2025-08-12,PE,2025-08-04 09:45:00+05:30,623.8,80605.79,2025-08-07 10:35:00+05:30,target_hit,30.0,80900.0,81050.0,80700.0,80902.93,80500.51,80850.0,0.0
mp_ppoc_target,SENSEX|weekly|2025-08-12,2025-08-12,PE,2025-08-04 09:45:00+05:30,623.8,80605.79,2025-08-07 10:30:00+05:30,mp_target_hit,15.0,80900.0,81050.0,80700.0,80902.93,80500.51,80850.0,15.0
mp_poc_target,SENSEX|weekly|2025-08-12,2025-08-12,PE,2025-08-04 09:45:00+05:30,623.8,80605.79,2025-08-07 10:30:00+05:30,mp_target_hit,15.0,80900.0,81050.0,80700.0,80902.93,80500.51,80850.0,15.0
baseline_both,SENSEX|weekly|2025-08-12,2025-08-12,PE,2025-08-08 10:10:00+05:30,689.95,80167.1,2025-08-08 15:15:00+05:30,target_hit,30.0,80100.0,80250.0,79950.0,80550.4,80102.99,80150.0,0.0
mp_va_inside,SENSEX|weekly|2025-08-12,2025-08-12,PE,2025-08-08 10:10:00+05:30,689.95,80167.1,2025-08-08 15:15:00+05:30,target_hit,30.0,80100.0,80250.0,79950.0,80550.4,80102.99,80150.0,0.0
mp_ppoc_target,SENSEX|weekly|2025-08-12,2025-08-12,PE,2025-08-08 10:10:00+05:30,689.95,80167.1,2025-08-08 12:05:00+05:30,mp_target_hit,15.0,80100.0,80250.0,79950.0,80550.4,80102.99,80150.0,15.0
mp_poc_target,SENSEX|weekly|2025-08-12,2025-08-12,PE,2025-08-08 10:10:00+05:30,689.95,80167.1,2025-08-08 12:05:00+05:30,mp_target_hit,15.0,80100.0,80250.0,79950.0,80550.4,80102.99,80150.0,15.0
baseline_both,SENSEX|weekly|2025-08-12,2025-08-12,PE,2025-08-12 11:10:00+05:30,378.85,80466.65,2025-08-12 14:45:00+05:30,target_hit,30.0,80550.0,80750.0,80400.0,80997.67,80398.23,80050.0,0.0
mp_poc_filter,SENSEX|weekly|2025-08-12,2025-08-12,PE,2025-08-12 11:10:00+05:30,378.85,80466.65,2025-08-12 14:45:00+05:30,target_hit,30.0,80550.0,80750.0,80400.0,80997.67,80398.23,80050.0,0.0
mp_va_inside,SENSEX|weekly|2025-08-12,2025-08-12,PE,2025-08-12 11:10:00+05:30,378.85,80466.65,2025-08-12 14:45:00+05:30,target_hit,30.0,80550.0,80750.0,80400.0,80997.67,80398.23,80050.0,0.0
mp_ppoc_target,SENSEX|weekly|2025-08-12,2025-08-12,PE,2025-08-12 11:10:00+05:30,378.85,80466.65,2025-08-12 14:45:00+05:30,mp_target_hit,15.0,80550.0,80750.0,80400.0,80997.67,80398.23,80050.0,15.0
mp_poc_target,SENSEX|weekly|2025-08-12,2025-08-12,PE,2025-08-12 11:10:00+05:30,378.85,80466.65,2025-08-12 14:45:00+05:30,mp_target_hit,15.0,80550.0,80750.0,80400.0,80997.67,80398.23,80050.0,15.0
baseline_both,SENSEX|weekly|2025-08-19,2025-08-19,CE,2025-08-06 12:35:00+05:30,967.3,80696.21,2025-08-18 09:15:00+05:30,target_hit,30.0,80600.0,80750.0,80500.0,80834.43,80544.95,80650.0,0.0
mp_poc_filter,SENSEX|weekly|2025-08-19,2025-08-19,CE,2025-08-06 12:35:00+05:30,967.3,80696.21,2025-08-18 09:15:00+05:30,target_hit,30.0,80600.0,80750.0,80500.0,80834.43,80544.95,80650.0,0.0
mp_ppoc_filter,SENSEX|weekly|2025-08-19,2025-08-19,CE,2025-08-06 12:35:00+05:30,967.3,80696.21,2025-08-18 09:15:00+05:30,target_hit,30.0,80600.0,80750.0,80500.0,80834.43,80544.95,80650.0,0.0
mp_va_inside,SENSEX|weekly|2025-08-19,2025-08-19,CE,2025-08-06 12:35:00+05:30,967.3,80696.21,2025-08-18 09:15:00+05:30,target_hit,30.0,80600.0,80750.0,80500.0,80834.43,80544.95,80650.0,0.0
mp_ppoc_target,SENSEX|weekly|2025-08-19,2025-08-19,CE,2025-08-06 12:35:00+05:30,967.3,80696.21,2025-08-18 09:15:00+05:30,mp_target_hit,15.0,80600.0,80750.0,80500.0,80834.43,80544.95,80650.0,15.0
mp_fa_reversal,SENSEX|weekly|2025-08-19,2025-08-19,CE,2025-08-06 12:35:00+05:30,967.3,80696.21,2025-08-18 09:15:00+05:30,target_hit,30.0,80600.0,80750.0,80500.0,80834.43,80544.95,80650.0,0.0
mp_poc_target,SENSEX|weekly|2025-08-19,2025-08-19,CE,2025-08-06 12:35:00+05:30,967.3,80696.21,2025-08-18 09:15:00+05:30,mp_target_hit,15.0,80600.0,80750.0,80500.0,80834.43,80544.95,80650.0,15.0
baseline_both,SENSEX|weekly|2025-08-19,2025-08-19,CE,2025-08-18 13:20:00+05:30,1410.25,81509.28,2025-08-19 15:30:00+05:30,hold_to_end,2.6307,81400.0,81650.0,81350.0,81765.77,81315.79,80600.0,0.0
mp_poc_filter,SENSEX|weekly|2025-08-19,2025-08-19,CE,2025-08-18 13:20:00+05:30,1410.25,81509.28,2025-08-19 15:30:00+05:30,hold_to_end,2.6307,81400.0,81650.0,81350.0,81765.77,81315.79,80600.0,0.0
mp_ppoc_filter,SENSEX|weekly|2025-08-19,2025-08-19,CE,2025-08-18 13:20:00+05:30,1410.25,81509.28,2025-08-19 15:30:00+05:30,hold_to_end,2.6307,81400.0,81650.0,81350.0,81765.77,81315.79,80600.0,0.0
mp_va_inside,SENSEX|weekly|2025-08-19,2025-08-19,CE,2025-08-18 13:20:00+05:30,1410.25,81509.28,2025-08-19 15:30:00+05:30,hold_to_end,2.6307,81400.0,81650.0,81350.0,81765.77,81315.79,80600.0,0.0
mp_ppoc_target,SENSEX|weekly|2025-08-19,2025-08-19,CE,2025-08-18 13:20:00+05:30,1410.25,81509.28,2025-08-19 15:30:00+05:30,hold_to_end,2.6307,81400.0,81650.0,81350.0,81765.77,81315.79,80600.0,15.0
mp_poc_target,SENSEX|weekly|2025-08-19,2025-08-19,CE,2025-08-18 13:20:00+05:30,1410.25,81509.28,2025-08-19 15:30:00+05:30,hold_to_end,2.6307,81400.0,81650.0,81350.0,81765.77,81315.79,80600.0,15.0
baseline_both,SENSEX|weekly|2025-08-19,2025-08-19,PE,2025-08-06 10:50:00+05:30,427.8,80490.86,2025-08-07 10:35:00+05:30,target_hit,30.0,80600.0,80750.0,80500.0,80834.43,80544.95,80650.0,0.0
mp_poc_filter,SENSEX|weekly|2025-08-19,2025-08-19,PE,2025-08-06 10:50:00+05:30,427.8,80490.86,2025-08-07 10:35:00+05:30,target_hit,30.0,80600.0,80750.0,80500.0,80834.43,80544.95,80650.0,0.0
mp_ppoc_filter,SENSEX|weekly|2025-08-19,2025-08-19,PE,2025-08-06 10:50:00+05:30,427.8,80490.86,2025-08-07 10:35:00+05:30,target_hit,30.0,80600.0,80750.0,80500.0,80834.43,80544.95,80650.0,0.0
mp_ib_breakout,SENSEX|weekly|2025-08-19,2025-08-19,PE,2025-08-06 10:50:00+05:30,427.8,80490.86,2025-08-07 10:35:00+05:30,target_hit,30.0,80600.0,80750.0,80500.0,80834.43,80544.95,80650.0,0.0
mp_va_outside,SENSEX|weekly|2025-08-19,2025-08-19,PE,2025-08-06 10:50:00+05:30,427.8,80490.86,2025-08-07 10:35:00+05:30,target_hit,30.0,80600.0,80750.0,80500.0,80834.43,80544.95,80650.0,0.0
mp_ppoc_target,SENSEX|weekly|2025-08-19,2025-08-19,PE,2025-08-06 10:50:00+05:30,427.8,80490.86,2025-08-07 09:15:00+05:30,mp_target_hit,15.0,80600.0,80750.0,80500.0,80834.43,80544.95,80650.0,15.0
mp_combo_best,SENSEX|weekly|2025-08-19,2025-08-19,PE,2025-08-06 10:50:00+05:30,427.8,80490.86,2025-08-07 10:35:00+05:30,target_hit,30.0,80600.0,80750.0,80500.0,80834.43,80544.95,80650.0,0.0
mp_poc_target,SENSEX|weekly|2025-08-19,2025-08-19,PE,2025-08-06 10:50:00+05:30,427.8,80490.86,2025-08-07 09:15:00+05:30,mp_target_hit,15.0,80600.0,80750.0,80500.0,80834.43,80544.95,80650.0,15.0
baseline_both,SENSEX|weekly|2025-08-19,2025-08-19,PE,2025-08-08 10:10:00+05:30,497.8,80167.1,2025-08-08 15:15:00+05:30,target_hit,30.0,80100.0,80250.0,79950.0,80550.4,80102.99,80150.0,0.0
mp_va_inside,SENSEX|weekly|2025-08-19,2025-08-19,PE,2025-08-08 10:10:00+05:30,497.8,80167.1,2025-08-08 15:15:00+05:30,target_hit,30.0,80100.0,80250.0,79950.0,80550.4,80102.99,80150.0,0.0
mp_ppoc_target,SENSEX|weekly|2025-08-19,2025-08-19,PE,2025-08-08 10:10:00+05:30,497.8,80167.1,2025-08-08 15:10:00+05:30,mp_target_hit,15.0,80100.0,80250.0,79950.0,80550.4,80102.99,80150.0,15.0
mp_poc_target,SENSEX|weekly|2025-08-19,2025-08-19,PE,2025-08-08 10:10:00+05:30,497.8,80167.1,2025-08-08 15:10:00+05:30,mp_target_hit,15.0,80100.0,80250.0,79950.0,80550.4,80102.99,80150.0,15.0
baseline_both,SENSEX|weekly|2025-08-19,2025-08-19,PE,2025-08-12 11:10:00+05:30,305.0,80466.65,2025-08-19 15:30:00+05:30,hold_to_end,-99.9836,80550.0,80750.0,80400.0,80997.67,80398.23,80050.0,0.0
mp_poc_filter,SENSEX|weekly|2025-08-19,2025-08-19,PE,2025-08-12 11:10:00+05:30,305.0,80466.65,2025-08-19 15:30:00+05:30,hold_to_end,-99.9836,80550.0,80750.0,80400.0,80997.67,80398.23,80050.0,0.0
mp_va_inside,SENSEX|weekly|2025-08-19,2025-08-19,PE,2025-08-12 11:10:00+05:30,305.0,80466.65,2025-08-19 15:30:00+05:30,hold_to_end,-99.9836,80550.0,80750.0,80400.0,80997.67,80398.23,80050.0,0.0
mp_ppoc_target,SENSEX|weekly|2025-08-19,2025-08-19,PE,2025-08-12 11:10:00+05:30,305.0,80466.65,2025-08-12 15:05:00+05:30,mp_target_hit,15.0,80550.0,80750.0,80400.0,80997.67,80398.23,80050.0,15.0
mp_poc_target,SENSEX|weekly|2025-08-19,2025-08-19,PE,2025-08-12 11:10:00+05:30,305.0,80466.65,2025-08-12 15:05:00+05:30,mp_target_hit,15.0,80550.0,80750.0,80400.0,80997.67,80398.23,80050.0,15.0
baseline_both,SENSEX|weekly|2025-09-04,2025-09-04,CE,2025-08-21 12:50:00+05:30,751.0,82155.87,2025-09-04 15:30:00+05:30,hold_to_end,-99.9933,82100.0,82200.0,82000.0,82231.17,81921.22,,0.0
mp_poc_filter,SENSEX|weekly|2025-09-04,2025-09-04,CE,2025-08-21 12:50:00+05:30,751.0,82155.87,2025-09-04 15:30:00+05:30,hold_to_end,-99.9933,82100.0,82200.0,82000.0,82231.17,81921.22,,0.0
mp_ppoc_filter,SENSEX|weekly|2025-09-04,2025-09-04,CE,2025-08-21 12:50:00+05:30,751.0,82155.87,2025-09-04 15:30:00+05:30,hold_to_end,-99.9933,82100.0,82200.0,82000.0,82231.17,81921.22,,0.0
mp_va_inside,SENSEX|weekly|2025-09-04,2025-09-04,CE,2025-08-21 12:50:00+05:30,751.0,82155.87,2025-09-04 15:30:00+05:30,hold_to_end,-99.9933,82100.0,82200.0,82000.0,82231.17,81921.22,,0.0
mp_ppoc_target,SENSEX|weekly|2025-09-04,2025-09-04,CE,2025-08-21 12:50:00+05:30,751.0,82155.87,2025-09-04 15:30:00+05:30,hold_to_end,-99.9933,82100.0,82200.0,82000.0,82231.17,81921.22,,0.0
mp_poc_target,SENSEX|weekly|2025-09-04,2025-09-04,CE,2025-08-21 12:50:00+05:30,751.0,82155.87,2025-09-04 15:30:00+05:30,hold_to_end,-99.9933,82100.0,82200.0,82000.0,82231.17,81921.22,,15.0
baseline_both,SENSEX|weekly|2025-09-04,2025-09-04,PE,2025-08-21 13:40:00+05:30,565.75,82043.54,2025-08-22 09:35:00+05:30,target_hit,30.0,82100.0,82200.0,82000.0,82231.17,81921.22,,0.0
mp_poc_filter,SENSEX|weekly|2025-09-04,2025-09-04,PE,2025-08-21 13:40:00+05:30,565.75,82043.54,2025-08-22 09:35:00+05:30,target_hit,30.0,82100.0,82200.0,82000.0,82231.17,81921.22,,0.0
mp_ppoc_filter,SENSEX|weekly|2025-09-04,2025-09-04,PE,2025-08-21 13:40:00+05:30,565.75,82043.54,2025-08-22 09:35:00+05:30,target_hit,30.0,82100.0,82200.0,82000.0,82231.17,81921.22,,0.0
mp_va_inside,SENSEX|weekly|2025-09-04,2025-09-04,PE,2025-08-21 13:40:00+05:30,565.75,82043.54,2025-08-22 09:35:00+05:30,target_hit,30.0,82100.0,82200.0,82000.0,82231.17,81921.22,,0.0
mp_ppoc_target,SENSEX|weekly|2025-09-04,2025-09-04,PE,2025-08-21 13:40:00+05:30,565.75,82043.54,2025-08-22 09:35:00+05:30,target_hit,30.0,82100.0,82200.0,82000.0,82231.17,81921.22,,0.0
mp_poc_target,SENSEX|weekly|2025-09-04,2025-09-04,PE,2025-08-21 13:40:00+05:30,565.75,82043.54,2025-08-22 09:20:00+05:30,mp_target_hit,15.0,82100.0,82200.0,82000.0,82231.17,81921.22,,15.0
baseline_both,SENSEX|weekly|2025-09-04,2025-09-04,PE,2025-08-22 14:20:00+05:30,858.45,81431.94,2025-08-26 09:40:00+05:30,target_hit,30.0,81450.0,81650.0,81350.0,81993.61,81551.86,82100.0,0.0
mp_poc_filter,SENSEX|weekly|2025-09-04,2025-09-04,PE,2025-08-22 14:20:00+05:30,858.45,81431.94,2025-08-26 09:40:00+05:30,target_hit,30.0,81450.0,81650.0,81350.0,81993.61,81551.86,82100.0,0.0
mp_ppoc_filter,SENSEX|weekly|2025-09-04,2025-09-04,PE,2025-08-22 14:20:00+05:30,858.45,81431.94,2025-08-26 09:40:00+05:30,target_hit,30.0,81450.0,81650.0,81350.0,81993.61,81551.86,82100.0,0.0
mp_ib_breakout,SENSEX|weekly|2025-09-04,2025-09-04,PE,2025-08-22 14:20:00+05:30,858.45,81431.94,2025-08-26 09:40:00+05:30,target_hit,30.0,81450.0,81650.0,81350.0,81993.61,81551.86,82100.0,0.0
mp_va_inside,SENSEX|weekly|2025-09-04,2025-09-04,PE,2025-08-22 14:20:00+05:30,858.45,81431.94,2025-08-26 09:40:00+05:30,target_hit,30.0,81450.0,81650.0,81350.0,81993.61,81551.86,82100.0,0.0
mp_ppoc_target,SENSEX|weekly|2025-09-04,2025-09-04,PE,2025-08-22 14:20:00+05:30,858.45,81431.94,2025-08-26 09:25:00+05:30,mp_target_hit,15.0,81450.0,81650.0,81350.0,81993.61,81551.86,82100.0,15.0
mp_poc_target,SENSEX|weekly|2025-09-04,2025-09-04,PE,2025-08-22 14:20:00+05:30,858.45,81431.94,2025-08-26 09:25:00+05:30,mp_target_hit,15.0,81450.0,81650.0,81350.0,81993.61,81551.86,82100.0,15.0
baseline_both,SENSEX|weekly|2025-09-04,2025-09-04,PE,2025-08-26 14:20:00+05:30,1130.0,80972.3,2025-08-28 09:20:00+05:30,target_hit,30.0,81050.0,81150.0,80900.0,81450.28,80947.26,81550.0,0.0
mp_poc_filter,SENSEX|weekly|2025-09-04,2025-09-04,PE,2025-08-26 14:20:00+05:30,1130.0,80972.3,2025-08-28 09:20:00+05:30,target_hit,30.0,81050.0,81150.0,80900.0,81450.28,80947.26,81550.0,0.0
mp_ppoc_filter,SENSEX|weekly|2025-09-04,2025-09-04,PE,2025-08-26 14:20:00+05:30,1130.0,80972.3,2025-08-28 09:20:00+05:30,target_hit,30.0,81050.0,81150.0,80900.0,81450.28,80947.26,81550.0,0.0
mp_va_inside,SENSEX|weekly|2025-09-04,2025-09-04,PE,2025-08-26 14:20:00+05:30,1130.0,80972.3,2025-08-28 09:20:00+05:30,target_hit,30.0,81050.0,81150.0,80900.0,81450.28,80947.26,81550.0,0.0
mp_ppoc_target,SENSEX|weekly|2025-09-04,2025-09-04,PE,2025-08-26 14:20:00+05:30,1130.0,80972.3,2025-08-28 09:20:00+05:30,mp_target_hit,15.0,81050.0,81150.0,80900.0,81450.28,80947.26,81550.0,15.0
mp_poc_target,SENSEX|weekly|2025-09-04,2025-09-04,PE,2025-08-26 14:20:00+05:30,1130.0,80972.3,2025-08-28 09:20:00+05:30,mp_target_hit,15.0,81050.0,81150.0,80900.0,81450.28,80947.26,81550.0,15.0
baseline_both,SENSEX|weekly|2025-09-04,2025-09-04,PE,2025-08-28 12:30:00+05:30,1735.0,80343.4,2025-09-04 15:30:00+05:30,hold_to_end,-20.1758,80200.0,80550.0,80150.0,80775.71,80093.52,81050.0,0.0
mp_ppoc_filter,SENSEX|weekly|2025-09-04,2025-09-04,PE,2025-08-28 12:30:00+05:30,1735.0,80343.4,2025-09-04 15:30:00+05:30,hold_to_end,-20.1758,80200.0,80550.0,80150.0,80775.71,80093.52,81050.0,0.0
mp_va_inside,SENSEX|weekly|2025-09-04,2025-09-04,PE,2025-08-28 12:30:00+05:30,1735.0,80343.4,2025-09-04 15:30:00+05:30,hold_to_end,-20.1758,80200.0,80550.0,80150.0,80775.71,80093.52,81050.0,0.0
mp_ppoc_target,SENSEX|weekly|2025-09-04,2025-09-04,PE,2025-08-28 12:30:00+05:30,1735.0,80343.4,2025-08-29 14:55:00+05:30,mp_target_hit,15.0,80200.0,80550.0,80150.0,80775.71,80093.52,81050.0,15.0
mp_poc_target,SENSEX|weekly|2025-09-04,2025-09-04,PE,2025-08-28 12:30:00+05:30,1735.0,80343.4,2025-08-29 14:55:00+05:30,mp_target_hit,15.0,80200.0,80550.0,80150.0,80775.71,80093.52,81050.0,15.0
baseline_both,SENSEX|weekly|2025-09-11,2025-09-11,CE,2025-08-29 11:10:00+05:30,636.75,80214.97,2025-09-04 09:15:00+05:30,target_hit,30.0,80150.0,80300.0,80000.0,80277.68,79944.67,80200.0,0.0
mp_poc_filter,SENSEX|weekly|2025-09-11,2025-09-11,CE,2025-08-29 11:10:00+05:30,636.75,80214.97,2025-09-04 09:15:00+05:30,target_hit,30.0,80150.0,80300.0,80000.0,80277.68,79944.67,80200.0,0.0
mp_ppoc_filter,SENSEX|weekly|2025-09-11,2025-09-11,CE,2025-08-29 11:10:00+05:30,636.75,80214.97,2025-09-04 09:15:00+05:30,target_hit,30.0,80150.0,80300.0,80000.0,80277.68,79944.67,80200.0,0.0
mp_va_inside,SENSEX|weekly|2025-09-11,2025-09-11,CE,2025-08-29 11:10:00+05:30,636.75,80214.97,2025-09-04 09:15:00+05:30,target_hit,30.0,80150.0,80300.0,80000.0,80277.68,79944.67,80200.0,0.0
mp_ppoc_target,SENSEX|weekly|2025-09-11,2025-09-11,CE,2025-08-29 11:10:00+05:30,636.75,80214.97,2025-09-02 10:05:00+05:30,mp_target_hit,15.0,80150.0,80300.0,80000.0,80277.68,79944.67,80200.0,15.0
mp_poc_target,SENSEX|weekly|2025-09-11,2025-09-11,CE,2025-08-29 11:10:00+05:30,636.75,80214.97,2025-09-02 10:05:00+05:30,mp_target_hit,15.0,80150.0,80300.0,80000.0,80277.68,79944.67,80200.0,15.0
baseline_both,SENSEX|weekly|2025-09-11,2025-09-11,CE,2025-09-04 13:05:00+05:30,830.0,81027.13,2025-09-10 09:45:00+05:30,target_hit,30.0,80900.0,81050.0,80650.0,81456.67,80973.7,80150.0,0.0
mp_poc_filter,SENSEX|weekly|2025-09-11,2025-09-11,CE,2025-09-04 13:05:00+05:30,830.0,81027.13,2025-09-10 09:45:00+05:30,target_hit,30.0,80900.0,81050.0,80650.0,81456.67,80973.7,80150.0,0.0
mp_ppoc_filter,SENSEX|weekly|2025-09-11,2025-09-11,CE,2025-09-04 13:05:00+05:30,830.0,81027.13,2025-09-10 09:45:00+05:30,target_hit,30.0,80900.0,81050.0,80650.0,81456.67,80973.7,80150.0,0.0
mp_va_inside,SENSEX|weekly|2025-09-11,2025-09-11,CE,2025-09-04 13:05:00+05:30,830.0,81027.13,2025-09-10 09:45:00+05:30,target_hit,30.0,80900.0,81050.0,80650.0,81456.67,80973.7,80150.0,0.0
mp_ppoc_target,SENSEX|weekly|2025-09-11,2025-09-11,CE,2025-09-04 13:05:00+05:30,830.0,81027.13,2025-09-10 09:20:00+05:30,mp_target_hit,15.0,80900.0,81050.0,80650.0,81456.67,80973.7,80150.0,15.0
mp_poc_target,SENSEX|weekly|2025-09-11,2025-09-11,CE,2025-09-04 13:05:00+05:30,830.0,81027.13,2025-09-10 09:20:00+05:30,mp_target_hit,15.0,80900.0,81050.0,80650.0,81456.67,80973.7,80150.0,15.0
baseline_both,SENSEX|weekly|2025-09-11,2025-09-11,CE,2025-09-10 15:25:00+05:30,1023.9,81438.79,2025-09-11 15:30:00+05:30,hold_to_end,2.3928,81450.0,81550.0,81350.0,81593.37,81360.01,81000.0,0.0
mp_ppoc_filter,SENSEX|weekly|2025-09-11,2025-09-11,CE,2025-09-10 15:25:00+05:30,1023.9,81438.79,2025-09-11 15:30:00+05:30,hold_to_end,2.3928,81450.0,81550.0,81350.0,81593.37,81360.01,81000.0,0.0
mp_va_inside,SENSEX|weekly|2025-09-11,2025-09-11,CE,2025-09-10 15:25:00+05:30,1023.9,81438.79,2025-09-11 15:30:00+05:30,hold_to_end,2.3928,81450.0,81550.0,81350.0,81593.37,81360.01,81000.0,0.0
mp_ppoc_target,SENSEX|weekly|2025-09-11,2025-09-11,CE,2025-09-10 15:25:00+05:30,1023.9,81438.79,2025-09-11 15:30:00+05:30,hold_to_end,2.3928,81450.0,81550.0,81350.0,81593.37,81360.01,81000.0,15.0
mp_fa_reversal,SENSEX|weekly|2025-09-11,2025-09-11,CE,2025-09-10 15:25:00+05:30,1023.9,81438.79,2025-09-11 15:30:00+05:30,hold_to_end,2.3928,81450.0,81550.0,81350.0,81593.37,81360.01,81000.0,0.0
mp_poc_target,SENSEX|weekly|2025-09-11,2025-09-11,CE,2025-09-10 15:25:00+05:30,1023.9,81438.79,2025-09-11 15:30:00+05:30,hold_to_end,2.3928,81450.0,81550.0,81350.0,81593.37,81360.01,81000.0,15.0
baseline_both,SENSEX|weekly|2025-09-11,2025-09-11,PE,2025-08-28 12:40:00+05:30,657.15,80333.34,2025-08-29 15:10:00+05:30,target_hit,30.0,80200.0,80550.0,80150.0,80775.71,80093.52,,0.0
mp_ppoc_filter,SENSEX|weekly|2025-09-11,2025-09-11,PE,2025-08-28 12:40:00+05:30,657.15,80333.34,2025-08-29 15:10:00+05:30,target_hit,30.0,80200.0,80550.0,80150.0,80775.71,80093.52,,0.0
mp_va_inside,SENSEX|weekly|2025-09-11,2025-09-11,PE,2025-08-28 12:40:00+05:30,657.15,80333.34,2025-08-29 15:10:00+05:30,target_hit,30.0,80200.0,80550.0,80150.0,80775.71,80093.52,,0.0
mp_ppoc_target,SENSEX|weekly|2025-09-11,2025-09-11,PE,2025-08-28 12:40:00+05:30,657.15,80333.34,2025-08-29 15:10:00+05:30,target_hit,30.0,80200.0,80550.0,80150.0,80775.71,80093.52,,0.0
mp_poc_target,SENSEX|weekly|2025-09-11,2025-09-11,PE,2025-08-28 12:40:00+05:30,657.15,80333.34,2025-08-28 15:10:00+05:30,mp_target_hit,15.0,80200.0,80550.0,80150.0,80775.71,80093.52,,15.0
baseline_both,SENSEX|weekly|2025-09-11,2025-09-11,PE,2025-09-02 13:25:00+05:30,379.75,80550.76,2025-09-02 13:55:00+05:30,target_hit,30.0,80650.0,80800.0,80250.0,80748.94,80414.97,80150.0,0.0
mp_poc_filter,SENSEX|weekly|2025-09-11,2025-09-11,PE,2025-09-02 13:25:00+05:30,379.75,80550.76,2025-09-02 13:55:00+05:30,target_hit,30.0,80650.0,80800.0,80250.0,80748.94,80414.97,80150.0,0.0
mp_va_inside,SENSEX|weekly|2025-09-11,2025-09-11,PE,2025-09-02 13:25:00+05:30,379.75,80550.76,2025-09-02 13:55:00+05:30,target_hit,30.0,80650.0,80800.0,80250.0,80748.94,80414.97,80150.0,0.0
mp_ppoc_target,SENSEX|weekly|2025-09-11,2025-09-11,PE,2025-09-02 13:25:00+05:30,379.75,80550.76,2025-09-02 13:45:00+05:30,mp_target_hit,15.0,80650.0,80800.0,80250.0,80748.94,80414.97,80150.0,15.0
mp_fa_reversal,SENSEX|weekly|2025-09-11,2025-09-11,PE,2025-09-02 13:25:00+05:30,379.75,80550.76,2025-09-02 13:55:00+05:30,target_hit,30.0,80650.0,80800.0,80250.0,80748.94,80414.97,80150.0,0.0
mp_poc_target,SENSEX|weekly|2025-09-11,2025-09-11,PE,2025-09-02 13:25:00+05:30,379.75,80550.76,2025-09-02 13:45:00+05:30,mp_target_hit,15.0,80650.0,80800.0,80250.0,80748.94,80414.97,80150.0,15.0
baseline_both,SENSEX|weekly|2025-09-11,2025-09-11,PE,2025-09-04 12:25:00+05:30,269.25,80795.79,2025-09-05 10:15:00+05:30,target_hit,30.0,80900.0,81050.0,80650.0,81456.67,80973.7,80150.0,0.0
mp_poc_filter,SENSEX|weekly|2025-09-11,2025-09-11,PE,2025-09-04 12:25:00+05:30,269.25,80795.79,2025-09-05 10:15:00+05:30,target_hit,30.0,80900.0,81050.0,80650.0,81456.67,80973.7,80150.0,0.0
mp_ib_breakout,SENSEX|weekly|2025-09-11,2025-09-11,PE,2025-09-04 12:25:00+05:30,269.25,80795.79,2025-09-05 10:15:00+05:30,target_hit,30.0,80900.0,81050.0,80650.0,81456.67,80973.7,80150.0,0.0
mp_va_inside,SENSEX|weekly|2025-09-11,2025-09-11,PE,2025-09-04 12:25:00+05:30,269.25,80795.79,2025-09-05 10:15:00+05:30,target_hit,30.0,80900.0,81050.0,80650.0,81456.67,80973.7,80150.0,0.0
mp_ppoc_target,SENSEX|weekly|2025-09-11,2025-09-11,PE,2025-09-04 12:25:00+05:30,269.25,80795.79,2025-09-04 14:25:00+05:30,mp_target_hit,15.0,80900.0,81050.0,80650.0,81456.67,80973.7,80150.0,15.0
mp_poc_target,SENSEX|weekly|2025-09-11,2025-09-11,PE,2025-09-04 12:25:00+05:30,269.25,80795.79,2025-09-04 14:25:00+05:30,mp_target_hit,15.0,80900.0,81050.0,80650.0,81456.67,80973.7,80150.0,15.0
baseline_both,SENSEX|weekly|2025-09-11,2025-09-11,PE,2025-09-08 15:00:00+05:30,137.95,80883.48,2025-09-11 15:30:00+05:30,hold_to_end,-99.9638,80950.0,81050.0,80800.0,81048.67,80786.71,80450.0,0.0
mp_poc_filter,SENSEX|weekly|2025-09-11,2025-09-11,PE,2025-09-08 15:00:00+05:30,137.95,80883.48,2025-09-11 15:30:00+05:30,hold_to_end,-99.9638,80950.0,81050.0,80800.0,81048.67,80786.71,80450.0,0.0
mp_va_inside,SENSEX|weekly|2025-09-11,2025-09-11,PE,2025-09-08 15:00:00+05:30,137.95,80883.48,2025-09-11 15:30:00+05:30,hold_to_end,-99.9638,80950.0,81050.0,80800.0,81048.67,80786.71,80450.0,0.0
mp_ppoc_target,SENSEX|weekly|2025-09-11,2025-09-11,PE,2025-09-08 15:00:00+05:30,137.95,80883.48,2025-09-08 15:05:00+05:30,mp_target_hit,15.0,80950.0,81050.0,80800.0,81048.67,80786.71,80450.0,15.0
mp_fa_reversal,SENSEX|weekly|2025-09-11,2025-09-11,PE,2025-09-08 15:00:00+05:30,137.95,80883.48,2025-09-11 15:30:00+05:30,hold_to_end,-99.9638,80950.0,81050.0,80800.0,81048.67,80786.71,80450.0,0.0
mp_poc_target,SENSEX|weekly|2025-09-11,2025-09-11,PE,2025-09-08 15:00:00+05:30,137.95,80883.48,2025-09-08 15:05:00+05:30,mp_target_hit,15.0,80950.0,81050.0,80800.0,81048.67,80786.71,80450.0,15.0
baseline_both,SENSEX|weekly|2025-09-18,2025-09-18,CE,2025-09-04 13:30:00+05:30,688.5,80985.44,2025-09-10 10:35:00+05:30,target_hit,30.0,80900.0,81050.0,80650.0,81456.67,80973.7,,0.0
mp_poc_filter,SENSEX|weekly|2025-09-18,2025-09-18,CE,2025-09-04 13:30:00+05:30,688.5,80985.44,2025-09-10 10:35:00+05:30,target_hit,30.0,80900.0,81050.0,80650.0,81456.67,80973.7,,0.0
mp_ppoc_filter,SENSEX|weekly|2025-09-18,2025-09-18,CE,2025-09-04 13:30:00+05:30,688.5,80985.44,2025-09-10 10:35:00+05:30,target_hit,30.0,80900.0,81050.0,80650.0,81456.67,80973.7,,0.0
mp_va_inside,SENSEX|weekly|2025-09-18,2025-09-18,CE,2025-09-04 13:30:00+05:30,688.5,80985.44,2025-09-10 10:35:00+05:30,target_hit,30.0,80900.0,81050.0,80650.0,81456.67,80973.7,,0.0
mp_ppoc_target,SENSEX|weekly|2025-09-18,2025-09-18,CE,2025-09-04 13:30:00+05:30,688.5,80985.44,2025-09-10 10:35:00+05:30,target_hit,30.0,80900.0,81050.0,80650.0,81456.67,80973.7,,0.0
mp_poc_target,SENSEX|weekly|2025-09-18,2025-09-18,CE,2025-09-04 13:30:00+05:30,688.5,80985.44,2025-09-10 09:40:00+05:30,mp_target_hit,15.0,80900.0,81050.0,80650.0,81456.67,80973.7,,15.0
baseline_both,SENSEX|weekly|2025-09-18,2025-09-18,CE,2025-09-10 15:25:00+05:30,764.7,81438.79,2025-09-12 11:20:00+05:30,target_hit,30.0,81450.0,81550.0,81350.0,81593.37,81360.01,81000.0,0.0
mp_ppoc_filter,SENSEX|weekly|2025-09-18,2025-09-18,CE,2025-09-10 15:25:00+05:30,764.7,81438.79,2025-09-12 11:20:00+05:30,target_hit,30.0,81450.0,81550.0,81350.0,81593.37,81360.01,81000.0,0.0
mp_va_inside,SENSEX|weekly|2025-09-18,2025-09-18,CE,2025-09-10 15:25:00+05:30,764.7,81438.79,2025-09-12 11:20:00+05:30,target_hit,30.0,81450.0,81550.0,81350.0,81593.37,81360.01,81000.0,0.0
mp_ppoc_target,SENSEX|weekly|2025-09-18,2025-09-18,CE,2025-09-10 15:25:00+05:30,764.7,81438.79,2025-09-12 09:15:00+05:30,mp_target_hit,15.0,81450.0,81550.0,81350.0,81593.37,81360.01,81000.0,15.0
mp_fa_reversal,SENSEX|weekly|2025-09-18,2025-09-18,CE,2025-09-10 15:25:00+05:30,764.7,81438.79,2025-09-12 11:20:00+05:30,target_hit,30.0,81450.0,81550.0,81350.0,81593.37,81360.01,81000.0,0.0
mp_poc_target,SENSEX|weekly|2025-09-18,2025-09-18,CE,2025-09-10 15:25:00+05:30,764.7,81438.79,2025-09-12 09:15:00+05:30,mp_target_hit,15.0,81450.0,81550.0,81350.0,81593.37,81360.01,81000.0,15.0
baseline_both,SENSEX|weekly|2025-09-18,2025-09-18,CE,2025-09-12 15:15:00+05:30,1007.05,81919.92,2025-09-16 15:05:00+05:30,target_hit,30.0,81900.0,82000.0,81750.0,81836.66,81641.38,81450.0,0.0
mp_poc_filter,SENSEX|weekly|2025-09-18,2025-09-18,CE,2025-09-12 15:15:00+05:30,1007.05,81919.92,2025-09-16 15:05:00+05:30,target_hit,30.0,81900.0,82000.0,81750.0,81836.66,81641.38,81450.0,0.0
mp_ppoc_filter,SENSEX|weekly|2025-09-18,2025-09-18,CE,2025-09-12 15:15:00+05:30,1007.05,81919.92,2025-09-16 15:05:00+05:30,target_hit,30.0,81900.0,82000.0,81750.0,81836.66,81641.38,81450.0,0.0
mp_ib_breakout,SENSEX|weekly|2025-09-18,2025-09-18,CE,2025-09-12 15:15:00+05:30,1007.05,81919.92,2025-09-16 15:05:00+05:30,target_hit,30.0,81900.0,82000.0,81750.0,81836.66,81641.38,81450.0,0.0
mp_va_inside,SENSEX|weekly|2025-09-18,2025-09-18,CE,2025-09-12 15:15:00+05:30,1007.05,81919.92,2025-09-16 15:05:00+05:30,target_hit,30.0,81900.0,82000.0,81750.0,81836.66,81641.38,81450.0,0.0
mp_ppoc_target,SENSEX|weekly|2025-09-18,2025-09-18,CE,2025-09-12 15:15:00+05:30,1007.05,81919.92,2025-09-16 10:05:00+05:30,mp_target_hit,15.0,81900.0,82000.0,81750.0,81836.66,81641.38,81450.0,15.0
mp_poc_target,SENSEX|weekly|2025-09-18,2025-09-18,CE,2025-09-12 15:15:00+05:30,1007.05,81919.92,2025-09-16 10:05:00+05:30,mp_target_hit,15.0,81900.0,82000.0,81750.0,81836.66,81641.38,81450.0,15.0
baseline_both,SENSEX|weekly|2025-09-18,2025-09-18,CE,2025-09-17 15:15:00+05:30,1672.75,82705.56,2025-09-18 15:30:00+05:30,hold_to_end,14.8229,82650.0,82750.0,82600.0,82720.76,82490.47,82100.0,0.0
mp_poc_filter,SENSEX|weekly|2025-09-18,2025-09-18,CE,2025-09-17 15:15:00+05:30,1672.75,82705.56,2025-09-18 15:30:00+05:30,hold_to_end,14.8229,82650.0,82750.0,82600.0,82720.76,82490.47,82100.0,0.0
mp_ppoc_filter,SENSEX|weekly|2025-09-18,2025-09-18,CE,2025-09-17 15:15:00+05:30,1672.75,82705.56,2025-09-18 15:30:00+05:30,hold_to_end,14.8229,82650.0,82750.0,82600.0,82720.76,82490.47,82100.0,0.0
mp_va_inside,SENSEX|weekly|2025-09-18,2025-09-18,CE,2025-09-17 15:15:00+05:30,1672.75,82705.56,2025-09-18 15:30:00+05:30,hold_to_end,14.8229,82650.0,82750.0,82600.0,82720.76,82490.47,82100.0,0.0
mp_ppoc_target,SENSEX|weekly|2025-09-18,2025-09-18,CE,2025-09-17 15:15:00+05:30,1672.75,82705.56,2025-09-18 09:20:00+05:30,mp_target_hit,15.0,82650.0,82750.0,82600.0,82720.76,82490.47,82100.0,15.0
mp_poc_target,SENSEX|weekly|2025-09-18,2025-09-18,CE,2025-09-17 15:15:00+05:30,1672.75,82705.56,2025-09-18 09:20:00+05:30,mp_target_hit,15.0,82650.0,82750.0,82600.0,82720.76,82490.47,82100.0,15.0
baseline_both,SENSEX|weekly|2025-09-18,2025-09-18,PE,2025-09-04 13:50:00+05:30,631.6,80821.48,2025-09-05 10:15:00+05:30,target_hit,30.0,80900.0,81050.0,80650.0,81456.67,80973.7,,0.0
mp_poc_filter,SENSEX|weekly|2025-09-18,2025-09-18,PE,2025-09-04 13:50:00+05:30,631.6,80821.48,2025-09-05 10:15:00+05:30,target_hit,30.0,80900.0,81050.0,80650.0,81456.67,80973.7,,0.0
mp_ppoc_filter,SENSEX|weekly|2025-09-18,2025-09-18,PE,2025-09-04 13:50:00+05:30,631.6,80821.48,2025-09-05 10:15:00+05:30,target_hit,30.0,80900.0,81050.0,80650.0,81456.67,80973.7,,0.0
mp_ib_breakout,SENSEX|weekly|2025-09-18,2025-09-18,PE,2025-09-04 13:50:00+05:30,631.6,80821.48,2025-09-05 10:15:00+05:30,target_hit,30.0,80900.0,81050.0,80650.0,81456.67,80973.7,,0.0
mp_va_inside,SENSEX|weekly|2025-09-18,2025-09-18,PE,2025-09-04 13:50:00+05:30,631.6,80821.48,2025-09-05 10:15:00+05:30,target_hit,30.0,80900.0,81050.0,80650.0,81456.67,80973.7,,0.0
mp_ppoc_target,SENSEX|weekly|2025-09-18,2025-09-18,PE,2025-09-04 13:50:00+05:30,631.6,80821.48,2025-09-05 10:15:00+05:30,target_hit,30.0,80900.0,81050.0,80650.0,81456.67,80973.7,,0.0
mp_poc_target,SENSEX|weekly|2025-09-18,2025-09-18,PE,2025-09-04 13:50:00+05:30,631.6,80821.48,2025-09-05 10:15:00+05:30,mp_target_hit,15.0,80900.0,81050.0,80650.0,81456.67,80973.7,,15.0
baseline_both,SENSEX|weekly|2025-09-18,2025-09-18,PE,2025-09-08 15:00:00+05:30,522.7,80883.48,2025-09-18 15:30:00+05:30,hold_to_end,-99.9904,80950.0,81050.0,80800.0,81048.67,80786.71,80450.0,0.0
mp_poc_filter,SENSEX|weekly|2025-09-18,2025-09-18,PE,2025-09-08 15:00:00+05:30,522.7,80883.48,2025-09-18 15:30:00+05:30,hold_to_end,-99.9904,80950.0,81050.0,80800.0,81048.67,80786.71,80450.0,0.0
mp_va_inside,SENSEX|weekly|2025-09-18,2025-09-18,PE,2025-09-08 15:00:00+05:30,522.7,80883.48,2025-09-18 15:30:00+05:30,hold_to_end,-99.9904,80950.0,81050.0,80800.0,81048.67,80786.71,80450.0,0.0
mp_ppoc_target,SENSEX|weekly|2025-09-18,2025-09-18,PE,2025-09-08 15:00:00+05:30,522.7,80883.48,2025-09-18 15:30:00+05:30,hold_to_end,-99.9904,80950.0,81050.0,80800.0,81048.67,80786.71,80450.0,15.0
mp_fa_reversal,SENSEX|weekly|2025-09-18,2025-09-18,PE,2025-09-08 15:00:00+05:30,522.7,80883.48,2025-09-18 15:30:00+05:30,hold_to_end,-99.9904,80950.0,81050.0,80800.0,81048.67,80786.71,80450.0,0.0
mp_poc_target,SENSEX|weekly|2025-09-18,2025-09-18,PE,2025-09-08 15:00:00+05:30,522.7,80883.48,2025-09-18 15:30:00+05:30,hold_to_end,-99.9904,80950.0,81050.0,80800.0,81048.67,80786.71,80450.0,15.0
baseline_both,SENSEX|weekly|2025-10-01,2025-10-01,CE,2025-09-17 15:05:00+05:30,813.9,82703.89,2025-10-01 15:30:00+05:30,hold_to_end,-99.9939,82650.0,82750.0,82600.0,82720.76,82490.47,,0.0
mp_poc_filter,SENSEX|weekly|2025-10-01,2025-10-01,CE,2025-09-17 15:05:00+05:30,813.9,82703.89,2025-10-01 15:30:00+05:30,hold_to_end,-99.9939,82650.0,82750.0,82600.0,82720.76,82490.47,,0.0
mp_ppoc_filter,SENSEX|weekly|2025-10-01,2025-10-01,CE,2025-09-17 15:05:00+05:30,813.9,82703.89,2025-10-01 15:30:00+05:30,hold_to_end,-99.9939,82650.0,82750.0,82600.0,82720.76,82490.47,,0.0
mp_va_inside,SENSEX|weekly|2025-10-01,2025-10-01,CE,2025-09-17 15:05:00+05:30,813.9,82703.89,2025-10-01 15:30:00+05:30,hold_to_end,-99.9939,82650.0,82750.0,82600.0,82720.76,82490.47,,0.0
mp_ppoc_target,SENSEX|weekly|2025-10-01,2025-10-01,CE,2025-09-17 15:05:00+05:30,813.9,82703.89,2025-10-01 15:30:00+05:30,hold_to_end,-99.9939,82650.0,82750.0,82600.0,82720.76,82490.47,,0.0
mp_poc_target,SENSEX|weekly|2025-10-01,2025-10-01,CE,2025-09-17 15:05:00+05:30,813.9,82703.89,2025-09-18 09:30:00+05:30,mp_target_hit,15.0,82650.0,82750.0,82600.0,82720.76,82490.47,,15.0
baseline_both,SENSEX|weekly|2025-10-01,2025-10-01,PE,2025-09-17 12:35:00+05:30,443.4,82733.47,2025-09-22 14:45:00+05:30,target_hit,30.0,82650.0,82750.0,82600.0,82720.76,82490.47,,0.0
mp_ppoc_filter,SENSEX|weekly|2025-10-01,2025-10-01,PE,2025-09-17 12:35:00+05:30,443.4,82733.47,2025-09-22 14:45:00+05:30,target_hit,30.0,82650.0,82750.0,82600.0,82720.76,82490.47,,0.0
mp_va_inside,SENSEX|weekly|2025-10-01,2025-10-01,PE,2025-09-17 12:35:00+05:30,443.4,82733.47,2025-09-22 14:45:00+05:30,target_hit,30.0,82650.0,82750.0,82600.0,82720.76,82490.47,,0.0
mp_ppoc_target,SENSEX|weekly|2025-10-01,2025-10-01,PE,2025-09-17 12:35:00+05:30,443.4,82733.47,2025-09-22 14:45:00+05:30,target_hit,30.0,82650.0,82750.0,82600.0,82720.76,82490.47,,0.0
mp_fa_reversal,SENSEX|weekly|2025-10-01,2025-10-01,PE,2025-09-17 12:35:00+05:30,443.4,82733.47,2025-09-22 14:45:00+05:30,target_hit,30.0,82650.0,82750.0,82600.0,82720.76,82490.47,,0.0
mp_poc_target,SENSEX|weekly|2025-10-01,2025-10-01,PE,2025-09-17 12:35:00+05:30,443.4,82733.47,2025-09-22 09:20:00+05:30,mp_target_hit,15.0,82650.0,82750.0,82600.0,82720.76,82490.47,,15.0
baseline_both,SENSEX|weekly|2025-10-01,2025-10-01,PE,2025-09-24 09:15:00+05:30,710.0,81900.82,2025-09-25 10:35:00+05:30,target_hit,30.0,81750.0,81900.0,81700.0,82045.47,81701.52,82100.0,0.0
mp_ppoc_filter,SENSEX|weekly|2025-10-01,2025-10-01,PE,2025-09-24 09:15:00+05:30,710.0,81900.82,2025-09-25 10:35:00+05:30,target_hit,30.0,81750.0,81900.0,81700.0,82045.47,81701.52,82100.0,0.0
mp_va_outside,SENSEX|weekly|2025-10-01,2025-10-01,PE,2025-09-24 09:15:00+05:30,710.0,81900.82,2025-09-25 10:35:00+05:30,target_hit,30.0,81750.0,81900.0,81700.0,82045.47,81701.52,82100.0,0.0
mp_ppoc_target,SENSEX|weekly|2025-10-01,2025-10-01,PE,2025-09-24 09:15:00+05:30,710.0,81900.82,2025-09-24 09:45:00+05:30,mp_target_hit,15.0,81750.0,81900.0,81700.0,82045.47,81701.52,82100.0,15.0
mp_poc_target,SENSEX|weekly|2025-10-01,2025-10-01,PE,2025-09-24 09:15:00+05:30,710.0,81900.82,2025-09-24 09:45:00+05:30,mp_target_hit,15.0,81750.0,81900.0,81700.0,82045.47,81701.52,82100.0,15.0
baseline_both,SENSEX|weekly|2025-10-01,2025-10-01,PE,2025-09-29 11:45:00+05:30,2000.0,80422.1,2025-10-01 15:30:00+05:30,hold_to_end,-18.8175,80550.0,80700.0,80350.0,80768.22,80448.6,80800.0,0.0
mp_poc_filter,SENSEX|weekly|2025-10-01,2025-10-01,PE,2025-09-29 11:45:00+05:30,2000.0,80422.1,2025-10-01 15:30:00+05:30,hold_to_end,-18.8175,80550.0,80700.0,80350.0,80768.22,80448.6,80800.0,0.0
mp_ppoc_filter,SENSEX|weekly|2025-10-01,2025-10-01,PE,2025-09-29 11:45:00+05:30,2000.0,80422.1,2025-10-01 15:30:00+05:30,hold_to_end,-18.8175,80550.0,80700.0,80350.0,80768.22,80448.6,80800.0,0.0
mp_ib_breakout,SENSEX|weekly|2025-10-01,2025-10-01,PE,2025-09-29 11:45:00+05:30,2000.0,80422.1,2025-10-01 15:30:00+05:30,hold_to_end,-18.8175,80550.0,80700.0,80350.0,80768.22,80448.6,80800.0,0.0
mp_va_inside,SENSEX|weekly|2025-10-01,2025-10-01,PE,2025-09-29 11:45:00+05:30,2000.0,80422.1,2025-10-01 15:30:00+05:30,hold_to_end,-18.8175,80550.0,80700.0,80350.0,80768.22,80448.6,80800.0,0.0
mp_ppoc_target,SENSEX|weekly|2025-10-01,2025-10-01,PE,2025-09-29 11:45:00+05:30,2000.0,80422.1,2025-10-01 15:30:00+05:30,hold_to_end,-18.8175,80550.0,80700.0,80350.0,80768.22,80448.6,80800.0,15.0
mp_fa_reversal,SENSEX|weekly|2025-10-01,2025-10-01,PE,2025-09-29 11:45:00+05:30,2000.0,80422.1,2025-10-01 15:30:00+05:30,hold_to_end,-18.8175,80550.0,80700.0,80350.0,80768.22,80448.6,80800.0,0.0
mp_poc_target,SENSEX|weekly|2025-10-01,2025-10-01,PE,2025-09-29 11:45:00+05:30,2000.0,80422.1,2025-10-01 15:30:00+05:30,hold_to_end,-18.8175,80550.0,80700.0,80350.0,80768.22,80448.6,80800.0,15.0
baseline_both,SENSEX|weekly|2025-10-09,2025-10-09,CE,2025-09-29 09:45:00+05:30,353.95,80733.38,2025-10-06 13:05:00+05:30,target_hit,30.0,80550.0,80700.0,80350.0,80768.22,80448.6,80800.0,0.0
mp_poc_filter,SENSEX|weekly|2025-10-09,2025-10-09,CE,2025-09-29 09:45:00+05:30,353.95,80733.38,2025-10-06 13:05:00+05:30,target_hit,30.0,80550.0,80700.0,80350.0,80768.22,80448.6,80800.0,0.0
mp_va_outside,SENSEX|weekly|2025-10-09,2025-10-09,CE,2025-09-29 09:45:00+05:30,353.95,80733.38,2025-10-06 13:05:00+05:30,target_hit,30.0,80550.0,80700.0,80350.0,80768.22,80448.6,80800.0,0.0
mp_ppoc_target,SENSEX|weekly|2025-10-09,2025-10-09,CE,2025-09-29 09:45:00+05:30,353.95,80733.38,2025-10-06 11:40:00+05:30,mp_target_hit,15.0,80550.0,80700.0,80350.0,80768.22,80448.6,80800.0,15.0
mp_fa_reversal,SENSEX|weekly|2025-10-09,2025-10-09,CE,2025-09-29 09:45:00+05:30,353.95,80733.38,2025-10-06 13:05:00+05:30,target_hit,30.0,80550.0,80700.0,80350.0,80768.22,80448.6,80800.0,0.0
mp_poc_target,SENSEX|weekly|2025-10-09,2025-10-09,CE,2025-09-29 09:45:00+05:30,353.95,80733.38,2025-10-06 11:40:00+05:30,mp_target_hit,15.0,80550.0,80700.0,80350.0,80768.22,80448.6,80800.0,15.0
baseline_both,SENSEX|weekly|2025-10-09,2025-10-09,CE,2025-10-07 12:10:00+05:30,747.45,82150.57,2025-10-09 15:30:00+05:30,hold_to_end,-10.0943,82100.0,82200.0,81900.0,82211.77,81787.48,81650.0,0.0
mp_poc_filter,SENSEX|weekly|2025-10-09,2025-10-09,CE,2025-10-07 12:10:00+05:30,747.45,82150.57,2025-10-09 15:30:00+05:30,hold_to_end,-10.0943,82100.0,82200.0,81900.0,82211.77,81787.48,81650.0,0.0
mp_ppoc_filter,SENSEX|weekly|2025-10-09,2025-10-09,CE,2025-10-07 12:10:00+05:30,747.45,82150.57,2025-10-09 15:30:00+05:30,hold_to_end,-10.0943,82100.0,82200.0,81900.0,82211.77,81787.48,81650.0,0.0
mp_va_inside,SENSEX|weekly|2025-10-09,2025-10-09,CE,2025-10-07 12:10:00+05:30,747.45,82150.57,2025-10-09 15:30:00+05:30,hold_to_end,-10.0943,82100.0,82200.0,81900.0,82211.77,81787.48,81650.0,0.0
mp_ppoc_target,SENSEX|weekly|2025-10-09,2025-10-09,CE,2025-10-07 12:10:00+05:30,747.45,82150.57,2025-10-07 13:45:00+05:30,mp_target_hit,15.0,82100.0,82200.0,81900.0,82211.77,81787.48,81650.0,15.0
mp_poc_target,SENSEX|weekly|2025-10-09,2025-10-09,CE,2025-10-07 12:10:00+05:30,747.45,82150.57,2025-10-07 13:45:00+05:30,mp_target_hit,15.0,82100.0,82200.0,81900.0,82211.77,81787.48,81650.0,15.0
baseline_both,SENSEX|weekly|2025-10-09,2025-10-09,PE,2025-09-25 14:05:00+05:30,455.05,81467.32,2025-09-26 09:15:00+05:30,target_hit,30.0,81500.0,81700.0,81400.0,81840.73,81492.37,,0.0
mp_poc_filter,SENSEX|weekly|2025-10-09,2025-10-09,PE,2025-09-25 14:05:00+05:30,455.05,81467.32,2025-09-26 09:15:00+05:30,target_hit,30.0,81500.0,81700.0,81400.0,81840.73,81492.37,,0.0
mp_ppoc_filter,SENSEX|weekly|2025-10-09,2025-10-09,PE,2025-09-25 14:05:00+05:30,455.05,81467.32,2025-09-26 09:15:00+05:30,target_hit,30.0,81500.0,81700.0,81400.0,81840.73,81492.37,,0.0
mp_ib_breakout,SENSEX|weekly|2025-10-09,2025-10-09,PE,2025-09-25 14:05:00+05:30,455.05,81467.32,2025-09-26 09:15:00+05:30,target_hit,30.0,81500.0,81700.0,81400.0,81840.73,81492.37,,0.0
mp_va_inside,SENSEX|weekly|2025-10-09,2025-10-09,PE,2025-09-25 14:05:00+05:30,455.05,81467.32,2025-09-26 09:15:00+05:30,target_hit,30.0,81500.0,81700.0,81400.0,81840.73,81492.37,,0.0
mp_ppoc_target,SENSEX|weekly|2025-10-09,2025-10-09,PE,2025-09-25 14:05:00+05:30,455.05,81467.32,2025-09-26 09:15:00+05:30,target_hit,30.0,81500.0,81700.0,81400.0,81840.73,81492.37,,0.0
mp_poc_target,SENSEX|weekly|2025-10-09,2025-10-09,PE,2025-09-25 14:05:00+05:30,455.05,81467.32,2025-09-25 14:55:00+05:30,mp_target_hit,15.0,81500.0,81700.0,81400.0,81840.73,81492.37,,15.0
baseline_both,SENSEX|weekly|2025-10-09,2025-10-09,PE,2025-09-29 11:40:00+05:30,1002.25,80428.67,2025-10-09 15:30:00+05:30,hold_to_end,-99.985,80550.0,80700.0,80350.0,80768.22,80448.6,80800.0,0.0
mp_poc_filter,SENSEX|weekly|2025-10-09,2025-10-09,PE,2025-09-29 11:40:00+05:30,1002.25,80428.67,2025-10-09 15:30:00+05:30,hold_to_end,-99.985,80550.0,80700.0,80350.0,80768.22,80448.6,80800.0,0.0
mp_ppoc_filter,SENSEX|weekly|2025-10-09,2025-10-09,PE,2025-09-29 11:40:00+05:30,1002.25,80428.67,2025-10-09 15:30:00+05:30,hold_to_end,-99.985,80550.0,80700.0,80350.0,80768.22,80448.6,80800.0,0.0
mp_ib_breakout,SENSEX|weekly|2025-10-09,2025-10-09,PE,2025-09-29 11:40:00+05:30,1002.25,80428.67,2025-10-09 15:30:00+05:30,hold_to_end,-99.985,80550.0,80700.0,80350.0,80768.22,80448.6,80800.0,0.0
mp_va_inside,SENSEX|weekly|2025-10-09,2025-10-09,PE,2025-09-29 11:40:00+05:30,1002.25,80428.67,2025-10-09 15:30:00+05:30,hold_to_end,-99.985,80550.0,80700.0,80350.0,80768.22,80448.6,80800.0,0.0
mp_ppoc_target,SENSEX|weekly|2025-10-09,2025-10-09,PE,2025-09-29 11:40:00+05:30,1002.25,80428.67,2025-09-29 12:45:00+05:30,mp_target_hit,15.0,80550.0,80700.0,80350.0,80768.22,80448.6,80800.0,15.0
mp_fa_reversal,SENSEX|weekly|2025-10-09,2025-10-09,PE,2025-09-29 11:40:00+05:30,1002.25,80428.67,2025-10-09 15:30:00+05:30,hold_to_end,-99.985,80550.0,80700.0,80350.0,80768.22,80448.6,80800.0,0.0
mp_poc_target,SENSEX|weekly|2025-10-09,2025-10-09,PE,2025-09-29 11:40:00+05:30,1002.25,80428.67,2025-09-29 12:45:00+05:30,mp_target_hit,15.0,80550.0,80700.0,80350.0,80768.22,80448.6,80800.0,15.0
baseline_both,SENSEX|weekly|2025-10-16,2025-10-16,CE,2025-10-03 14:40:00+05:30,806.5,81141.96,2025-10-06 11:15:00+05:30,target_hit,30.0,80900.0,81050.0,80800.0,81018.61,80649.57,,0.0
mp_poc_filter,SENSEX|weekly|2025-10-16,2025-10-16,CE,2025-10-03 14:40:00+05:30,806.5,81141.96,2025-10-06 11:15:00+05:30,target_hit,30.0,80900.0,81050.0,80800.0,81018.61,80649.57,,0.0
mp_ppoc_filter,SENSEX|weekly|2025-10-16,2025-10-16,CE,2025-10-03 14:40:00+05:30,806.5,81141.96,2025-10-06 11:15:00+05:30,target_hit,30.0,80900.0,81050.0,80800.0,81018.61,80649.57,,0.0
mp_ib_breakout,SENSEX|weekly|2025-10-16,2025-10-16,CE,2025-10-03 14:40:00+05:30,806.5,81141.96,2025-10-06 11:15:00+05:30,target_hit,30.0,80900.0,81050.0,80800.0,81018.61,80649.57,,0.0
mp_va_outside,SENSEX|weekly|2025-10-16,2025-10-16,CE,2025-10-03 14:40:00+05:30,806.5,81141.96,2025-10-06 11:15:00+05:30,target_hit,30.0,80900.0,81050.0,80800.0,81018.61,80649.57,,0.0
mp_ppoc_target,SENSEX|weekly|2025-10-16,2025-10-16,CE,2025-10-03 14:40:00+05:30,806.5,81141.96,2025-10-06 11:15:00+05:30,target_hit,30.0,80900.0,81050.0,80800.0,81018.61,80649.57,,0.0
mp_combo_best,SENSEX|weekly|2025-10-16,2025-10-16,CE,2025-10-03 14:40:00+05:30,806.5,81141.96,2025-10-06 11:15:00+05:30,target_hit,30.0,80900.0,81050.0,80800.0,81018.61,80649.57,,0.0
mp_poc_target,SENSEX|weekly|2025-10-16,2025-10-16,CE,2025-10-03 14:40:00+05:30,806.5,81141.96,2025-10-06 09:50:00+05:30,mp_target_hit,15.0,80900.0,81050.0,80800.0,81018.61,80649.57,,15.0
baseline_both,SENSEX|weekly|2025-10-16,2025-10-16,CE,2025-10-08 11:10:00+05:30,1474.15,81791.05,2025-10-16 09:15:00+05:30,target_hit,30.0,81850.0,82100.0,81750.0,82257.74,81849.98,82100.0,0.0
mp_va_inside,SENSEX|weekly|2025-10-16,2025-10-16,CE,2025-10-08 11:10:00+05:30,1474.15,81791.05,2025-10-16 09:15:00+05:30,target_hit,30.0,81850.0,82100.0,81750.0,82257.74,81849.98,82100.0,0.0
mp_ppoc_target,SENSEX|weekly|2025-10-16,2025-10-16,CE,2025-10-08 11:10:00+05:30,1474.15,81791.05,2025-10-10 09:50:00+05:30,mp_target_hit,15.0,81850.0,82100.0,81750.0,82257.74,81849.98,82100.0,15.0
mp_poc_target,SENSEX|weekly|2025-10-16,2025-10-16,CE,2025-10-08 11:10:00+05:30,1474.15,81791.05,2025-10-10 09:50:00+05:30,mp_target_hit,15.0,81850.0,82100.0,81750.0,82257.74,81849.98,82100.0,15.0
baseline_both,SENSEX|weekly|2025-10-16,2025-10-16,PE,2025-10-07 11:50:00+05:30,125.3,81981.19,2025-10-16 15:30:00+05:30,hold_to_end,-99.9601,82100.0,82200.0,81900.0,82211.77,81787.48,81650.0,0.0
mp_poc_filter,SENSEX|weekly|2025-10-16,2025-10-16,PE,2025-10-07 11:50:00+05:30,125.3,81981.19,2025-10-16 15:30:00+05:30,hold_to_end,-99.9601,82100.0,82200.0,81900.0,82211.77,81787.48,81650.0,0.0
mp_va_inside,SENSEX|weekly|2025-10-16,2025-10-16,PE,2025-10-07 11:50:00+05:30,125.3,81981.19,2025-10-16 15:30:00+05:30,hold_to_end,-99.9601,82100.0,82200.0,81900.0,82211.77,81787.48,81650.0,0.0
mp_ppoc_target,SENSEX|weekly|2025-10-16,2025-10-16,PE,2025-10-07 11:50:00+05:30,125.3,81981.19,2025-10-08 12:25:00+05:30,mp_target_hit,15.0,82100.0,82200.0,81900.0,82211.77,81787.48,81650.0,15.0
mp_fa_reversal,SENSEX|weekly|2025-10-16,2025-10-16,PE,2025-10-07 11:50:00+05:30,125.3,81981.19,2025-10-16 15:30:00+05:30,hold_to_end,-99.9601,82100.0,82200.0,81900.0,82211.77,81787.48,81650.0,0.0
mp_poc_target,SENSEX|weekly|2025-10-16,2025-10-16,PE,2025-10-07 11:50:00+05:30,125.3,81981.19,2025-10-08 12:25:00+05:30,mp_target_hit,15.0,82100.0,82200.0,81900.0,82211.77,81787.48,81650.0,15.0
baseline_both,SENSEX|weekly|2025-10-23,2025-10-23,CE,2025-10-09 15:10:00+05:30,890.0,82164.56,2025-10-10 09:50:00+05:30,target_hit,30.0,81950.0,82150.0,81850.0,82009.32,81667.68,,0.0
mp_poc_filter,SENSEX|weekly|2025-10-23,2025-10-23,CE,2025-10-09 15:10:00+05:30,890.0,82164.56,2025-10-10 09:50:00+05:30,target_hit,30.0,81950.0,82150.0,81850.0,82009.32,81667.68,,0.0
mp_ppoc_filter,SENSEX|weekly|2025-10-23,2025-10-23,CE,2025-10-09 15:10:00+05:30,890.0,82164.56,2025-10-10 09:50:00+05:30,target_hit,30.0,81950.0,82150.0,81850.0,82009.32,81667.68,,0.0
mp_ib_breakout,SENSEX|weekly|2025-10-23,2025-10-23,CE,2025-10-09 15:10:00+05:30,890.0,82164.56,2025-10-10 09:50:00+05:30,target_hit,30.0,81950.0,82150.0,81850.0,82009.32,81667.68,,0.0
mp_va_outside,SENSEX|weekly|2025-10-23,2025-10-23,CE,2025-10-09 15:10:00+05:30,890.0,82164.56,2025-10-10 09:50:00+05:30,target_hit,30.0,81950.0,82150.0,81850.0,82009.32,81667.68,,0.0
mp_ppoc_target,SENSEX|weekly|2025-10-23,2025-10-23,CE,2025-10-09 15:10:00+05:30,890.0,82164.56,2025-10-10 09:50:00+05:30,target_hit,30.0,81950.0,82150.0,81850.0,82009.32,81667.68,,0.0
mp_combo_best,SENSEX|weekly|2025-10-23,2025-10-23,CE,2025-10-09 15:10:00+05:30,890.0,82164.56,2025-10-10 09:50:00+05:30,target_hit,30.0,81950.0,82150.0,81850.0,82009.32,81667.68,,0.0
mp_poc_target,SENSEX|weekly|2025-10-23,2025-10-23,CE,2025-10-09 15:10:00+05:30,890.0,82164.56,2025-10-10 09:20:00+05:30,mp_target_hit,15.0,81950.0,82150.0,81850.0,82009.32,81667.68,,15.0
baseline_both,SENSEX|weekly|2025-10-23,2025-10-23,CE,2025-10-13 14:25:00+05:30,955.0,82318.2,2025-10-15 13:40:00+05:30,target_hit,30.0,82150.0,82300.0,82100.0,82329.5,82043.14,82500.0,0.0
mp_poc_filter,SENSEX|weekly|2025-10-23,2025-10-23,CE,2025-10-13 14:25:00+05:30,955.0,82318.2,2025-10-15 13:40:00+05:30,target_hit,30.0,82150.0,82300.0,82100.0,82329.5,82043.14,82500.0,0.0
mp_va_outside,SENSEX|weekly|2025-10-23,2025-10-23,CE,2025-10-13 14:25:00+05:30,955.0,82318.2,2025-10-15 13:40:00+05:30,target_hit,30.0,82150.0,82300.0,82100.0,82329.5,82043.14,82500.0,0.0
mp_ppoc_target,SENSEX|weekly|2025-10-23,2025-10-23,CE,2025-10-13 14:25:00+05:30,955.0,82318.2,2025-10-14 09:20:00+05:30,mp_target_hit,15.0,82150.0,82300.0,82100.0,82329.5,82043.14,82500.0,15.0
mp_poc_target,SENSEX|weekly|2025-10-23,2025-10-23,CE,2025-10-13 14:25:00+05:30,955.0,82318.2,2025-10-14 09:20:00+05:30,mp_target_hit,15.0,82150.0,82300.0,82100.0,82329.5,82043.14,82500.0,15.0
baseline_both,SENSEX|weekly|2025-10-23,2025-10-23,CE,2025-10-15 15:30:00+05:30,1177.5,82625.05,2025-10-16 12:30:00+05:30,target_hit,30.0,82450.0,82700.0,82350.0,82412.47,82084.37,82050.0,0.0
mp_poc_filter,SENSEX|weekly|2025-10-23,2025-10-23,CE,2025-10-15 15:30:00+05:30,1177.5,82625.05,2025-10-16 12:30:00+05:30,target_hit,30.0,82450.0,82700.0,82350.0,82412.47,82084.37,82050.0,0.0
mp_ppoc_filter,SENSEX|weekly|2025-10-23,2025-10-23,CE,2025-10-15 15:30:00+05:30,1177.5,82625.05,2025-10-16 12:30:00+05:30,target_hit,30.0,82450.0,82700.0,82350.0,82412.47,82084.37,82050.0,0.0
mp_ib_breakout,SENSEX|weekly|2025-10-23,2025-10-23,CE,2025-10-15 15:30:00+05:30,1177.5,82625.05,2025-10-16 12:30:00+05:30,target_hit,30.0,82450.0,82700.0,82350.0,82412.47,82084.37,82050.0,0.0
mp_va_inside,SENSEX|weekly|2025-10-23,2025-10-23,CE,2025-10-15 15:30:00+05:30,1177.5,82625.05,2025-10-16 12:30:00+05:30,target_hit,30.0,82450.0,82700.0,82350.0,82412.47,82084.37,82050.0,0.0
mp_ppoc_target,SENSEX|weekly|2025-10-23,2025-10-23,CE,2025-10-15 15:30:00+05:30,1177.5,82625.05,2025-10-16 09:20:00+05:30,mp_target_hit,15.0,82450.0,82700.0,82350.0,82412.47,82084.37,82050.0,15.0
mp_poc_target,SENSEX|weekly|2025-10-23,2025-10-23,CE,2025-10-15 15:30:00+05:30,1177.5,82625.05,2025-10-16 09:20:00+05:30,mp_target_hit,15.0,82450.0,82700.0,82350.0,82412.47,82084.37,82050.0,15.0
baseline_both,SENSEX|weekly|2025-10-23,2025-10-23,CE,2025-10-20 09:25:00+05:30,2850.0,84409.33,2025-10-23 15:30:00+05:30,hold_to_end,-3.3333,84350.0,84550.0,84300.0,84656.56,84239.7,83950.0,0.0
mp_poc_filter,SENSEX|weekly|2025-10-23,2025-10-23,CE,2025-10-20 09:25:00+05:30,2850.0,84409.33,2025-10-23 15:30:00+05:30,hold_to_end,-3.3333,84350.0,84550.0,84300.0,84656.56,84239.7,83950.0,0.0
mp_ppoc_filter,SENSEX|weekly|2025-10-23,2025-10-23,CE,2025-10-20 09:25:00+05:30,2850.0,84409.33,2025-10-23 15:30:00+05:30,hold_to_end,-3.3333,84350.0,84550.0,84300.0,84656.56,84239.7,83950.0,0.0
mp_va_inside,SENSEX|weekly|2025-10-23,2025-10-23,CE,2025-10-20 09:25:00+05:30,2850.0,84409.33,2025-10-23 15:30:00+05:30,hold_to_end,-3.3333,84350.0,84550.0,84300.0,84656.56,84239.7,83950.0,0.0
mp_ppoc_target,SENSEX|weekly|2025-10-23,2025-10-23,CE,2025-10-20 09:25:00+05:30,2850.0,84409.33,2025-10-23 09:35:00+05:30,mp_target_hit,15.0,84350.0,84550.0,84300.0,84656.56,84239.7,83950.0,15.0
mp_fa_reversal,SENSEX|weekly|2025-10-23,2025-10-23,CE,2025-10-20 09:25:00+05:30,2850.0,84409.33,2025-10-23 15:30:00+05:30,hold_to_end,-3.3333,84350.0,84550.0,84300.0,84656.56,84239.7,83950.0,0.0
mp_poc_target,SENSEX|weekly|2025-10-23,2025-10-23,CE,2025-10-20 09:25:00+05:30,2850.0,84409.33,2025-10-23 09:35:00+05:30,mp_target_hit,15.0,84350.0,84550.0,84300.0,84656.56,84239.7,83950.0,15.0
baseline_both,SENSEX|weekly|2025-10-23,2025-10-23,PE,2025-10-13 09:20:00+05:30,305.0,82206.78,2025-10-14 12:10:00+05:30,target_hit,30.0,82150.0,82300.0,82100.0,82329.5,82043.14,82500.0,0.0
mp_ppoc_filter,SENSEX|weekly|2025-10-23,2025-10-23,PE,2025-10-13 09:20:00+05:30,305.0,82206.78,2025-10-14 12:10:00+05:30,target_hit,30.0,82150.0,82300.0,82100.0,82329.5,82043.14,82500.0,0.0
mp_va_inside,SENSEX|weekly|2025-10-23,2025-10-23,PE,2025-10-13 09:20:00+05:30,305.0,82206.78,2025-10-14 12:10:00+05:30,target_hit,30.0,82150.0,82300.0,82100.0,82329.5,82043.14,82500.0,0.0
mp_ppoc_target,SENSEX|weekly|2025-10-23,2025-10-23,PE,2025-10-13 09:20:00+05:30,305.0,82206.78,2025-10-13 09:35:00+05:30,mp_target_hit,15.0,82150.0,82300.0,82100.0,82329.5,82043.14,82500.0,15.0
mp_poc_target,SENSEX|weekly|2025-10-23,2025-10-23,PE,2025-10-13 09:20:00+05:30,305.0,82206.78,2025-10-13 09:35:00+05:30,mp_target_hit,15.0,82150.0,82300.0,82100.0,82329.5,82043.14,82500.0,15.0
baseline_both,SENSEX|weekly|2025-10-23,2025-10-23,PE,2025-10-17 12:55:00+05:30,56.4,83857.56,2025-10-23 15:30:00+05:30,hold_to_end,-99.9113,83950.0,84200.0,83750.0,83813.59,83206.08,83000.0,0.0
mp_poc_filter,SENSEX|weekly|2025-10-23,2025-10-23,PE,2025-10-17 12:55:00+05:30,56.4,83857.56,2025-10-23 15:30:00+05:30,hold_to_end,-99.9113,83950.0,84200.0,83750.0,83813.59,83206.08,83000.0,0.0
mp_va_inside,SENSEX|weekly|2025-10-23,2025-10-23,PE,2025-10-17 12:55:00+05:30,56.4,83857.56,2025-10-23 15:30:00+05:30,hold_to_end,-99.9113,83950.0,84200.0,83750.0,83813.59,83206.08,83000.0,0.0
mp_ppoc_target,SENSEX|weekly|2025-10-23,2025-10-23,PE,2025-10-17 12:55:00+05:30,56.4,83857.56,2025-10-17 13:35:00+05:30,mp_target_hit,15.0,83950.0,84200.0,83750.0,83813.59,83206.08,83000.0,15.0
mp_poc_target,SENSEX|weekly|2025-10-23,2025-10-23,PE,2025-10-17 12:55:00+05:30,56.4,83857.56,2025-10-17 13:35:00+05:30,mp_target_hit,15.0,83950.0,84200.0,83750.0,83813.59,83206.08,83000.0,15.0
baseline_both,SENSEX|weekly|2025-11-06,2025-11-06,CE,2025-10-23 12:00:00+05:30,1015.1,85192.59,2025-11-06 15:30:00+05:30,hold_to_end,-99.9951,85100.0,85300.0,84850.0,85272.4,84867.97,,0.0
mp_poc_filter,SENSEX|weekly|2025-11-06,2025-11-06,CE,2025-10-23 12:00:00+05:30,1015.1,85192.59,2025-11-06 15:30:00+05:30,hold_to_end,-99.9951,85100.0,85300.0,84850.0,85272.4,84867.97,,0.0
mp_ppoc_filter,SENSEX|weekly|2025-11-06,2025-11-06,CE,2025-10-23 12:00:00+05:30,1015.1,85192.59,2025-11-06 15:30:00+05:30,hold_to_end,-99.9951,85100.0,85300.0,84850.0,85272.4,84867.97,,0.0
mp_va_inside,SENSEX|weekly|2025-11-06,2025-11-06,CE,2025-10-23 12:00:00+05:30,1015.1,85192.59,2025-11-06 15:30:00+05:30,hold_to_end,-99.9951,85100.0,85300.0,84850.0,85272.4,84867.97,,0.0
mp_ppoc_target,SENSEX|weekly|2025-11-06,2025-11-06,CE,2025-10-23 12:00:00+05:30,1015.1,85192.59,2025-11-06 15:30:00+05:30,hold_to_end,-99.9951,85100.0,85300.0,84850.0,85272.4,84867.97,,0.0
mp_poc_target,SENSEX|weekly|2025-11-06,2025-11-06,CE,2025-10-23 12:00:00+05:30,1015.1,85192.59,2025-11-06 15:30:00+05:30,hold_to_end,-99.9951,85100.0,85300.0,84850.0,85272.4,84867.97,,15.0
baseline_both,SENSEX|weekly|2025-11-06,2025-11-06,PE,2025-10-23 13:35:00+05:30,557.1,84950.82,2025-10-23 15:15:00+05:30,target_hit,30.0,85100.0,85300.0,84850.0,85272.4,84867.97,,0.0
mp_poc_filter,SENSEX|weekly|2025-11-06,2025-11-06,PE,2025-10-23 13:35:00+05:30,557.1,84950.82,2025-10-23 15:15:00+05:30,target_hit,30.0,85100.0,85300.0,84850.0,85272.4,84867.97,,0.0
mp_ppoc_filter,SENSEX|weekly|2025-11-06,2025-11-06,PE,2025-10-23 13:35:00+05:30,557.1,84950.82,2025-10-23 15:15:00+05:30,target_hit,30.0,85100.0,85300.0,84850.0,85272.4,84867.97,,0.0
mp_va_inside,SENSEX|weekly|2025-11-06,2025-11-06,PE,2025-10-23 13:35:00+05:30,557.1,84950.82,2025-10-23 15:15:00+05:30,target_hit,30.0,85100.0,85300.0,84850.0,85272.4,84867.97,,0.0
mp_ppoc_target,SENSEX|weekly|2025-11-06,2025-11-06,PE,2025-10-23 13:35:00+05:30,557.1,84950.82,2025-10-23 15:15:00+05:30,target_hit,30.0,85100.0,85300.0,84850.0,85272.4,84867.97,,0.0
mp_fa_reversal,SENSEX|weekly|2025-11-06,2025-11-06,PE,2025-10-23 13:35:00+05:30,557.1,84950.82,2025-10-23 15:15:00+05:30,target_hit,30.0,85100.0,85300.0,84850.0,85272.4,84867.97,,0.0
mp_poc_target,SENSEX|weekly|2025-11-06,2025-11-06,PE,2025-10-23 13:35:00+05:30,557.1,84950.82,2025-10-23 14:15:00+05:30,mp_target_hit,15.0,85100.0,85300.0,84850.0,85272.4,84867.97,,15.0
baseline_both,SENSEX|weekly|2025-11-06,2025-11-06,PE,2025-10-24 12:50:00+05:30,855.1,84352.84,2025-10-24 13:45:00+05:30,target_hit,30.0,84350.0,84500.0,84100.0,84707.44,84392.15,85100.0,0.0
mp_ppoc_filter,SENSEX|weekly|2025-11-06,2025-11-06,PE,2025-10-24 12:50:00+05:30,855.1,84352.84,2025-10-24 13:45:00+05:30,target_hit,30.0,84350.0,84500.0,84100.0,84707.44,84392.15,85100.0,0.0
mp_ib_breakout,SENSEX|weekly|2025-11-06,2025-11-06,PE,2025-10-24 12:50:00+05:30,855.1,84352.84,2025-10-24 13:45:00+05:30,target_hit,30.0,84350.0,84500.0,84100.0,84707.44,84392.15,85100.0,0.0
mp_va_inside,SENSEX|weekly|2025-11-06,2025-11-06,PE,2025-10-24 12:50:00+05:30,855.1,84352.84,2025-10-24 13:45:00+05:30,target_hit,30.0,84350.0,84500.0,84100.0,84707.44,84392.15,85100.0,0.0
mp_ppoc_target,SENSEX|weekly|2025-11-06,2025-11-06,PE,2025-10-24 12:50:00+05:30,855.1,84352.84,2025-10-24 13:30:00+05:30,mp_target_hit,15.0,84350.0,84500.0,84100.0,84707.44,84392.15,85100.0,15.0
mp_poc_target,SENSEX|weekly|2025-11-06,2025-11-06,PE,2025-10-24 12:50:00+05:30,855.1,84352.84,2025-10-24 13:30:00+05:30,mp_target_hit,15.0,84350.0,84500.0,84100.0,84707.44,84392.15,85100.0,15.0
baseline_both,SENSEX|weekly|2025-11-06,2025-11-06,PE,2025-10-27 13:30:00+05:30,662.8,84661.36,2025-10-28 10:55:00+05:30,target_hit,30.0,84750.0,84850.0,84600.0,84809.56,84294.2,84350.0,0.0
mp_poc_filter,SENSEX|weekly|2025-11-06,2025-11-06,PE,2025-10-27 13:30:00+05:30,662.8,84661.36,2025-10-28 10:55:00+05:30,target_hit,30.0,84750.0,84850.0,84600.0,84809.56,84294.2,84350.0,0.0
mp_va_inside,SENSEX|weekly|2025-11-06,2025-11-06,PE,2025-10-27 13:30:00+05:30,662.8,84661.36,2025-10-28 10:55:00+05:30,target_hit,30.0,84750.0,84850.0,84600.0,84809.56,84294.2,84350.0,0.0
mp_ppoc_target,SENSEX|weekly|2025-11-06,2025-11-06,PE,2025-10-27 13:30:00+05:30,662.8,84661.36,2025-10-28 10:05:00+05:30,mp_target_hit,15.0,84750.0,84850.0,84600.0,84809.56,84294.2,84350.0,15.0
mp_fa_reversal,SENSEX|weekly|2025-11-06,2025-11-06,PE,2025-10-27 13:30:00+05:30,662.8,84661.36,2025-10-28 10:55:00+05:30,target_hit,30.0,84750.0,84850.0,84600.0,84809.56,84294.2,84350.0,0.0
mp_poc_target,SENSEX|weekly|2025-11-06,2025-11-06,PE,2025-10-27 13:30:00+05:30,662.8,84661.36,2025-10-28 10:05:00+05:30,mp_target_hit,15.0,84750.0,84850.0,84600.0,84809.56,84294.2,84350.0,15.0
baseline_both,SENSEX|weekly|2025-11-06,2025-11-06,PE,2025-10-28 14:10:00+05:30,815.4,84405.56,2025-11-03 09:15:00+05:30,target_hit,30.0,84450.0,84700.0,84300.0,84986.94,84472.81,84750.0,0.0
mp_poc_filter,SENSEX|weekly|2025-11-06,2025-11-06,PE,2025-10-28 14:10:00+05:30,815.4,84405.56,2025-11-03 09:15:00+05:30,target_hit,30.0,84450.0,84700.0,84300.0,84986.94,84472.81,84750.0,0.0
mp_ppoc_filter,SENSEX|weekly|2025-11-06,2025-11-06,PE,2025-10-28 14:10:00+05:30,815.4,84405.56,2025-11-03 09:15:00+05:30,target_hit,30.0,84450.0,84700.0,84300.0,84986.94,84472.81,84750.0,0.0
mp_ib_breakout,SENSEX|weekly|2025-11-06,2025-11-06,PE,2025-10-28 14:10:00+05:30,815.4,84405.56,2025-11-03 09:15:00+05:30,target_hit,30.0,84450.0,84700.0,84300.0,84986.94,84472.81,84750.0,0.0
mp_va_inside,SENSEX|weekly|2025-11-06,2025-11-06,PE,2025-10-28 14:10:00+05:30,815.4,84405.56,2025-11-03 09:15:00+05:30,target_hit,30.0,84450.0,84700.0,84300.0,84986.94,84472.81,84750.0,0.0
mp_ppoc_target,SENSEX|weekly|2025-11-06,2025-11-06,PE,2025-10-28 14:10:00+05:30,815.4,84405.56,2025-10-31 11:05:00+05:30,mp_target_hit,15.0,84450.0,84700.0,84300.0,84986.94,84472.81,84750.0,15.0
mp_poc_target,SENSEX|weekly|2025-11-06,2025-11-06,PE,2025-10-28 14:10:00+05:30,815.4,84405.56,2025-10-31 11:05:00+05:30,mp_target_hit,15.0,84450.0,84700.0,84300.0,84986.94,84472.81,84750.0,15.0
baseline_both,SENSEX|weekly|2025-11-06,2025-11-06,PE,2025-11-03 11:45:00+05:30,1086.25,83877.86,2025-11-04 14:15:00+05:30,target_hit,30.0,83900.0,84050.0,83800.0,84006.47,83609.54,84100.0,0.0
mp_poc_filter,SENSEX|weekly|2025-11-06,2025-11-06,PE,2025-11-03 11:45:00+05:30,1086.25,83877.86,2025-11-04 14:15:00+05:30,target_hit,30.0,83900.0,84050.0,83800.0,84006.47,83609.54,84100.0,0.0
mp_ppoc_filter,SENSEX|weekly|2025-11-06,2025-11-06,PE,2025-11-03 11:45:00+05:30,1086.25,83877.86,2025-11-04 14:15:00+05:30,target_hit,30.0,83900.0,84050.0,83800.0,84006.47,83609.54,84100.0,0.0
mp_va_inside,SENSEX|weekly|2025-11-06,2025-11-06,PE,2025-11-03 11:45:00+05:30,1086.25,83877.86,2025-11-04 14:15:00+05:30,target_hit,30.0,83900.0,84050.0,83800.0,84006.47,83609.54,84100.0,0.0
mp_ppoc_target,SENSEX|weekly|2025-11-06,2025-11-06,PE,2025-11-03 11:45:00+05:30,1086.25,83877.86,2025-11-04 09:55:00+05:30,mp_target_hit,15.0,83900.0,84050.0,83800.0,84006.47,83609.54,84100.0,15.0
mp_poc_target,SENSEX|weekly|2025-11-06,2025-11-06,PE,2025-11-03 11:45:00+05:30,1086.25,83877.86,2025-11-04 09:55:00+05:30,mp_target_hit,15.0,83900.0,84050.0,83800.0,84006.47,83609.54,84100.0,15.0
baseline_both,SENSEX|weekly|2025-11-06,2025-11-06,PE,2025-11-06 09:45:00+05:30,1410.0,83605.32,2025-11-06 15:30:00+05:30,hold_to_end,19.6454,83450.0,83600.0,83350.0,83846.35,83382.69,83750.0,0.0
mp_ppoc_filter,SENSEX|weekly|2025-11-06,2025-11-06,PE,2025-11-06 09:45:00+05:30,1410.0,83605.32,2025-11-06 15:30:00+05:30,hold_to_end,19.6454,83450.0,83600.0,83350.0,83846.35,83382.69,83750.0,0.0
mp_va_outside,SENSEX|weekly|2025-11-06,2025-11-06,PE,2025-11-06 09:45:00+05:30,1410.0,83605.32,2025-11-06 15:30:00+05:30,hold_to_end,19.6454,83450.0,83600.0,83350.0,83846.35,83382.69,83750.0,0.0
mp_ppoc_target,SENSEX|weekly|2025-11-06,2025-11-06,PE,2025-11-06 09:45:00+05:30,1410.0,83605.32,2025-11-06 10:35:00+05:30,mp_target_hit,15.0,83450.0,83600.0,83350.0,83846.35,83382.69,83750.0,15.0
mp_poc_target,SENSEX|weekly|2025-11-06,2025-11-06,PE,2025-11-06 09:45:00+05:30,1410.0,83605.32,2025-11-06 10:35:00+05:30,mp_target_hit,15.0,83450.0,83600.0,83350.0,83846.35,83382.69,83750.0,15.0
baseline_both,SENSEX|weekly|2025-11-13,2025-11-13,CE,2025-10-31 09:40:00+05:30,769.35,84633.13,2025-11-13 15:30:00+05:30,hold_to_end,-99.9935,84100.0,84450.0,84000.0,84712.79,84258.91,84500.0,0.0
mp_poc_filter,SENSEX|weekly|2025-11-13,2025-11-13,CE,2025-10-31 09:40:00+05:30,769.35,84633.13,2025-11-13 15:30:00+05:30,hold_to_end,-99.9935,84100.0,84450.0,84000.0,84712.79,84258.91,84500.0,0.0
mp_ppoc_filter,SENSEX|weekly|2025-11-13,2025-11-13,CE,2025-10-31 09:40:00+05:30,769.35,84633.13,2025-11-13 15:30:00+05:30,hold_to_end,-99.9935,84100.0,84450.0,84000.0,84712.79,84258.91,84500.0,0.0
mp_va_outside,SENSEX|weekly|2025-11-13,2025-11-13,CE,2025-10-31 09:40:00+05:30,769.35,84633.13,2025-11-13 15:30:00+05:30,hold_to_end,-99.9935,84100.0,84450.0,84000.0,84712.79,84258.91,84500.0,0.0
mp_ppoc_target,SENSEX|weekly|2025-11-13,2025-11-13,CE,2025-10-31 09:40:00+05:30,769.35,84633.13,2025-11-13 15:30:00+05:30,hold_to_end,-99.9935,84100.0,84450.0,84000.0,84712.79,84258.91,84500.0,15.0
mp_poc_target,SENSEX|weekly|2025-11-13,2025-11-13,CE,2025-10-31 09:40:00+05:30,769.35,84633.13,2025-11-13 15:30:00+05:30,hold_to_end,-99.9935,84100.0,84450.0,84000.0,84712.79,84258.91,84500.0,15.0
baseline_both,SENSEX|weekly|2025-11-13,2025-11-13,PE,2025-10-30 12:20:00+05:30,731.4,84497.48,2025-11-03 09:15:00+05:30,target_hit,30.0,84500.0,84750.0,84450.0,84906.95,84467.03,,0.0
mp_poc_filter,SENSEX|weekly|2025-11-13,2025-11-13,PE,2025-10-30 12:20:00+05:30,731.4,84497.48,2025-11-03 09:15:00+05:30,target_hit,30.0,84500.0,84750.0,84450.0,84906.95,84467.03,,0.0
mp_ppoc_filter,SENSEX|weekly|2025-11-13,2025-11-13,PE,2025-10-30 12:20:00+05:30,731.4,84497.48,2025-11-03 09:15:00+05:30,target_hit,30.0,84500.0,84750.0,84450.0,84906.95,84467.03,,0.0
mp_va_inside,SENSEX|weekly|2025-11-13,2025-11-13,PE,2025-10-30 12:20:00+05:30,731.4,84497.48,2025-11-03 09:15:00+05:30,target_hit,30.0,84500.0,84750.0,84450.0,84906.95,84467.03,,0.0
mp_ppoc_target,SENSEX|weekly|2025-11-13,2025-11-13,PE,2025-10-30 12:20:00+05:30,731.4,84497.48,2025-11-03 09:15:00+05:30,target_hit,30.0,84500.0,84750.0,84450.0,84906.95,84467.03,,0.0
mp_poc_target,SENSEX|weekly|2025-11-13,2025-11-13,PE,2025-10-30 12:20:00+05:30,731.4,84497.48,2025-10-31 10:35:00+05:30,mp_target_hit,15.0,84500.0,84750.0,84450.0,84906.95,84467.03,,15.0
baseline_both,SENSEX|weekly|2025-11-13,2025-11-13,PE,2025-11-03 11:55:00+05:30,1032.95,83914.06,2025-11-06 11:25:00+05:30,target_hit,30.0,83900.0,84050.0,83800.0,84006.47,83609.54,84100.0,0.0
mp_ppoc_filter,SENSEX|weekly|2025-11-13,2025-11-13,PE,2025-11-03 11:55:00+05:30,1032.95,83914.06,2025-11-06 11:25:00+05:30,target_hit,30.0,83900.0,84050.0,83800.0,84006.47,83609.54,84100.0,0.0
mp_va_inside,SENSEX|weekly|2025-11-13,2025-11-13,PE,2025-11-03 11:55:00+05:30,1032.95,83914.06,2025-11-06 11:25:00+05:30,target_hit,30.0,83900.0,84050.0,83800.0,84006.47,83609.54,84100.0,0.0
mp_ppoc_target,SENSEX|weekly|2025-11-13,2025-11-13,PE,2025-11-03 11:55:00+05:30,1032.95,83914.06,2025-11-04 11:30:00+05:30,mp_target_hit,15.0,83900.0,84050.0,83800.0,84006.47,83609.54,84100.0,15.0
mp_poc_target,SENSEX|weekly|2025-11-13,2025-11-13,PE,2025-11-03 11:55:00+05:30,1032.95,83914.06,2025-11-04 11:30:00+05:30,mp_target_hit,15.0,83900.0,84050.0,83800.0,84006.47,83609.54,84100.0,15.0
baseline_both,SENSEX|weekly|2025-11-13,2025-11-13,PE,2025-11-06 14:05:00+05:30,1380.1,83393.87,2025-11-07 09:20:00+05:30,target_hit,30.0,83450.0,83600.0,83350.0,83846.35,83382.69,83750.0,0.0
mp_poc_filter,SENSEX|weekly|2025-11-13,2025-11-13,PE,2025-11-06 14:05:00+05:30,1380.1,83393.87,2025-11-07 09:20:00+05:30,target_hit,30.0,83450.0,83600.0,83350.0,83846.35,83382.69,83750.0,0.0
mp_ppoc_filter,SENSEX|weekly|2025-11-13,2025-11-13,PE,2025-11-06 14:05:00+05:30,1380.1,83393.87,2025-11-07 09:20:00+05:30,target_hit,30.0,83450.0,83600.0,83350.0,83846.35,83382.69,83750.0,0.0
mp_va_inside,SENSEX|weekly|2025-11-13,2025-11-13,PE,2025-11-06 14:05:00+05:30,1380.1,83393.87,2025-11-07 09:20:00+05:30,target_hit,30.0,83450.0,83600.0,83350.0,83846.35,83382.69,83750.0,0.0
mp_ppoc_target,SENSEX|weekly|2025-11-13,2025-11-13,PE,2025-11-06 14:05:00+05:30,1380.1,83393.87,2025-11-07 09:15:00+05:30,mp_target_hit,15.0,83450.0,83600.0,83350.0,83846.35,83382.69,83750.0,15.0
mp_poc_target,SENSEX|weekly|2025-11-13,2025-11-13,PE,2025-11-06 14:05:00+05:30,1380.1,83393.87,2025-11-07 09:15:00+05:30,mp_target_hit,15.0,83450.0,83600.0,83350.0,83846.35,83382.69,83750.0,15.0
baseline_both,SENSEX|weekly|2025-11-13,2025-11-13,PE,2025-11-10 13:55:00+05:30,1150.0,83605.64,2025-11-11 10:30:00+05:30,target_hit,30.0,83600.0,83750.0,83500.0,83552.87,83197.67,83150.0,0.0
mp_va_inside,SENSEX|weekly|2025-11-13,2025-11-13,PE,2025-11-10 13:55:00+05:30,1150.0,83605.64,2025-11-11 10:30:00+05:30,target_hit,30.0,83600.0,83750.0,83500.0,83552.87,83197.67,83150.0,0.0
mp_ppoc_target,SENSEX|weekly|2025-11-13,2025-11-13,PE,2025-11-10 13:55:00+05:30,1150.0,83605.64,2025-11-11 09:25:00+05:30,mp_target_hit,15.0,83600.0,83750.0,83500.0,83552.87,83197.67,83150.0,15.0
mp_fa_reversal,SENSEX|weekly|2025-11-13,2025-11-13,PE,2025-11-10 13:55:00+05:30,1150.0,83605.64,2025-11-11 10:30:00+05:30,target_hit,30.0,83600.0,83750.0,83500.0,83552.87,83197.67,83150.0,0.0
mp_poc_target,SENSEX|weekly|2025-11-13,2025-11-13,PE,2025-11-10 13:55:00+05:30,1150.0,83605.64,2025-11-11 09:25:00+05:30,mp_target_hit,15.0,83600.0,83750.0,83500.0,83552.87,83197.67,83150.0,15.0
baseline_both,SENSEX|weekly|2025-11-13,2025-11-13,PE,2025-11-12 15:25:00+05:30,366.0,84405.15,2025-11-13 09:15:00+05:30,target_hit,30.0,84450.0,84650.0,84350.0,84462.17,84166.75,83350.0,0.0
mp_poc_filter,SENSEX|weekly|2025-11-13,2025-11-13,PE,2025-11-12 15:25:00+05:30,366.0,84405.15,2025-11-13 09:15:00+05:30,target_hit,30.0,84450.0,84650.0,84350.0,84462.17,84166.75,83350.0,0.0
mp_va_inside,SENSEX|weekly|2025-11-13,2025-11-13,PE,2025-11-12 15:25:00+05:30,366.0,84405.15,2025-11-13 09:15:00+05:30,target_hit,30.0,84450.0,84650.0,84350.0,84462.17,84166.75,83350.0,0.0
mp_ppoc_target,SENSEX|weekly|2025-11-13,2025-11-13,PE,2025-11-12 15:25:00+05:30,366.0,84405.15,2025-11-13 09:15:00+05:30,mp_target_hit,15.0,84450.0,84650.0,84350.0,84462.17,84166.75,83350.0,15.0
mp_fa_reversal,SENSEX|weekly|2025-11-13,2025-11-13,PE,2025-11-12 15:25:00+05:30,366.0,84405.15,2025-11-13 09:15:00+05:30,target_hit,30.0,84450.0,84650.0,84350.0,84462.17,84166.75,83350.0,0.0
mp_poc_target,SENSEX|weekly|2025-11-13,2025-11-13,PE,2025-11-12 15:25:00+05:30,366.0,84405.15,2025-11-13 09:15:00+05:30,mp_target_hit,15.0,84450.0,84650.0,84350.0,84462.17,84166.75,83350.0,15.0
baseline_both,SENSEX|weekly|2025-11-13,2025-11-13,PE,2025-11-13 14:10:00+05:30,314.8,84492.48,2025-11-13 15:30:00+05:30,hold_to_end,1.8742,84450.0,84850.0,84450.0,84569.12,84253.05,84450.0,0.0
mp_va_inside,SENSEX|weekly|2025-11-13,2025-11-13,PE,2025-11-13 14:10:00+05:30,314.8,84492.48,2025-11-13 15:30:00+05:30,hold_to_end,1.8742,84450.0,84850.0,84450.0,84569.12,84253.05,84450.0,0.0
mp_ppoc_target,SENSEX|weekly|2025-11-13,2025-11-13,PE,2025-11-13 14:10:00+05:30,314.8,84492.48,2025-11-13 14:15:00+05:30,mp_target_hit,15.0,84450.0,84850.0,84450.0,84569.12,84253.05,84450.0,15.0
mp_fa_reversal,SENSEX|weekly|2025-11-13,2025-11-13,PE,2025-11-13 14:10:00+05:30,314.8,84492.48,2025-11-13 15:30:00+05:30,hold_to_end,1.8742,84450.0,84850.0,84450.0,84569.12,84253.05,84450.0,0.0
mp_poc_target,SENSEX|weekly|2025-11-13,2025-11-13,PE,2025-11-13 14:10:00+05:30,314.8,84492.48,2025-11-13 14:15:00+05:30,mp_target_hit,15.0,84450.0,84850.0,84450.0,84569.12,84253.05,84450.0,15.0
baseline_both,SENSEX|weekly|2025-11-20,2025-11-20,CE,2025-11-06 13:05:00+05:30,807.0,83594.52,2025-11-12 09:15:00+05:30,target_hit,30.0,83450.0,83600.0,83350.0,83846.35,83382.69,,0.0
mp_poc_filter,SENSEX|weekly|2025-11-20,2025-11-20,CE,2025-11-06 13:05:00+05:30,807.0,83594.52,2025-11-12 09:15:00+05:30,target_hit,30.0,83450.0,83600.0,83350.0,83846.35,83382.69,,0.0
mp_ppoc_filter,SENSEX|weekly|2025-11-20,2025-11-20,CE,2025-11-06 13:05:00+05:30,807.0,83594.52,2025-11-12 09:15:00+05:30,target_hit,30.0,83450.0,83600.0,83350.0,83846.35,83382.69,,0.0
mp_va_inside,SENSEX|weekly|2025-11-20,2025-11-20,CE,2025-11-06 13:05:00+05:30,807.0,83594.52,2025-11-12 09:15:00+05:30,target_hit,30.0,83450.0,83600.0,83350.0,83846.35,83382.69,,0.0
mp_ppoc_target,SENSEX|weekly|2025-11-20,2025-11-20,CE,2025-11-06 13:05:00+05:30,807.0,83594.52,2025-11-12 09:15:00+05:30,target_hit,30.0,83450.0,83600.0,83350.0,83846.35,83382.69,,0.0
mp_poc_target,SENSEX|weekly|2025-11-20,2025-11-20,CE,2025-11-06 13:05:00+05:30,807.0,83594.52,2025-11-12 09:15:00+05:30,mp_target_hit,15.0,83450.0,83600.0,83350.0,83846.35,83382.69,,15.0
baseline_both,SENSEX|weekly|2025-11-20,2025-11-20,CE,2025-11-13 10:40:00+05:30,1232.6,84643.78,2025-11-20 09:30:00+05:30,target_hit,30.0,84450.0,84850.0,84450.0,84569.12,84253.05,84450.0,0.0
mp_poc_filter,SENSEX|weekly|2025-11-20,2025-11-20,CE,2025-11-13 10:40:00+05:30,1232.6,84643.78,2025-11-20 09:30:00+05:30,target_hit,30.0,84450.0,84850.0,84450.0,84569.12,84253.05,84450.0,0.0
mp_ppoc_filter,SENSEX|weekly|2025-11-20,2025-11-20,CE,2025-11-13 10:40:00+05:30,1232.6,84643.78,2025-11-20 09:30:00+05:30,target_hit,30.0,84450.0,84850.0,84450.0,84569.12,84253.05,84450.0,0.0
mp_ib_breakout,SENSEX|weekly|2025-11-20,2025-11-20,CE,2025-11-13 10:40:00+05:30,1232.6,84643.78,2025-11-20 09:30:00+05:30,target_hit,30.0,84450.0,84850.0,84450.0,84569.12,84253.05,84450.0,0.0
mp_va_inside,SENSEX|weekly|2025-11-20,2025-11-20,CE,2025-11-13 10:40:00+05:30,1232.6,84643.78,2025-11-20 09:30:00+05:30,target_hit,30.0,84450.0,84850.0,84450.0,84569.12,84253.05,84450.0,0.0
mp_ppoc_target,SENSEX|weekly|2025-11-20,2025-11-20,CE,2025-11-13 10:40:00+05:30,1232.6,84643.78,2025-11-13 12:10:00+05:30,mp_target_hit,15.0,84450.0,84850.0,84450.0,84569.12,84253.05,84450.0,15.0
mp_poc_target,SENSEX|weekly|2025-11-20,2025-11-20,CE,2025-11-13 10:40:00+05:30,1232.6,84643.78,2025-11-13 12:10:00+05:30,mp_target_hit,15.0,84450.0,84850.0,84450.0,84569.12,84253.05,84450.0,15.0
baseline_both,SENSEX|weekly|2025-11-20,2025-11-20,PE,2025-11-06 14:00:00+05:30,740.0,83421.5,2025-11-07 09:20:00+05:30,target_hit,30.0,83450.0,83600.0,83350.0,83846.35,83382.69,,0.0
mp_poc_filter,SENSEX|weekly|2025-11-20,2025-11-20,PE,2025-11-06 14:00:00+05:30,740.0,83421.5,2025-11-07 09:20:00+05:30,target_hit,30.0,83450.0,83600.0,83350.0,83846.35,83382.69,,0.0
mp_ppoc_filter,SENSEX|weekly|2025-11-20,2025-11-20,PE,2025-11-06 14:00:00+05:30,740.0,83421.5,2025-11-07 09:20:00+05:30,target_hit,30.0,83450.0,83600.0,83350.0,83846.35,83382.69,,0.0
mp_va_inside,SENSEX|weekly|2025-11-20,2025-11-20,PE,2025-11-06 14:00:00+05:30,740.0,83421.5,2025-11-07 09:20:00+05:30,target_hit,30.0,83450.0,83600.0,83350.0,83846.35,83382.69,,0.0
mp_ppoc_target,SENSEX|weekly|2025-11-20,2025-11-20,PE,2025-11-06 14:00:00+05:30,740.0,83421.5,2025-11-07 09:20:00+05:30,target_hit,30.0,83450.0,83600.0,83350.0,83846.35,83382.69,,0.0
mp_poc_target,SENSEX|weekly|2025-11-20,2025-11-20,PE,2025-11-06 14:00:00+05:30,740.0,83421.5,2025-11-07 09:20:00+05:30,mp_target_hit,15.0,83450.0,83600.0,83350.0,83846.35,83382.69,,15.0
baseline_both,SENSEX|weekly|2025-11-20,2025-11-20,PE,2025-11-10 15:05:00+05:30,533.8,83555.81,2025-11-11 09:25:00+05:30,target_hit,30.0,83600.0,83750.0,83500.0,83552.87,83197.67,83150.0,0.0
mp_poc_filter,SENSEX|weekly|2025-11-20,2025-11-20,PE,2025-11-10 15:05:00+05:30,533.8,83555.81,2025-11-11 09:25:00+05:30,target_hit,30.0,83600.0,83750.0,83500.0,83552.87,83197.67,83150.0,0.0
mp_va_inside,SENSEX|weekly|2025-11-20,2025-11-20,PE,2025-11-10 15:05:00+05:30,533.8,83555.81,2025-11-11 09:25:00+05:30,target_hit,30.0,83600.0,83750.0,83500.0,83552.87,83197.67,83150.0,0.0
mp_ppoc_target,SENSEX|weekly|2025-11-20,2025-11-20,PE,2025-11-10 15:05:00+05:30,533.8,83555.81,2025-11-11 09:20:00+05:30,mp_target_hit,15.0,83600.0,83750.0,83500.0,83552.87,83197.67,83150.0,15.0
mp_fa_reversal,SENSEX|weekly|2025-11-20,2025-11-20,PE,2025-11-10 15:05:00+05:30,533.8,83555.81,2025-11-11 09:25:00+05:30,target_hit,30.0,83600.0,83750.0,83500.0,83552.87,83197.67,83150.0,0.0
mp_poc_target,SENSEX|weekly|2025-11-20,2025-11-20,PE,2025-11-10 15:05:00+05:30,533.8,83555.81,2025-11-11 09:20:00+05:30,mp_target_hit,15.0,83600.0,83750.0,83500.0,83552.87,83197.67,83150.0,15.0
baseline_both,SENSEX|weekly|2025-11-20,2025-11-20,PE,2025-11-13 09:15:00+05:30,224.55,84375.55,2025-11-14 09:15:00+05:30,target_hit,30.0,84450.0,84850.0,84450.0,84569.12,84253.05,84450.0,0.0
mp_poc_filter,SENSEX|weekly|2025-11-20,2025-11-20,PE,2025-11-13 09:15:00+05:30,224.55,84375.55,2025-11-14 09:15:00+05:30,target_hit,30.0,84450.0,84850.0,84450.0,84569.12,84253.05,84450.0,0.0
mp_ppoc_filter,SENSEX|weekly|2025-11-20,2025-11-20,PE,2025-11-13 09:15:00+05:30,224.55,84375.55,2025-11-14 09:15:00+05:30,target_hit,30.0,84450.0,84850.0,84450.0,84569.12,84253.05,84450.0,0.0
mp_va_outside,SENSEX|weekly|2025-11-20,2025-11-20,PE,2025-11-13 09:15:00+05:30,224.55,84375.55,2025-11-14 09:15:00+05:30,target_hit,30.0,84450.0,84850.0,84450.0,84569.12,84253.05,84450.0,0.0
mp_ppoc_target,SENSEX|weekly|2025-11-20,2025-11-20,PE,2025-11-13 09:15:00+05:30,224.55,84375.55,2025-11-14 09:15:00+05:30,mp_target_hit,15.0,84450.0,84850.0,84450.0,84569.12,84253.05,84450.0,15.0
mp_fa_reversal,SENSEX|weekly|2025-11-20,2025-11-20,PE,2025-11-13 09:15:00+05:30,224.55,84375.55,2025-11-14 09:15:00+05:30,target_hit,30.0,84450.0,84850.0,84450.0,84569.12,84253.05,84450.0,0.0
mp_poc_target,SENSEX|weekly|2025-11-20,2025-11-20,PE,2025-11-13 09:15:00+05:30,224.55,84375.55,2025-11-14 09:15:00+05:30,mp_target_hit,15.0,84450.0,84850.0,84450.0,84569.12,84253.05,84450.0,15.0
baseline_both,SENSEX|weekly|2025-11-20,2025-11-20,PE,2025-11-14 13:45:00+05:30,286.2,84058.33,2025-11-20 15:30:00+05:30,hold_to_end,-99.9825,84150.0,84350.0,84100.0,84464.94,84042.75,84450.0,0.0
mp_poc_filter,SENSEX|weekly|2025-11-20,2025-11-20,PE,2025-11-14 13:45:00+05:30,286.2,84058.33,2025-11-20 15:30:00+05:30,hold_to_end,-99.9825,84150.0,84350.0,84100.0,84464.94,84042.75,84450.0,0.0
mp_ppoc_filter,SENSEX|weekly|2025-11-20,2025-11-20,PE,2025-11-14 13:45:00+05:30,286.2,84058.33,2025-11-20 15:30:00+05:30,hold_to_end,-99.9825,84150.0,84350.0,84100.0,84464.94,84042.75,84450.0,0.0
mp_va_outside,SENSEX|weekly|2025-11-20,2025-11-20,PE,2025-11-14 13:45:00+05:30,286.2,84058.33,2025-11-20 15:30:00+05:30,hold_to_end,-99.9825,84150.0,84350.0,84100.0,84464.94,84042.75,84450.0,0.0
mp_ppoc_target,SENSEX|weekly|2025-11-20,2025-11-20,PE,2025-11-14 13:45:00+05:30,286.2,84058.33,2025-11-20 15:30:00+05:30,hold_to_end,-99.9825,84150.0,84350.0,84100.0,84464.94,84042.75,84450.0,15.0
mp_poc_target,SENSEX|weekly|2025-11-20,2025-11-20,PE,2025-11-14 13:45:00+05:30,286.2,84058.33,2025-11-20 15:30:00+05:30,hold_to_end,-99.9825,84150.0,84350.0,84100.0,84464.94,84042.75,84450.0,15.0
baseline_both,SENSEX|weekly|2025-12-04,2025-12-04,CE,2025-11-21 12:25:00+05:30,983.0,85508.04,2025-12-04 15:30:00+05:30,hold_to_end,-99.9949,85300.0,85550.0,85250.0,85609.4,85289.28,85600.0,0.0
mp_poc_filter,SENSEX|weekly|2025-12-04,2025-12-04,CE,2025-11-21 12:25:00+05:30,983.0,85508.04,2025-12-04 15:30:00+05:30,hold_to_end,-99.9949,85300.0,85550.0,85250.0,85609.4,85289.28,85600.0,0.0
mp_va_inside,SENSEX|weekly|2025-12-04,2025-12-04,CE,2025-11-21 12:25:00+05:30,983.0,85508.04,2025-12-04 15:30:00+05:30,hold_to_end,-99.9949,85300.0,85550.0,85250.0,85609.4,85289.28,85600.0,0.0
mp_ppoc_target,SENSEX|weekly|2025-12-04,2025-12-04,CE,2025-11-21 12:25:00+05:30,983.0,85508.04,2025-12-04 15:30:00+05:30,hold_to_end,-99.9949,85300.0,85550.0,85250.0,85609.4,85289.28,85600.0,15.0
mp_poc_target,SENSEX|weekly|2025-12-04,2025-12-04,CE,2025-11-21 12:25:00+05:30,983.0,85508.04,2025-12-04 15:30:00+05:30,hold_to_end,-99.9949,85300.0,85550.0,85250.0,85609.4,85289.28,85600.0,15.0
baseline_both,SENSEX|weekly|2025-12-04,2025-12-04,PE,2025-11-21 09:20:00+05:30,547.55,85486.42,2025-11-24 15:30:00+05:30,target_hit,30.0,85300.0,85550.0,85250.0,85609.4,85289.28,85600.0,0.0
mp_ppoc_filter,SENSEX|weekly|2025-12-04,2025-12-04,PE,2025-11-21 09:20:00+05:30,547.55,85486.42,2025-11-24 15:30:00+05:30,target_hit,30.0,85300.0,85550.0,85250.0,85609.4,85289.28,85600.0,0.0
mp_va_inside,SENSEX|weekly|2025-12-04,2025-12-04,PE,2025-11-21 09:20:00+05:30,547.55,85486.42,2025-11-24 15:30:00+05:30,target_hit,30.0,85300.0,85550.0,85250.0,85609.4,85289.28,85600.0,0.0
mp_ppoc_target,SENSEX|weekly|2025-12-04,2025-12-04,PE,2025-11-21 09:20:00+05:30,547.55,85486.42,2025-11-21 10:20:00+05:30,mp_target_hit,15.0,85300.0,85550.0,85250.0,85609.4,85289.28,85600.0,15.0
mp_poc_target,SENSEX|weekly|2025-12-04,2025-12-04,PE,2025-11-21 09:20:00+05:30,547.55,85486.42,2025-11-21 10:20:00+05:30,mp_target_hit,15.0,85300.0,85550.0,85250.0,85609.4,85289.28,85600.0,15.0
baseline_both,SENSEX|weekly|2025-12-04,2025-12-04,PE,2025-11-25 10:45:00+05:30,646.05,84969.32,2025-11-25 15:05:00+05:30,target_hit,30.0,84950.0,85050.0,84800.0,85110.24,84775.76,85250.0,0.0
mp_ppoc_filter,SENSEX|weekly|2025-12-04,2025-12-04,PE,2025-11-25 10:45:00+05:30,646.05,84969.32,2025-11-25 15:05:00+05:30,target_hit,30.0,84950.0,85050.0,84800.0,85110.24,84775.76,85250.0,0.0
mp_va_inside,SENSEX|weekly|2025-12-04,2025-12-04,PE,2025-11-25 10:45:00+05:30,646.05,84969.32,2025-11-25 15:05:00+05:30,target_hit,30.0,84950.0,85050.0,84800.0,85110.24,84775.76,85250.0,0.0
mp_ppoc_target,SENSEX|weekly|2025-12-04,2025-12-04,PE,2025-11-25 10:45:00+05:30,646.05,84969.32,2025-11-25 11:00:00+05:30,mp_target_hit,15.0,84950.0,85050.0,84800.0,85110.24,84775.76,85250.0,15.0
mp_poc_target,SENSEX|weekly|2025-12-04,2025-12-04,PE,2025-11-25 10:45:00+05:30,646.05,84969.32,2025-11-25 11:00:00+05:30,mp_target_hit,15.0,84950.0,85050.0,84800.0,85110.24,84775.76,85250.0,15.0
baseline_both,SENSEX|weekly|2025-12-04,2025-12-04,PE,2025-11-27 12:35:00+05:30,260.15,85776.34,2025-11-27 13:25:00+05:30,target_hit,30.0,85700.0,85950.0,85600.0,86026.18,85646.22,85400.0,0.0
mp_va_inside,SENSEX|weekly|2025-12-04,2025-12-04,PE,2025-11-27 12:35:00+05:30,260.15,85776.34,2025-11-27 13:25:00+05:30,target_hit,30.0,85700.0,85950.0,85600.0,86026.18,85646.22,85400.0,0.0
mp_ppoc_target,SENSEX|weekly|2025-12-04,2025-12-04,PE,2025-11-27 12:35:00+05:30,260.15,85776.34,2025-11-27 13:15:00+05:30,mp_target_hit,15.0,85700.0,85950.0,85600.0,86026.18,85646.22,85400.0,15.0
mp_fa_reversal,SENSEX|weekly|2025-12-04,2025-12-04,PE,2025-11-27 12:35:00+05:30,260.15,85776.34,2025-11-27 13:25:00+05:30,target_hit,30.0,85700.0,85950.0,85600.0,86026.18,85646.22,85400.0,0.0
mp_poc_target,SENSEX|weekly|2025-12-04,2025-12-04,PE,2025-11-27 12:35:00+05:30,260.15,85776.34,2025-11-27 13:15:00+05:30,mp_target_hit,15.0,85700.0,85950.0,85600.0,86026.18,85646.22,85400.0,15.0
baseline_both,SENSEX|weekly|2025-12-04,2025-12-04,PE,2025-11-28 12:55:00+05:30,200.4,85770.44,2025-12-02 09:45:00+05:30,target_hit,30.0,85750.0,85900.0,85700.0,85926.67,85577.82,85700.0,0.0
mp_va_inside,SENSEX|weekly|2025-12-04,2025-12-04,PE,2025-11-28 12:55:00+05:30,200.4,85770.44,2025-12-02 09:45:00+05:30,target_hit,30.0,85750.0,85900.0,85700.0,85926.67,85577.82,85700.0,0.0
mp_ppoc_target,SENSEX|weekly|2025-12-04,2025-12-04,PE,2025-11-28 12:55:00+05:30,200.4,85770.44,2025-12-01 12:45:00+05:30,mp_target_hit,15.0,85750.0,85900.0,85700.0,85926.67,85577.82,85700.0,15.0
mp_fa_reversal,SENSEX|weekly|2025-12-04,2025-12-04,PE,2025-11-28 12:55:00+05:30,200.4,85770.44,2025-12-02 09:45:00+05:30,target_hit,30.0,85750.0,85900.0,85700.0,85926.67,85577.82,85700.0,0.0
mp_poc_target,SENSEX|weekly|2025-12-04,2025-12-04,PE,2025-11-28 12:55:00+05:30,200.4,85770.44,2025-12-01 12:45:00+05:30,mp_target_hit,15.0,85750.0,85900.0,85700.0,85926.67,85577.82,85700.0,15.0
baseline_both,SENSEX|weekly|2025-12-04,2025-12-04,PE,2025-12-03 09:30:00+05:30,388.05,84968.84,2025-12-03 10:05:00+05:30,target_hit,30.0,84850.0,85050.0,84800.0,85269.68,84763.64,85250.0,0.0
mp_ppoc_filter,SENSEX|weekly|2025-12-04,2025-12-04,PE,2025-12-03 09:30:00+05:30,388.05,84968.84,2025-12-03 10:05:00+05:30,target_hit,30.0,84850.0,85050.0,84800.0,85269.68,84763.64,85250.0,0.0
mp_va_inside,SENSEX|weekly|2025-12-04,2025-12-04,PE,2025-12-03 09:30:00+05:30,388.05,84968.84,2025-12-03 10:05:00+05:30,target_hit,30.0,84850.0,85050.0,84800.0,85269.68,84763.64,85250.0,0.0
mp_ppoc_target,SENSEX|weekly|2025-12-04,2025-12-04,PE,2025-12-03 09:30:00+05:30,388.05,84968.84,2025-12-03 09:35:00+05:30,mp_target_hit,15.0,84850.0,85050.0,84800.0,85269.68,84763.64,85250.0,15.0
mp_poc_target,SENSEX|weekly|2025-12-04,2025-12-04,PE,2025-12-03 09:30:00+05:30,388.05,84968.84,2025-12-03 09:35:00+05:30,mp_target_hit,15.0,84850.0,85050.0,84800.0,85269.68,84763.64,85250.0,15.0
baseline_both,SENSEX|weekly|2025-12-04,2025-12-04,PE,2025-12-03 12:55:00+05:30,450.7,84872.52,2025-12-04 15:30:00+05:30,hold_to_end,-92.4229,84850.0,85050.0,84800.0,85269.68,84763.64,85250.0,0.0
mp_ppoc_filter,SENSEX|weekly|2025-12-04,2025-12-04,PE,2025-12-03 12:55:00+05:30,450.7,84872.52,2025-12-04 15:30:00+05:30,hold_to_end,-92.4229,84850.0,85050.0,84800.0,85269.68,84763.64,85250.0,0.0
mp_va_inside,SENSEX|weekly|2025-12-04,2025-12-04,PE,2025-12-03 12:55:00+05:30,450.7,84872.52,2025-12-04 15:30:00+05:30,hold_to_end,-92.4229,84850.0,85050.0,84800.0,85269.68,84763.64,85250.0,0.0
mp_ppoc_target,SENSEX|weekly|2025-12-04,2025-12-04,PE,2025-12-03 12:55:00+05:30,450.7,84872.52,2025-12-04 15:30:00+05:30,hold_to_end,-92.4229,84850.0,85050.0,84800.0,85269.68,84763.64,85250.0,15.0
mp_poc_target,SENSEX|weekly|2025-12-04,2025-12-04,PE,2025-12-03 12:55:00+05:30,450.7,84872.52,2025-12-04 15:30:00+05:30,hold_to_end,-92.4229,84850.0,85050.0,84800.0,85269.68,84763.64,85250.0,15.0
baseline_both,SENSEX|weekly|2025-12-11,2025-12-11,CE,2025-11-28 09:30:00+05:30,927.3,85784.38,2025-12-11 15:30:00+05:30,hold_to_end,-99.9946,85750.0,85900.0,85700.0,85926.67,85577.82,85700.0,0.0
mp_poc_filter,SENSEX|weekly|2025-12-11,2025-12-11,CE,2025-11-28 09:30:00+05:30,927.3,85784.38,2025-12-11 15:30:00+05:30,hold_to_end,-99.9946,85750.0,85900.0,85700.0,85926.67,85577.82,85700.0,0.0
mp_ppoc_filter,SENSEX|weekly|2025-12-11,2025-12-11,CE,2025-11-28 09:30:00+05:30,927.3,85784.38,2025-12-11 15:30:00+05:30,hold_to_end,-99.9946,85750.0,85900.0,85700.0,85926.67,85577.82,85700.0,0.0
mp_va_inside,SENSEX|weekly|2025-12-11,2025-12-11,CE,2025-11-28 09:30:00+05:30,927.3,85784.38,2025-12-11 15:30:00+05:30,hold_to_end,-99.9946,85750.0,85900.0,85700.0,85926.67,85577.82,85700.0,0.0
mp_ppoc_target,SENSEX|weekly|2025-12-11,2025-12-11,CE,2025-11-28 09:30:00+05:30,927.3,85784.38,2025-12-11 15:30:00+05:30,hold_to_end,-99.9946,85750.0,85900.0,85700.0,85926.67,85577.82,85700.0,15.0
mp_poc_target,SENSEX|weekly|2025-12-11,2025-12-11,CE,2025-11-28 09:30:00+05:30,927.3,85784.38,2025-12-11 15:30:00+05:30,hold_to_end,-99.9946,85750.0,85900.0,85700.0,85926.67,85577.82,85700.0,15.0
baseline_both,SENSEX|weekly|2025-12-11,2025-12-11,PE,2025-11-27 11:55:00+05:30,503.65,85832.4,2025-12-02 14:40:00+05:30,target_hit,30.0,85700.0,85950.0,85600.0,86026.18,85646.22,,0.0
mp_ppoc_filter,SENSEX|weekly|2025-12-11,2025-12-11,PE,2025-11-27 11:55:00+05:30,503.65,85832.4,2025-12-02 14:40:00+05:30,target_hit,30.0,85700.0,85950.0,85600.0,86026.18,85646.22,,0.0
mp_va_inside,SENSEX|weekly|2025-12-11,2025-12-11,PE,2025-11-27 11:55:00+05:30,503.65,85832.4,2025-12-02 14:40:00+05:30,target_hit,30.0,85700.0,85950.0,85600.0,86026.18,85646.22,,0.0
mp_ppoc_target,SENSEX|weekly|2025-12-11,2025-12-11,PE,2025-11-27 11:55:00+05:30,503.65,85832.4,2025-12-02 14:40:00+05:30,target_hit,30.0,85700.0,85950.0,85600.0,86026.18,85646.22,,0.0
mp_fa_reversal,SENSEX|weekly|2025-12-11,2025-12-11,PE,2025-11-27 11:55:00+05:30,503.65,85832.4,2025-12-02 14:40:00+05:30,target_hit,30.0,85700.0,85950.0,85600.0,86026.18,85646.22,,0.0
mp_poc_target,SENSEX|weekly|2025-12-11,2025-12-11,PE,2025-11-27 11:55:00+05:30,503.65,85832.4,2025-11-27 13:15:00+05:30,mp_target_hit,15.0,85700.0,85950.0,85600.0,86026.18,85646.22,,15.0
baseline_both,SENSEX|weekly|2025-12-11,2025-12-11,PE,2025-12-03 09:20:00+05:30,646.2,85144.54,2025-12-03 10:05:00+05:30,target_hit,30.0,84850.0,85050.0,84800.0,85269.68,84763.64,85250.0,0.0
mp_ppoc_filter,SENSEX|weekly|2025-12-11,2025-12-11,PE,2025-12-03 09:20:00+05:30,646.2,85144.54,2025-12-03 10:05:00+05:30,target_hit,30.0,84850.0,85050.0,84800.0,85269.68,84763.64,85250.0,0.0
mp_va_outside,SENSEX|weekly|2025-12-11,2025-12-11,PE,2025-12-03 09:20:00+05:30,646.2,85144.54,2025-12-03 10:05:00+05:30,target_hit,30.0,84850.0,85050.0,84800.0,85269.68,84763.64,85250.0,0.0
mp_ppoc_target,SENSEX|weekly|2025-12-11,2025-12-11,PE,2025-12-03 09:20:00+05:30,646.2,85144.54,2025-12-03 09:30:00+05:30,mp_target_hit,15.0,84850.0,85050.0,84800.0,85269.68,84763.64,85250.0,15.0
mp_poc_target,SENSEX|weekly|2025-12-11,2025-12-11,PE,2025-12-03 09:20:00+05:30,646.2,85144.54,2025-12-03 09:30:00+05:30,mp_target_hit,15.0,84850.0,85050.0,84800.0,85269.68,84763.64,85250.0,15.0
baseline_both,SENSEX|weekly|2025-12-11,2025-12-11,PE,2025-12-03 13:00:00+05:30,815.0,84892.95,2025-12-09 09:40:00+05:30,target_hit,30.0,84850.0,85050.0,84800.0,85269.68,84763.64,85250.0,0.0
mp_ppoc_filter,SENSEX|weekly|2025-12-11,2025-12-11,PE,2025-12-03 13:00:00+05:30,815.0,84892.95,2025-12-09 09:40:00+05:30,target_hit,30.0,84850.0,85050.0,84800.0,85269.68,84763.64,85250.0,0.0
mp_va_inside,SENSEX|weekly|2025-12-11,2025-12-11,PE,2025-12-03 13:00:00+05:30,815.0,84892.95,2025-12-09 09:40:00+05:30,target_hit,30.0,84850.0,85050.0,84800.0,85269.68,84763.64,85250.0,0.0
mp_ppoc_target,SENSEX|weekly|2025-12-11,2025-12-11,PE,2025-12-03 13:00:00+05:30,815.0,84892.95,2025-12-09 09:20:00+05:30,mp_target_hit,15.0,84850.0,85050.0,84800.0,85269.68,84763.64,85250.0,15.0
mp_poc_target,SENSEX|weekly|2025-12-11,2025-12-11,PE,2025-12-03 13:00:00+05:30,815.0,84892.95,2025-12-09 09:20:00+05:30,mp_target_hit,15.0,84850.0,85050.0,84800.0,85269.68,84763.64,85250.0,15.0
baseline_both,SENSEX|weekly|2025-12-11,2025-12-11,PE,2025-12-09 14:25:00+05:30,915.0,84645.79,2025-12-10 14:10:00+05:30,target_hit,30.0,84600.0,84900.0,84600.0,84889.67,84382.96,85350.0,0.0
mp_ppoc_filter,SENSEX|weekly|2025-12-11,2025-12-11,PE,2025-12-09 14:25:00+05:30,915.0,84645.79,2025-12-10 14:10:00+05:30,target_hit,30.0,84600.0,84900.0,84600.0,84889.67,84382.96,85350.0,0.0
mp_va_inside,SENSEX|weekly|2025-12-11,2025-12-11,PE,2025-12-09 14:25:00+05:30,915.0,84645.79,2025-12-10 14:10:00+05:30,target_hit,30.0,84600.0,84900.0,84600.0,84889.67,84382.96,85350.0,0.0
mp_ppoc_target,SENSEX|weekly|2025-12-11,2025-12-11,PE,2025-12-09 14:25:00+05:30,915.0,84645.79,2025-12-10 12:30:00+05:30,mp_target_hit,15.0,84600.0,84900.0,84600.0,84889.67,84382.96,85350.0,15.0
mp_fa_reversal,SENSEX|weekly|2025-12-11,2025-12-11,PE,2025-12-09 14:25:00+05:30,915.0,84645.79,2025-12-10 14:10:00+05:30,target_hit,30.0,84600.0,84900.0,84600.0,84889.67,84382.96,85350.0,0.0
mp_poc_target,SENSEX|weekly|2025-12-11,2025-12-11,PE,2025-12-09 14:25:00+05:30,915.0,84645.79,2025-12-10 12:30:00+05:30,mp_target_hit,15.0,84600.0,84900.0,84600.0,84889.67,84382.96,85350.0,15.0
baseline_both,SENSEX|weekly|2025-12-18,2025-12-18,CE,2025-12-04 15:00:00+05:30,973.7,85304.56,2025-12-05 12:35:00+05:30,target_hit,30.0,85200.0,85350.0,85050.0,85325.3,84949.98,,0.0
mp_poc_filter,SENSEX|weekly|2025-12-18,2025-12-18,CE,2025-12-04 15:00:00+05:30,973.7,85304.56,2025-12-05 12:35:00+05:30,target_hit,30.0,85200.0,85350.0,85050.0,85325.3,84949.98,,0.0
mp_ppoc_filter,SENSEX|weekly|2025-12-18,2025-12-18,CE,2025-12-04 15:00:00+05:30,973.7,85304.56,2025-12-05 12:35:00+05:30,target_hit,30.0,85200.0,85350.0,85050.0,85325.3,84949.98,,0.0
mp_va_inside,SENSEX|weekly|2025-12-18,2025-12-18,CE,2025-12-04 15:00:00+05:30,973.7,85304.56,2025-12-05 12:35:00+05:30,target_hit,30.0,85200.0,85350.0,85050.0,85325.3,84949.98,,0.0
mp_ppoc_target,SENSEX|weekly|2025-12-18,2025-12-18,CE,2025-12-04 15:00:00+05:30,973.7,85304.56,2025-12-05 12:35:00+05:30,target_hit,30.0,85200.0,85350.0,85050.0,85325.3,84949.98,,0.0
mp_poc_target,SENSEX|weekly|2025-12-18,2025-12-18,CE,2025-12-04 15:00:00+05:30,973.7,85304.56,2025-12-05 10:20:00+05:30,mp_target_hit,15.0,85200.0,85350.0,85050.0,85325.3,84949.98,,15.0
baseline_both,SENSEX|weekly|2025-12-18,2025-12-18,CE,2025-12-05 15:20:00+05:30,1213.4,85728.49,2025-12-18 15:30:00+05:30,hold_to_end,-99.9918,85600.0,85800.0,85350.0,85496.19,85078.12,85200.0,0.0
mp_poc_filter,SENSEX|weekly|2025-12-18,2025-12-18,CE,2025-12-05 15:20:00+05:30,1213.4,85728.49,2025-12-18 15:30:00+05:30,hold_to_end,-99.9918,85600.0,85800.0,85350.0,85496.19,85078.12,85200.0,0.0
mp_ppoc_filter,SENSEX|weekly|2025-12-18,2025-12-18,CE,2025-12-05 15:20:00+05:30,1213.4,85728.49,2025-12-18 15:30:00+05:30,hold_to_end,-99.9918,85600.0,85800.0,85350.0,85496.19,85078.12,85200.0,0.0
mp_ib_breakout,SENSEX|weekly|2025-12-18,2025-12-18,CE,2025-12-05 15:20:00+05:30,1213.4,85728.49,2025-12-18 15:30:00+05:30,hold_to_end,-99.9918,85600.0,85800.0,85350.0,85496.19,85078.12,85200.0,0.0
mp_va_inside,SENSEX|weekly|2025-12-18,2025-12-18,CE,2025-12-05 15:20:00+05:30,1213.4,85728.49,2025-12-18 15:30:00+05:30,hold_to_end,-99.9918,85600.0,85800.0,85350.0,85496.19,85078.12,85200.0,0.0
mp_ppoc_target,SENSEX|weekly|2025-12-18,2025-12-18,CE,2025-12-05 15:20:00+05:30,1213.4,85728.49,2025-12-18 15:30:00+05:30,hold_to_end,-99.9918,85600.0,85800.0,85350.0,85496.19,85078.12,85200.0,15.0
mp_poc_target,SENSEX|weekly|2025-12-18,2025-12-18,CE,2025-12-05 15:20:00+05:30,1213.4,85728.49,2025-12-18 15:30:00+05:30,hold_to_end,-99.9918,85600.0,85800.0,85350.0,85496.19,85078.12,85200.0,15.0
baseline_both,SENSEX|weekly|2025-12-18,2025-12-18,PE,2025-12-04 12:25:00+05:30,447.05,85243.46,2025-12-09 09:15:00+05:30,target_hit,30.0,85200.0,85350.0,85050.0,85325.3,84949.98,,0.0
mp_ppoc_filter,SENSEX|weekly|2025-12-18,2025-12-18,PE,2025-12-04 12:25:00+05:30,447.05,85243.46,2025-12-09 09:15:00+05:30,target_hit,30.0,85200.0,85350.0,85050.0,85325.3,84949.98,,0.0
mp_va_inside,SENSEX|weekly|2025-12-18,2025-12-18,PE,2025-12-04 12:25:00+05:30,447.05,85243.46,2025-12-09 09:15:00+05:30,target_hit,30.0,85200.0,85350.0,85050.0,85325.3,84949.98,,0.0
mp_ppoc_target,SENSEX|weekly|2025-12-18,2025-12-18,PE,2025-12-04 12:25:00+05:30,447.05,85243.46,2025-12-09 09:15:00+05:30,target_hit,30.0,85200.0,85350.0,85050.0,85325.3,84949.98,,0.0
mp_fa_reversal,SENSEX|weekly|2025-12-18,2025-12-18,PE,2025-12-04 12:25:00+05:30,447.05,85243.46,2025-12-09 09:15:00+05:30,target_hit,30.0,85200.0,85350.0,85050.0,85325.3,84949.98,,0.0
mp_poc_target,SENSEX|weekly|2025-12-18,2025-12-18,PE,2025-12-04 12:25:00+05:30,447.05,85243.46,2025-12-08 13:35:00+05:30,mp_target_hit,15.0,85200.0,85350.0,85050.0,85325.3,84949.98,,15.0
baseline_both,SENSEX|weekly|2025-12-18,2025-12-18,PE,2025-12-09 14:25:00+05:30,588.6,84645.79,2025-12-10 14:10:00+05:30,target_hit,30.0,84600.0,84900.0,84600.0,84889.67,84382.96,85350.0,0.0
mp_ppoc_filter,SENSEX|weekly|2025-12-18,2025-12-18,PE,2025-12-09 14:25:00+05:30,588.6,84645.79,2025-12-10 14:10:00+05:30,target_hit,30.0,84600.0,84900.0,84600.0,84889.67,84382.96,85350.0,0.0
mp_va_inside,SENSEX|weekly|2025-12-18,2025-12-18,PE,2025-12-09 14:25:00+05:30,588.6,84645.79,2025-12-10 14:10:00+05:30,target_hit,30.0,84600.0,84900.0,84600.0,84889.67,84382.96,85350.0,0.0
mp_ppoc_target,SENSEX|weekly|2025-12-18,2025-12-18,PE,2025-12-09 14:25:00+05:30,588.6,84645.79,2025-12-10 12:35:00+05:30,mp_target_hit,15.0,84600.0,84900.0,84600.0,84889.67,84382.96,85350.0,15.0
mp_fa_reversal,SENSEX|weekly|2025-12-18,2025-12-18,PE,2025-12-09 14:25:00+05:30,588.6,84645.79,2025-12-10 14:10:00+05:30,target_hit,30.0,84600.0,84900.0,84600.0,84889.67,84382.96,85350.0,0.0
mp_poc_target,SENSEX|weekly|2025-12-18,2025-12-18,PE,2025-12-09 14:25:00+05:30,588.6,84645.79,2025-12-10 12:35:00+05:30,mp_target_hit,15.0,84600.0,84900.0,84600.0,84889.67,84382.96,85350.0,15.0
baseline_both,SENSEX|weekly|2025-12-18,2025-12-18,PE,2025-12-15 09:15:00+05:30,318.0,85013.67,2025-12-15 09:45:00+05:30,target_hit,30.0,85150.0,85250.0,85000.0,85156.83,84840.32,85200.0,0.0
mp_poc_filter,SENSEX|weekly|2025-12-18,2025-12-18,PE,2025-12-15 09:15:00+05:30,318.0,85013.67,2025-12-15 09:45:00+05:30,target_hit,30.0,85150.0,85250.0,85000.0,85156.83,84840.32,85200.0,0.0
mp_ppoc_filter,SENSEX|weekly|2025-12-18,2025-12-18,PE,2025-12-15 09:15:00+05:30,318.0,85013.67,2025-12-15 09:45:00+05:30,target_hit,30.0,85150.0,85250.0,85000.0,85156.83,84840.32,85200.0,0.0
mp_va_inside,SENSEX|weekly|2025-12-18,2025-12-18,PE,2025-12-15 09:15:00+05:30,318.0,85013.67,2025-12-15 09:45:00+05:30,target_hit,30.0,85150.0,85250.0,85000.0,85156.83,84840.32,85200.0,0.0
mp_ppoc_target,SENSEX|weekly|2025-12-18,2025-12-18,PE,2025-12-15 09:15:00+05:30,318.0,85013.67,2025-12-15 09:25:00+05:30,mp_target_hit,15.0,85150.0,85250.0,85000.0,85156.83,84840.32,85200.0,15.0
mp_poc_target,SENSEX|weekly|2025-12-18,2025-12-18,PE,2025-12-15 09:15:00+05:30,318.0,85013.67,2025-12-15 09:25:00+05:30,mp_target_hit,15.0,85150.0,85250.0,85000.0,85156.83,84840.32,85200.0,15.0
baseline_both,SENSEX|weekly|2025-12-18,2025-12-18,PE,2025-12-16 09:15:00+05:30,324.4,84915.92,2025-12-16 10:05:00+05:30,target_hit,30.0,84800.0,84850.0,84700.0,85059.96,84716.7,85150.0,0.0
mp_ppoc_filter,SENSEX|weekly|2025-12-18,2025-12-18,PE,2025-12-16 09:15:00+05:30,324.4,84915.92,2025-12-16 10:05:00+05:30,target_hit,30.0,84800.0,84850.0,84700.0,85059.96,84716.7,85150.0,0.0
mp_va_outside,SENSEX|weekly|2025-12-18,2025-12-18,PE,2025-12-16 09:15:00+05:30,324.4,84915.92,2025-12-16 10:05:00+05:30,target_hit,30.0,84800.0,84850.0,84700.0,85059.96,84716.7,85150.0,0.0
mp_ppoc_target,SENSEX|weekly|2025-12-18,2025-12-18,PE,2025-12-16 09:15:00+05:30,324.4,84915.92,2025-12-16 09:30:00+05:30,mp_target_hit,15.0,84800.0,84850.0,84700.0,85059.96,84716.7,85150.0,15.0
mp_poc_target,SENSEX|weekly|2025-12-18,2025-12-18,PE,2025-12-16 09:15:00+05:30,324.4,84915.92,2025-12-16 09:30:00+05:30,mp_target_hit,15.0,84800.0,84850.0,84700.0,85059.96,84716.7,85150.0,15.0
baseline_both,SENSEX|weekly|2025-12-18,2025-12-18,PE,2025-12-16 14:30:00+05:30,393.3,84711.13,2025-12-17 12:05:00+05:30,target_hit,30.0,84800.0,84850.0,84700.0,85059.96,84716.7,85150.0,0.0
mp_poc_filter,SENSEX|weekly|2025-12-18,2025-12-18,PE,2025-12-16 14:30:00+05:30,393.3,84711.13,2025-12-17 12:05:00+05:30,target_hit,30.0,84800.0,84850.0,84700.0,85059.96,84716.7,85150.0,0.0
mp_ppoc_filter,SENSEX|weekly|2025-12-18,2025-12-18,PE,2025-12-16 14:30:00+05:30,393.3,84711.13,2025-12-17 12:05:00+05:30,target_hit,30.0,84800.0,84850.0,84700.0,85059.96,84716.7,85150.0,0.0
mp_ib_breakout,SENSEX|weekly|2025-12-18,2025-12-18,PE,2025-12-16 14:30:00+05:30,393.3,84711.13,2025-12-17 12:05:00+05:30,target_hit,30.0,84800.0,84850.0,84700.0,85059.96,84716.7,85150.0,0.0
mp_va_inside,SENSEX|weekly|2025-12-18,2025-12-18,PE,2025-12-16 14:30:00+05:30,393.3,84711.13,2025-12-17 12:05:00+05:30,target_hit,30.0,84800.0,84850.0,84700.0,85059.96,84716.7,85150.0,0.0
mp_ppoc_target,SENSEX|weekly|2025-12-18,2025-12-18,PE,2025-12-16 14:30:00+05:30,393.3,84711.13,2025-12-17 10:10:00+05:30,mp_target_hit,15.0,84800.0,84850.0,84700.0,85059.96,84716.7,85150.0,15.0
mp_poc_target,SENSEX|weekly|2025-12-18,2025-12-18,PE,2025-12-16 14:30:00+05:30,393.3,84711.13,2025-12-17 10:10:00+05:30,mp_target_hit,15.0,84800.0,84850.0,84700.0,85059.96,84716.7,85150.0,15.0
baseline_both,SENSEX|weekly|2025-12-18,2025-12-18,PE,2025-12-18 09:20:00+05:30,589.85,84403.32,2025-12-18 15:30:00+05:30,hold_to_end,-12.1811,84550.0,84700.0,84400.0,84570.6,84238.43,84500.0,0.0
mp_poc_filter,SENSEX|weekly|2025-12-18,2025-12-18,PE,2025-12-18 09:20:00+05:30,589.85,84403.32,2025-12-18 15:30:00+05:30,hold_to_end,-12.1811,84550.0,84700.0,84400.0,84570.6,84238.43,84500.0,0.0
mp_ppoc_filter,SENSEX|weekly|2025-12-18,2025-12-18,PE,2025-12-18 09:20:00+05:30,589.85,84403.32,2025-12-18 15:30:00+05:30,hold_to_end,-12.1811,84550.0,84700.0,84400.0,84570.6,84238.43,84500.0,0.0
mp_va_inside,SENSEX|weekly|2025-12-18,2025-12-18,PE,2025-12-18 09:20:00+05:30,589.85,84403.32,2025-12-18 15:30:00+05:30,hold_to_end,-12.1811,84550.0,84700.0,84400.0,84570.6,84238.43,84500.0,0.0
mp_ppoc_target,SENSEX|weekly|2025-12-18,2025-12-18,PE,2025-12-18 09:20:00+05:30,589.85,84403.32,2025-12-18 09:45:00+05:30,mp_target_hit,15.0,84550.0,84700.0,84400.0,84570.6,84238.43,84500.0,15.0
mp_fa_reversal,SENSEX|weekly|2025-12-18,2025-12-18,PE,2025-12-18 09:20:00+05:30,589.85,84403.32,2025-12-18 15:30:00+05:30,hold_to_end,-12.1811,84550.0,84700.0,84400.0,84570.6,84238.43,84500.0,0.0
mp_poc_target,SENSEX|weekly|2025-12-18,2025-12-18,PE,2025-12-18 09:20:00+05:30,589.85,84403.32,2025-12-18 09:45:00+05:30,mp_target_hit,15.0,84550.0,84700.0,84400.0,84570.6,84238.43,84500.0,15.0
baseline_both,SENSEX|weekly|2026-01-01,2026-01-01,CE,2025-12-19 09:25:00+05:30,1348.6,84906.53,2025-12-22 14:45:00+05:30,target_hit,30.0,84900.0,85050.0,84850.0,85014.83,84734.96,84550.0,0.0
mp_poc_filter,SENSEX|weekly|2026-01-01,2026-01-01,CE,2025-12-19 09:25:00+05:30,1348.6,84906.53,2025-12-22 14:45:00+05:30,target_hit,30.0,84900.0,85050.0,84850.0,85014.83,84734.96,84550.0,0.0
mp_ppoc_filter,SENSEX|weekly|2026-01-01,2026-01-01,CE,2025-12-19 09:25:00+05:30,1348.6,84906.53,2025-12-22 14:45:00+05:30,target_hit,30.0,84900.0,85050.0,84850.0,85014.83,84734.96,84550.0,0.0
mp_va_inside,SENSEX|weekly|2026-01-01,2026-01-01,CE,2025-12-19 09:25:00+05:30,1348.6,84906.53,2025-12-22 14:45:00+05:30,target_hit,30.0,84900.0,85050.0,84850.0,85014.83,84734.96,84550.0,0.0
mp_ppoc_target,SENSEX|weekly|2026-01-01,2026-01-01,CE,2025-12-19 09:25:00+05:30,1348.6,84906.53,2025-12-22 09:20:00+05:30,mp_target_hit,15.0,84900.0,85050.0,84850.0,85014.83,84734.96,84550.0,15.0
mp_poc_target,SENSEX|weekly|2026-01-01,2026-01-01,CE,2025-12-19 09:25:00+05:30,1348.6,84906.53,2025-12-22 09:20:00+05:30,mp_target_hit,15.0,84900.0,85050.0,84850.0,85014.83,84734.96,84550.0,15.0
baseline_both,SENSEX|weekly|2026-01-01,2026-01-01,CE,2025-12-23 10:10:00+05:30,1742.65,85579.83,2026-01-01 15:30:00+05:30,hold_to_end,-31.828,85500.0,85650.0,85450.0,85704.93,85342.99,85400.0,0.0
mp_poc_filter,SENSEX|weekly|2026-01-01,2026-01-01,CE,2025-12-23 10:10:00+05:30,1742.65,85579.83,2026-01-01 15:30:00+05:30,hold_to_end,-31.828,85500.0,85650.0,85450.0,85704.93,85342.99,85400.0,0.0
mp_ppoc_filter,SENSEX|weekly|2026-01-01,2026-01-01,CE,2025-12-23 10:10:00+05:30,1742.65,85579.83,2026-01-01 15:30:00+05:30,hold_to_end,-31.828,85500.0,85650.0,85450.0,85704.93,85342.99,85400.0,0.0
mp_va_inside,SENSEX|weekly|2026-01-01,2026-01-01,CE,2025-12-23 10:10:00+05:30,1742.65,85579.83,2026-01-01 15:30:00+05:30,hold_to_end,-31.828,85500.0,85650.0,85450.0,85704.93,85342.99,85400.0,0.0
mp_ppoc_target,SENSEX|weekly|2026-01-01,2026-01-01,CE,2025-12-23 10:10:00+05:30,1742.65,85579.83,2026-01-01 15:30:00+05:30,hold_to_end,-31.828,85500.0,85650.0,85450.0,85704.93,85342.99,85400.0,15.0
mp_poc_target,SENSEX|weekly|2026-01-01,2026-01-01,CE,2025-12-23 10:10:00+05:30,1742.65,85579.83,2026-01-01 15:30:00+05:30,hold_to_end,-31.828,85500.0,85650.0,85450.0,85704.93,85342.99,85400.0,15.0
baseline_both,SENSEX|weekly|2026-01-01,2026-01-01,PE,2025-12-18 14:15:00+05:30,297.25,84461.37,2026-01-01 15:30:00+05:30,hold_to_end,-99.9832,84550.0,84700.0,84400.0,84570.6,84238.43,,0.0
mp_poc_filter,SENSEX|weekly|2026-01-01,2026-01-01,PE,2025-12-18 14:15:00+05:30,297.25,84461.37,2026-01-01 15:30:00+05:30,hold_to_end,-99.9832,84550.0,84700.0,84400.0,84570.6,84238.43,,0.0
mp_ppoc_filter,SENSEX|weekly|2026-01-01,2026-01-01,PE,2025-12-18 14:15:00+05:30,297.25,84461.37,2026-01-01 15:30:00+05:30,hold_to_end,-99.9832,84550.0,84700.0,84400.0,84570.6,84238.43,,0.0
mp_va_inside,SENSEX|weekly|2026-01-01,2026-01-01,PE,2025-12-18 14:15:00+05:30,297.25,84461.37,2026-01-01 15:30:00+05:30,hold_to_end,-99.9832,84550.0,84700.0,84400.0,84570.6,84238.43,,0.0
mp_ppoc_target,SENSEX|weekly|2026-01-01,2026-01-01,PE,2025-12-18 14:15:00+05:30,297.25,84461.37,2026-01-01 15:30:00+05:30,hold_to_end,-99.9832,84550.0,84700.0,84400.0,84570.6,84238.43,,0.0
mp_fa_reversal,SENSEX|weekly|2026-01-01,2026-01-01,PE,2025-12-18 14:15:00+05:30,297.25,84461.37,2026-01-01 15:30:00+05:30,hold_to_end,-99.9832,84550.0,84700.0,84400.0,84570.6,84238.43,,0.0
mp_poc_target,SENSEX|weekly|2026-01-01,2026-01-01,PE,2025-12-18 14:15:00+05:30,297.25,84461.37,2026-01-01 15:30:00+05:30,hold_to_end,-99.9832,84550.0,84700.0,84400.0,84570.6,84238.43,,15.0
baseline_both,SENSEX|weekly|2026-01-08,2026-01-08,CE,2025-12-29 09:15:00+05:30,516.9,85123.81,2026-01-02 15:30:00+05:30,target_hit,30.0,84750.0,85000.0,84650.0,85250.0,84975.04,85050.0,0.0
mp_poc_filter,SENSEX|weekly|2026-01-08,2026-01-08,CE,2025-12-29 09:15:00+05:30,516.9,85123.81,2026-01-02 15:30:00+05:30,target_hit,30.0,84750.0,85000.0,84650.0,85250.0,84975.04,85050.0,0.0
mp_ppoc_filter,SENSEX|weekly|2026-01-08,2026-01-08,CE,2025-12-29 09:15:00+05:30,516.9,85123.81,2026-01-02 15:30:00+05:30,target_hit,30.0,84750.0,85000.0,84650.0,85250.0,84975.04,85050.0,0.0
mp_va_outside,SENSEX|weekly|2026-01-08,2026-01-08,CE,2025-12-29 09:15:00+05:30,516.9,85123.81,2026-01-02 15:30:00+05:30,target_hit,30.0,84750.0,85000.0,84650.0,85250.0,84975.04,85050.0,0.0
mp_ppoc_target,SENSEX|weekly|2026-01-08,2026-01-08,CE,2025-12-29 09:15:00+05:30,516.9,85123.81,2026-01-02 11:35:00+05:30,mp_target_hit,15.0,84750.0,85000.0,84650.0,85250.0,84975.04,85050.0,15.0
mp_poc_target,SENSEX|weekly|2026-01-08,2026-01-08,CE,2025-12-29 09:15:00+05:30,516.9,85123.81,2026-01-02 11:35:00+05:30,mp_target_hit,15.0,84750.0,85000.0,84650.0,85250.0,84975.04,85050.0,15.0
baseline_both,SENSEX|weekly|2026-01-08,2026-01-08,CE,2026-01-05 10:20:00+05:30,685.5,85810.43,2026-01-08 15:30:00+05:30,hold_to_end,-99.9708,85700.0,85850.0,85500.0,85800.87,85516.75,85600.0,0.0
mp_poc_filter,SENSEX|weekly|2026-01-08,2026-01-08,CE,2026-01-05 10:20:00+05:30,685.5,85810.43,2026-01-08 15:30:00+05:30,hold_to_end,-99.9708,85700.0,85850.0,85500.0,85800.87,85516.75,85600.0,0.0
mp_ppoc_filter,SENSEX|weekly|2026-01-08,2026-01-08,CE,2026-01-05 10:20:00+05:30,685.5,85810.43,2026-01-08 15:30:00+05:30,hold_to_end,-99.9708,85700.0,85850.0,85500.0,85800.87,85516.75,85600.0,0.0
mp_ib_breakout,SENSEX|weekly|2026-01-08,2026-01-08,CE,2026-01-05 10:20:00+05:30,685.5,85810.43,2026-01-08 15:30:00+05:30,hold_to_end,-99.9708,85700.0,85850.0,85500.0,85800.87,85516.75,85600.0,0.0
mp_va_inside,SENSEX|weekly|2026-01-08,2026-01-08,CE,2026-01-05 10:20:00+05:30,685.5,85810.43,2026-01-08 15:30:00+05:30,hold_to_end,-99.9708,85700.0,85850.0,85500.0,85800.87,85516.75,85600.0,0.0
mp_ppoc_target,SENSEX|weekly|2026-01-08,2026-01-08,CE,2026-01-05 10:20:00+05:30,685.5,85810.43,2026-01-08 15:30:00+05:30,hold_to_end,-99.9708,85700.0,85850.0,85500.0,85800.87,85516.75,85600.0,15.0
mp_poc_target,SENSEX|weekly|2026-01-08,2026-01-08,CE,2026-01-05 10:20:00+05:30,685.5,85810.43,2026-01-08 15:30:00+05:30,hold_to_end,-99.9708,85700.0,85850.0,85500.0,85800.87,85516.75,85600.0,15.0
baseline_both,SENSEX|weekly|2026-01-08,2026-01-08,PE,2025-12-29 10:20:00+05:30,511.55,84951.05,2025-12-29 13:40:00+05:30,target_hit,30.0,84750.0,85000.0,84650.0,85250.0,84975.04,85050.0,0.0
mp_ppoc_filter,SENSEX|weekly|2026-01-08,2026-01-08,PE,2025-12-29 10:20:00+05:30,511.55,84951.05,2025-12-29 13:40:00+05:30,target_hit,30.0,84750.0,85000.0,84650.0,85250.0,84975.04,85050.0,0.0
mp_ib_breakout,SENSEX|weekly|2026-01-08,2026-01-08,PE,2025-12-29 10:20:00+05:30,511.55,84951.05,2025-12-29 13:40:00+05:30,target_hit,30.0,84750.0,85000.0,84650.0,85250.0,84975.04,85050.0,0.0
mp_va_inside,SENSEX|weekly|2026-01-08,2026-01-08,PE,2025-12-29 10:20:00+05:30,511.55,84951.05,2025-12-29 13:40:00+05:30,target_hit,30.0,84750.0,85000.0,84650.0,85250.0,84975.04,85050.0,0.0
mp_ppoc_target,SENSEX|weekly|2026-01-08,2026-01-08,PE,2025-12-29 10:20:00+05:30,511.55,84951.05,2025-12-29 11:10:00+05:30,mp_target_hit,15.0,84750.0,85000.0,84650.0,85250.0,84975.04,85050.0,15.0
mp_poc_target,SENSEX|weekly|2026-01-08,2026-01-08,PE,2025-12-29 10:20:00+05:30,511.55,84951.05,2025-12-29 11:10:00+05:30,mp_target_hit,15.0,84750.0,85000.0,84650.0,85250.0,84975.04,85050.0,15.0
baseline_both,SENSEX|weekly|2026-01-08,2026-01-08,PE,2025-12-30 09:20:00+05:30,745.05,84529.63,2026-01-08 12:05:00+05:30,target_hit,30.0,84550.0,84750.0,84550.0,84709.35,84470.94,84750.0,0.0
mp_poc_filter,SENSEX|weekly|2026-01-08,2026-01-08,PE,2025-12-30 09:20:00+05:30,745.05,84529.63,2026-01-08 12:05:00+05:30,target_hit,30.0,84550.0,84750.0,84550.0,84709.35,84470.94,84750.0,0.0
mp_ppoc_filter,SENSEX|weekly|2026-01-08,2026-01-08,PE,2025-12-30 09:20:00+05:30,745.05,84529.63,2026-01-08 12:05:00+05:30,target_hit,30.0,84550.0,84750.0,84550.0,84709.35,84470.94,84750.0,0.0
mp_va_outside,SENSEX|weekly|2026-01-08,2026-01-08,PE,2025-12-30 09:20:00+05:30,745.05,84529.63,2026-01-08 12:05:00+05:30,target_hit,30.0,84550.0,84750.0,84550.0,84709.35,84470.94,84750.0,0.0
mp_ppoc_target,SENSEX|weekly|2026-01-08,2026-01-08,PE,2025-12-30 09:20:00+05:30,745.05,84529.63,2026-01-08 12:00:00+05:30,mp_target_hit,15.0,84550.0,84750.0,84550.0,84709.35,84470.94,84750.0,15.0
mp_poc_target,SENSEX|weekly|2026-01-08,2026-01-08,PE,2025-12-30 09:20:00+05:30,745.05,84529.63,2026-01-08 12:00:00+05:30,mp_target_hit,15.0,84550.0,84750.0,84550.0,84709.35,84470.94,84750.0,15.0
baseline_both,SENSEX|weekly|2026-01-14,2026-01-14,CE,2026-01-02 09:30:00+05:30,950.45,85368.57,2026-01-14 15:30:00+05:30,hold_to_end,-99.9947,85600.0,85700.0,85450.0,85605.55,85068.88,85250.0,0.0
mp_ppoc_filter,SENSEX|weekly|2026-01-14,2026-01-14,CE,2026-01-02 09:30:00+05:30,950.45,85368.57,2026-01-14 15:30:00+05:30,hold_to_end,-99.9947,85600.0,85700.0,85450.0,85605.55,85068.88,85250.0,0.0
mp_va_outside,SENSEX|weekly|2026-01-14,2026-01-14,CE,2026-01-02 09:30:00+05:30,950.45,85368.57,2026-01-14 15:30:00+05:30,hold_to_end,-99.9947,85600.0,85700.0,85450.0,85605.55,85068.88,85250.0,0.0
mp_ppoc_target,SENSEX|weekly|2026-01-14,2026-01-14,CE,2026-01-02 09:30:00+05:30,950.45,85368.57,2026-01-02 09:55:00+05:30,mp_target_hit,15.0,85600.0,85700.0,85450.0,85605.55,85068.88,85250.0,15.0
mp_poc_target,SENSEX|weekly|2026-01-14,2026-01-14,CE,2026-01-02 09:30:00+05:30,950.45,85368.57,2026-01-02 09:55:00+05:30,mp_target_hit,15.0,85600.0,85700.0,85450.0,85605.55,85068.88,85250.0,15.0
baseline_both,SENSEX|weekly|2026-01-14,2026-01-14,PE,2026-01-01 12:15:00+05:30,302.8,85174.33,2026-01-08 10:20:00+05:30,target_hit,30.0,85250.0,85350.0,85150.0,85451.7,85253.06,85300.0,0.0
mp_poc_filter,SENSEX|weekly|2026-01-14,2026-01-14,PE,2026-01-01 12:15:00+05:30,302.8,85174.33,2026-01-08 10:20:00+05:30,target_hit,30.0,85250.0,85350.0,85150.0,85451.7,85253.06,85300.0,0.0
mp_ppoc_filter,SENSEX|weekly|2026-01-14,2026-01-14,PE,2026-01-01 12:15:00+05:30,302.8,85174.33,2026-01-08 10:20:00+05:30,target_hit,30.0,85250.0,85350.0,85150.0,85451.7,85253.06,85300.0,0.0
mp_ib_breakout,SENSEX|weekly|2026-01-14,2026-01-14,PE,2026-01-01 12:15:00+05:30,302.8,85174.33,2026-01-08 10:20:00+05:30,target_hit,30.0,85250.0,85350.0,85150.0,85451.7,85253.06,85300.0,0.0
mp_va_inside,SENSEX|weekly|2026-01-14,2026-01-14,PE,2026-01-01 12:15:00+05:30,302.8,85174.33,2026-01-08 10:20:00+05:30,target_hit,30.0,85250.0,85350.0,85150.0,85451.7,85253.06,85300.0,0.0
mp_ppoc_target,SENSEX|weekly|2026-01-14,2026-01-14,PE,2026-01-01 12:15:00+05:30,302.8,85174.33,2026-01-07 09:20:00+05:30,mp_target_hit,15.0,85250.0,85350.0,85150.0,85451.7,85253.06,85300.0,15.0
mp_poc_target,SENSEX|weekly|2026-01-14,2026-01-14,PE,2026-01-01 12:15:00+05:30,302.8,85174.33,2026-01-07 09:20:00+05:30,mp_target_hit,15.0,85250.0,85350.0,85150.0,85451.7,85253.06,85300.0,15.0
baseline_both,SENSEX|weekly|2026-01-14,2026-01-14,PE,2026-01-08 14:55:00+05:30,623.5,84289.05,2026-01-09 09:35:00+05:30,target_hit,30.0,84250.0,84700.0,84200.0,84965.27,84678.85,84850.0,0.0
mp_ppoc_filter,SENSEX|weekly|2026-01-14,2026-01-14,PE,2026-01-08 14:55:00+05:30,623.5,84289.05,2026-01-09 09:35:00+05:30,target_hit,30.0,84250.0,84700.0,84200.0,84965.27,84678.85,84850.0,0.0
mp_ib_breakout,SENSEX|weekly|2026-01-14,2026-01-14,PE,2026-01-08 14:55:00+05:30,623.5,84289.05,2026-01-09 09:35:00+05:30,target_hit,30.0,84250.0,84700.0,84200.0,84965.27,84678.85,84850.0,0.0
mp_va_inside,SENSEX|weekly|2026-01-14,2026-01-14,PE,2026-01-08 14:55:00+05:30,623.5,84289.05,2026-01-09 09:35:00+05:30,target_hit,30.0,84250.0,84700.0,84200.0,84965.27,84678.85,84850.0,0.0
mp_ppoc_target,SENSEX|weekly|2026-01-14,2026-01-14,PE,2026-01-08 14:55:00+05:30,623.5,84289.05,2026-01-08 15:05:00+05:30,mp_target_hit,15.0,84250.0,84700.0,84200.0,84965.27,84678.85,84850.0,15.0
mp_poc_target,SENSEX|weekly|2026-01-14,2026-01-14,PE,2026-01-08 14:55:00+05:30,623.5,84289.05,2026-01-08 15:05:00+05:30,mp_target_hit,15.0,84250.0,84700.0,84200.0,84965.27,84678.85,84850.0,15.0
baseline_both,SENSEX|weekly|2026-01-14,2026-01-14,PE,2026-01-13 10:00:00+05:30,1258.85,83635.19,2026-01-14 15:30:00+05:30,hold_to_end,20.6061,83750.0,84000.0,83450.0,84258.03,83578.56,83050.0,0.0
mp_poc_filter,SENSEX|weekly|2026-01-14,2026-01-14,PE,2026-01-13 10:00:00+05:30,1258.85,83635.19,2026-01-14 15:30:00+05:30,hold_to_end,20.6061,83750.0,84000.0,83450.0,84258.03,83578.56,83050.0,0.0
mp_va_inside,SENSEX|weekly|2026-01-14,2026-01-14,PE,2026-01-13 10:00:00+05:30,1258.85,83635.19,2026-01-14 15:30:00+05:30,hold_to_end,20.6061,83750.0,84000.0,83450.0,84258.03,83578.56,83050.0,0.0
mp_ppoc_target,SENSEX|weekly|2026-01-14,2026-01-14,PE,2026-01-13 10:00:00+05:30,1258.85,83635.19,2026-01-13 12:55:00+05:30,mp_target_hit,15.0,83750.0,84000.0,83450.0,84258.03,83578.56,83050.0,15.0
mp_poc_target,SENSEX|weekly|2026-01-14,2026-01-14,PE,2026-01-13 10:00:00+05:30,1258.85,83635.19,2026-01-13 12:55:00+05:30,mp_target_hit,15.0,83750.0,84000.0,83450.0,84258.03,83578.56,83050.0,15.0
baseline_both,SENSEX|weekly|2026-01-22,2026-01-22,CE,2026-01-09 15:30:00+05:30,270.25,83638.66,2026-01-13 09:20:00+05:30,target_hit,30.0,83500.0,84100.0,83450.0,84406.22,84019.5,84250.0,0.0
mp_poc_filter,SENSEX|weekly|2026-01-22,2026-01-22,CE,2026-01-09 15:30:00+05:30,270.25,83638.66,2026-01-13 09:20:00+05:30,target_hit,30.0,83500.0,84100.0,83450.0,84406.22,84019.5,84250.0,0.0
mp_va_inside,SENSEX|weekly|2026-01-22,2026-01-22,CE,2026-01-09 15:30:00+05:30,270.25,83638.66,2026-01-13 09:20:00+05:30,target_hit,30.0,83500.0,84100.0,83450.0,84406.22,84019.5,84250.0,0.0
mp_ppoc_target,SENSEX|weekly|2026-01-22,2026-01-22,CE,2026-01-09 15:30:00+05:30,270.25,83638.66,2026-01-12 12:45:00+05:30,mp_target_hit,15.0,83500.0,84100.0,83450.0,84406.22,84019.5,84250.0,15.0
mp_poc_target,SENSEX|weekly|2026-01-22,2026-01-22,CE,2026-01-09 15:30:00+05:30,270.25,83638.66,2026-01-12 12:45:00+05:30,mp_target_hit,15.0,83500.0,84100.0,83450.0,84406.22,84019.5,84250.0,15.0
baseline_both,SENSEX|weekly|2026-01-22,2026-01-22,CE,2026-01-13 11:40:00+05:30,292.4,83945.32,2026-01-22 15:30:00+05:30,hold_to_end,-99.9829,83750.0,84000.0,83450.0,84258.03,83578.56,83050.0,0.0
mp_poc_filter,SENSEX|weekly|2026-01-22,2026-01-22,CE,2026-01-13 11:40:00+05:30,292.4,83945.32,2026-01-22 15:30:00+05:30,hold_to_end,-99.9829,83750.0,84000.0,83450.0,84258.03,83578.56,83050.0,0.0
mp_ppoc_filter,SENSEX|weekly|2026-01-22,2026-01-22,CE,2026-01-13 11:40:00+05:30,292.4,83945.32,2026-01-22 15:30:00+05:30,hold_to_end,-99.9829,83750.0,84000.0,83450.0,84258.03,83578.56,83050.0,0.0
mp_va_inside,SENSEX|weekly|2026-01-22,2026-01-22,CE,2026-01-13 11:40:00+05:30,292.4,83945.32,2026-01-22 15:30:00+05:30,hold_to_end,-99.9829,83750.0,84000.0,83450.0,84258.03,83578.56,83050.0,0.0
mp_ppoc_target,SENSEX|weekly|2026-01-22,2026-01-22,CE,2026-01-13 11:40:00+05:30,292.4,83945.32,2026-01-22 15:30:00+05:30,hold_to_end,-99.9829,83750.0,84000.0,83450.0,84258.03,83578.56,83050.0,15.0
mp_fa_reversal,SENSEX|weekly|2026-01-22,2026-01-22,CE,2026-01-13 11:40:00+05:30,292.4,83945.32,2026-01-22 15:30:00+05:30,hold_to_end,-99.9829,83750.0,84000.0,83450.0,84258.03,83578.56,83050.0,0.0
mp_poc_target,SENSEX|weekly|2026-01-22,2026-01-22,CE,2026-01-13 11:40:00+05:30,292.4,83945.32,2026-01-22 15:30:00+05:30,hold_to_end,-99.9829,83750.0,84000.0,83450.0,84258.03,83578.56,83050.0,15.0
baseline_both,SENSEX|weekly|2026-01-22,2026-01-22,PE,2026-01-13 10:00:00+05:30,1240.05,83635.19,2026-01-19 09:30:00+05:30,target_hit,30.0,83750.0,84000.0,83450.0,84258.03,83578.56,83050.0,0.0
mp_poc_filter,SENSEX|weekly|2026-01-22,2026-01-22,PE,2026-01-13 10:00:00+05:30,1240.05,83635.19,2026-01-19 09:30:00+05:30,target_hit,30.0,83750.0,84000.0,83450.0,84258.03,83578.56,83050.0,0.0
mp_va_inside,SENSEX|weekly|2026-01-22,2026-01-22,PE,2026-01-13 10:00:00+05:30,1240.05,83635.19,2026-01-19 09:30:00+05:30,target_hit,30.0,83750.0,84000.0,83450.0,84258.03,83578.56,83050.0,0.0
mp_ppoc_target,SENSEX|weekly|2026-01-22,2026-01-22,PE,2026-01-13 10:00:00+05:30,1240.05,83635.19,2026-01-13 13:05:00+05:30,mp_target_hit,15.0,83750.0,84000.0,83450.0,84258.03,83578.56,83050.0,15.0
mp_poc_target,SENSEX|weekly|2026-01-22,2026-01-22,PE,2026-01-13 10:00:00+05:30,1240.05,83635.19,2026-01-13 13:05:00+05:30,mp_target_hit,15.0,83750.0,84000.0,83450.0,84258.03,83578.56,83050.0,15.0
baseline_both,SENSEX|weekly|2026-01-22,2026-01-22,PE,2026-01-20 09:20:00+05:30,1661.45,83139.35,2026-01-20 15:05:00+05:30,target_hit,30.0,82900.0,83050.0,82550.0,83254.28,82812.32,83050.0,0.0
mp_va_outside,SENSEX|weekly|2026-01-22,2026-01-22,PE,2026-01-20 09:20:00+05:30,1661.45,83139.35,2026-01-20 15:05:00+05:30,target_hit,30.0,82900.0,83050.0,82550.0,83254.28,82812.32,83050.0,0.0
mp_ppoc_target,SENSEX|weekly|2026-01-22,2026-01-22,PE,2026-01-20 09:20:00+05:30,1661.45,83139.35,2026-01-20 11:15:00+05:30,mp_target_hit,15.0,82900.0,83050.0,82550.0,83254.28,82812.32,83050.0,15.0
mp_poc_target,SENSEX|weekly|2026-01-22,2026-01-22,PE,2026-01-20 09:20:00+05:30,1661.45,83139.35,2026-01-20 11:15:00+05:30,mp_target_hit,15.0,82900.0,83050.0,82550.0,83254.28,82812.32,83050.0,15.0
baseline_both,SENSEX|weekly|2026-01-22,2026-01-22,PE,2026-01-21 14:40:00+05:30,2800.0,81913.54,2026-01-22 15:30:00+05:30,hold_to_end,-11.475,81900.0,82300.0,81650.0,82282.25,81793.23,82900.0,0.0
mp_ppoc_filter,SENSEX|weekly|2026-01-22,2026-01-22,PE,2026-01-21 14:40:00+05:30,2800.0,81913.54,2026-01-22 15:30:00+05:30,hold_to_end,-11.475,81900.0,82300.0,81650.0,82282.25,81793.23,82900.0,0.0
mp_va_inside,SENSEX|weekly|2026-01-22,2026-01-22,PE,2026-01-21 14:40:00+05:30,2800.0,81913.54,2026-01-22 15:30:00+05:30,hold_to_end,-11.475,81900.0,82300.0,81650.0,82282.25,81793.23,82900.0,0.0
mp_ppoc_target,SENSEX|weekly|2026-01-22,2026-01-22,PE,2026-01-21 14:40:00+05:30,2800.0,81913.54,2026-01-22 15:30:00+05:30,hold_to_end,-11.475,81900.0,82300.0,81650.0,82282.25,81793.23,82900.0,15.0
mp_fa_reversal,SENSEX|weekly|2026-01-22,2026-01-22,PE,2026-01-21 14:40:00+05:30,2800.0,81913.54,2026-01-22 15:30:00+05:30,hold_to_end,-11.475,81900.0,82300.0,81650.0,82282.25,81793.23,82900.0,0.0
mp_poc_target,SENSEX|weekly|2026-01-22,2026-01-22,PE,2026-01-21 14:40:00+05:30,2800.0,81913.54,2026-01-22 15:30:00+05:30,hold_to_end,-11.475,81900.0,82300.0,81650.0,82282.25,81793.23,82900.0,15.0
baseline_both,SENSEX|weekly|2026-02-05,2026-02-05,CE,2026-01-22 14:40:00+05:30,1017.35,82316.34,2026-02-03 09:15:00+05:30,target_hit,30.0,82100.0,82450.0,81950.0,82783.18,82383.77,,0.0
mp_poc_filter,SENSEX|weekly|2026-02-05,2026-02-05,CE,2026-01-22 14:40:00+05:30,1017.35,82316.34,2026-02-03 09:15:00+05:30,target_hit,30.0,82100.0,82450.0,81950.0,82783.18,82383.77,,0.0
mp_ppoc_filter,SENSEX|weekly|2026-02-05,2026-02-05,CE,2026-01-22 14:40:00+05:30,1017.35,82316.34,2026-02-03 09:15:00+05:30,target_hit,30.0,82100.0,82450.0,81950.0,82783.18,82383.77,,0.0
mp_va_inside,SENSEX|weekly|2026-02-05,2026-02-05,CE,2026-01-22 14:40:00+05:30,1017.35,82316.34,2026-02-03 09:15:00+05:30,target_hit,30.0,82100.0,82450.0,81950.0,82783.18,82383.77,,0.0
mp_ppoc_target,SENSEX|weekly|2026-02-05,2026-02-05,CE,2026-01-22 14:40:00+05:30,1017.35,82316.34,2026-02-03 09:15:00+05:30,target_hit,30.0,82100.0,82450.0,81950.0,82783.18,82383.77,,0.0
mp_poc_target,SENSEX|weekly|2026-02-05,2026-02-05,CE,2026-01-22 14:40:00+05:30,1017.35,82316.34,2026-02-03 09:15:00+05:30,mp_target_hit,15.0,82100.0,82450.0,81950.0,82783.18,82383.77,,15.0
baseline_both,SENSEX|weekly|2026-02-05,2026-02-05,CE,2026-02-04 13:25:00+05:30,1280.0,83734.54,2026-02-05 15:30:00+05:30,hold_to_end,-36.3008,83700.0,83850.0,83550.0,83885.87,83119.95,83900.0,0.0
mp_poc_filter,SENSEX|weekly|2026-02-05,2026-02-05,CE,2026-02-04 13:25:00+05:30,1280.0,83734.54,2026-02-05 15:30:00+05:30,hold_to_end,-36.3008,83700.0,83850.0,83550.0,83885.87,83119.95,83900.0,0.0
mp_va_inside,SENSEX|weekly|2026-02-05,2026-02-05,CE,2026-02-04 13:25:00+05:30,1280.0,83734.54,2026-02-05 15:30:00+05:30,hold_to_end,-36.3008,83700.0,83850.0,83550.0,83885.87,83119.95,83900.0,0.0
mp_ppoc_target,SENSEX|weekly|2026-02-05,2026-02-05,CE,2026-02-04 13:25:00+05:30,1280.0,83734.54,2026-02-04 14:20:00+05:30,mp_target_hit,15.0,83700.0,83850.0,83550.0,83885.87,83119.95,83900.0,15.0
mp_poc_target,SENSEX|weekly|2026-02-05,2026-02-05,CE,2026-02-04 13:25:00+05:30,1280.0,83734.54,2026-02-04 14:20:00+05:30,mp_target_hit,15.0,83700.0,83850.0,83550.0,83885.87,83119.95,83900.0,15.0
baseline_both,SENSEX|weekly|2026-02-05,2026-02-05,PE,2026-01-23 10:20:00+05:30,967.8,82157.36,2026-01-23 13:35:00+05:30,target_hit,30.0,82200.0,82550.0,81750.0,82516.27,82175.36,82100.0,0.0
mp_poc_filter,SENSEX|weekly|2026-02-05,2026-02-05,PE,2026-01-23 10:20:00+05:30,967.8,82157.36,2026-01-23 13:35:00+05:30,target_hit,30.0,82200.0,82550.0,81750.0,82516.27,82175.36,82100.0,0.0
mp_ib_breakout,SENSEX|weekly|2026-02-05,2026-02-05,PE,2026-01-23 10:20:00+05:30,967.8,82157.36,2026-01-23 13:35:00+05:30,target_hit,30.0,82200.0,82550.0,81750.0,82516.27,82175.36,82100.0,0.0
mp_va_inside,SENSEX|weekly|2026-02-05,2026-02-05,PE,2026-01-23 10:20:00+05:30,967.8,82157.36,2026-01-23 13:35:00+05:30,target_hit,30.0,82200.0,82550.0,81750.0,82516.27,82175.36,82100.0,0.0
mp_ppoc_target,SENSEX|weekly|2026-02-05,2026-02-05,PE,2026-01-23 10:20:00+05:30,967.8,82157.36,2026-01-23 13:25:00+05:30,mp_target_hit,15.0,82200.0,82550.0,81750.0,82516.27,82175.36,82100.0,15.0
mp_poc_target,SENSEX|weekly|2026-02-05,2026-02-05,PE,2026-01-23 10:20:00+05:30,967.8,82157.36,2026-01-23 13:25:00+05:30,mp_target_hit,15.0,82200.0,82550.0,81750.0,82516.27,82175.36,82100.0,15.0
baseline_both,SENSEX|weekly|2026-02-05,2026-02-05,PE,2026-01-27 10:50:00+05:30,1450.0,81379.26,2026-02-01 12:30:00+05:30,target_hit,30.0,81550.0,81800.0,81350.0,81844.75,81088.59,82200.0,0.0
mp_poc_filter,SENSEX|weekly|2026-02-05,2026-02-05,PE,2026-01-27 10:50:00+05:30,1450.0,81379.26,2026-02-01 12:30:00+05:30,target_hit,30.0,81550.0,81800.0,81350.0,81844.75,81088.59,82200.0,0.0
mp_ppoc_filter,SENSEX|weekly|2026-02-05,2026-02-05,PE,2026-01-27 10:50:00+05:30,1450.0,81379.26,2026-02-01 12:30:00+05:30,target_hit,30.0,81550.0,81800.0,81350.0,81844.75,81088.59,82200.0,0.0
mp_va_inside,SENSEX|weekly|2026-02-05,2026-02-05,PE,2026-01-27 10:50:00+05:30,1450.0,81379.26,2026-02-01 12:30:00+05:30,target_hit,30.0,81550.0,81800.0,81350.0,81844.75,81088.59,82200.0,0.0
mp_ppoc_target,SENSEX|weekly|2026-02-05,2026-02-05,PE,2026-01-27 10:50:00+05:30,1450.0,81379.26,2026-02-01 12:30:00+05:30,mp_target_hit,15.0,81550.0,81800.0,81350.0,81844.75,81088.59,82200.0,15.0
mp_poc_target,SENSEX|weekly|2026-02-05,2026-02-05,PE,2026-01-27 10:50:00+05:30,1450.0,81379.26,2026-02-01 12:30:00+05:30,mp_target_hit,15.0,81550.0,81800.0,81350.0,81844.75,81088.59,82200.0,15.0
baseline_both,SENSEX|weekly|2026-02-05,2026-02-05,PE,2026-02-04 15:25:00+05:30,36.3,83770.18,2026-02-05 15:30:00+05:30,hold_to_end,-99.8623,83700.0,83850.0,83550.0,83885.87,83119.95,83900.0,0.0
mp_ppoc_filter,SENSEX|weekly|2026-02-05,2026-02-05,PE,2026-02-04 15:25:00+05:30,36.3,83770.18,2026-02-05 15:30:00+05:30,hold_to_end,-99.8623,83700.0,83850.0,83550.0,83885.87,83119.95,83900.0,0.0
mp_va_inside,SENSEX|weekly|2026-02-05,2026-02-05,PE,2026-02-04 15:25:00+05:30,36.3,83770.18,2026-02-05 15:30:00+05:30,hold_to_end,-99.8623,83700.0,83850.0,83550.0,83885.87,83119.95,83900.0,0.0
mp_ppoc_target,SENSEX|weekly|2026-02-05,2026-02-05,PE,2026-02-04 15:25:00+05:30,36.3,83770.18,2026-02-04 15:30:00+05:30,mp_target_hit,15.0,83700.0,83850.0,83550.0,83885.87,83119.95,83900.0,15.0
mp_fa_reversal,SENSEX|weekly|2026-02-05,2026-02-05,PE,2026-02-04 15:25:00+05:30,36.3,83770.18,2026-02-05 15:30:00+05:30,hold_to_end,-99.8623,83700.0,83850.0,83550.0,83885.87,83119.95,83900.0,0.0
mp_poc_target,SENSEX|weekly|2026-02-05,2026-02-05,PE,2026-02-04 15:25:00+05:30,36.3,83770.18,2026-02-04 15:30:00+05:30,mp_target_hit,15.0,83700.0,83850.0,83550.0,83885.87,83119.95,83900.0,15.0
baseline_both,SENSEX|weekly|2026-02-12,2026-02-12,CE,2026-01-30 13:00:00+05:30,1102.85,82170.8,2026-02-03 09:15:00+05:30,target_hit,30.0,82150.0,82300.0,82000.0,82272.68,81941.03,82000.0,0.0
mp_poc_filter,SENSEX|weekly|2026-02-12,2026-02-12,CE,2026-01-30 13:00:00+05:30,1102.85,82170.8,2026-02-03 09:15:00+05:30,target_hit,30.0,82150.0,82300.0,82000.0,82272.68,81941.03,82000.0,0.0
mp_ppoc_filter,SENSEX|weekly|2026-02-12,2026-02-12,CE,2026-01-30 13:00:00+05:30,1102.85,82170.8,2026-02-03 09:15:00+05:30,target_hit,30.0,82150.0,82300.0,82000.0,82272.68,81941.03,82000.0,0.0
mp_va_inside,SENSEX|weekly|2026-02-12,2026-02-12,CE,2026-01-30 13:00:00+05:30,1102.85,82170.8,2026-02-03 09:15:00+05:30,target_hit,30.0,82150.0,82300.0,82000.0,82272.68,81941.03,82000.0,0.0
mp_ppoc_target,SENSEX|weekly|2026-02-12,2026-02-12,CE,2026-01-30 13:00:00+05:30,1102.85,82170.8,2026-02-01 11:10:00+05:30,mp_target_hit,15.0,82150.0,82300.0,82000.0,82272.68,81941.03,82000.0,15.0
mp_poc_target,SENSEX|weekly|2026-02-12,2026-02-12,CE,2026-01-30 13:00:00+05:30,1102.85,82170.8,2026-02-01 11:10:00+05:30,mp_target_hit,15.0,82150.0,82300.0,82000.0,82272.68,81941.03,82000.0,15.0
baseline_both,SENSEX|weekly|2026-02-12,2026-02-12,CE,2026-02-06 11:35:00+05:30,1322.2,83266.63,2026-02-09 09:15:00+05:30,target_hit,30.0,83100.0,83450.0,83050.0,83331.35,82945.56,83350.0,0.0
mp_poc_filter,SENSEX|weekly|2026-02-12,2026-02-12,CE,2026-02-06 11:35:00+05:30,1322.2,83266.63,2026-02-09 09:15:00+05:30,target_hit,30.0,83100.0,83450.0,83050.0,83331.35,82945.56,83350.0,0.0
mp_va_inside,SENSEX|weekly|2026-02-12,2026-02-12,CE,2026-02-06 11:35:00+05:30,1322.2,83266.63,2026-02-09 09:15:00+05:30,target_hit,30.0,83100.0,83450.0,83050.0,83331.35,82945.56,83350.0,0.0
mp_ppoc_target,SENSEX|weekly|2026-02-12,2026-02-12,CE,2026-02-06 11:35:00+05:30,1322.2,83266.63,2026-02-06 15:00:00+05:30,mp_target_hit,15.0,83100.0,83450.0,83050.0,83331.35,82945.56,83350.0,15.0
mp_fa_reversal,SENSEX|weekly|2026-02-12,2026-02-12,CE,2026-02-06 11:35:00+05:30,1322.2,83266.63,2026-02-09 09:15:00+05:30,target_hit,30.0,83100.0,83450.0,83050.0,83331.35,82945.56,83350.0,0.0
mp_poc_target,SENSEX|weekly|2026-02-12,2026-02-12,CE,2026-02-06 11:35:00+05:30,1322.2,83266.63,2026-02-06 15:00:00+05:30,mp_target_hit,15.0,83100.0,83450.0,83050.0,83331.35,82945.56,83350.0,15.0
baseline_both,SENSEX|weekly|2026-02-12,2026-02-12,CE,2026-02-09 13:25:00+05:30,2025.0,83986.86,2026-02-12 15:30:00+05:30,hold_to_end,-26.6667,84000.0,84100.0,83950.0,84314.68,83860.42,83100.0,0.0
mp_ppoc_filter,SENSEX|weekly|2026-02-12,2026-02-12,CE,2026-02-09 13:25:00+05:30,2025.0,83986.86,2026-02-12 15:30:00+05:30,hold_to_end,-26.6667,84000.0,84100.0,83950.0,84314.68,83860.42,83100.0,0.0
mp_va_inside,SENSEX|weekly|2026-02-12,2026-02-12,CE,2026-02-09 13:25:00+05:30,2025.0,83986.86,2026-02-12 15:30:00+05:30,hold_to_end,-26.6667,84000.0,84100.0,83950.0,84314.68,83860.42,83100.0,0.0
mp_ppoc_target,SENSEX|weekly|2026-02-12,2026-02-12,CE,2026-02-09 13:25:00+05:30,2025.0,83986.86,2026-02-10 12:50:00+05:30,mp_target_hit,15.0,84000.0,84100.0,83950.0,84314.68,83860.42,83100.0,15.0
mp_poc_target,SENSEX|weekly|2026-02-12,2026-02-12,CE,2026-02-09 13:25:00+05:30,2025.0,83986.86,2026-02-10 12:50:00+05:30,mp_target_hit,15.0,84000.0,84100.0,83950.0,84314.68,83860.42,83100.0,15.0
baseline_both,SENSEX|weekly|2026-02-12,2026-02-12,PE,2026-01-30 09:20:00+05:30,808.25,82085.32,2026-02-01 12:20:00+05:30,target_hit,30.0,82150.0,82300.0,82000.0,82272.68,81941.03,82000.0,0.0
mp_poc_filter,SENSEX|weekly|2026-02-12,2026-02-12,PE,2026-01-30 09:20:00+05:30,808.25,82085.32,2026-02-01 12:20:00+05:30,target_hit,30.0,82150.0,82300.0,82000.0,82272.68,81941.03,82000.0,0.0
mp_va_inside,SENSEX|weekly|2026-02-12,2026-02-12,PE,2026-01-30 09:20:00+05:30,808.25,82085.32,2026-02-01 12:20:00+05:30,target_hit,30.0,82150.0,82300.0,82000.0,82272.68,81941.03,82000.0,0.0
mp_ppoc_target,SENSEX|weekly|2026-02-12,2026-02-12,PE,2026-01-30 09:20:00+05:30,808.25,82085.32,2026-01-30 13:20:00+05:30,mp_target_hit,15.0,82150.0,82300.0,82000.0,82272.68,81941.03,82000.0,15.0
mp_fa_reversal,SENSEX|weekly|2026-02-12,2026-02-12,PE,2026-01-30 09:20:00+05:30,808.25,82085.32,2026-02-01 12:20:00+05:30,target_hit,30.0,82150.0,82300.0,82000.0,82272.68,81941.03,82000.0,0.0
mp_poc_target,SENSEX|weekly|2026-02-12,2026-02-12,PE,2026-01-30 09:20:00+05:30,808.25,82085.32,2026-01-30 13:20:00+05:30,mp_target_hit,15.0,82150.0,82300.0,82000.0,82272.68,81941.03,82000.0,15.0
baseline_both,SENSEX|weekly|2026-02-12,2026-02-12,PE,2026-02-05 09:45:00+05:30,142.1,83390.02,2026-02-12 15:30:00+05:30,hold_to_end,-99.9648,83350.0,83550.0,83250.0,83784.17,83313.46,83700.0,0.0
mp_ppoc_filter,SENSEX|weekly|2026-02-12,2026-02-12,PE,2026-02-05 09:45:00+05:30,142.1,83390.02,2026-02-12 15:30:00+05:30,hold_to_end,-99.9648,83350.0,83550.0,83250.0,83784.17,83313.46,83700.0,0.0
mp_va_inside,SENSEX|weekly|2026-02-12,2026-02-12,PE,2026-02-05 09:45:00+05:30,142.1,83390.02,2026-02-12 15:30:00+05:30,hold_to_end,-99.9648,83350.0,83550.0,83250.0,83784.17,83313.46,83700.0,0.0
mp_ppoc_target,SENSEX|weekly|2026-02-12,2026-02-12,PE,2026-02-05 09:45:00+05:30,142.1,83390.02,2026-02-06 09:15:00+05:30,mp_target_hit,15.0,83350.0,83550.0,83250.0,83784.17,83313.46,83700.0,15.0
mp_poc_target,SENSEX|weekly|2026-02-12,2026-02-12,PE,2026-02-05 09:45:00+05:30,142.1,83390.02,2026-02-06 09:15:00+05:30,mp_target_hit,15.0,83350.0,83550.0,83250.0,83784.17,83313.46,83700.0,15.0
baseline_both,SENSEX|weekly|2026-02-19,2026-02-19,CE,2026-02-06 11:50:00+05:30,608.35,83394.64,2026-02-09 09:15:00+05:30,target_hit,30.0,83100.0,83450.0,83050.0,83331.35,82945.56,83350.0,0.0
mp_poc_filter,SENSEX|weekly|2026-02-19,2026-02-19,CE,2026-02-06 11:50:00+05:30,608.35,83394.64,2026-02-09 09:15:00+05:30,target_hit,30.0,83100.0,83450.0,83050.0,83331.35,82945.56,83350.0,0.0
mp_ppoc_filter,SENSEX|weekly|2026-02-19,2026-02-19,CE,2026-02-06 11:50:00+05:30,608.35,83394.64,2026-02-09 09:15:00+05:30,target_hit,30.0,83100.0,83450.0,83050.0,83331.35,82945.56,83350.0,0.0
mp_ib_breakout,SENSEX|weekly|2026-02-19,2026-02-19,CE,2026-02-06 11:50:00+05:30,608.35,83394.64,2026-02-09 09:15:00+05:30,target_hit,30.0,83100.0,83450.0,83050.0,83331.35,82945.56,83350.0,0.0
mp_va_inside,SENSEX|weekly|2026-02-19,2026-02-19,CE,2026-02-06 11:50:00+05:30,608.35,83394.64,2026-02-09 09:15:00+05:30,target_hit,30.0,83100.0,83450.0,83050.0,83331.35,82945.56,83350.0,0.0
mp_ppoc_target,SENSEX|weekly|2026-02-19,2026-02-19,CE,2026-02-06 11:50:00+05:30,608.35,83394.64,2026-02-09 09:15:00+05:30,mp_target_hit,15.0,83100.0,83450.0,83050.0,83331.35,82945.56,83350.0,15.0
mp_fa_reversal,SENSEX|weekly|2026-02-19,2026-02-19,CE,2026-02-06 11:50:00+05:30,608.35,83394.64,2026-02-09 09:15:00+05:30,target_hit,30.0,83100.0,83450.0,83050.0,83331.35,82945.56,83350.0,0.0
mp_poc_target,SENSEX|weekly|2026-02-19,2026-02-19,CE,2026-02-06 11:50:00+05:30,608.35,83394.64,2026-02-09 09:15:00+05:30,mp_target_hit,15.0,83100.0,83450.0,83050.0,83331.35,82945.56,83350.0,15.0
baseline_both,SENSEX|weekly|2026-02-19,2026-02-19,CE,2026-02-09 13:15:00+05:30,890.0,84020.65,2026-02-19 15:30:00+05:30,hold_to_end,-99.9944,84000.0,84100.0,83950.0,84314.68,83860.42,83100.0,0.0
mp_poc_filter,SENSEX|weekly|2026-02-19,2026-02-19,CE,2026-02-09 13:15:00+05:30,890.0,84020.65,2026-02-19 15:30:00+05:30,hold_to_end,-99.9944,84000.0,84100.0,83950.0,84314.68,83860.42,83100.0,0.0
mp_ppoc_filter,SENSEX|weekly|2026-02-19,2026-02-19,CE,2026-02-09 13:15:00+05:30,890.0,84020.65,2026-02-19 15:30:00+05:30,hold_to_end,-99.9944,84000.0,84100.0,83950.0,84314.68,83860.42,83100.0,0.0
mp_va_inside,SENSEX|weekly|2026-02-19,2026-02-19,CE,2026-02-09 13:15:00+05:30,890.0,84020.65,2026-02-19 15:30:00+05:30,hold_to_end,-99.9944,84000.0,84100.0,83950.0,84314.68,83860.42,83100.0,0.0
mp_ppoc_target,SENSEX|weekly|2026-02-19,2026-02-19,CE,2026-02-09 13:15:00+05:30,890.0,84020.65,2026-02-10 09:35:00+05:30,mp_target_hit,15.0,84000.0,84100.0,83950.0,84314.68,83860.42,83100.0,15.0
mp_poc_target,SENSEX|weekly|2026-02-19,2026-02-19,CE,2026-02-09 13:15:00+05:30,890.0,84020.65,2026-02-10 09:35:00+05:30,mp_target_hit,15.0,84000.0,84100.0,83950.0,84314.68,83860.42,83100.0,15.0
baseline_both,SENSEX|weekly|2026-02-19,2026-02-19,PE,2026-02-06 13:05:00+05:30,880.15,83184.39,2026-02-13 15:10:00+05:30,target_hit,30.0,83100.0,83450.0,83050.0,83331.35,82945.56,83350.0,0.0
mp_ppoc_filter,SENSEX|weekly|2026-02-19,2026-02-19,PE,2026-02-06 13:05:00+05:30,880.15,83184.39,2026-02-13 15:10:00+05:30,target_hit,30.0,83100.0,83450.0,83050.0,83331.35,82945.56,83350.0,0.0
mp_va_inside,SENSEX|weekly|2026-02-19,2026-02-19,PE,2026-02-06 13:05:00+05:30,880.15,83184.39,2026-02-13 15:10:00+05:30,target_hit,30.0,83100.0,83450.0,83050.0,83331.35,82945.56,83350.0,0.0
mp_ppoc_target,SENSEX|weekly|2026-02-19,2026-02-19,PE,2026-02-06 13:05:00+05:30,880.15,83184.39,2026-02-13 13:50:00+05:30,mp_target_hit,15.0,83100.0,83450.0,83050.0,83331.35,82945.56,83350.0,15.0
mp_poc_target,SENSEX|weekly|2026-02-19,2026-02-19,PE,2026-02-06 13:05:00+05:30,880.15,83184.39,2026-02-13 13:50:00+05:30,mp_target_hit,15.0,83100.0,83450.0,83050.0,83331.35,82945.56,83350.0,15.0
baseline_both,SENSEX|weekly|2026-02-19,2026-02-19,PE,2026-02-17 14:15:00+05:30,536.1,83302.44,2026-02-19 12:15:00+05:30,target_hit,30.0,83450.0,83550.0,83250.0,83361.28,82987.43,82750.0,0.0
mp_poc_filter,SENSEX|weekly|2026-02-19,2026-02-19,PE,2026-02-17 14:15:00+05:30,536.1,83302.44,2026-02-19 12:15:00+05:30,target_hit,30.0,83450.0,83550.0,83250.0,83361.28,82987.43,82750.0,0.0
mp_va_inside,SENSEX|weekly|2026-02-19,2026-02-19,PE,2026-02-17 14:15:00+05:30,536.1,83302.44,2026-02-19 12:15:00+05:30,target_hit,30.0,83450.0,83550.0,83250.0,83361.28,82987.43,82750.0,0.0
mp_ppoc_target,SENSEX|weekly|2026-02-19,2026-02-19,PE,2026-02-17 14:15:00+05:30,536.1,83302.44,2026-02-19 12:10:00+05:30,mp_target_hit,15.0,83450.0,83550.0,83250.0,83361.28,82987.43,82750.0,15.0
mp_poc_target,SENSEX|weekly|2026-02-19,2026-02-19,PE,2026-02-17 14:15:00+05:30,536.1,83302.44,2026-02-19 12:10:00+05:30,mp_target_hit,15.0,83450.0,83550.0,83250.0,83361.28,82987.43,82750.0,15.0
