date,poc,vah,val,var,ibh,ibl,ibr,ib_broken_up,ib_broken_dn,fa_up,fa_dn,session_high,session_low,open_price,close_price,total_tpos,day_type,direction,close_pct,range_ratio,gap_pts,gap_pct,gap_abs_pct,gap_direction,gap_vs_ibr,gap_contribution,gap_filled,open_above_pvah,open_below_pval,open_outside_pva,open_above_ppoc,overnight_return,intraday_return,total_return,overnight_pct_of_total,va_overlap,va_overlap_pct,poc_shift,poc_shift_pct,va_migration,va_streak,va_mig_score,va_mig_5d,opening_type,expansion_opening,sc_va_mig,sc_day_type,sc_opening,sc_close_pos,sc_gap,sc_ib_break,sc_range,expansion_score,expansion_direction,carry_signal,carry_strength
2025-04-03,76300.0,76450.0,76250.0,200.0,76423.82,75807.55,616.2700000000041,True,False,True,False,76493.74,75807.55,75811.86,76272.54,48,FAILED_AUCTION,UP,0.6776403037059547,1.1134567640806754,,,,DN,,,False,False,False,False,False,,460.679999999993,,0.0,,100.0,,,UNKNOWN,0,0,0.0,UNKNOWN,False,0,1,0,1,0,2,0,4,NEUTRAL,NO_CARRY,0
2025-04-04,75450.0,75750.0,75250.0,500.0,76258.12,75488.98,769.1399999999994,False,True,False,False,76258.12,75240.55,76160.09,75405.27,71,NORMAL_VAR_DN,DN,0.16187584146545436,1.322997113659403,-112.44999999999709,-0.1474318280209327,0.1474318280209327,DN,0.14620225186571648,0.11050836797468275,False,False,True,True,False,-112.44999999999709,-754.8199999999924,-867.2699999999895,12.965973687548104,0.0,0.0,-850.0,-1.1140235910878113,LOWER,1,-1,-1.0,OD_DN,True,0,2,4,2,0,2,0,10,BEARISH,CARRY_SHORT,4
2025-04-07,72450.0,72850.0,72100.0,750.0,73149.12,71425.01,1724.1100000000006,True,False,False,False,73403.99,71425.01,71449.94,73325.05,138,NORMAL,UP,0.960110764131016,1.1478269947973214,-3955.3300000000017,-5.245429132473103,5.245429132473103,DN,2.2941285648827514,1.998671032552113,False,False,True,True,False,-3955.3300000000017,1875.1100000000006,-2080.220000000001,190.13998519387368,0.0,0.0,-3000.0,-3.9761431411530817,LOWER,2,-1,-2.0,ORR_UP,False,2,0,1,2,2,2,0,9,BEARISH,NO_CARRY,0
2025-04-08,74200.0,74700.0,73900.0,800.0,74421.65,73797.13,624.5199999999895,True,True,True,True,74859.39,73424.92,74013.73,74273.58,128,DOUBLE_DIST,UP,0.5916192043054249,2.2969160315122417,688.679999999993,0.9392151795327695,0.9392151795327695,UP,1.1027349004035172,0.48009369314101547,False,True,False,True,True,688.679999999993,259.8500000000058,948.5299999999988,72.60497822947022,0.0,0.0,1750.0,2.4154589371980677,HIGHER,1,1,-1.0,ORR_DN,False,0,1,1,0,2,1,1,6,BULLISH,NO_CARRY,0
2025-04-09,73850.0,73950.0,73750.0,200.0,74103.83,73673.06,430.7700000000041,False,False,False,False,74103.83,73673.06,74103.83,73898.12,54,NORMAL,DN,0.5224597813218087,1.0,-169.75,-0.2285469476494872,0.2285469476494872,DN,0.39406179631821714,0.39406179631821714,False,False,False,False,False,-169.75,-205.7100000000064,-375.4600000000064,45.21120758536119,50.0,6.25,-350.0,-0.4716981132075472,LOWER,1,-1,-2.0,OA,False,2,0,0,0,1,0,0,3,BEARISH,NO_CARRY,0
2025-04-11,75100.0,75350.0,74950.0,400.0,75319.35,74762.84,556.5100000000093,True,False,True,False,75467.33,74762.84,74835.49,75227.74,70,NORMAL_VAR_UP,UP,0.6599100058198204,1.2659071714793866,937.3700000000099,1.2684625806448255,1.2684625806448255,UP,1.684372248477106,1.3305653735326306,False,True,False,True,True,937.3700000000099,392.25,1329.62000000001,70.49908996555429,0.0,0.0,1250.0,1.6926201760324981,HIGHER,1,1,-1.0,OD_UP,True,0,2,4,1,2,2,0,11,BULLISH,CARRY_LONG,3
2025-04-15,76750.0,76850.0,76650.0,200.0,76907.63,76435.07,472.5599999999977,False,False,False,False,76907.63,76435.07,76852.06,76781.88,45,NORMAL,DN,0.7338962248180112,1.0,1624.3199999999924,2.159203506578813,2.159203506578813,UP,3.4372778059928906,3.4372778059928906,False,True,False,True,True,1624.3199999999924,-70.17999999999302,1554.1399999999994,104.51568069800616,0.0,0.0,1650.0,2.1970705725699067,HIGHER,2,1,1.0,OTHER,False,0,0,0,1,2,0,0,3,BULLISH,CARRY_LONG,3
2025-04-16,76700.0,76900.0,76550.0,350.0,77000.63,76569.59,431.04000000000815,True,True,False,True,77110.23,76543.77,76996.78,77022.45,61,FAILED_AUCTION,UP,0.845037601948946,1.31417037861911,214.89999999999418,0.2798837434040351,0.2798837434040351,UP,0.4985616184112614,0.3793736539208369,True,True,False,True,True,214.89999999999418,25.669999999998254,240.56999999999243,89.32950908259589,200.0,100.0,-50.0,-0.06514657980456026,WIDER,0,0,2.0,OTHER,False,2,1,0,2,1,1,0,7,BULLISH,NO_CARRY,0
2025-04-17,76950.0,78200.0,76650.0,1550.0,77099.1,76665.77,433.33000000000175,True,False,False,False,78616.77,76665.77,76968.02,78497.04,86,TREND_UP,UP,0.9386314710404867,4.502342325710179,-54.429999999993015,-0.07066770792151252,0.07066770792151252,DN,0.1256086585281259,0.02789851358277448,True,True,False,True,True,-54.429999999993015,1529.0199999999895,1474.5899999999965,-3.6911955187539007,250.0,71.42857142857143,250.0,0.3259452411994785,HIGHER,1,1,2.0,OD_UP,True,2,4,4,2,0,2,2,16,BULLISH,CARRY_LONG,4
2025-04-21,79450.0,79650.0,79150.0,500.0,79260.64,78776.06,484.58000000000175,True,False,False,False,79635.05,78776.06,78903.09,79366.01,61,NORMAL_VAR_UP,UP,0.686794956867942,1.7726484790953034,406.0500000000029,0.5172806516016437,0.5172806516016437,UP,0.8379421354575126,0.4727063178849584,False,True,False,True,True,406.0500000000029,462.91999999999825,868.9700000000012,46.72773513469998,0.0,0.0,2500.0,3.248862897985705,HIGHER,2,1,4.0,OD_UP,True,4,2,4,1,2,2,1,16,BULLISH,CARRY_LONG,4
2025-04-22,79600.0,79750.0,79550.0,200.0,79728.39,79253.44,474.9499999999971,True,False,True,False,79824.3,79253.44,79728.39,79468.84,51,NORMAL_VAR_UP,DN,0.37732543881160696,1.2019370460048513,362.38000000000466,0.4565934459852583,0.4565934459852583,UP,0.7629855774292176,0.6347966226395338,True,True,False,True,True,362.38000000000466,-259.5500000000029,102.83000000000175,352.4068851502465,100.0,20.0,150.0,0.18879798615481436,HIGHER,3,1,4.0,ORR_DN,False,4,2,1,1,1,2,0,11,BULLISH,CARRY_LONG,4
2025-04-23,80000.0,80150.0,79750.0,400.0,80254.55,79718.3,536.25,False,True,False,True,80254.55,79506.9,80142.09,79996.56,65,NORMAL_VAR_DN,DN,0.6549321206446838,1.3942191142191305,673.25,0.8471874007472615,0.8471874007472615,UP,1.2554778554778554,0.9004881963485483,False,True,False,True,True,673.25,-145.52999999999884,527.7200000000012,127.57712423254728,0.0,0.0,400.0,0.5025125628140703,HIGHER,4,1,4.0,OTHER,False,4,2,0,1,2,2,0,11,BULLISH,CARRY_LONG,3
2025-04-24,79850.0,80050.0,79800.0,250.0,80173.92,79829.11,344.8099999999977,False,True,False,False,80173.92,79724.55,80058.43,79801.99,47,NORMAL_VAR_DN,DN,0.17233015110043645,1.303239465212721,61.86999999999534,0.07734082565549737,0.07734082565549737,UP,0.17943215103969073,0.13768164318934506,True,False,False,False,True,61.86999999999534,-256.4399999999878,-194.56999999999243,-31.798324510457803,250.0,62.5,-150.0,-0.1875,NARROWER,0,0,4.0,OTD_DN,True,4,2,3,2,0,2,0,13,BULLISH,CARRY_SHORT,3
2025-04-25,79250.0,79600.0,78800.0,800.0,80130.66,78905.49,1225.1699999999985,False,True,False,True,80130.66,78605.81,79830.15,79212.53,101,NORMAL_VAR_DN,DN,0.39788831688362714,1.2446027898169296,28.15999999998894,0.03528734057883637,0.03528734057883637,UP,0.022984565407240608,0.018467390235097768,True,False,False,False,False,28.15999999998894,-617.6199999999953,-589.4600000000064,-4.777253757674589,0.0,0.0,-600.0,-0.7514088916718847,LOWER,1,-1,2.0,OA,False,2,2,0,1,0,2,0,7,NEUTRAL,NO_CARRY,0
2025-04-28,80200.0,80350.0,79900.0,450.0,80062.25,79341.35,720.8999999999942,True,False,False,False,80321.88,79341.35,79343.63,80150.41,65,NORMAL_VAR_UP,UP,0.8251251873986504,1.3601470384242014,131.10000000000582,0.1655041191084363,0.1655041191084363,UP,0.181856013316697,0.1337032013298991,False,False,False,False,True,131.10000000000582,806.7799999999988,937.8800000000047,13.978334115239175,0.0,0.0,950.0,1.1987381703470033,HIGHER,1,1,2.0,OTD_UP,True,2,2,3,2,0,2,0,11,BULLISH,CARRY_LONG,4
2025-04-29,80300.0,80450.0,80200.0,250.0,80661.31,80122.02,539.2899999999936,False,False,False,False,80661.31,80122.02,80396.92,80241.71,56,NORMAL,DN,0.22193995809305522,1.0,246.50999999999476,0.30755925016477736,0.30755925016477736,UP,0.45710100317083147,0.45710100317083147,True,True,False,True,True,246.50999999999476,-155.20999999999185,91.30000000000291,269.9999999999857,150.0,33.33333333333333,100.0,0.12468827930174563,HIGHER,2,1,2.0,ORR_DN,False,2,0,1,2,1,0,0,6,BULLISH,NO_CARRY,0
2025-04-30,80300.0,80450.0,80200.0,250.0,80478.73,80055.87,422.8600000000006,True,True,True,False,80525.61,79879.15,80370.8,80016.19,59,DOUBLE_DIST,DN,0.21198527364416483,1.5287802109445336,129.0899999999965,0.1608764319703512,0.1608764319703512,UP,0.3052783427138919,0.19968752900410733,True,False,False,False,True,129.0899999999965,-354.6100000000006,-225.52000000000407,-57.24104292301977,250.0,100.0,0.0,0.0,OVERLAP,0,0,1.0,OA,False,0,1,0,2,0,1,1,5,BULLISH,NO_CARRY,0
2025-05-02,80400.0,80750.0,80250.0,500.0,81177.93,80235.36,942.5699999999924,False,True,False,True,81177.93,80168.59,80300.19,80501.99,90,FAILED_AUCTION,UP,0.3303148592149423,1.0708382401307113,284.0,0.3549281714113106,0.3549281714113106,UP,0.3013038819398053,0.2813719856539927,False,False,False,False,True,284.0,201.8000000000029,485.8000000000029,58.46027171675552,200.0,80.0,100.0,0.12453300124533001,HIGHER,1,1,2.0,OA,False,2,1,0,1,1,2,0,7,BULLISH,NO_CARRY,0
2025-05-05,80800.0,80950.0,80750.0,200.0,81009.64,80657.71,351.929999999993,True,False,True,False,81049.03,80657.71,80661.62,80816.8,51,FAILED_AUCTION,UP,0.40654707145047425,1.1119256670360589,159.6299999999901,0.1982932347386569,0.1982932347386569,UP,0.45358451964877466,0.4079270162526658,False,False,False,False,True,159.6299999999901,155.18000000000757,314.8099999999977,50.70677551538747,0.0,0.0,400.0,0.4975124378109453,HIGHER,2,1,4.0,OA,False,4,1,0,0,0,2,0,7,BULLISH,CARRY_LONG,3
2025-05-06,80550.0,80700.0,80500.0,200.0,80981.58,80549.66,431.91999999999825,False,True,False,False,80981.58,80481.03,80907.24,80487.55,47,NORMAL,DN,0.013025671761070895,1.1588951657714506,90.44000000000233,0.11190742518882502,0.11190742518882502,UP,0.20939062789406068,0.18068125062431686,True,False,False,False,True,90.44000000000233,-419.6900000000023,-329.25,-27.468488990129785,0.0,0.0,-250.0,-0.3094059405940594,LOWER,1,-1,2.0,OTD_DN,True,2,0,3,2,0,2,0,9,BULLISH,NO_CARRY,0
2025-05-07,80600.0,80800.0,80500.0,300.0,80844.63,79937.48,907.1500000000088,False,False,False,False,80844.63,79937.48,79948.8,80749.68,71,NORMAL,UP,0.8953315328225644,0.9999999999999999,-538.75,-0.669358180240298,0.669358180240298,DN,0.5938929614727385,0.5938929614727386,True,False,True,True,False,-538.75,800.8799999999901,262.1299999999901,-205.52779155381694,200.0,100.0,50.0,0.06207324643078833,OVERLAP,0,0,1.0,ORR_UP,False,0,0,1,2,2,0,0,5,BULLISH,NO_CARRY,0
2025-05-08,80750.0,80850.0,80450.0,400.0,80927.99,80657.3,270.6900000000023,False,True,False,False,80927.99,79987.61,80912.34,80003.84,56,TREND_DN,DN,0.017258980412169382,3.474010861132648,162.6600000000035,0.20143733077332754,0.20143733077332754,UP,0.6009087886512324,0.17297262808652109,True,True,False,True,True,162.6600000000035,-908.5,-745.8399999999965,-21.808967070685974,300.0,100.0,150.0,0.18610421836228289,WIDER,0,0,1.0,ORR_DN,False,0,4,1,2,1,2,2,12,BEARISH,CARRY_SHORT,4
2025-05-09,79450.0,79750.0,79350.0,400.0,80032.93,78968.34,1064.5899999999965,False,False,False,False,80032.93,78968.34,78968.34,79559.37,92,NORMAL,UP,0.5551714744643486,1.0,-1035.5,-1.294312872982097,1.294312872982097,DN,0.9726749264975281,0.9726749264975281,True,False,True,True,False,-1035.5,591.0299999999988,-444.47000000000116,232.97410398902002,0.0,0.0,-1300.0,-1.609907120743034,LOWER,1,-1,-1.0,OTHER,False,0,0,0,0,2,0,0,2,BEARISH,NO_CARRY,0
2025-05-12,81700.0,82400.0,81550.0,850.0,81830.65,80651.07,1179.5799999999872,True,False,False,False,82495.97,80651.07,80803.8,82404.81,78,NORMAL_VAR_UP,UP,0.9505881077565159,1.5640312653656507,1244.4300000000076,1.5641526573174316,1.5641526573174316,UP,1.0549771952729117,0.6745243644642048,False,True,False,True,True,1244.4300000000076,1601.0099999999948,2845.4400000000023,43.734185222672295,0.0,0.0,2250.0,2.8319697923222154,HIGHER,1,1,-1.0,OD_UP,True,0,2,4,2,2,2,1,13,BULLISH,CARRY_LONG,4
2025-05-13,81750.0,82150.0,81300.0,850.0,82572.81,81468.82,1103.9899999999907,False,True,False,False,82572.81,81043.69,82249.6,81193.04,108,NORMAL_VAR_DN,DN,0.09767055561368089,1.385085009827995,-155.20999999999185,-0.18835065574447882,0.18835065574447882,DN,0.14059004157645735,0.10150282515433212,True,False,False,False,True,-155.20999999999185,-1056.5600000000122,-1211.770000000004,12.808536273384497,600.0,70.58823529411765,50.0,0.06119951040391676,LOWER,1,-1,-1.0,OTD_DN,True,0,2,3,2,0,2,0,9,BEARISH,CARRY_SHORT,3
2025-05-14,81200.0,81600.0,81150.0,450.0,81664.2,81184.89,479.3099999999977,True,True,True,True,81691.87,80910.03,81278.49,81414.41,73,DOUBLE_DIST,UP,0.645119205975656,1.6311781519267285,85.45000000001164,0.10524301097730993,0.10524301097730993,UP,0.17827710667420263,0.1092934615778318,True,False,True,True,False,85.45000000001164,135.91999999999825,221.3700000000099,38.600533044228136,300.0,35.294117647058826,-550.0,-0.672782874617737,LOWER,2,-1,-2.0,ORR_UP,False,2,1,1,1,0,1,1,7,NEUTRAL,NO_CARRY,0
2025-05-15,81100.0,81900.0,80800.0,1100.0,81439.04,80762.16,676.8799999999901,True,False,False,False,82718.14,80762.16,81354.43,82463.15,113,TREND_UP,UP,0.8696356813464321,2.8896997990781594,-59.98000000001048,-0.0736724616686536,0.0736724616686536,DN,0.08861245715638127,0.030664935224291968,True,False,False,False,True,-59.98000000001048,1108.7200000000012,1048.7399999999907,-5.719244045236285,450.0,100.0,-100.0,-0.12315270935960591,WIDER,0,0,-2.0,OTD_UP,True,2,4,3,2,0,2,2,15,NEUTRAL,CARRY_LONG,3
2025-05-16,82250.0,82400.0,82200.0,200.0,82514.81,82201.49,313.31999999999243,False,True,False,True,82514.81,82146.95,82392.63,82299.5,52,FAILED_AUCTION,DN,0.4146958081879048,1.1740712370739483,-70.51999999998952,-0.0855169854656165,0.0855169854656165,DN,0.2250734073790094,0.1917033654107253,True,True,False,True,True,-70.51999999998952,-93.13000000000466,-163.64999999999418,43.091964558504145,0.0,0.0,1150.0,1.4180024660912454,HIGHER,1,1,0.0,OTHER,False,0,1,0,0,0,2,0,3,BEARISH,NO_CARRY,0
2025-05-19,82200.0,82400.0,82150.0,250.0,82380.08,82116.0,264.08000000000175,True,True,True,False,82424.1,81964.57,82354.92,82041.61,49,DOUBLE_DIST,DN,0.16764955498007483,1.7401166313238254,55.419999999998254,0.06733941275463187,0.06733941275463187,UP,0.20986064828838946,0.12060148412508083,True,False,False,False,True,55.419999999998254,-313.3099999999977,-257.8899999999994,-21.489782465391592,200.0,100.0,-50.0,-0.060790273556231005,OVERLAP,0,0,-1.0,OA,False,0,1,0,2,0,1,1,5,BEARISH,NO_CARRY,0
2025-05-20,81800.0,82300.0,81500.0,800.0,82250.42,81804.36,446.0599999999977,False,True,False,False,82250.42,81153.7,82116.17,81186.44,61,TREND_DN,DN,0.029852651542786858,2.458682688427581,74.55999999999767,0.09088071284802635,0.09088071284802635,UP,0.16715240102227966,0.06798453570646801,True,False,True,True,False,74.55999999999767,-929.7299999999959,-855.1699999999983,-8.718734286749749,150.0,60.0,-400.0,-0.48661800486618007,LOWER,1,-1,-1.0,OD_DN,True,0,4,4,2,0,2,1,13,BEARISH,CARRY_SHORT,4
2025-05-21,81600.0,81750.0,81350.0,400.0,81786.25,81255.73,530.5200000000041,True,True,True,True,82021.64,81237.06,81327.61,81596.63,74,FAILED_AUCTION,UP,0.4582961584542127,1.4788886375631376,141.16999999999825,0.17388371752721052,0.17388371752721052,UP,0.26609741385809615,0.17993066353972564,False,False,True,True,False,141.16999999999825,269.0200000000041,410.1900000000023,34.41575855091481,250.0,31.25,-200.0,-0.24449877750611246,LOWER,2,-1,-1.0,ORR_UP,False,0,1,1,0,0,1,0,3,BEARISH,NO_CARRY,0
2025-05-22,80800.0,81000.0,80600.0,400.0,81323.24,80727.11,596.1300000000047,False,True,False,True,81323.24,80489.92,81323.05,81009.61,69,NORMAL_VAR_DN,DN,0.6236379782076489,1.3978830120946781,-273.58000000000175,-0.3352834547211101,0.3352834547211101,DN,0.4589267441665402,0.32830125282004446,False,False,True,True,False,-273.58000000000175,-313.4400000000023,-587.0200000000041,46.60488569384346,0.0,0.0,-800.0,-0.9803921568627451,LOWER,3,-1,-2.0,ORR_UP,False,2,2,1,1,1,2,0,9,BEARISH,CARRY_SHORT,3
2025-05-23,81750.0,81900.0,81450.0,450.0,81625.65,80897.0,728.6499999999942,True,False,False,False,81905.17,80897.0,80897.0,81695.9,70,NORMAL_VAR_UP,UP,0.7924258805558543,1.3836135318740221,-112.61000000000058,-0.1390081991506941,0.1390081991506941,DN,0.15454607836410003,0.11169743198071831,True,False,False,False,True,-112.61000000000058,798.8999999999942,686.2899999999936,-16.40851535065375,0.0,0.0,950.0,1.1757425742574257,HIGHER,1,1,-2.0,OTD_UP,True,2,2,3,2,0,2,0,11,NEUTRAL,CARRY_LONG,3
2025-05-26,82100.0,82250.0,82000.0,250.0,82492.24,81867.23,625.0100000000093,False,False,False,False,82492.24,81867.23,81928.95,82184.54,66,NORMAL,UP,0.5076878769939568,1.0,233.0500000000029,0.28526523362861894,0.28526523362861894,UP,0.3728740340154549,0.3728740340154549,False,True,False,True,True,233.0500000000029,255.5899999999965,488.6399999999994,47.69359855926719,0.0,0.0,350.0,0.42813455657492355,HIGHER,2,1,-1.0,OTHER,False,0,0,0,0,1,0,0,1,BULLISH,NO_CARRY,0
2025-05-27,81550.0,81950.0,81300.0,650.0,82091.54,81261.96,829.5799999999872,True,True,True,True,82410.52,81121.7,82038.2,81551.63,111,DOUBLE_DIST,DN,0.3335842088111647,1.5535813303117565,-146.3399999999965,-0.17806268672915432,0.17806268672915432,DN,0.17640251693627954,0.11354572399558954,True,False,False,False,False,-146.3399999999965,-486.56999999999243,-632.9099999999889,23.121770867895762,0.0,0.0,-550.0,-0.6699147381242387,LOWER,1,-1,-1.0,OA,False,0,1,0,1,0,1,1,4,BEARISH,NO_CARRY,0
2025-05-28,81350.0,81500.0,81300.0,200.0,81613.36,81259.1,354.25999999999476,False,True,False,True,81613.36,81244.02,81457.61,81347.89,53,FAILED_AUCTION,DN,0.28123138571504935,1.0425676057133235,-94.02000000000407,-0.11528892800794303,0.11528892800794303,DN,0.26539829503755846,0.25456219201820807,True,False,False,False,False,-94.02000000000407,-109.72000000000116,-203.74000000000524,46.147050161971954,200.0,30.76923076923077,-200.0,-0.2452483139178418,OVERLAP,0,0,0.0,OTD_DN,True,0,1,3,1,0,2,0,7,BEARISH,CARRY_SHORT,3
2025-05-29,81300.0,81600.0,81200.0,400.0,81816.89,81436.89,380.0,False,True,False,True,81816.89,81106.98,81591.03,81795.35,59,NORMAL_VAR_DN,UP,0.969658125677912,1.8681842105263249,243.13999999999942,0.29888912914643445,0.29888912914643445,UP,0.6398421052631563,0.34249411897282506,True,True,False,True,True,243.13999999999942,204.32000000000698,447.4600000000064,54.3378179055102,200.0,100.0,-50.0,-0.06146281499692685,WIDER,0,0,1.0,OTHER,False,0,2,0,2,1,2,1,8,BULLISH,NO_CARRY,0
2025-05-30,81400.0,81550.0,81350.0,200.0,81698.21,81414.02,284.1900000000023,False,True,False,False,81698.21,81286.45,81465.69,81405.85,51,NORMAL_VAR_DN,DN,0.28997474256850114,1.4488898272282837,-329.6600000000035,-0.4030302456068755,0.4030302456068755,DN,1.159998592490942,0.800612006994356,False,False,False,False,True,-329.6600000000035,-59.83999999999651,-389.5,84.63671373555931,200.0,50.0,100.0,0.12300123001230012,NARROWER,0,0,0.0,OTD_DN,True,0,2,3,1,1,2,0,9,BEARISH,CARRY_SHORT,3
2025-06-02,81200.0,81400.0,80950.0,450.0,81285.85,80654.26,631.5900000000111,True,False,True,False,81474.26,80654.26,81214.42,81272.11,66,NORMAL_VAR_UP,UP,0.7534756097561046,1.298310612897585,-191.43000000000757,-0.2351550902054429,0.2351550902054429,DN,0.30309219588657865,0.23345121951220435,True,False,True,True,False,-191.43000000000757,57.69000000000233,-133.74000000000524,143.13593539703908,50.0,25.0,-200.0,-0.2457002457002457,LOWER,1,-1,-2.0,ORR_UP,False,2,2,1,2,1,2,0,10,NEUTRAL,CARRY_LONG,3
2025-06-03,81100.0,81300.0,80700.0,600.0,81774.23,80948.2,826.0299999999988,False,True,False,False,81774.23,80575.09,81492.5,80703.29,98,NORMAL_VAR_DN,DN,0.10690995213235915,1.4516906165635644,220.38999999999942,0.27117543767474406,0.27117543767474406,UP,0.2668062903284381,0.18379004953550004,True,True,False,True,True,220.38999999999942,-789.2100000000064,-568.820000000007,-38.74512147955358,350.0,77.77777777777779,-100.0,-0.12315270935960591,LOWER,2,-1,-2.0,ORR_DN,False,2,2,1,2,1,2,0,10,BEARISH,CARRY_SHORT,5
2025-06-04,80900.0,81050.0,80850.0,200.0,80967.68,80705.18,262.5,True,False,True,False,81087.29,80705.18,80777.65,80967.31,39,NORMAL_VAR_UP,UP,0.6860066473005267,1.455657142857145,74.36000000000058,0.09213998586674792,0.09213998586674792,UP,0.2832761904761927,0.19460364816414244,False,False,False,False,False,74.36000000000058,189.6600000000035,264.0200000000041,28.16453298992479,200.0,33.33333333333333,-200.0,-0.2466091245376079,NARROWER,0,0,-2.0,OA,False,2,2,0,1,0,2,0,7,BULLISH,NO_CARRY,0
2025-06-05,81300.0,81600.0,81250.0,350.0,81461.99,80983.73,478.2600000000093,True,False,True,False,81911.13,80983.73,81196.08,81442.19,67,NORMAL_VAR_UP,UP,0.4943497951261614,1.9391126165683743,228.77000000000407,0.28254612880186347,0.28254612880186347,UP,0.47833814243298545,0.24667888721156128,False,True,False,True,True,228.77000000000407,246.11000000000058,474.88000000000466,48.174275606469386,0.0,0.0,400.0,0.4944375772558714,HIGHER,1,1,-1.0,ORR_DN,False,0,2,1,0,1,2,1,7,BULLISH,NO_CARRY,0
2025-06-06,82150.0,82300.0,81550.0,750.0,81607.34,81140.11,467.2299999999959,True,False,False,False,82299.89,81140.11,81434.24,82176.23,61,TREND_UP,UP,0.8933763299936164,2.482246431093913,-7.94999999999709,-0.009761525322436798,0.009761525322436798,DN,0.017015174539300043,0.0068547483143329745,True,False,False,False,True,-7.94999999999709,741.9899999999907,734.0399999999936,-1.083047245381336,50.0,14.285714285714285,850.0,1.045510455104551,HIGHER,2,1,0.0,OTD_UP,True,0,4,3,2,0,2,1,12,BULLISH,CARRY_LONG,5
2025-06-09,82450.0,82600.0,82450.0,150.0,82669.0,82434.77,234.22999999999593,False,True,False,True,82669.0,82369.24,82574.55,82463.36,40,NORMAL_VAR_DN,DN,0.31398452095008333,1.279767749647782,398.320000000007,0.48471437543436463,0.48471437543436463,UP,1.7005507407249878,1.3287963704297237,False,True,False,True,True,398.320000000007,-111.19000000000233,287.13000000000466,138.7246195103265,0.0,0.0,300.0,0.36518563603164944,HIGHER,3,1,2.0,ORR_DN,False,2,2,1,1,1,2,0,9,NEUTRAL,NO_CARRY,0
2025-06-10,82450.0,82550.0,82350.0,200.0,82680.79,82240.4,440.3899999999994,False,False,False,False,82680.79,82240.4,82643.73,82343.37,48,NORMAL,DN,0.23381548173210404,1.0,180.36999999999534,0.21872744452808537,0.21872744452808537,UP,0.4095687912986116,0.4095687912986116,True,True,False,True,True,180.36999999999534,-300.3600000000006,-119.99000000000524,-150.3208600716622,100.0,66.66666666666666,0.0,0.0,LOWER,1,-1,2.0,ORR_DN,False,2,0,1,2,1,0,0,6,BULLISH,NO_CARRY,0
2025-06-11,82450.0,82700.0,82450.0,250.0,82563.25,82308.91,254.3399999999965,True,False,True,False,82783.51,82308.91,82473.02,82450.56,48,NORMAL_VAR_UP,DN,0.2984618626211479,1.8660061335220484,129.65000000000873,0.15745044197244873,0.15745044197244873,UP,0.5097507273728494,0.27317741255796696,True,False,False,False,True,129.65000000000873,-22.460000000006403,107.19000000000233,120.95344714992622,100.0,50.0,0.0,0.0,HIGHER,1,1,3.0,OA,False,4,2,0,1,0,2,1,10,BULLISH,CARRY_LONG,3
2025-06-12,82150.0,82700.0,81850.0,850.0,82661.04,82254.56,406.4799999999959,False,True,False,False,82661.04,81523.16,82571.67,81646.79,64,TREND_DN,DN,0.10864941821632437,2.7993505215508794,121.11000000000058,0.1468880259879382,0.1468880259879382,UP,0.2979482385357257,0.10643477343832534,True,False,False,False,True,121.11000000000058,-924.8800000000047,-803.7700000000041,-15.067743259887775,250.0,100.0,-300.0,-0.3638568829593693,OVERLAP,0,0,2.0,OTD_DN,True,2,4,3,2,0,2,2,15,NEUTRAL,CARRY_SHORT,3
2025-06-13,81000.0,81200.0,80850.0,350.0,80914.02,80354.59,559.4300000000076,True,False,False,False,81238.68,80354.59,80427.81,81162.47,61,NORMAL_VAR_UP,UP,0.9137983689443471,1.580340703930759,-1218.979999999996,-1.4929919473870266,1.4929919473870266,DN,2.178967878018661,1.3787962763972001,False,False,True,True,False,-1218.979999999996,734.6600000000035,-484.31999999999243,251.68896597291356,0.0,0.0,-1150.0,-1.399878271454656,LOWER,1,-1,0.0,ORR_UP,False,0,2,1,2,2,2,1,10,BULLISH,CARRY_LONG,4
2025-06-16,81700.0,81900.0,81350.0,550.0,81409.06,81012.31,396.75,True,False,False,False,81865.82,81012.31,81034.45,81774.26,62,TREND_UP,UP,0.892725334208139,2.1512539382482907,-128.02000000000407,-0.1577330014722372,0.1577330014722372,DN,0.3226717076244589,0.14999238438917256,True,False,False,False,True,-128.02000000000407,739.8099999999977,611.7899999999936,-20.925480965691726,0.0,0.0,700.0,0.8641975308641975,HIGHER,1,1,0.0,OTD_UP,True,0,4,3,2,0,2,1,12,BULLISH,CARRY_LONG,4
2025-06-17,81550.0,81650.0,81450.0,200.0,81890.15,81471.89,418.2599999999947,False,True,False,True,81890.15,81427.01,81869.47,81534.81,51,FAILED_AUCTION,DN,0.23275899296109825,1.1073016783818803,95.2100000000064,0.11643028013950404,0.11643028013950404,UP,0.22763352938365516,0.20557498812455527,True,False,False,False,True,95.2100000000064,-334.6600000000035,-239.4499999999971,-39.76195447901756,200.0,36.36363636363637,-150.0,-0.18359853121175032,NARROWER,0,0,1.0,OTD_DN,True,0,1,3,2,0,2,0,8,BULLISH,NO_CARRY,0
2025-06-18,81300.0,81600.0,81250.0,350.0,81858.97,81304.1,554.8699999999953,False,True,False,True,81858.97,81237.01,81314.62,81429.58,52,FAILED_AUCTION,UP,0.3096179818637935,1.120911204426283,-220.19000000000233,-0.2700564335650041,0.2700564335650041,DN,0.3968316903058449,0.3540259823782881,True,False,True,True,False,-220.19000000000233,114.9600000000064,-105.22999999999593,209.2464126199856,150.0,75.0,-250.0,-0.30656039239730226,LOWER,1,-1,-1.0,OD_DN,True,0,1,4,1,1,2,0,9,BEARISH,NO_CARRY,0
2025-06-19,81400.0,81500.0,81350.0,150.0,81583.94,81191.04,392.90000000000873,False,False,False,False,81583.94,81191.04,81403.94,81240.12,48,NORMAL,DN,0.12491728175108337,1.0,-25.639999999999418,-0.03148732929728904,0.03148732929728904,DN,0.06525833545431114,0.06525833545431114,True,False,False,False,True,-25.639999999999418,-163.82000000000698,-189.4600000000064,13.53319961997179,150.0,42.857142857142854,100.0,0.12300123001230012,NARROWER,0,0,-1.0,OA,False,0,0,0,2,0,0,0,2,BEARISH,NO_CARRY,0
2025-06-20,82150.0,82500.0,81850.0,650.0,81777.19,81323.2,453.9900000000053,True,False,False,False,82494.49,81323.2,81354.85,82323.37,65,TREND_UP,UP,0.8539046692108626,2.579990748694893,114.73000000001048,0.14122332660268164,0.14122332660268164,UP,0.2527148175070137,0.09795183088732054,False,False,False,False,False,114.73000000001048,968.5199999999895,1083.25,10.591276252020352,0.0,0.0,750.0,0.9213759213759214,HIGHER,1,1,1.0,OTD_UP,True,0,4,3,2,0,2,2,13,BULLISH,CARRY_LONG,4
2025-06-23,81800.0,82050.0,81650.0,400.0,81984.44,81476.76,507.6800000000076,True,False,True,False,82169.67,81476.76,81704.07,81860.73,56,NORMAL_VAR_UP,UP,0.5541412304628296,1.364855814686403,-619.2999999999884,-0.7522772695043806,0.7522772695043806,DN,1.2198629057673713,0.8937668672698983,False,False,True,True,False,-619.2999999999884,156.65999999998894,-462.6399999999994,133.86218225834108,200.0,30.76923076923077,-350.0,-0.426049908703591,LOWER,1,-1,-1.0,OTHER,False,0,2,0,0,2,2,0,6,BULLISH,NO_CARRY,0
2025-06-24,82650.0,83000.0,82300.0,700.0,82835.39,82360.04,475.3500000000058,True,True,True,False,83018.16,81900.12,82534.61,82160.94,92,DOUBLE_DIST,DN,0.23328324567994443,2.352035342379288,673.8800000000047,0.8232030181016033,0.8232030181016033,UP,1.417650152519189,0.6027333547994703,False,True,False,True,True,673.8800000000047,-373.66999999999825,300.2100000000064,224.4695379900704,0.0,0.0,850.0,1.039119804400978,HIGHER,1,1,0.0,ORR_DN,False,0,1,1,2,2,1,1,8,NEUTRAL,NO_CARRY,0
2025-06-25,82600.0,82800.0,82550.0,250.0,82614.01,82339.57,274.4399999999878,True,False,False,False,82815.91,82339.57,82448.8,82734.7,41,NORMAL_VAR_UP,UP,0.829512533064603,1.7356799300394175,287.8600000000006,0.3503611326744808,0.3503611326744808,UP,1.0488995773211391,0.6043162446991701,False,False,False,False,False,287.8600000000006,285.8999999999942,573.7599999999948,50.17080312325767,250.0,35.714285714285715,-50.0,-0.06049606775559589,NARROWER,0,0,1.0,OTD_UP,True,0,2,3,2,1,2,1,11,BULLISH,CARRY_LONG,4
2025-06-26,83150.0,83500.0,82950.0,550.0,83380.98,82816.26,564.7200000000012,True,False,False,False,83812.09,82816.26,82882.92,83708.93,69,NORMAL_VAR_UP,UP,0.8964080214494409,1.7634048732115024,148.22000000000116,0.1791509487554813,0.1791509487554813,UP,0.262466355007793,0.14884066557545053,False,True,False,True,True,148.22000000000116,826.0099999999948,974.2299999999959,15.21406649353867,0.0,0.0,550.0,0.665859564164649,HIGHER,1,1,2.0,OD_UP,True,2,2,4,2,0,2,1,13,BULLISH,CARRY_LONG,4
2025-06-27,83950.0,84050.0,83800.0,250.0,83985.09,83645.41,339.679999999993,True,False,False,False,84089.35,83645.41,83774.45,84032.02,44,NORMAL_VAR_UP,UP,0.8708609271523147,1.3069359397079943,65.52000000000407,0.07827121909216146,0.07827121909216146,UP,0.1928874234573876,0.14758751182593083,True,True,False,True,True,65.52000000000407,257.570000000007,323.09000000001106,20.279179176081534,0.0,0.0,800.0,0.9621166566446182,HIGHER,2,1,2.0,OD_UP,True,2,2,4,2,0,2,0,12,BULLISH,CARRY_LONG,5
2025-06-30,83750.0,83950.0,83550.0,400.0,84099.53,83734.82,364.70999999999185,False,True,False,False,84099.53,83482.13,84027.33,83597.98,53,NORMAL_VAR_DN,DN,0.1876417233559967,1.6928518548984344,-4.690000000002328,-0.005581205830827735,0.005581205830827735,DN,0.012859532231094385,0.007596371882090011,True,False,False,False,True,-4.690000000002328,-429.3500000000058,-434.04000000000815,1.0805455718372132,150.0,60.0,-200.0,-0.23823704586063135,LOWER,1,-1,2.0,OTD_DN,True,2,2,3,2,0,2,1,12,BEARISH,CARRY_SHORT,4
2025-07-01,83650.0,83750.0,83600.0,150.0,83874.29,83597.51,276.77999999999884,False,True,False,True,83874.29,83572.51,83685.66,83640.88,42,FAILED_AUCTION,DN,0.22655576910335395,1.0903244454079055,87.68000000000757,0.10488291702743005,0.10488291702743005,UP,0.31678589493463377,0.2905427795082772,True,False,False,False,False,87.68000000000757,-44.779999999998836,42.90000000000873,204.38228438226042,150.0,37.5,-100.0,-0.11940298507462686,NARROWER,0,0,1.0,OTD_DN,True,0,1,3,2,0,2,0,8,BULLISH,NO_CARRY,0
2025-07-02,83500.0,83850.0,83300.0,550.0,83935.01,83649.74,285.2699999999895,False,True,False,False,83935.01,83150.77,83790.72,83390.26,48,NORMAL_VAR_DN,DN,0.3053784555748158,2.7491148736285607,149.8399999999965,0.17914684780934456,0.17914684780934456,UP,0.5252567742840187,0.19106396001223896,True,True,False,True,True,149.8399999999965,-400.4600000000064,-250.6200000000099,-59.78772643842893,150.0,100.0,-150.0,-0.17931858936043038,WIDER,0,0,1.0,ORR_DN,False,0,2,1,1,0,2,2,8,BEARISH,NO_CARRY,0
2025-07-03,83600.0,83800.0,83400.0,400.0,83778.41,83348.49,429.91999999999825,True,True,True,False,83850.09,83186.74,83540.74,83257.05,63,DOUBLE_DIST,DN,0.10599231175095891,1.5429614812057917,150.48000000001048,0.18045272913168814,0.18045272913168814,UP,0.3500186081131631,0.22684857164394734,True,False,False,False,True,150.48000000001048,-283.6900000000023,-133.20999999999185,-112.96449215525837,400.0,72.72727272727273,100.0,0.11976047904191617,NARROWER,0,0,0.0,OA,False,0,1,0,2,0,1,1,5,NEUTRAL,NO_CARRY,0
2025-07-04,83200.0,83350.0,83100.0,250.0,83441.95,83102.55,339.3999999999942,True,True,False,True,83477.86,83015.83,83306.81,83467.81,45,FAILED_AUCTION,UP,0.9782481657035194,1.3613140836770972,49.75999999999476,0.059766710446736655,0.059766710446736655,UP,0.14661166764877906,0.10769863428780574,True,False,True,True,False,49.75999999999476,161.0,210.75999999999476,23.609793129624215,0.0,0.0,-400.0,-0.4784688995215311,LOWER,1,-1,-2.0,ORR_UP,False,2,1,1,2,0,1,0,7,NEUTRAL,NO_CARRY,0
2025-07-07,83350.0,83450.0,83300.0,150.0,83516.82,83262.23,254.59000000001103,False,False,False,False,83516.82,83262.23,83398.08,83407.19,44,NORMAL,UP,0.5693860717231631,1.0000000000000002,-69.72999999999593,-0.08354118791423416,0.08354118791423416,DN,0.27389135472718057,0.27389135472718057,True,True,False,True,True,-69.72999999999593,9.110000000000582,-60.61999999999534,115.02804354998561,50.0,20.0,150.0,0.18028846153846154,HIGHER,1,1,0.0,OTHER,False,0,0,0,0,0,0,0,0,NEUTRAL,NO_CARRY,0
2025-07-08,83450.0,83600.0,83400.0,200.0,83561.8,83320.95,240.85000000000585,True,False,False,False,83812.31,83320.95,83387.03,83708.94,43,TREND_UP,UP,0.789624715076532,2.0401079510068034,-20.160000000003492,-0.02417057810004568,0.02417057810004568,DN,0.08370354992735314,0.04102898078802399,True,False,False,False,True,-20.160000000003492,321.9100000000035,301.75,-6.681027340514828,50.0,33.33333333333333,100.0,0.11997600479904018,HIGHER,2,1,1.0,OTD_UP,True,0,4,3,2,0,2,1,12,BULLISH,CARRY_LONG,5
2025-07-09,83650.0,83800.0,83600.0,200.0,83741.78,83519.41,222.36999999999537,True,True,True,False,83781.36,83382.28,83625.89,83516.96,45,DOUBLE_DIST,DN,0.33747619524909034,1.7946665467464589,-83.05000000000291,-0.0992128200404914,0.0992128200404914,DN,0.3734766380357271,0.20810363836825335,True,True,False,True,True,-83.05000000000291,-108.92999999999302,-191.97999999999593,43.25971455360177,0.0,0.0,200.0,0.2396644697423607,HIGHER,3,1,2.0,ORR_DN,False,2,1,1,1,0,1,1,7,NEUTRAL,NO_CARRY,0
2025-07-10,83300.0,83400.0,83150.0,250.0,83742.28,83330.28,412.0,False,True,False,False,83742.28,83134.97,83658.2,83152.18,48,NORMAL_VAR_DN,DN,0.02833808104591052,1.4740533980582469,141.2399999999907,0.16911535094188135,0.16911535094188135,UP,0.3428155339805599,0.2325665640282413,True,False,False,False,True,141.2399999999907,-506.0200000000041,-364.7800000000134,-38.71922802784843,0.0,0.0,-350.0,-0.41841004184100417,LOWER,1,-1,1.0,OTD_DN,True,0,2,3,2,0,2,0,9,BEARISH,CARRY_SHORT,3
2025-07-11,82500.0,82800.0,82450.0,350.0,83040.74,82791.83,248.9100000000035,False,True,False,False,83040.74,82442.25,82820.76,82457.61,48,TREND_DN,DN,0.025664589216194838,2.4044433731067327,-331.41999999999825,-0.39857042833994044,0.39857042833994044,DN,1.3314852758024731,0.553760296746805,False,False,True,True,False,-331.41999999999825,-363.1499999999942,-694.5699999999924,47.71585297378261,0.0,0.0,-800.0,-0.9603841536614646,LOWER,2,-1,1.0,OD_DN,True,0,4,4,2,1,2,1,14,BEARISH,CARRY_SHORT,5
2025-07-14,82100.0,82300.0,82050.0,250.0,82537.87,82109.44,428.429999999993,False,True,False,True,82537.87,82010.38,82537.87,82251.49,54,NORMAL_VAR_DN,DN,0.4570892339191356,1.2312163013794535,80.25999999999476,0.09733486090610043,0.09733486090610043,UP,0.18733515393412242,0.15215454321408212,True,False,False,False,True,80.25999999999476,-286.3799999999901,-206.11999999999534,-38.938482437413434,0.0,0.0,-400.0,-0.48484848484848486,LOWER,3,-1,-1.0,OA,False,0,2,0,0,0,2,0,4,BEARISH,CARRY_SHORT,3
2025-07-15,82550.0,82700.0,82400.0,300.0,82462.38,82221.74,240.63999999999945,True,False,False,False,82743.62,82221.74,82233.16,82616.43,50,TREND_UP,UP,0.7562849697248318,2.168716755319113,-18.330000000001746,-0.022285310576138796,0.022285310576138796,DN,0.07617187500000744,0.03512301678547194,True,False,False,False,True,-18.330000000001746,383.2699999999895,364.9399999999878,-5.022743464679772,0.0,0.0,450.0,0.5481120584652862,HIGHER,1,1,-1.0,OTD_UP,True,0,4,3,2,0,2,1,12,BULLISH,CARRY_LONG,4
2025-07-16,82350.0,82650.0,82350.0,300.0,82634.96,82371.52,263.4400000000023,True,True,True,True,82784.75,82342.94,82534.66,82623.88,46,DOUBLE_DIST,UP,0.635884203616948,1.6770801700576745,-81.76999999998952,-0.09897547013347045,0.09897547013347045,DN,0.3103932584269238,0.1850795590864624,True,False,False,False,False,-81.76999999998952,89.22000000000116,7.4500000000116415,-1097.5838926155939,250.0,83.33333333333334,-200.0,-0.24227740763173833,LOWER,1,-1,-3.0,OA,False,4,1,0,1,0,1,1,8,BEARISH,NO_CARRY,0
2025-07-17,82450.0,82600.0,82350.0,250.0,82757.09,82455.49,301.59999999999127,False,True,False,False,82757.09,82219.27,82753.53,82271.45,40,NORMAL_VAR_DN,DN,0.09702130824438242,1.783222811671114,129.64999999999418,0.15691589404902576,0.15691589404902576,UP,0.42987400530503295,0.24106578409132423,True,True,False,True,True,129.64999999999418,-482.08000000000175,-352.43000000000757,-36.78744715262361,250.0,83.33333333333334,100.0,0.12143290831815423,OVERLAP,0,0,-2.0,ORR_DN,False,2,2,1,2,0,2,1,10,BEARISH,CARRY_SHORT,4
2025-07-18,81700.0,81900.0,81600.0,300.0,82334.75,81885.15,449.6000000000058,False,True,False,False,82334.75,81608.13,82193.62,81740.09,54,NORMAL_VAR_DN,DN,0.1816079931738635,1.616147686832709,-77.83000000000175,-0.0946014686747368,0.0946014686747368,DN,0.17310943060498385,0.10711238336407235,True,False,True,True,False,-77.83000000000175,-453.52999999999884,-531.3600000000006,14.647320084312268,0.0,0.0,-750.0,-0.9096422073984234,LOWER,1,-1,-2.0,OD_DN,True,2,2,4,2,0,2,1,13,BEARISH,CARRY_SHORT,4
2025-07-21,82050.0,82200.0,81900.0,300.0,82153.61,81518.66,634.9499999999971,True,False,False,False,82274.03,81518.66,81918.53,82245.56,61,NORMAL,UP,0.9623098613924285,1.189652728561302,178.44000000000233,0.2183016925966222,0.2183016925966222,UP,0.28103000236239567,0.2362286032010848,True,True,False,True,True,178.44000000000233,327.02999999999884,505.47000000000116,35.301798326310546,0.0,0.0,350.0,0.42839657282741733,HIGHER,1,1,0.0,OD_UP,True,0,0,4,2,1,2,0,9,BULLISH,CARRY_LONG,3
2025-07-22,82250.0,82400.0,82200.0,200.0,82538.17,82245.64,292.52999999999884,False,True,False,False,82538.17,82110.63,82527.43,82180.05,46,NORMAL_VAR_DN,DN,0.1623707723253948,1.461525313643029,281.86999999999534,0.34271758864550905,0.34271758864550905,UP,0.9635592930639472,0.6592833419095279,True,True,False,True,True,281.86999999999534,-347.3799999999901,-65.50999999999476,-430.2701877576216,0.0,0.0,200.0,0.2437538086532602,HIGHER,2,1,0.0,ORR_DN,False,0,2,1,2,1,2,0,8,BEARISH,CARRY_SHORT,3
2025-07-23,82350.0,82650.0,82300.0,350.0,82475.45,82279.73,195.72000000000116,True,False,False,False,82786.43,82279.73,82451.87,82680.58,41,TREND_UP,UP,0.7910992697848986,2.5889025137951873,271.81999999999243,0.3307615412743025,0.3307615412743025,UP,1.3888207643571981,0.5364515492401697,False,True,False,True,True,271.81999999999243,228.7100000000064,500.52999999999884,54.30643517870918,100.0,50.0,100.0,0.12158054711246201,HIGHER,3,1,2.0,OD_UP,True,2,4,4,2,1,2,2,17,BULLISH,CARRY_LONG,5
2025-07-24,82200.0,82500.0,82050.0,450.0,82784.24,82456.37,327.8700000000099,False,True,False,False,82784.24,82047.22,82779.95,82147.36,51,TREND_DN,DN,0.13587148245637684,2.2479031323389815,99.36999999999534,0.12018541718018347,0.12018541718018347,UP,0.30307743922893937,0.13482673468833248,True,True,False,True,True,99.36999999999534,-632.5899999999965,-533.2200000000012,-18.635835114961015,200.0,57.14285714285714,-150.0,-0.18214936247723132,LOWER,1,-1,1.0,ORR_DN,False,0,4,1,2,0,2,1,10,BEARISH,CARRY_SHORT,4
2025-07-25,81500.0,81750.0,81400.0,350.0,82069.51,81721.69,347.81999999999243,False,True,False,False,82069.51,81397.69,82065.76,81451.94,59,NORMAL_VAR_DN,DN,0.08075079634425979,1.9315163015352972,-81.60000000000582,-0.09933368522129721,0.09933368522129721,DN,0.23460410557186934,0.12146110565331002,False,False,False,False,False,-81.60000000000582,-613.8199999999924,-695.4199999999983,11.733916194530792,0.0,0.0,-700.0,-0.851581508515815,LOWER,2,-1,1.0,OTD_DN,True,0,2,3,2,0,2,1,10,BEARISH,CARRY_SHORT,5
2025-07-28,81250.0,81600.0,81050.0,550.0,81478.05,81093.51,384.54000000000815,True,True,True,False,81557.41,80776.44,81299.97,80868.66,61,DOUBLE_DIST,DN,0.11808392127738714,2.030920060331785,-151.97000000000116,-0.1865762804421861,0.1865762804421861,DN,0.3951994590939771,0.194591341536808,True,False,True,True,False,-151.97000000000116,-431.3099999999977,-583.2799999999988,26.054382114936477,200.0,57.14285714285714,-250.0,-0.3067484662576687,LOWER,3,-1,-1.0,OTHER,False,0,1,0,2,0,1,1,5,BEARISH,CARRY_SHORT,3
2025-07-29,80900.0,81100.0,80600.0,500.0,80990.72,80575.45,415.2700000000041,True,False,False,False,81429.88,80575.45,80620.25,81303.0,64,TREND_UP,UP,0.8515033414088884,2.057528836660484,-248.4100000000035,-0.30717709431565143,0.30717709431565143,DN,0.5981891299636407,0.2907318329178532,True,False,True,True,False,-248.4100000000035,682.75,434.3399999999965,-57.19252198738442,50.0,9.090909090909092,-350.0,-0.43076923076923074,LOWER,4,-1,-3.0,ORR_UP,False,4,4,1,2,1,2,1,15,BEARISH,CARRY_LONG,3
2025-07-30,81450.0,81600.0,81350.0,250.0,81618.96,81307.27,311.6900000000023,False,True,False,True,81618.96,81187.06,81594.52,81464.4,55,NORMAL_VAR_DN,DN,0.6421393841166726,1.3856716609451876,291.5200000000041,0.3585599547372226,0.3585599547372226,UP,0.9352882671885588,0.6749710581153002,True,True,False,True,True,291.5200000000041,-130.1200000000099,161.39999999999418,180.61957868650222,0.0,0.0,550.0,0.6798516687268232,HIGHER,1,1,-3.0,OTHER,False,4,2,0,1,1,2,0,10,BEARISH,CARRY_SHORT,3
2025-07-31,80900.0,81600.0,80900.0,700.0,81050.83,80695.15,355.68000000000757,True,False,False,False,81803.27,80695.15,80695.5,81198.28,70,NORMAL_VAR_UP,UP,0.45403927372486746,3.1154970760233534,-768.8999999999942,-0.9438478648342028,0.9438478648342028,DN,2.16177462887983,0.6938779193589028,True,False,True,True,False,-768.8999999999942,502.77999999999884,-266.11999999999534,288.929806102513,250.0,100.0,-550.0,-0.6752608962553714,OVERLAP,0,0,-2.0,OTHER,False,2,2,0,0,2,2,2,10,BEARISH,NO_CARRY,0
2025-08-01,80850.0,81100.0,80750.0,350.0,81183.52,80892.69,290.83000000000175,True,True,True,False,81317.51,80495.57,81074.41,80584.32,69,DOUBLE_DIST,DN,0.10797625130788296,2.8261871196230883,-123.86999999999534,-0.15255249249121453,0.15255249249121453,DN,0.4259189217068205,0.1507044309803601,True,False,False,False,True,-123.86999999999534,-490.0899999999965,-613.9599999999919,20.17558147110512,200.0,28.57142857142857,-50.0,-0.061804697156983925,LOWER,1,-1,-2.0,OA,False,2,1,0,2,0,1,2,8,BEARISH,NO_CARRY,0
2025-08-04,80900.0,81050.0,80700.0,350.0,80902.93,80500.51,402.41999999999825,True,False,False,False,81093.19,80500.51,80765.83,81042.94,62,NORMAL_VAR_UP,UP,0.9152156306944736,1.472789622782193,181.50999999999476,0.2252423300215163,0.2252423300215163,UP,0.4510461706674508,0.30625295268946556,True,False,False,False,False,181.50999999999476,277.1100000000006,458.61999999999534,39.57742793598112,300.0,85.71428571428571,50.0,0.06184291898577613,LOWER,2,-1,-2.0,OTD_UP,True,2,2,3,2,1,2,0,12,BULLISH,CARRY_LONG,4
2025-08-05,80650.0,80750.0,80550.0,200.0,81010.49,80558.94,451.5500000000029,False,True,False,True,81010.49,80554.4,80946.43,80739.04,55,FAILED_AUCTION,DN,0.40483237957419577,1.0100542575573206,-96.51000000000931,-0.11908501838656063,0.11908501838656063,DN,0.2137304838888466,0.21160297309743029,False,False,False,False,True,-96.51000000000931,-207.38999999999942,-303.90000000000873,31.75715695952831,50.0,14.285714285714285,-250.0,-0.30902348578491967,LOWER,3,-1,-2.0,OA,False,2,1,0,0,0,2,0,5,BEARISH,CARRY_SHORT,3
2025-08-06,80600.0,80750.0,80500.0,250.0,80834.43,80544.95,289.4799999999959,False,True,False,True,80834.43,80448.82,80694.98,80553.92,48,NORMAL_VAR_DN,DN,0.2725551723243564,1.3320782092026788,-44.05999999999767,-0.05457087426355042,0.05457087426355042,DN,0.15220395191377054,0.11426052228935782,True,False,False,False,True,-44.05999999999767,-141.05999999999767,-185.11999999999534,23.800777873810922,200.0,100.0,-50.0,-0.06199628022318661,OVERLAP,0,0,-3.0,OTD_DN,True,4,2,3,1,0,2,0,12,BEARISH,CARRY_SHORT,4
2025-08-07,80150.0,80350.0,79950.0,400.0,80421.84,80204.54,217.3000000000029,True,True,False,True,80737.55,79811.29,80262.98,80708.17,61,DOUBLE_DIST,UP,0.9682810441992482,4.262586286240206,-290.9400000000023,-0.36117422963401696,0.36117422963401696,DN,1.338886332259542,0.3141018720445657,True,False,True,True,False,-290.9400000000023,445.1900000000023,154.25,-188.61588330632242,0.0,0.0,-450.0,-0.5583126550868486,LOWER,1,-1,-4.0,ORR_UP,False,4,1,1,2,1,1,2,12,BEARISH,NO_CARRY,0
2025-08-08,80100.0,80250.0,79950.0,300.0,80550.4,80102.99,447.40999999998894,False,True,False,False,80550.4,79775.84,80478.01,79837.24,54,NORMAL_VAR_DN,DN,0.07927081181575206,1.7312085112089959,-230.1600000000035,-0.28517559003010906,0.28517559003010906,DN,0.5144274826222238,0.29714934930799963,False,True,False,True,True,-230.1600000000035,-640.7699999999895,-870.929999999993,26.42692294443932,300.0,75.0,-50.0,-0.06238303181534623,OVERLAP,0,0,-3.0,ORR_DN,False,4,2,1,2,1,2,1,13,BEARISH,CARRY_SHORT,4
2025-08-11,80050.0,80400.0,79900.0,500.0,80059.46,79772.46,287.0,True,False,False,False,80636.05,79772.46,79885.36,80514.19,54,TREND_UP,UP,0.8588913720631306,3.0090243902438902,48.11999999999534,0.06027262465485447,0.06027262465485447,UP,0.16766550522646462,0.05572088606861536,True,False,True,True,False,48.11999999999534,628.8300000000017,676.9499999999971,7.108353645024825,300.0,100.0,-50.0,-0.062421972534332085,WIDER,0,0,-2.0,ORR_UP,False,2,4,1,2,0,2,2,13,BULLISH,CARRY_LONG,4
2025-08-12,80550.0,80750.0,80400.0,350.0,80997.67,80398.23,599.4400000000023,False,True,False,False,80997.67,80164.36,80508.51,80268.14,67,NORMAL_VAR_DN,DN,0.1245394871056379,1.3901474709728987,-5.680000000007567,-0.00705465707350166,0.00705465707350166,DN,0.009475510476457269,0.006816190853352993,True,True,False,True,True,-5.680000000007567,-240.36999999999534,-246.0500000000029,2.308473887424304,0.0,0.0,500.0,0.6246096189881324,HIGHER,1,1,0.0,ORR_DN,False,0,2,1,2,0,2,0,7,BEARISH,CARRY_SHORT,3
2025-08-13,80450.0,80600.0,80350.0,250.0,80563.38,80330.33,233.0500000000029,True,True,False,True,80683.74,80319.0,80492.17,80579.98,50,DOUBLE_DIST,UP,0.7155233865218845,1.565071872988632,224.02999999999884,0.27910201980511673,0.27910201980511673,UP,0.961295859257653,0.6142183473158842,False,False,False,False,False,224.02999999999884,87.80999999999767,311.8399999999965,71.84132888660895,200.0,57.14285714285714,-100.0,-0.12414649286157665,LOWER,1,-1,-1.0,OA,False,0,1,0,1,1,1,1,5,BULLISH,NO_CARRY,0
2025-08-14,80600.0,80700.0,80550.0,150.0,80741.34,80489.86,251.47999999999593,True,False,True,False,80751.18,80489.86,80625.28,80547.36,47,FAILED_AUCTION,DN,0.22003673656819864,1.0391283601081465,45.30000000000291,0.056217437631534424,0.056217437631534424,UP,0.18013360903453016,0.17335068115721805,True,True,False,True,True,45.30000000000291,-77.91999999999825,-32.61999999999534,-138.87185775600668,50.0,20.0,150.0,0.18645121193287756,HIGHER,1,1,1.0,ORR_DN,False,0,1,1,2,0,2,0,6,BULLISH,NO_CARRY,0
2025-08-18,81400.0,81650.0,81350.0,300.0,81765.77,81315.79,449.9800000000105,False,True,False,False,81765.77,81202.42,81315.79,81298.52,54,NORMAL_VAR_DN,DN,0.1705866690334691,1.2519445308680224,768.429999999993,0.9540101624683825,0.9540101624683825,UP,1.7076981199163854,1.364036566965448,False,True,False,True,True,768.429999999993,-17.269999999989523,751.1600000000035,102.29911070876902,0.0,0.0,800.0,0.9925558312655087,HIGHER,2,1,2.0,ORR_DN,False,2,2,1,2,2,2,0,11,NEUTRAL,CARRY_SHORT,3
2025-08-19,81450.0,81700.0,81400.0,300.0,81512.36,81315.44,196.91999999999825,True,False,False,False,81755.88,81315.44,81319.11,81706.98,48,TREND_UP,UP,0.8889746617019152,2.236644322567572,20.589999999996508,0.025326414306184798,0.025326414306184798,UP,0.10456022750353794,0.046748705839606754,False,False,True,True,False,20.589999999996508,387.86999999999534,408.45999999999185,5.0408852764033,250.0,83.33333333333334,50.0,0.06142506142506143,HIGHER,3,1,3.0,ORR_UP,False,4,4,1,2,0,2,1,14,BULLISH,CARRY_LONG,5
2025-08-20,81800.0,82000.0,81650.0,350.0,81713.4,81494.5,218.89999999999415,True,False,False,False,81985.62,81494.5,81671.47,81830.96,44,NORMAL_VAR_UP,UP,0.6850871477439517,2.2435815440840954,-35.50999999999476,-0.043460179289449646,0.043460179289449646,DN,0.16222019186841347,0.07230412119236662,True,False,False,False,True,-35.50999999999476,159.49000000000524,123.98000000001048,-28.64171640586527,50.0,16.666666666666664,350.0,0.42971147943523635,HIGHER,4,1,3.0,OA,False,4,2,0,1,0,2,1,10,BULLISH,CARRY_LONG,4
2025-08-21,82100.0,82200.0,82000.0,200.0,82231.17,81921.22,309.9499999999971,False,False,False,False,82231.17,81921.22,82220.46,81981.29,45,NORMAL,DN,0.19380545249231487,1.0,389.5,0.4759812178666852,0.4759812178666852,UP,1.2566542990805087,1.2566542990805087,False,True,False,True,True,389.5,-239.1700000000128,150.3299999999872,259.0966540278276,0.0,0.0,300.0,0.36674816625916873,HIGHER,5,1,5.0,ORR_DN,False,4,0,1,2,1,0,0,8,BULLISH,NO_CARRY,0
2025-08-22,81450.0,81650.0,81350.0,300.0,81993.61,81551.86,441.75,False,True,False,False,81993.61,81291.77,81951.48,81329.54,46,NORMAL_VAR_DN,DN,0.053815684486477985,1.5887719298245535,-29.80999999999767,-0.03636195527052291,0.03636195527052291,DN,0.06748160724391097,0.04247406816368093,True,False,True,True,False,-29.80999999999767,-621.9400000000023,-651.75,4.5738396624469,0.0,0.0,-650.0,-0.7917174177831912,LOWER,1,-1,3.0,OD_DN,True,4,2,4,2,0,2,1,15,BEARISH,CARRY_SHORT,4
2025-08-25,81550.0,81750.0,81500.0,250.0,81639.11,81387.2,251.9100000000035,True,True,False,True,81799.06,81364.86,81501.06,81667.03,45,DOUBLE_DIST,UP,0.6959235375403047,1.72363145567858,171.52000000000407,0.21089508190997278,0.21089508190997278,UP,0.6808780913818494,0.39502533394750167,False,False,False,False,True,171.52000000000407,165.97000000000116,337.49000000000524,50.82224658508442,150.0,50.0,100.0,0.12277470841006752,HIGHER,1,1,3.0,OA,False,4,1,0,1,1,1,1,9,BULLISH,NO_CARRY,0
2025-08-26,81050.0,81150.0,80900.0,250.0,81450.28,80947.26,503.0200000000041,False,True,False,False,81450.28,80685.98,81377.39,80820.08,55,NORMAL_VAR_DN,DN,0.17545466439880322,1.5194226869706904,-289.6399999999994,-0.35465964661626537,0.35465964661626537,DN,0.5758021549838914,0.3789611409132517,False,False,True,True,False,-289.6399999999994,-557.3099999999977,-846.9499999999971,34.198004604758296,0.0,0.0,-500.0,-0.6131207847946045,LOWER,1,-1,1.0,OD_DN,True,0,2,4,2,1,2,1,12,BEARISH,CARRY_SHORT,4
2025-08-28,80200.0,80550.0,80150.0,400.0,80775.71,80093.52,682.1900000000023,False,True,False,True,80775.71,80013.02,80754.66,80204.43,69,FAILED_AUCTION,DN,0.25096697216429786,1.1180023160703025,-65.41999999999825,-0.08094523044272939,0.08094523044272939,DN,0.09589703748222347,0.08577534778218943,False,False,True,True,False,-65.41999999999825,-550.2300000000105,-615.6500000000087,10.626167465280163,0.0,0.0,-850.0,-1.0487353485502777,LOWER,2,-1,-1.0,OD_DN,True,0,1,4,1,0,2,0,8,BEARISH,CARRY_SHORT,4
2025-08-29,80150.0,80300.0,80000.0,300.0,80277.68,79944.67,333.00999999999476,True,True,True,False,80310.74,79741.76,80010.83,79872.45,56,DOUBLE_DIST,DN,0.22969172905901775,1.708597339419295,-193.59999999999127,-0.2413831754679776,0.2413831754679776,DN,0.581363923005298,0.3402580055537764,True,False,True,True,False,-193.59999999999127,-138.38000000000466,-331.9799999999959,58.31676607024329,150.0,37.5,-50.0,-0.062344139650872814,LOWER,3,-1,-3.0,OTHER,False,4,1,0,2,1,1,1,10,BEARISH,CARRY_SHORT,4
2025-09-01,80150.0,80350.0,80050.0,300.0,80233.22,79818.38,414.8399999999965,True,False,False,False,80406.84,79818.38,79828.99,80376.71,45,NORMAL_VAR_UP,UP,0.948798558950497,1.4185228039726083,-43.45999999999185,-0.05441175273826188,0.05441175273826188,DN,0.10476328222927446,0.07385378785302732,True,False,True,True,False,-43.45999999999185,547.7200000000012,504.2600000000093,-8.618569785426375,250.0,83.33333333333334,0.0,0.0,HIGHER,1,1,-1.0,ORR_UP,False,0,2,1,2,0,2,0,7,BULLISH,CARRY_LONG,3
2025-09-02,80650.0,80800.0,80250.0,550.0,80748.94,80414.97,333.97000000000116,True,True,True,False,80761.14,80008.5,80520.09,80166.47,53,DOUBLE_DIST,DN,0.20988786139455953,2.2536155942150398,143.3799999999901,0.17838500729874376,0.17838500729874376,UP,0.4293199988022565,0.19050276360542917,True,True,False,True,True,143.3799999999901,-353.61999999999534,-210.24000000000524,-68.19824961947609,100.0,33.33333333333333,500.0,0.6238303181534623,HIGHER,2,1,-1.0,ORR_DN,False,0,1,1,2,0,1,1,6,BEARISH,NO_CARRY,0
2025-09-03,80150.0,80350.0,80050.0,300.0,80317.62,80004.6,313.0199999999895,True,False,False,False,80671.28,80004.6,80295.99,80546.89,54,TREND_UP,UP,0.8134187316253664,2.1298319596192425,129.52000000000407,0.16156380591537095,0.16156380591537095,UP,0.4137754776052917,0.1942761144777186,True,False,False,False,False,129.52000000000407,250.89999999999418,380.41999999999825,34.046580095684945,100.0,18.181818181818183,-500.0,-0.6199628022318662,LOWER,1,-1,-1.0,OTD_UP,True,0,4,3,2,0,2,1,12,BULLISH,CARRY_LONG,4
2025-09-04,80900.0,81050.0,80650.0,400.0,81456.67,80973.7,482.9700000000011,False,True,False,False,81456.67,80608.94,81456.67,80747.36,67,NORMAL_VAR_DN,DN,0.163283120804972,1.7552435969107687,909.7799999999988,1.129503572391186,1.129503572391186,UP,1.8837194856823338,1.073195474974347,False,True,False,True,True,909.7799999999988,-709.3099999999977,200.47000000000116,453.823514740357,0.0,0.0,750.0,0.9357454772301934,HIGHER,1,1,1.0,ORR_DN,False,0,2,1,2,2,2,1,10,BEARISH,CARRY_SHORT,4
2025-09-05,80450.0,80800.0,80350.0,450.0,81036.56,80485.1,551.4599999999919,False,True,False,True,81036.56,80321.19,81012.42,80745.22,61,NORMAL_VAR_DN,DN,0.5927422173141194,1.297229173466808,265.0599999999977,0.32825840993439004,0.32825840993439004,UP,0.48065136183948354,0.3705215482896954,True,False,False,False,True,265.0599999999977,-267.1999999999971,-2.139999999999418,-12385.981308414475,150.0,37.5,-450.0,-0.5562422744128553,LOWER,1,-1,1.0,OA,False,0,2,0,0,1,2,0,5,BULLISH,NO_CARRY,0
2025-09-08,80950.0,81050.0,80800.0,250.0,81048.67,80786.71,261.95999999999185,True,True,True,True,81171.38,80733.07,80904.4,80841.43,53,DOUBLE_DIST,DN,0.24722228559692136,1.6731943808215426,159.17999999999302,0.19713860461336663,0.19713860461336663,UP,0.6076500229042524,0.36316762109008205,True,True,False,True,True,159.17999999999302,-62.970000000001164,96.20999999999185,165.4505768631187,0.0,0.0,500.0,0.6215040397762586,HIGHER,1,1,1.0,ORR_DN,False,0,1,1,2,0,1,1,6,BULLISH,NO_CARRY,0
2025-09-09,81000.0,81150.0,81000.0,150.0,81162.07,80970.87,191.20000000001164,True,True,True,True,81181.37,80927.97,81129.69,81107.04,38,FAILED_AUCTION,DN,0.7066692975532618,1.3253138075312696,288.2600000000093,0.3565745930026341,0.3565745930026341,UP,1.5076359832635553,1.1375690607735436,False,True,False,True,True,288.2600000000093,-22.65000000000873,265.6100000000006,108.52754037875407,50.0,20.0,50.0,0.06176652254478073,HIGHER,2,1,1.0,ORR_DN,False,0,1,1,1,1,1,0,5,BULLISH,CARRY_LONG,3
2025-09-10,81450.0,81550.0,81350.0,200.0,81593.37,81360.01,233.36000000000055,True,True,True,True,81643.88,81235.42,81504.36,81430.38,47,DOUBLE_DIST,DN,0.47730499926554215,1.7503428179636846,397.320000000007,0.489871162848511,0.489871162848511,UP,1.7026054165238518,0.9727268275963393,False,True,False,True,True,397.320000000007,-73.97999999999593,323.34000000001106,122.87994061977898,0.0,0.0,450.0,0.5555555555555556,HIGHER,3,1,3.0,ORR_DN,False,4,1,1,0,1,1,1,9,BULLISH,NO_CARRY,0
2025-09-11,81450.0,81600.0,81400.0,200.0,81583.88,81216.91,366.9700000000011,True,False,True,False,81642.22,81216.91,81217.3,81532.17,43,FAILED_AUCTION,UP,0.7412475606028461,1.1589775730986085,-213.08000000000175,-0.26167138112336175,0.26167138112336175,DN,0.5806469193667088,0.5009992711198958,True,False,True,True,False,-213.08000000000175,314.86999999999534,101.7899999999936,-209.332940367438,150.0,75.0,0.0,0.0,HIGHER,4,1,3.0,ORR_UP,False,4,1,1,1,1,2,0,10,BULLISH,CARRY_LONG,5
2025-09-12,81900.0,82000.0,81750.0,250.0,81836.66,81641.38,195.27999999999884,True,False,False,False,81992.85,81641.38,81758.95,81898.09,37,NORMAL_VAR_UP,UP,0.7303895069280195,1.7998258910282838,226.77999999999884,0.2781478770894959,0.2781478770894959,UP,1.1613068414584196,0.6452328790508381,False,True,False,True,True,226.77999999999884,139.13999999999942,365.91999999999825,61.97529514648008,0.0,0.0,450.0,0.5524861878453038,HIGHER,5,1,5.0,OD_UP,True,4,2,4,1,1,2,1,15,BULLISH,CARRY_LONG,5
2025-09-15,81850.0,81950.0,81800.0,150.0,81998.51,81821.85,176.65999999998894,False,True,False,False,81998.51,81744.7,81925.51,81814.76,42,NORMAL_VAR_DN,DN,0.27603325322090666,1.4367145930035863,27.419999999998254,0.0334806342858524,0.0334806342858524,UP,0.1552134042794066,0.10803356841731415,True,False,False,False,True,27.419999999998254,-110.75,-83.33000000000175,-32.905316212645715,150.0,60.0,-50.0,-0.06105006105006105,NARROWER,0,0,4.0,OTD_DN,True,4,2,3,1,0,2,0,12,BULLISH,CARRY_SHORT,3
2025-09-16,82100.0,82300.0,82050.0,250.0,82168.32,81779.94,388.38000000000466,True,False,False,False,82443.48,81779.94,81852.11,82422.56,41,NORMAL_VAR_UP,UP,0.9684721343099159,1.7084813842113025,37.35000000000582,0.04565190926430124,0.04565190926430124,UP,0.09616870075700441,0.05628899538838078,True,False,False,False,True,37.35000000000582,570.4499999999971,607.8000000000029,6.145113524186516,0.0,0.0,250.0,0.3054367745876604,HIGHER,1,1,4.0,OTD_UP,True,4,2,3,2,0,2,1,14,BULLISH,CARRY_LONG,4
2025-09-17,82650.0,82750.0,82600.0,150.0,82720.76,82490.47,230.2899999999936,True,False,True,False,82741.95,82490.47,82506.4,82711.86,40,FAILED_AUCTION,UP,0.8803483378399992,1.0920144166051626,83.83999999999651,0.10171972333787802,0.10171972333787802,UP,0.36406270354769565,0.333386352791466,False,True,False,True,True,83.83999999999651,205.4600000000064,289.3000000000029,28.980297269269155,0.0,0.0,550.0,0.6699147381242387,HIGHER,2,1,4.0,OD_UP,True,4,1,4,2,0,2,0,13,BULLISH,CARRY_LONG,5
2025-09-18,82950.0,83100.0,82850.0,250.0,83141.21,82920.76,220.45000000001164,False,True,False,True,83141.21,82704.92,83108.92,83012.68,47,NORMAL_VAR_DN,DN,0.7054023699832428,1.979088228623203,397.0599999999977,0.48005207475687006,0.48005207475687006,UP,1.8011340440008015,0.9100827431295474,True,True,False,True,True,397.0599999999977,-96.24000000000524,300.81999999999243,131.99255368659252,0.0,0.0,300.0,0.3629764065335753,HIGHER,3,1,4.0,OTHER,False,4,2,0,1,1,2,1,11,BULLISH,CARRY_LONG,4
2025-09-19,82600.0,82750.0,82550.0,200.0,82978.63,82575.41,403.2200000000011,False,True,False,True,82978.63,82485.92,82946.04,82704.24,46,NORMAL_VAR_DN,DN,0.44310040388870564,1.2219383959129138,-66.63999999999942,-0.0802768926385697,0.0802768926385697,DN,0.1652695798819484,0.13525197377767562,False,False,False,False,False,-66.63999999999942,-241.79999999998836,-308.4399999999878,21.605498638309577,0.0,0.0,-350.0,-0.42194092827004215,LOWER,1,-1,2.0,OA,False,2,2,0,0,0,2,0,6,BEARISH,NO_CARRY,0
2025-09-22,82400.0,82550.0,82250.0,300.0,82583.16,82151.07,432.0899999999965,False,True,False,True,82583.16,81997.29,82151.07,82188.55,50,NORMAL_VAR_DN,UP,0.32645467424515007,1.3558980767895916,-553.1699999999983,-0.6688532534728548,0.6688532534728548,DN,1.2802193987363806,0.9441855701776656,False,False,True,True,False,-553.1699999999983,37.479999999995925,-515.6900000000023,107.26793228489902,0.0,0.0,-200.0,-0.24213075060532688,LOWER,2,-1,1.0,OD_DN,True,0,2,4,1,2,2,0,11,BEARISH,CARRY_SHORT,4
2025-09-23,82100.0,82350.0,81950.0,400.0,82307.5,81881.34,426.1600000000035,True,True,True,True,82370.38,81776.53,82147.37,82151.51,57,FAILED_AUCTION,UP,0.631438915551052,1.3934907077154144,-41.18000000000757,-0.0501043028499804,0.0501043028499804,DN,0.09663037356862969,0.06934411046561785,True,False,True,True,False,-41.18000000000757,4.139999999999418,-37.04000000000815,111.17710583152945,100.0,33.33333333333333,-300.0,-0.3640776699029126,LOWER,3,-1,-1.0,ORR_UP,False,0,1,1,1,0,1,0,4,BEARISH,NO_CARRY,0
2025-09-24,81750.0,81900.0,81700.0,200.0,82045.47,81701.52,343.9499999999971,False,True,False,True,82045.47,81607.84,81917.65,81739.93,50,NORMAL_VAR_DN,DN,0.30183031327832893,1.2723651693560354,-233.86000000000058,-0.2846691436347313,0.2846691436347313,DN,0.6799244076173937,0.5343783561455981,False,False,True,True,False,-233.86000000000058,-177.72000000000116,-411.58000000000175,56.820059283735745,0.0,0.0,-350.0,-0.42630937880633374,LOWER,4,-1,-3.0,OD_DN,True,4,2,4,1,1,2,0,14,BEARISH,CARRY_SHORT,4
2025-09-25,81500.0,81700.0,81400.0,300.0,81840.73,81492.37,348.3600000000006,False,True,False,False,81840.73,81092.89,81574.31,81194.99,56,TREND_DN,DN,0.13652652973899002,2.1467447468136274,-165.61999999999534,-0.2026182307716625,0.2026182307716625,DN,0.47542771845216175,0.22146448438168073,True,False,True,True,False,-165.61999999999534,-379.31999999999243,-544.9399999999878,30.39233677102049,0.0,0.0,-250.0,-0.3058103975535168,LOWER,5,-1,-5.0,OD_DN,True,4,4,4,2,1,2,1,18,BEARISH,CARRY_SHORT,5
2025-09-26,80800.0,81050.0,80550.0,500.0,81033.09,80708.34,324.75,False,True,False,False,81033.09,80332.41,80956.01,80493.62,54,TREND_DN,DN,0.23007649711707692,2.157598152424921,-238.98000000001048,-0.2943285047513528,0.2943285047513528,DN,0.735889145496568,0.3410686761431935,False,False,True,True,False,-238.98000000001048,-462.3899999999994,-701.3700000000099,34.073313657556945,0.0,0.0,-700.0,-0.8588957055214724,LOWER,6,-1,-5.0,OD_DN,True,4,4,4,2,1,2,1,18,BEARISH,CARRY_SHORT,5
2025-09-29,80550.0,80700.0,80350.0,350.0,80768.22,80448.6,319.61999999999534,True,True,True,True,80851.38,80248.84,80588.77,80543.96,62,DOUBLE_DIST,DN,0.4897932087496364,1.8851761466742285,95.15000000000873,0.11820812630865495,0.11820812630865495,UP,0.2976972655028162,0.1579148272313995,True,False,False,False,False,95.15000000000873,-44.80999999999767,50.34000000001106,189.01470003970567,150.0,30.0,-250.0,-0.3094059405940594,LOWER,7,-1,-5.0,OA,False,4,1,0,0,0,1,1,7,BEARISH,NO_CARRY,0
2025-09-30,80350.0,80500.0,80300.0,200.0,80677.82,80328.08,349.74000000000524,False,True,False,True,80677.82,80201.15,80541.77,80350.31,53,NORMAL_VAR_DN,DN,0.31292088866511314,1.362926745582449,-2.1900000000023283,-0.0027190120773827463,0.0027190120773827463,DN,0.006261794475902944,0.00459437346592458,True,False,False,False,False,-2.1900000000023283,-191.4600000000064,-193.65000000000873,1.1309062742071931,150.0,42.857142857142854,-200.0,-0.2482929857231533,LOWER,8,-1,-5.0,OA,False,4,2,0,1,0,2,0,9,BEARISH,CARRY_SHORT,3
2025-10-01,80800.0,81100.0,80500.0,600.0,80525.46,80159.9,365.5600000000122,True,False,False,False,81068.43,80159.9,80173.24,81034.47,58,TREND_UP,UP,0.9626209371182108,2.485310208994333,-177.06999999999243,-0.2203725162976875,0.2203725162976875,DN,0.48438012911693434,0.19489725160423174,True,False,True,True,False,-177.06999999999243,861.2299999999959,684.1600000000035,-25.881372778296235,0.0,0.0,450.0,0.5600497822028625,HIGHER,1,1,-3.0,ORR_UP,False,4,4,1,2,1,2,1,15,BEARISH,CARRY_LONG,3
2025-10-03,80900.0,81050.0,80800.0,250.0,81018.61,80649.57,369.0399999999936,True,False,False,False,81251.99,80649.57,80684.14,81196.9,54,NORMAL_VAR_UP,UP,0.9085521729026075,1.632397572078931,-350.33000000000175,-0.4323221957273266,0.4323221957273266,DN,0.949300888792564,0.5815377975498868,True,False,False,False,False,-350.33000000000175,512.7599999999948,162.42999999999302,-215.68060087423308,250.0,41.66666666666667,100.0,0.12376237623762376,NARROWER,0,0,-2.0,OTD_UP,True,2,2,3,2,1,2,1,13,NEUTRAL,CARRY_LONG,3
2025-10-06,81650.0,81850.0,81450.0,400.0,81471.59,81155.88,315.70999999999185,True,False,False,False,81846.42,81155.88,81274.79,81784.48,47,TREND_UP,UP,0.9103020824282404,2.1872604605492745,77.88999999999942,0.09592730756962325,0.09592730756962325,UP,0.24671375629533884,0.11279578301039786,True,True,False,True,True,77.88999999999942,509.6900000000023,587.5800000000017,13.256067258926304,0.0,0.0,750.0,0.9270704573547589,HIGHER,1,1,0.0,OD_UP,True,0,4,4,2,0,2,1,13,BULLISH,CARRY_LONG,4
2025-10-07,82100.0,82200.0,81900.0,300.0,82211.77,81787.48,424.29000000000815,True,False,True,False,82309.56,81787.48,81883.95,81951.98,57,NORMAL_VAR_UP,UP,0.31508581060373786,1.2304791534092052,99.47000000000116,0.12162454294506876,0.12162454294506876,UP,0.23443870937330424,0.19052635611400712,False,True,False,True,True,99.47000000000116,68.02999999999884,167.5,59.38507462686636,0.0,0.0,450.0,0.5511328842620943,HIGHER,2,1,2.0,ORR_DN,False,2,2,1,1,0,2,0,8,BULLISH,CARRY_LONG,3
2025-10-08,81850.0,82100.0,81750.0,350.0,82257.74,81849.98,407.7600000000093,False,True,False,False,82257.74,81646.08,81899.51,81774.23,62,NORMAL_VAR_DN,DN,0.20951182029230855,1.5000490484598528,-52.470000000001164,-0.0640252987176163,0.0640252987176163,DN,0.1286786344908769,0.08578295131282226,True,False,True,True,False,-52.470000000001164,-125.27999999999884,-177.75,29.518987341772807,200.0,66.66666666666666,-250.0,-0.3045066991473812,LOWER,1,-1,2.0,OD_DN,True,2,2,4,2,0,2,1,13,BEARISH,CARRY_SHORT,4
2025-10-09,81950.0,82150.0,81850.0,300.0,82009.32,81667.68,341.64000000001397,True,False,False,False,82247.73,81667.68,81900.0,82118.6,55,NORMAL_VAR_UP,UP,0.7773812602362047,1.6978398314014143,125.77000000000407,0.15380150935081147,0.15380150935081147,UP,0.3681360496428958,0.21682613567796474,True,False,False,False,True,125.77000000000407,218.60000000000582,344.3700000000099,36.521764381334165,250.0,71.42857142857143,100.0,0.12217470983506415,HIGHER,1,1,2.0,OTD_UP,True,2,2,3,2,0,2,1,12,BULLISH,CARRY_LONG,4
2025-10-10,82500.0,82650.0,82450.0,200.0,82551.66,82072.93,478.7300000000105,True,False,True,False,82654.11,82072.93,82075.45,82470.9,50,NORMAL_VAR_UP,UP,0.6847620358580749,1.2140037181709833,-43.15000000000873,-0.05254595183065557,0.05254595183065557,DN,0.09013431370502745,0.07424550053341163,True,False,False,False,True,-43.15000000000873,395.4499999999971,352.29999999998836,-12.248084019304613,0.0,0.0,550.0,0.6711409395973155,HIGHER,2,1,3.0,OA,False,4,2,0,1,0,2,0,9,BULLISH,CARRY_LONG,3
2025-10-13,82150.0,82300.0,82100.0,200.0,82329.5,82043.14,286.3600000000006,True,False,False,False,82438.5,82043.14,82049.16,82343.59,54,NORMAL_VAR_UP,UP,0.7599403075677779,1.3806397541556075,-421.7399999999907,-0.5113803778059786,0.5113803778059786,DN,1.4727615588769025,1.0667239983811971,False,False,True,True,False,-421.7399999999907,294.429999999993,-127.30999999999767,331.27012803393166,0.0,0.0,-350.0,-0.4242424242424243,LOWER,1,-1,1.0,ORR_UP,False,0,2,1,2,2,2,0,9,BULLISH,CARRY_LONG,3
2025-10-14,82050.0,82300.0,81850.0,450.0,82573.37,82107.58,465.7899999999936,False,True,False,False,82573.37,81781.62,82404.54,81958.63,67,NORMAL_VAR_DN,DN,0.22356804546890977,1.6998003392086796,60.94999999999709,0.074019119156691,0.074019119156691,UP,0.1308529594881769,0.07698137038206138,True,True,False,True,True,60.94999999999709,-445.90999999998894,-384.95999999999185,-15.83281379883582,200.0,100.0,-100.0,-0.12172854534388314,OVERLAP,0,0,0.0,ORR_DN,False,0,2,1,2,0,2,1,8,BEARISH,CARRY_SHORT,3
2025-10-15,82450.0,82700.0,82350.0,350.0,82412.47,82084.37,328.1000000000058,True,False,False,False,82727.02,82084.37,82197.25,82625.05,54,NORMAL_VAR_UP,UP,0.8413288726367388,1.9587016153611623,238.61999999999534,0.29114688715513587,0.29114688715513587,UP,0.7272782688204544,0.37130630981092677,False,False,False,False,True,238.61999999999534,427.8000000000029,666.4199999999983,35.80624831187479,0.0,0.0,400.0,0.4875076173065204,HIGHER,1,1,2.0,OTD_UP,True,2,2,3,2,1,2,1,13,BULLISH,CARRY_LONG,4
2025-10-16,83000.0,83400.0,82900.0,500.0,83061.94,82791.35,270.5899999999965,True,False,False,False,83615.48,82791.35,82794.79,83385.4,51,TREND_UP,UP,0.7208207443000443,3.0456779629698096,169.7399999999907,0.2054340663031256,0.2054340663031256,UP,0.627295908939698,0.20596265152341586,False,True,False,True,True,169.7399999999907,590.6100000000006,760.3499999999913,22.323929769184275,0.0,0.0,550.0,0.667070952092177,HIGHER,2,1,2.0,OD_UP,True,2,4,4,1,1,2,2,16,BULLISH,CARRY_LONG,5
2025-10-17,83950.0,84200.0,83750.0,450.0,83813.59,83206.08,607.5099999999948,True,False,False,False,84172.24,83206.08,83331.78,83944.29,72,NORMAL_VAR_UP,UP,0.7640659932102232,1.5903606524995668,-53.61999999999534,-0.06430382297140189,0.06430382297140189,DN,0.08826192161445212,0.0554980541525163,True,False,False,False,True,-53.61999999999534,612.5099999999948,558.8899999999994,-9.594016711695573,0.0,0.0,950.0,1.144578313253012,HIGHER,3,1,2.0,OTD_UP,True,2,2,3,2,0,2,1,12,BULLISH,CARRY_LONG,5
2025-10-20,84350.0,84550.0,84300.0,250.0,84656.56,84239.7,416.8600000000006,False,True,False,True,84656.56,84196.79,84269.3,84377.72,65,FAILED_AUCTION,UP,0.39352284838072504,1.1029362375857685,325.0100000000093,0.38717344562686673,0.38717344562686673,UP,0.7796622367221822,0.7068969267242456,False,True,False,True,True,325.0100000000093,108.41999999999825,433.43000000000757,74.9855801398158,0.0,0.0,400.0,0.4764740917212627,HIGHER,4,1,4.0,ORR_DN,False,4,1,1,1,1,2,0,10,BULLISH,CARRY_LONG,3
2025-10-23,85100.0,85300.0,84850.0,450.0,85272.4,84867.97,404.429999999993,True,True,True,False,85290.06,84445.25,85154.15,84476.58,64,DOUBLE_DIST,DN,0.03708526177483912,2.0888905372994393,776.429999999993,0.9201836693382957,0.9201836693382957,UP,1.9198130702470302,0.9190587232632133,False,True,False,True,True,776.429999999993,-677.5699999999924,98.86000000000058,785.3833704228084,0.0,0.0,750.0,0.8891523414344991,HIGHER,5,1,5.0,ORR_DN,False,4,1,1,2,2,1,1,12,BULLISH,CARRY_LONG,3
2025-10-24,84350.0,84500.0,84100.0,400.0,84707.44,84392.15,315.29000000000815,False,True,False,False,84707.44,83957.15,84667.23,84236.11,63,NORMAL_VAR_DN,DN,0.3718029028775585,2.3796821973420936,190.64999999999418,0.2256838522582166,0.2256838522582166,UP,0.6046814044212923,0.2541017473243574,True,False,True,True,False,190.64999999999418,-431.11999999999534,-240.47000000000116,-79.28223894872261,0.0,0.0,-750.0,-0.881316098707403,LOWER,1,-1,3.0,OTHER,False,4,2,0,1,1,2,1,11,BULLISH,NO_CARRY,0
2025-10-27,84750.0,84850.0,84600.0,250.0,84809.56,84294.2,515.3600000000006,True,False,True,False,84932.08,84294.2,84297.39,84808.94,54,NORMAL_VAR_UP,UP,0.8069542860726179,1.2377367277243168,61.279999999998836,0.07274789873368896,0.07274789873368896,UP,0.11890717168580947,0.0960682259986179,False,False,False,False,False,61.279999999998836,511.5500000000029,572.8300000000017,10.697763734441047,0.0,0.0,400.0,0.4742145820983995,HIGHER,1,1,3.0,OTD_UP,True,4,2,3,2,0,2,0,13,BULLISH,CARRY_LONG,4
2025-10-28,84450.0,84700.0,84300.0,400.0,84986.94,84472.81,514.1300000000047,False,True,False,True,84986.94,84219.39,84625.71,84711.98,76,NORMAL_VAR_DN,UP,0.6417692658458662,1.4929103534125532,-183.22999999999593,-0.2160503362027587,0.2160503362027587,DN,0.3563884620621132,0.2387206045208719,True,False,False,False,False,-183.22999999999593,86.26999999998952,-96.9600000000064,188.97483498348166,100.0,40.0,-300.0,-0.35398230088495575,LOWER,1,-1,1.0,OA,False,0,2,0,1,1,2,0,6,BEARISH,NO_CARRY,0
2025-10-29,84950.0,85050.0,84800.0,250.0,84916.1,84638.68,277.4200000000128,True,False,False,False,85105.83,84638.68,84663.68,85036.51,53,NORMAL_VAR_UP,UP,0.8516108316386478,1.6839088746304778,-48.30000000000291,-0.05701672892075349,0.05701672892075349,DN,0.17410424626919718,0.10339291448143424,True,False,False,False,True,-48.30000000000291,372.83000000000175,324.52999999999884,-14.88306165839925,0.0,0.0,500.0,0.5920663114268798,HIGHER,1,1,1.0,OTD_UP,True,0,2,3,2,0,2,1,10,BULLISH,CARRY_LONG,4
2025-10-30,84500.0,84750.0,84450.0,300.0,84906.95,84467.03,439.91999999999825,False,True,False,True,84906.95,84312.65,84750.9,84468.4,58,NORMAL_VAR_DN,DN,0.26207302709069363,1.3509274413529853,-285.6100000000006,-0.33586749973629043,0.33586749973629043,DN,0.6492316784870016,0.4805821975433269,False,False,True,True,False,-285.6100000000006,-282.5,-568.1100000000006,50.27371459752518,0.0,0.0,-450.0,-0.5297233666862861,LOWER,1,-1,-1.0,OD_DN,True,0,2,4,1,1,2,0,10,BEARISH,CARRY_SHORT,4
2025-10-31,84100.0,84450.0,84000.0,450.0,84712.79,84258.91,453.8799999999901,False,True,False,False,84712.79,83905.66,84379.79,83955.14,56,NORMAL_VAR_DN,DN,0.06130363138527441,1.7782894157046085,-88.61000000000058,-0.10490313537370258,0.10490313537370258,DN,0.19522781351899735,0.10978404965743024,True,False,True,True,False,-88.61000000000058,-424.6499999999942,-513.2599999999948,17.264154619491386,0.0,0.0,-400.0,-0.4733727810650888,LOWER,2,-1,-1.0,OD_DN,True,0,2,4,2,0,2,1,11,BEARISH,CARRY_SHORT,5
2025-11-03,83900.0,84050.0,83800.0,250.0,84006.47,83609.54,396.9300000000076,True,False,False,False,84127.0,83609.54,83835.1,84007.07,61,NORMAL_VAR_UP,UP,0.7682332933946749,1.3036555563953254,-120.0399999999936,-0.14298112063179644,0.14298112063179644,DN,0.30242108180281485,0.23197928342285803,True,False,True,True,False,-120.0399999999936,171.97000000000116,51.93000000000757,-231.15732717114597,50.0,11.11111111111111,-200.0,-0.23781212841854932,LOWER,3,-1,-3.0,ORR_UP,False,4,2,1,2,0,2,0,11,BEARISH,CARRY_LONG,3
2025-11-04,83750.0,83900.0,83600.0,300.0,84068.01,83752.1,315.90999999998894,False,True,False,False,84068.01,83412.77,84000.64,83451.75,47,TREND_DN,DN,0.05948965264635321,2.0741350384603643,-6.430000000007567,-0.007654117683199243,0.007654117683199243,DN,0.02035389826218794,0.00981319821745873,True,False,False,False,True,-6.430000000007567,-548.8899999999994,-555.320000000007,1.1578909457623507,100.0,40.0,-150.0,-0.17878426698450536,LOWER,4,-1,-3.0,OTD_DN,True,4,4,3,2,0,2,1,16,BEARISH,CARRY_SHORT,5
2025-11-06,83450.0,83600.0,83350.0,250.0,83846.35,83382.69,463.6600000000035,False,True,False,False,83846.35,83237.65,83516.69,83368.55,64,NORMAL_VAR_DN,DN,0.2150484639395535,1.3128154250959907,64.94000000000233,0.07781742144413067,0.07781742144413067,UP,0.14005952637709063,0.10668638081156742,True,False,True,True,False,64.94000000000233,-148.13999999999942,-83.19999999999709,-78.05288461539014,0.0,0.0,-300.0,-0.3582089552238806,LOWER,5,-1,-5.0,OD_DN,True,4,2,4,2,0,2,0,14,BEARISH,CARRY_SHORT,5
2025-11-07,83150.0,83400.0,82900.0,500.0,83150.15,82670.95,479.1999999999971,True,False,False,False,83390.11,82670.95,83150.15,83253.92,68,NORMAL_VAR_UP,UP,0.8106262862228132,1.5007512520868278,-218.40000000000873,-0.2619692917773054,0.2619692917773054,DN,0.45575959933224136,0.30368763557484796,True,False,True,True,False,-218.40000000000873,103.77000000000407,-114.63000000000466,190.52604030358532,50.0,20.0,-300.0,-0.35949670461354105,LOWER,6,-1,-5.0,ORR_UP,False,4,2,1,2,1,2,1,13,BEARISH,CARRY_LONG,3
2025-11-10,83600.0,83750.0,83500.0,250.0,83552.87,83197.67,355.1999999999971,True,False,True,False,83754.49,83197.67,83198.2,83515.12,55,NORMAL_VAR_UP,UP,0.5701124241226844,1.5676238738739063,-55.720000000001164,-0.06692777949675062,0.06692777949675062,DN,0.15686936936937393,0.10006824467512027,True,False,False,False,True,-55.720000000001164,316.91999999999825,261.1999999999971,-21.332312404288587,0.0,0.0,450.0,0.5411906193625977,HIGHER,1,1,-3.0,OA,False,4,2,0,0,0,2,1,9,BEARISH,NO_CARRY,0
2025-11-11,83350.0,83750.0,83150.0,600.0,83726.51,83247.41,479.09999999999127,True,True,False,True,83936.47,83124.03,83671.52,83871.32,59,DOUBLE_DIST,UP,0.9198094628526489,1.6957628887497749,156.40000000000873,0.18727147850593848,0.18727147850593848,UP,0.3264454184930319,0.19250652355867298,True,False,False,False,True,156.40000000000873,199.8000000000029,356.20000000001164,43.90791690061865,250.0,100.0,-250.0,-0.29904306220095694,OVERLAP,0,0,-2.0,OA,False,2,1,0,2,0,1,1,7,NEUTRAL,NO_CARRY,0
2025-11-12,84450.0,84650.0,84350.0,300.0,84462.17,84166.75,295.41999999999825,True,False,True,False,84652.01,84166.75,84238.86,84432.3,47,NORMAL_VAR_UP,UP,0.5472324114907592,1.64261052061471,367.5399999999936,0.43821892871126095,0.43821892871126095,UP,1.2441270056191043,0.7574083996208169,False,True,False,True,True,367.5399999999936,193.44000000000233,560.9799999999959,65.5174872544469,0.0,0.0,1100.0,1.3197360527894422,HIGHER,1,1,0.0,ORR_DN,False,0,2,1,0,1,2,1,7,BULLISH,NO_CARRY,0
2025-11-13,84450.0,84850.0,84450.0,400.0,84569.12,84253.05,316.06999999999243,True,False,True,False,84919.43,84253.05,84525.89,84477.02,56,NORMAL_VAR_UP,DN,0.3360995227948085,2.10833043313192,93.58999999999651,0.1108462045923142,0.1108462045923142,UP,0.29610529313126444,0.14044539151834973,True,False,False,False,True,93.58999999999651,-48.86999999999534,44.720000000001164,209.2799642218114,200.0,66.66666666666666,0.0,0.0,HIGHER,2,1,2.0,OA,False,2,2,0,1,0,2,1,8,BULLISH,CARRY_LONG,3
2025-11-14,84150.0,84350.0,84100.0,250.0,84464.94,84042.75,422.1900000000023,True,True,False,True,84697.87,84029.32,84060.14,84653.99,69,DOUBLE_DIST,UP,0.9343654176950252,1.5835287429829807,-416.88000000000466,-0.4934833165279796,0.4934833165279796,DN,0.9874227243658125,0.623558447386152,True,False,True,True,False,-416.88000000000466,593.8500000000058,176.97000000000116,-235.56535005933318,0.0,0.0,-300.0,-0.3552397868561279,LOWER,1,-1,2.0,ORR_UP,False,2,1,1,2,1,1,1,9,BULLISH,NO_CARRY,0
2025-11-17,84800.0,84900.0,84650.0,250.0,84844.69,84581.08,263.6100000000006,True,False,False,False,84988.09,84581.08,84700.5,84920.41,45,NORMAL_VAR_UP,UP,0.833714159357279,1.5439854330260379,46.50999999999476,0.05494129691937115,0.05494129691937115,UP,0.17643488486777686,0.11427237660007214,True,True,False,True,True,46.50999999999476,219.9100000000035,266.41999999999825,17.457398093234392,0.0,0.0,650.0,0.7724301841948901,HIGHER,1,1,2.0,OD_UP,True,2,2,4,2,0,2,1,13,BULLISH,CARRY_LONG,4
2025-11-18,84750.0,84900.0,84650.0,250.0,85042.41,84564.01,478.40000000000873,False,True,False,True,85042.41,84558.36,85042.37,84625.99,51,FAILED_AUCTION,DN,0.13971697138726216,1.0118102006688838,121.95999999999185,0.14361682898138606,0.14361682898138606,UP,0.2549331103678713,0.25195744241295553,True,True,False,True,True,121.95999999999185,-416.3799999999901,-294.41999999999825,-41.42381631682378,250.0,100.0,-50.0,-0.0589622641509434,OVERLAP,0,0,2.0,ORR_DN,False,2,1,1,2,0,2,0,8,BULLISH,NO_CARRY,0
2025-11-19,84900.0,85200.0,84750.0,450.0,84859.93,84525.98,333.9499999999971,True,False,False,False,85236.77,84525.98,84643.78,85160.45,46,TREND_UP,UP,0.8926265141602919,2.128432400059932,17.789999999993597,0.021021910644700992,0.021021910644700992,UP,0.05327144782151146,0.0250284894272477,True,False,True,True,False,17.789999999993597,516.6699999999983,534.4599999999919,3.3285933465542548,150.0,60.0,150.0,0.17699115044247787,HIGHER,1,1,2.0,ORR_UP,False,2,4,1,2,0,2,1,12,BULLISH,CARRY_LONG,4
2025-11-20,85600.0,85800.0,85400.0,400.0,85470.96,85201.22,269.74000000000524,True,False,False,False,85801.7,85201.22,85470.92,85638.5,48,TREND_UP,UP,0.7282174260591556,2.2261436939274275,310.47000000000116,0.3645706428277459,0.3645706428277459,UP,1.1509972566174655,0.5170363709032828,False,True,False,True,True,310.47000000000116,167.58000000000175,478.0500000000029,64.94508942579212,0.0,0.0,700.0,0.8244994110718492,HIGHER,2,1,2.0,OD_UP,True,2,4,4,1,1,2,1,15,BULLISH,CARRY_LONG,5
2025-11-21,85300.0,85550.0,85250.0,300.0,85609.4,85289.28,320.11999999999534,False,True,False,False,85609.4,85187.84,85347.4,85215.74,63,NORMAL_VAR_DN,DN,0.06618274978652834,1.3168811695614264,-291.1000000000058,-0.3399172101332997,0.3399172101332997,DN,0.9093464950643823,0.6905304108549375,False,False,True,True,False,-291.1000000000058,-131.65999999998894,-422.75999999999476,68.85703472419561,150.0,37.5,-300.0,-0.35046728971962615,LOWER,1,-1,2.0,OD_DN,True,2,2,4,2,1,2,0,13,BEARISH,CARRY_SHORT,4
2025-11-24,85250.0,85450.0,85200.0,250.0,85450.36,85209.91,240.4499999999971,True,True,True,False,85473.47,84710.11,85320.04,84782.27,57,DOUBLE_DIST,DN,0.0945294487528865,3.1747140777708873,104.29999999998836,0.1223952288626354,0.1223952288626354,UP,0.4337700145559976,0.13663278138753443,True,False,False,False,True,104.29999999998836,-537.7699999999895,-433.47000000000116,-24.06164209748958,200.0,66.66666666666666,-50.0,-0.058616647127784284,LOWER,2,-1,0.0,OA,False,0,1,0,2,0,1,2,6,NEUTRAL,NO_CARRY,0
2025-11-25,84950.0,85050.0,84800.0,250.0,85110.24,84775.76,334.4800000000105,False,True,False,False,85110.24,84536.73,85008.93,84542.46,59,NORMAL_VAR_DN,DN,0.009991107391345198,1.7146316670652695,226.65999999998894,0.26734363210608647,0.26734363210608647,UP,0.6776488878258247,0.39521542780419744,True,False,True,True,False,226.65999999998894,-466.4699999999866,-239.80999999999767,-94.51649222300618,0.0,0.0,-300.0,-0.3519061583577713,LOWER,3,-1,-1.0,OD_DN,True,0,2,4,2,1,2,1,12,BEARISH,CARRY_SHORT,5
2025-11-26,85400.0,85600.0,85100.0,500.0,85266.3,84478.13,788.1699999999983,True,False,False,False,85644.19,84478.13,84503.44,85597.84,57,NORMAL_VAR_UP,UP,0.9602507589660859,1.4794524024004976,-39.020000000004075,-0.04615432292838897,0.04615432292838897,DN,0.04950708603474398,0.03346311510557274,True,False,True,True,False,-39.020000000004075,1094.3999999999942,1055.37999999999,-3.697246489416555,0.0,0.0,450.0,0.5297233666862861,HIGHER,1,1,-1.0,ORR_UP,False,0,2,1,2,0,2,0,7,BULLISH,CARRY_LONG,3
2025-11-27,85700.0,85950.0,85600.0,350.0,86026.18,85646.22,379.95999999999185,True,True,True,True,86055.86,85473.85,85745.05,85774.82,63,DOUBLE_DIST,UP,0.5171216989398875,1.531766501737044,147.2100000000064,0.1719786387133208,0.1719786387133208,UP,0.38743551952839655,0.2529337983883571,True,True,False,True,True,147.2100000000064,29.770000000004075,176.98000000001048,83.1788902700857,0.0,0.0,300.0,0.351288056206089,HIGHER,2,1,-1.0,ORR_DN,False,0,1,1,0,0,1,1,4,BULLISH,NO_CARRY,0
2025-11-28,85750.0,85900.0,85700.0,200.0,85926.67,85577.82,348.84999999999127,True,False,True,False,85969.89,85577.82,85791.55,85700.29,45,FAILED_AUCTION,DN,0.31236768944318355,1.1238927905976845,16.729999999995925,0.019504558563918785,0.019504558563918785,UP,0.04795757488891026,0.04267095161577333,True,False,False,False,True,16.729999999995925,-91.26000000000931,-74.53000000001339,-22.44733664295307,200.0,57.14285714285714,50.0,0.05834305717619603,NARROWER,0,0,0.0,OA,False,0,1,0,1,0,2,0,4,NEUTRAL,NO_CARRY,0
2025-12-01,85650.0,85950.0,85550.0,400.0,86159.02,85931.35,227.66999999999825,False,True,False,False,86159.02,85489.65,86065.92,85636.29,55,TREND_DN,DN,0.21907166440085044,2.940088724908925,365.63000000000466,0.4266379962074862,0.4266379962074862,UP,1.6059647735758222,0.5462300371991563,True,True,False,True,True,365.63000000000466,-429.63000000000466,-64.0,-571.2968750000073,200.0,100.0,-100.0,-0.11661807580174927,WIDER,0,0,1.0,ORR_DN,False,0,4,1,2,1,2,2,12,BEARISH,CARRY_SHORT,4
2025-12-02,85250.0,85400.0,85150.0,250.0,85553.51,85250.7,302.8099999999977,False,True,False,False,85553.51,85053.0,85325.51,85233.52,45,NORMAL_VAR_DN,DN,0.3606721144432798,1.652884647138465,-310.77999999999884,-0.36290689379467383,0.36290689379467383,DN,1.0263201347379585,0.6209266548120959,False,False,True,True,False,-310.77999999999884,-91.98999999999069,-402.7699999999895,77.16066241279313,0.0,0.0,-400.0,-0.46701692936368944,LOWER,1,-1,1.0,OTHER,False,0,2,0,1,1,2,1,7,BEARISH,NO_CARRY,0
2025-12-03,84850.0,85050.0,84800.0,250.0,85269.68,84763.64,506.0399999999936,False,False,False,False,85269.68,84763.64,85150.64,85118.63,53,NORMAL,DN,0.7015058098174249,1.0,-82.88000000000466,-0.09723873893745635,0.09723873893745635,DN,0.1637815192475016,0.1637815192475016,True,False,False,False,False,-82.88000000000466,-32.00999999999476,-114.88999999999942,72.13856732527206,0.0,0.0,-400.0,-0.46920821114369504,LOWER,2,-1,-1.0,OA,False,0,0,0,1,0,0,0,1,BEARISH,NO_CARRY,0
2025-12-04,85200.0,85350.0,85050.0,300.0,85325.3,84949.98,375.320000000007,True,False,True,False,85487.21,84949.98,84987.56,85131.41,60,NORMAL_VAR_UP,UP,0.3377138283416861,1.431391878929981,-131.07000000000698,-0.1539850911604275,0.1539850911604275,DN,0.34922199722904335,0.24397371702995818,True,False,False,False,True,-131.07000000000698,143.85000000000582,12.779999999998836,-1025.586854460242,0.0,0.0,350.0,0.41249263406010606,HIGHER,1,1,-1.0,OA,False,0,2,0,1,0,2,0,5,BEARISH,NO_CARRY,0
2025-12-05,85600.0,85800.0,85350.0,450.0,85496.19,85078.12,418.070000000007,True,False,False,False,85796.72,85078.12,85125.48,85698.74,59,NORMAL_VAR_UP,UP,0.8636515446701988,1.7188509101346516,-5.930000000007567,-0.006965701613549649,0.006965701613549649,DN,0.014184227521724754,0.00825215697190025,True,False,False,False,False,-5.930000000007567,573.2600000000093,567.3300000000017,-1.045247034355234,0.0,0.0,400.0,0.4694835680751174,HIGHER,2,1,0.0,OTD_UP,True,0,2,3,2,0,2,1,10,BULLISH,CARRY_LONG,5
2025-12-08,85350.0,85600.0,85050.0,550.0,85722.97,85360.03,362.9400000000023,False,True,False,False,85722.97,84875.59,85624.84,84990.2,55,TREND_DN,DN,0.13525218910052156,2.334766077037525,-73.90000000000873,-0.08623230633263537,0.08623230633263537,DN,0.2036149225767572,0.08720998843495047,True,False,False,False,True,-73.90000000000873,-634.6399999999994,-708.5400000000081,10.429898100320079,250.0,55.55555555555556,-250.0,-0.29205607476635514,LOWER,1,-1,-1.0,OTD_DN,True,0,4,3,2,0,2,1,12,BEARISH,CARRY_SHORT,4
2025-12-09,84600.0,84900.0,84600.0,300.0,84889.67,84382.96,506.70999999999185,True,False,True,False,84947.89,84382.96,84742.87,84686.94,63,FAILED_AUCTION,DN,0.5380843644345311,1.114898067928405,-247.33000000000175,-0.2910100223319886,0.2910100223319886,DN,0.48810956957629753,0.4378064538969515,False,False,True,True,False,-247.33000000000175,-55.929999999993015,-303.25999999999476,81.55707973356394,0.0,0.0,-750.0,-0.8787346221441126,LOWER,2,-1,-1.0,OTHER,False,0,1,0,0,1,2,0,4,BEARISH,NO_CARRY,0
2025-12-10,84650.0,84900.0,84450.0,450.0,84959.08,84607.49,351.5899999999965,True,True,True,False,85020.34,84313.62,84607.49,84376.7,62,DOUBLE_DIST,DN,0.08925741453475441,2.0100685457493337,-79.44999999999709,-0.09381611851838913,0.09381611851838913,DN,0.2259734349668588,0.11242076069730156,True,False,False,False,True,-79.44999999999709,-230.79000000000815,-310.24000000000524,25.60920577617192,300.0,100.0,50.0,0.0591016548463357,OVERLAP,0,0,0.0,OA,False,0,1,0,2,0,1,1,5,BEARISH,NO_CARRY,0
2025-12-11,84700.0,84900.0,84450.0,450.0,84540.57,84150.19,390.38000000000466,True,False,False,False,84906.93,84150.19,84456.75,84791.9,68,NORMAL_VAR_UP,UP,0.8479927055527655,1.9384702085147334,80.05000000000291,0.09487216257569081,0.09487216257569081,UP,0.20505661150674204,0.10578269947406493,True,False,False,False,False,80.05000000000291,335.1499999999942,415.1999999999971,19.279865125241685,450.0,100.0,50.0,0.05906674542232723,OVERLAP,0,0,-1.0,OTD_UP,True,0,2,3,2,0,2,1,10,BULLISH,CARRY_LONG,4
2025-12-12,85200.0,85300.0,85100.0,200.0,85282.76,85031.71,251.04999999998836,True,True,True,True,85320.82,84956.74,85051.03,85264.17,45,FAILED_AUCTION,UP,0.8444023291584035,1.4502290380403053,259.13000000000466,0.3056070214254011,0.3056070214254011,UP,1.0321848237403572,0.7117391782026022,False,True,False,True,True,259.13000000000466,213.13999999999942,472.2700000000041,54.86903677980868,0.0,0.0,500.0,0.5903187721369539,HIGHER,1,1,-1.0,ORR_DN,False,0,1,1,2,1,1,0,6,BULLISH,NO_CARRY,0
2025-12-15,85150.0,85250.0,85000.0,250.0,85156.83,84840.32,316.50999999999476,True,False,False,False,85278.63,84840.32,84891.75,85193.08,45,NORMAL_VAR_UP,UP,0.804818507449058,1.3848219645508986,-372.41999999999825,-0.43678370410454737,0.43678370410454737,DN,1.17664528766865,0.8496726061463353,True,False,True,True,False,-372.41999999999825,301.33000000000175,-71.08999999999651,523.8711492474561,150.0,75.0,-50.0,-0.05868544600938967,LOWER,1,-1,-1.0,ORR_UP,False,0,2,1,2,1,2,0,8,BULLISH,CARRY_LONG,3
2025-12-16,84800.0,84850.0,84700.0,150.0,85059.96,84716.7,343.2600000000093,False,True,False,False,85059.96,84620.61,85025.61,84647.03,50,NORMAL_VAR_DN,DN,0.06013428929099329,1.2799335780457783,-167.47000000000116,-0.19657699897691355,0.19657699897691355,DN,0.48788090660140015,0.38117673836348914,False,False,False,False,False,-167.47000000000116,-378.58000000000175,-546.0500000000029,30.669352623386185,0.0,0.0,-350.0,-0.4110393423370522,LOWER,2,-1,-1.0,OTD_DN,True,0,2,3,2,0,2,0,9,BEARISH,CARRY_SHORT,4
2025-12-17,84500.0,84650.0,84400.0,250.0,84889.45,84569.95,319.5,False,True,False,True,84889.45,84415.98,84856.26,84582.28,51,NORMAL_VAR_DN,DN,0.3512366147802448,1.4819092331768424,209.22999999999593,0.2471793753425205,0.2471793753425205,UP,0.6548669796556993,0.44190761822289776,True,True,False,True,True,209.22999999999593,-273.9799999999959,-64.75,-323.13513513512885,0.0,0.0,-300.0,-0.3537735849056604,LOWER,3,-1,-2.0,ORR_DN,False,2,2,1,1,1,2,0,9,BEARISH,CARRY_SHORT,3
2025-12-18,84550.0,84700.0,84400.0,300.0,84570.6,84238.43,332.1700000000128,True,False,True,False,84780.19,84238.43,84518.33,84476.96,57,NORMAL_VAR_UP,DN,0.4402872120496332,1.6309720926031503,-63.94999999999709,-0.07560685287745506,0.07560685287745506,DN,0.19252190143599548,0.11804119905492468,True,False,False,False,True,-63.94999999999709,-41.36999999999534,-105.31999999999243,60.719711355869435,250.0,100.0,50.0,0.0591715976331361,OVERLAP,0,0,-2.0,OA,False,2,2,0,0,0,2,1,7,BEARISH,NO_CARRY,0
2025-12-19,84900.0,85050.0,84850.0,200.0,85014.83,84734.96,279.86999999999534,True,False,True,False,85067.5,84734.96,84756.79,84912.93,44,FAILED_AUCTION,UP,0.5351837372947316,1.1881945188837644,279.8299999999872,0.3312500828628151,0.3312500828628151,UP,0.9998570764997744,0.8414927527515264,False,True,False,True,True,279.8299999999872,156.13999999999942,435.9699999999866,64.18560910154272,0.0,0.0,350.0,0.4139562389118865,HIGHER,1,1,-2.0,ORR_DN,False,2,1,1,0,1,2,0,7,NEUTRAL,NO_CARRY,0
2025-12-22,85400.0,85500.0,85350.0,150.0,85461.19,85145.86,315.33000000000175,True,False,False,False,85601.33,85145.86,85145.9,85544.81,41,NORMAL_VAR_UP,UP,0.8759084023096935,1.4444233025719044,232.97000000000116,0.27436339789476255,0.27436339789476255,UP,0.7388133066945736,0.5114936219729084,False,True,False,True,True,232.97000000000116,398.9100000000035,631.8800000000047,36.869342280179694,0.0,0.0,500.0,0.5889281507656066,HIGHER,2,1,0.0,OD_UP,True,0,2,4,2,1,2,0,11,BULLISH,CARRY_LONG,5
2025-12-23,85500.0,85650.0,85450.0,200.0,85704.93,85342.99,361.9399999999878,False,False,False,False,85704.93,85342.99,85690.1,85499.6,46,NORMAL,DN,0.43269602696581166,1.0,145.29000000000815,0.16984081208434287,0.16984081208434287,UP,0.4014201248826133,0.4014201248826133,True,True,False,True,True,145.29000000000815,-190.5,-45.20999999999185,-321.3669542137455,50.0,33.33333333333333,100.0,0.117096018735363,HIGHER,3,1,2.0,OTHER,False,2,0,0,0,0,0,0,2,BULLISH,NO_CARRY,0
2025-12-24,85550.0,85650.0,85400.0,250.0,85685.65,85386.54,299.1100000000006,True,True,True,True,85738.18,85342.19,85533.11,85387.68,43,FAILED_AUCTION,DN,0.11487663829892612,1.3238942195178693,33.50999999999476,0.0391931658159743,0.0391931658159743,UP,0.11203236267592089,0.08462334907446034,True,False,False,False,True,33.50999999999476,-145.43000000000757,-111.9200000000128,-29.9410293066395,200.0,100.0,50.0,0.058479532163742694,OVERLAP,0,0,3.0,OA,False,4,1,0,2,0,1,0,8,BULLISH,NO_CARRY,0
2025-12-26,85050.0,85250.0,85000.0,250.0,85378.51,85166.06,212.4499999999971,False,True,False,False,85378.51,84937.82,85225.28,85081.12,36,NORMAL_VAR_DN,DN,0.3251718895368452,2.074323370204725,-162.39999999999418,-0.19019137187003346,0.19019137187003346,DN,0.7644151565073966,0.3685130136830849,False,False,True,True,False,-162.39999999999418,-144.1600000000035,-306.5599999999977,52.97494780793169,0.0,0.0,-500.0,-0.5844535359438925,LOWER,1,-1,2.0,OD_DN,True,2,2,4,1,0,2,1,12,BEARISH,CARRY_SHORT,3
2025-12-29,84750.0,85000.0,84650.0,350.0,85250.0,84975.04,274.9600000000064,False,True,False,False,85250.0,84637.86,85004.75,84707.68,43,TREND_DN,DN,0.11405887542064315,2.226287459994127,-76.36999999999534,-0.08976139477241878,0.08976139477241878,DN,0.27774949083500716,0.12475904204919694,True,False,False,False,False,-76.36999999999534,-297.070000000007,-373.4400000000023,20.450407026562463,0.0,0.0,-300.0,-0.3527336860670194,LOWER,2,-1,0.0,OTD_DN,True,0,4,3,2,0,2,1,12,BEARISH,CARRY_SHORT,5
2025-12-30,84550.0,84750.0,84550.0,200.0,84709.35,84470.94,238.4100000000035,True,False,False,False,84804.82,84470.94,84600.99,84803.17,51,NORMAL_VAR_UP,UP,0.9950581047082523,1.4004446122226406,-106.68999999998778,-0.1259507992663567,0.1259507992663567,DN,0.4475063965437113,0.31954594465073166,True,False,True,True,False,-106.68999999998778,202.17999999999302,95.49000000000524,-111.72897685619638,100.0,28.57142857142857,-200.0,-0.2359882005899705,LOWER,3,-1,-2.0,ORR_UP,False,2,2,1,2,0,2,0,9,NEUTRAL,NO_CARRY,0
2025-12-31,85300.0,85450.0,84900.0,550.0,84929.46,84705.57,223.88999999999945,True,False,False,False,85437.17,84705.57,84793.58,85208.64,51,NORMAL_VAR_UP,UP,0.6876298523783467,3.267676090937483,-9.589999999996508,-0.011308539527468735,0.011308539527468735,DN,0.042833534324876195,0.013108255877524087,True,True,False,True,True,-9.589999999996508,415.0599999999977,405.47000000000116,-2.3651564850658446,0.0,0.0,750.0,0.8870490833826138,HIGHER,1,1,-2.0,OD_UP,True,2,2,4,1,0,2,2,13,NEUTRAL,NO_CARRY,0
2026-01-01,85250.0,85350.0,85150.0,200.0,85451.7,85253.06,198.63999999999945,False,True,False,False,85451.7,85101.52,85255.55,85172.11,50,NORMAL_VAR_DN,DN,0.20158204352046924,1.762887635924255,46.91000000000349,0.05505310259617275,0.05505310259617275,UP,0.23615585984697757,0.1339596778799601,True,False,False,False,False,46.91000000000349,-83.44000000000233,-36.529999999998836,-128.4150013687517,200.0,36.36363636363637,-50.0,-0.058616647127784284,NARROWER,0,0,-2.0,OTD_DN,True,2,2,3,2,0,2,1,12,BEARISH,CARRY_SHORT,4
2026-01-02,85600.0,85700.0,85450.0,250.0,85605.55,85068.88,536.6699999999983,True,False,False,False,85810.29,85068.88,85259.36,85810.29,47,NORMAL_VAR_UP,UP,1.0,1.3815007360202571,87.25,0.10243963663692258,0.10243963663692258,UP,0.16257662995882066,0.11768117505833656,True,False,False,False,True,87.25,550.929999999993,638.179999999993,13.671691372340241,0.0,0.0,350.0,0.41055718475073316,HIGHER,1,1,0.0,OTD_UP,True,0,2,3,2,0,2,0,9,BULLISH,CARRY_LONG,3
2026-01-05,85700.0,85850.0,85500.0,350.0,85800.87,85516.75,284.11999999999534,True,True,True,False,85883.5,85315.33,85640.05,85434.63,55,DOUBLE_DIST,DN,0.20997236742524822,1.9997536252288033,-170.2399999999907,-0.19839112535337045,0.19839112535337045,DN,0.5991834436153508,0.2996286322755359,True,False,False,False,True,-170.2399999999907,-205.41999999999825,-375.65999999998894,45.31757440238399,200.0,80.0,100.0,0.11682242990654204,HIGHER,2,1,2.0,OA,False,2,1,0,2,0,1,1,7,NEUTRAL,NO_CARRY,0
2026-01-06,85000.0,85250.0,84950.0,300.0,85397.78,85007.67,390.1100000000006,False,True,False,True,85397.78,84900.1,85331.14,85027.58,52,NORMAL_VAR_DN,DN,0.2561485291753691,1.2757427392273777,-103.49000000000524,-0.12113354970929849,0.12113354970929849,DN,0.26528415062419597,0.20794486416976107,False,False,True,True,False,-103.49000000000524,-303.5599999999977,-407.0500000000029,25.424395037465793,0.0,0.0,-700.0,-0.8168028004667445,LOWER,1,-1,2.0,OD_DN,True,2,2,4,1,0,2,0,11,BEARISH,CARRY_SHORT,4
2026-01-07,84850.0,85000.0,84750.0,250.0,85039.48,84617.49,421.9899999999907,True,False,True,False,85075.99,84617.49,84620.4,84968.05,56,FAILED_AUCTION,UP,0.7645801526717506,1.0865186378824383,-407.18000000000757,-0.478879911671022,0.478879911671022,DN,0.9649043816204568,0.8880697928026338,True,False,True,True,False,-407.18000000000757,347.65000000000873,-59.529999999998836,683.9912649084756,50.0,16.666666666666664,-150.0,-0.17647058823529413,LOWER,2,-1,0.0,ORR_UP,False,0,1,1,2,1,2,0,7,NEUTRAL,NO_CARRY,0
2026-01-08,84250.0,84700.0,84200.0,500.0,84965.27,84678.85,286.41999999999825,False,True,False,False,84965.27,84110.1,84778.02,84162.02,55,TREND_DN,DN,0.06071307459335379,2.985720270930813,-190.02999999999884,-0.2236487715088187,0.2236487715088187,DN,0.6634662383911738,0.22221312721447106,False,False,False,False,False,-190.02999999999884,-616.0,-806.0299999999988,23.57604555661689,0.0,0.0,-600.0,-0.7071302298173248,LOWER,3,-1,-1.0,OTD_DN,True,0,4,3,2,1,2,2,14,BEARISH,CARRY_SHORT,5
2026-01-09,83500.0,84100.0,83450.0,650.0,84406.22,84019.5,386.7200000000011,False,True,False,False,84406.22,83402.28,84022.09,83638.66,60,TREND_DN,DN,0.23545231786760573,2.5960384774513847,-139.93000000000757,-0.16626264436144422,0.16626264436144422,DN,0.3618380223417645,0.13938083949240715,True,False,True,True,False,-139.93000000000757,-383.429999999993,-523.3600000000006,26.736854173037184,0.0,0.0,-750.0,-0.8902077151335311,LOWER,4,-1,-3.0,OD_DN,True,4,4,4,2,0,2,2,18,BEARISH,CARRY_SHORT,5
2026-01-12,83050.0,83650.0,82950.0,700.0,83617.53,83043.45,574.0800000000017,True,True,False,True,83962.31,82861.07,83435.31,83961.3,79,DOUBLE_DIST,UP,0.9990828520576852,1.9182692307692086,-203.35000000000582,-0.2431291940832216,0.2431291940832216,DN,0.3542189241917593,0.18465547927791176,True,False,True,True,False,-203.35000000000582,525.9900000000052,322.6399999999994,-63.02690304984074,200.0,30.76923076923077,-450.0,-0.5389221556886228,LOWER,5,-1,-5.0,ORR_UP,False,4,1,1,2,1,1,1,11,BEARISH,CARRY_SHORT,3
2026-01-13,83750.0,84000.0,83450.0,550.0,84258.03,83578.56,679.4700000000012,False,True,False,True,84258.03,83262.79,84079.32,83608.88,76,NORMAL_VAR_DN,DN,0.3477452674731816,1.4647298629814467,118.02000000000407,0.1405647601930938,0.1405647601930938,UP,0.17369420283456793,0.11858446203931057,True,True,False,True,True,118.02000000000407,-470.4400000000023,-352.41999999999825,-33.48845127972438,200.0,28.57142857142857,700.0,0.8428657435279951,HIGHER,1,1,-3.0,ORR_DN,False,4,2,1,1,0,2,0,10,BEARISH,CARRY_SHORT,3
2026-01-14,83400.0,83750.0,83350.0,400.0,83715.93,83288.13,427.7999999999883,True,True,True,True,83809.98,83185.2,83358.54,83366.82,76,FAILED_AUCTION,UP,0.29069432440220594,1.4604488078541746,-250.34000000001106,-0.299417956561565,0.299417956561565,DN,0.5851799906498782,0.40068504113449777,True,False,True,True,False,-250.34000000001106,8.280000000013388,-242.05999999999767,103.42063951087064,300.0,54.54545454545454,-350.0,-0.417910447761194,LOWER,1,-1,-3.0,ORR_UP,False,4,1,1,1,1,1,0,9,BEARISH,NO_CARRY,0
2026-01-16,83550.0,83900.0,83500.0,400.0,83871.67,83510.34,361.33000000000175,True,True,True,True,84134.97,83456.5,83670.79,83595.6,59,DOUBLE_DIST,DN,0.20502011879671259,1.8777018238175571,303.9699999999866,0.36461748211097245,0.36461748211097245,UP,0.8412531480917309,0.4480227570857755,False,False,False,False,True,303.9699999999866,-75.18999999998778,228.77999999999884,132.8656351079588,250.0,62.5,150.0,0.1798561151079137,HIGHER,1,1,-1.0,OA,False,0,1,0,2,1,1,1,6,BEARISH,NO_CARRY,0
2026-01-19,83050.0,83300.0,82950.0,350.0,83539.93,82941.01,598.9199999999983,False,True,False,True,83539.93,82898.31,83494.49,83140.15,65,FAILED_AUCTION,DN,0.376920918923971,1.0712949976624544,-101.11000000000058,-0.12095134193665763,0.12095134193665763,DN,0.16882054364522955,0.15758548673669978,False,False,True,True,False,-101.11000000000058,-354.34000000001106,-455.45000000001164,22.20002195630651,0.0,0.0,-500.0,-0.5984440454817475,LOWER,1,-1,-1.0,ORR_UP,False,0,1,1,1,0,2,0,5,BEARISH,NO_CARRY,0
2026-01-20,82900.0,83050.0,82550.0,500.0,83254.28,82812.32,441.95999999999185,False,True,False,False,83254.28,82010.58,83207.38,82153.74,61,TREND_DN,DN,0.1151081450510604,2.814055570639922,67.23000000001048,0.08086345766757755,0.08086345766757755,UP,0.15211783871846257,0.05405644448018866,True,False,False,False,True,67.23000000001048,-1053.6399999999994,-986.4099999999889,-6.81562433470983,100.0,28.57142857142857,-150.0,-0.1806140878988561,LOWER,2,-1,-1.0,OTD_DN,True,0,4,3,2,0,2,2,13,BEARISH,CARRY_SHORT,5
2026-01-21,81900.0,82300.0,81650.0,650.0,82282.25,81793.23,489.0200000000041,True,True,True,True,82407.05,81124.45,81794.65,81919.06,100,DOUBLE_DIST,UP,0.6195306408856985,2.6227966136354244,-359.09000000001106,-0.4370951340742503,0.4370951340742503,DN,0.7343053453846633,0.2799703726805001,True,False,True,True,False,-359.09000000001106,124.41000000000349,-234.68000000000757,153.01261291972025,0.0,0.0,-1000.0,-1.2062726176115801,LOWER,3,-1,-3.0,ORR_UP,False,4,1,1,1,1,1,2,11,BEARISH,CARRY_SHORT,3
2026-01-22,82100.0,82450.0,81950.0,500.0,82783.18,82383.77,399.40999999998894,False,True,False,False,82783.18,81874.39,82459.66,82369.5,86,NORMAL_VAR_DN,DN,0.5448013292399829,2.2753311133923004,540.6000000000058,0.6599196816955735,0.6599196816955735,UP,1.353496407200673,0.5948568976331272,True,True,False,True,True,540.6000000000058,-90.16000000000349,450.4400000000023,120.01598437083807,350.0,53.84615384615385,200.0,0.2442002442002442,HIGHER,1,1,-1.0,OTHER,False,0,2,0,0,2,2,1,7,BEARISH,NO_CARRY,0
2026-01-23,82200.0,82550.0,81750.0,800.0,82516.27,82175.36,340.9100000000035,False,True,False,False,82516.27,81471.82,82335.94,81575.99,66,TREND_DN,DN,0.09973670352817132,3.0637118301017465,-33.55999999999767,-0.04074323627070417,0.04074323627070417,DN,0.09844240415358109,0.032131743980083075,True,False,False,False,True,-33.55999999999767,-759.9499999999971,-793.5099999999948,4.229310279643343,500.0,100.0,100.0,0.12180267965895249,WIDER,0,0,-2.0,OTD_DN,True,2,4,3,2,0,2,2,15,BEARISH,CARRY_SHORT,4
2026-01-27,81550.0,81800.0,81350.0,450.0,81844.75,81088.59,756.1600000000035,True,False,False,False,82084.92,81088.59,81436.79,82052.32,106,NORMAL_VAR_UP,UP,0.9672799172964869,1.317617964451964,-139.20000000001164,-0.1706384439833481,0.1706384439833481,DN,0.18408802369870264,0.13971274577701304,True,False,True,True,False,-139.20000000001164,615.5300000000134,476.33000000000175,-29.223437532805224,50.0,6.25,-650.0,-0.7907542579075426,LOWER,1,-1,-2.0,ORR_UP,False,2,2,1,2,0,2,0,9,NEUTRAL,NO_CARRY,0
2026-01-28,82250.0,82400.0,82000.0,400.0,82503.97,81887.93,616.0400000000081,False,True,False,True,82503.97,81814.75,81892.36,82339.07,78,FAILED_AUCTION,UP,0.7607440294826123,1.118790987598195,-159.9600000000064,-0.19494878389789147,0.19494878389789147,DN,0.259658463736128,0.23208844781057736,True,True,False,True,True,-159.9600000000064,446.7100000000064,286.75,-55.78378378378601,0.0,0.0,700.0,0.8583690987124464,HIGHER,1,1,0.0,OTHER,False,0,1,0,2,0,2,0,5,NEUTRAL,NO_CARRY,0
2026-01-29,82000.0,82400.0,81750.0,650.0,82386.79,81707.94,678.8499999999913,True,False,False,False,82689.96,81707.94,82368.96,82532.41,71,NORMAL_VAR_UP,UP,0.8395653856336915,1.4465935037195503,29.889999999999418,0.03630111440413332,0.03630111440413332,UP,0.04403034543713604,0.03043726197022392,True,False,False,False,True,29.889999999999418,163.4499999999971,193.3399999999965,15.459811730629959,400.0,100.0,-250.0,-0.303951367781155,OVERLAP,0,0,1.0,OTD_UP,True,0,2,3,2,0,2,0,9,BULLISH,CARRY_LONG,3
2026-01-30,82150.0,82300.0,82000.0,300.0,82272.68,81941.03,331.6499999999942,True,False,True,False,82430.82,81941.03,81947.31,82261.15,66,NORMAL_VAR_UP,UP,0.6535862308336022,1.4768279813056437,-585.1000000000058,-0.7089336177145509,0.7089336177145509,DN,1.7642092567466188,1.1945936013393414,False,False,False,False,False,-585.1000000000058,313.8399999999965,-271.2600000000093,215.69711715696593,300.0,46.15384615384615,150.0,0.1829268292682927,NARROWER,0,0,0.0,OA,False,0,2,0,1,2,2,0,7,BULLISH,NO_CARRY,0
2026-02-01,82400.0,82750.0,81150.0,1600.0,82499.5,82119.31,380.1900000000023,True,True,True,False,82726.65,79899.42,82388.97,80484.41,159,DOUBLE_DIST,DN,0.20691277327985558,7.436360766984873,127.82000000000698,0.15538319121481647,0.15538319121481647,UP,0.3362003208922018,0.045210329545175724,True,True,False,True,True,127.82000000000698,-1904.5599999999977,-1776.7399999999907,-7.194074541013748,300.0,100.0,250.0,0.30432136335970783,WIDER,0,0,0.0,ORR_DN,False,0,1,1,2,0,1,2,7,NEUTRAL,NO_CARRY,0
2026-02-02,80950.0,81350.0,80700.0,650.0,81211.31,80480.61,730.6999999999971,True,True,False,True,81732.25,80387.25,80555.68,81631.02,97,DOUBLE_DIST,UP,0.924736059479557,1.8407006979608669,71.26999999998952,0.08855131074451503,0.08855131074451503,UP,0.09753660873133954,0.05298884758363533,True,False,True,True,False,71.26999999998952,1075.340000000011,1146.6100000000006,6.215714148663406,200.0,12.5,-1450.0,-1.7597087378640777,LOWER,1,-1,0.0,ORR_UP,False,0,1,1,2,0,1,1,6,BULLISH,NO_CARRY,0
2026-02-03,83900.0,84350.0,83550.0,800.0,85871.73,83501.22,2370.5099999999948,False,False,False,False,85871.73,83501.22,85323.2,83703.39,108,NORMAL,DN,0.08528544490426056,1.0,3692.179999999993,4.523010982834703,4.523010982834703,UP,1.5575466882653948,1.5575466882653948,False,True,False,True,True,3692.179999999993,-1619.8099999999977,2072.3699999999953,178.16220076530743,0.0,0.0,2950.0,3.644224830142063,HIGHER,1,1,0.0,ORR_DN,False,0,0,1,2,2,0,0,5,NEUTRAL,NO_CARRY,0
2026-02-04,83700.0,83850.0,83550.0,300.0,83885.87,83119.95,765.9199999999983,True,False,True,False,83947.53,83119.95,83252.06,83713.53,72,FAILED_AUCTION,UP,0.7172478793590958,1.080504491330692,-451.33000000000175,-0.5392015783351208,0.5392015783351208,DN,0.5892651974096548,0.5453611735421359,True,False,True,True,False,-451.33000000000175,461.47000000000116,10.139999999999418,-4450.9861932941585,300.0,37.5,-200.0,-0.23837902264600713,OVERLAP,0,0,0.0,ORR_UP,False,0,1,1,1,2,2,0,7,NEUTRAL,NO_CARRY,0
2026-02-05,83350.0,83550.0,83250.0,300.0,83784.17,83313.46,470.70999999999185,False,True,False,False,83784.17,83151.62,83757.54,83311.38,63,NORMAL_VAR_DN,DN,0.2525650146233635,1.343821036306885,44.00999999999476,0.052572146939681985,0.052572146939681985,UP,0.09349705763632708,0.069575527626266,True,False,False,False,True,44.00999999999476,-446.15999999998894,-402.1499999999942,-10.943677732188336,0.0,0.0,-350.0,-0.4181600955794504,LOWER,1,-1,-1.0,OTD_DN,True,0,2,3,1,0,2,0,8,BEARISH,CARRY_SHORT,3
2026-02-06,83100.0,83450.0,83050.0,400.0,83331.35,82945.56,385.79000000000815,True,True,False,True,83612.12,82925.35,83249.32,83531.1,61,DOUBLE_DIST,UP,0.8820274618868169,1.7801653749448534,-62.05999999999767,-0.0744916240734431,0.0744916240734431,DN,0.16086471914771341,0.09036504215384862,True,False,True,True,False,-62.05999999999767,281.77999999999884,219.72000000000116,-28.24503914072335,200.0,66.66666666666666,-250.0,-0.2999400119976005,LOWER,2,-1,-2.0,ORR_UP,False,2,1,1,2,0,1,1,8,BEARISH,NO_CARRY,0
2026-02-09,84000.0,84100.0,83950.0,150.0,84314.68,83860.42,454.2599999999947,False,False,False,False,84314.68,83860.42,84177.51,84043.49,47,NORMAL,DN,0.4030070884515676,1.0000000000000002,646.4099999999889,0.7738554861602311,0.7738554861602311,UP,1.4229956412627052,1.422995641262705,False,True,False,True,True,646.4099999999889,-134.01999999998952,512.3899999999994,126.1558578426569,0.0,0.0,900.0,1.083032490974729,HIGHER,1,1,0.0,OTHER,False,0,0,0,0,2,0,0,2,NEUTRAL,NO_CARRY,0
2026-02-10,84300.0,84450.0,84250.0,200.0,84400.13,84063.47,336.6600000000035,True,False,True,False,84482.95,84063.47,84210.0,84225.38,48,NORMAL_VAR_UP,UP,0.38597787737199646,1.2460048713835667,166.50999999999476,0.19812361433347753,0.19812361433347753,UP,0.4945939523554715,0.3969438352245551,False,True,False,True,True,166.50999999999476,15.380000000004657,181.88999999999942,91.54433998570306,0.0,0.0,300.0,0.35714285714285715,HIGHER,2,1,0.0,ORR_DN,False,0,2,1,1,0,2,0,6,BULLISH,CARRY_LONG,3
2026-02-11,84200.0,84350.0,84150.0,200.0,84487.34,84146.37,340.97000000000116,False,True,False,True,84487.34,84081.25,84339.15,84197.97,50,FAILED_AUCTION,DN,0.28742397005590425,1.1909845440947742,113.76999999998952,0.13507804892063355,0.13507804892063355,UP,0.3336657183916155,0.2801595705385272,True,False,False,False,True,113.76999999998952,-141.17999999999302,-27.410000000003492,-415.0674936153777,100.0,50.0,-100.0,-0.11862396204033215,LOWER,1,-1,-1.0,OTD_DN,True,0,1,3,1,0,2,0,7,BEARISH,CARRY_SHORT,3
2026-02-12,83750.0,83950.0,83700.0,250.0,84061.62,83795.65,265.97000000000116,False,True,False,False,84061.62,83516.67,83968.43,83620.64,52,TREND_DN,DN,0.19078814570144365,2.0489152911982353,-229.54000000000815,-0.27261939925631,0.27261939925631,DN,0.8630296649998389,0.42121295531701874,False,False,True,True,False,-229.54000000000815,-347.7899999999936,-577.3300000000017,39.758890062876944,0.0,0.0,-450.0,-0.5344418052256532,LOWER,2,-1,-1.0,OD_DN,True,0,4,4,2,1,2,1,14,BEARISH,CARRY_SHORT,5
2026-02-13,82800.0,83000.0,82750.0,250.0,83079.7,82791.52,288.179999999993,False,True,False,False,83079.7,82534.55,82902.73,82591.27,55,NORMAL_VAR_DN,DN,0.10404475832340047,1.891699632174361,-717.9100000000035,-0.8585320562004829,0.8585320562004829,DN,2.491186064265462,1.31690360451254,False,False,True,True,False,-717.9100000000035,-311.45999999999185,-1029.3699999999953,69.74265813070197,0.0,0.0,-950.0,-1.1343283582089554,LOWER,3,-1,-1.0,OD_DN,True,0,2,4,2,2,2,1,13,BEARISH,CARRY_SHORT,5
2026-02-16,82750.0,83000.0,82550.0,450.0,82884.78,82276.95,607.8300000000017,True,False,False,False,83333.49,82276.95,82480.4,83294.49,57,NORMAL_VAR_UP,UP,0.9630870577545576,1.7382162775776206,-110.8700000000099,-0.13423936936677433,0.13423936936677433,DN,0.18240297451591658,0.10493686940391186,True,False,True,True,False,-110.8700000000099,814.0900000000111,703.2200000000012,-15.766047609568801,250.0,100.0,-50.0,-0.06038647342995169,OVERLAP,0,0,-2.0,ORR_UP,False,2,2,1,2,0,2,1,10,NEUTRAL,CARRY_LONG,3
2026-02-17,83450.0,83550.0,83250.0,300.0,83361.28,82987.43,373.8500000000058,True,False,False,False,83598.0,82987.43,83197.67,83434.1,63,NORMAL_VAR_UP,UP,0.7315623106277866,1.633195131737321,-96.82000000000698,-0.11623818094090854,0.11623818094090854,DN,0.2589808746823739,0.15857313657730626,True,True,False,True,True,-96.82000000000698,236.43000000000757,139.61000000000058,-69.35033307070165,0.0,0.0,700.0,0.8459214501510574,HIGHER,1,1,-2.0,OD_UP,True,2,2,4,1,0,2,1,12,NEUTRAL,CARRY_LONG,3
2026-02-18,83350.0,83600.0,83250.0,350.0,83603.56,83182.56,421.0,True,True,False,True,83770.05,83163.62,83553.59,83691.01,55,FAILED_AUCTION,UP,0.8696634401332269,1.4404513064133195,119.48999999999069,0.14321482463404134,0.14321482463404134,UP,0.28382422802848145,0.19703840509207854,True,True,False,True,True,119.48999999999069,137.41999999999825,256.90999999998894,46.51045113074455,300.0,100.0,-100.0,-0.11983223487118035,OVERLAP,0,0,-1.0,OTHER,False,0,1,0,2,0,1,0,4,BULLISH,NO_CARRY,0
2026-02-19,82900.0,83700.0,82750.0,950.0,83979.36,83512.48,466.88000000000466,False,True,False,False,83979.36,82264.2,83969.82,82348.18,71,TREND_DN,DN,0.04896336201870132,3.6736634681288263,278.8100000000122,0.3331421140693752,0.3331421140693752,UP,0.597177004797827,0.16255626297255746,True,True,False,True,True,278.8100000000122,-1621.640000000014,-1342.8300000000017,-20.762866483472358,350.0,100.0,-450.0,-0.5398920215956808,WIDER,0,0,0.0,ORR_DN,False,0,4,1,2,1,2,2,12,BEARISH,CARRY_SHORT,4
2026-02-20,82850.0,83100.0,82650.0,450.0,82670.21,82206.21,464.0,True,False,False,False,83132.08,82206.21,82272.49,82794.82,76,NORMAL_VAR_UP,UP,0.6357371985267949,1.9954094827586106,-75.68999999998778,-0.09191459969119874,0.09191459969119874,DN,0.16312499999997365,0.08175013770830479,True,False,True,True,False,-75.68999999998778,522.3300000000017,446.64000000001397,-16.94653412143682,350.0,36.84210526315789,-50.0,-0.060313630880579006,LOWER,1,-1,0.0,ORR_UP,False,0,2,1,1,0,2,1,7,BULLISH,NO_CARRY,0
2026-02-23,83150.0,83300.0,83050.0,250.0,83486.15,82906.83,579.3199999999924,False,False,False,False,83486.15,82906.83,82906.83,83290.81,60,NORMAL,UP,0.6628115721880842,1.0,112.00999999999476,0.13528624133731404,0.13528624133731404,UP,0.1933473727818757,0.1933473727818757,False,False,False,False,True,112.00999999999476,383.9799999999959,495.9899999999907,22.58311659509201,50.0,11.11111111111111,300.0,0.3621001810500905,HIGHER,1,1,1.0,OA,False,0,0,0,1,0,0,0,1,BULLISH,NO_CARRY,0
2026-02-24,82100.0,82600.0,82000.0,600.0,83079.51,82478.13,601.3799999999901,False,True,False,False,83079.51,81934.73,83052.54,82323.31,66,NORMAL_VAR_DN,DN,0.33943639825992955,1.9035884133160692,-238.27000000000407,-0.28606997578724963,0.28606997578724963,DN,0.39620539425988227,0.2081360610772413,False,False,False,False,False,-238.27000000000407,-729.2299999999959,-967.5,24.627390180878976,0.0,0.0,-1050.0,-1.2627781118460615,LOWER,1,-1,-1.0,OA,False,0,2,0,1,1,2,1,7,BEARISH,NO_CARRY,0
2026-02-25,82650.0,83000.0,82300.0,700.0,82908.12,82488.26,419.8600000000006,True,True,True,False,82957.91,82132.63,82530.12,82274.98,65,DOUBLE_DIST,DN,0.17248691353236656,1.9656075834802023,206.80999999999767,0.2512168181770117,0.2512168181770117,UP,0.4925689515552741,0.2505937378828979,True,False,False,False,True,206.80999999999767,-255.13999999999942,-48.330000000001746,-427.91226981169086,300.0,50.0,550.0,0.6699147381242387,HIGHER,1,1,0.0,OA,False,0,1,0,2,1,1,1,6,NEUTRAL,NO_CARRY,0
2026-02-26,82300.0,82500.0,82100.0,400.0,82579.16,82244.99,334.16999999999825,False,True,False,False,82579.16,81970.47,82418.78,82230.55,74,NORMAL_VAR_DN,DN,0.42727825329806757,1.8214980399198177,143.8000000000029,0.17477974470489438,0.17477974470489438,UP,0.4303198970583944,0.2362450508469046,True,False,False,False,False,143.8000000000029,-188.22999999999593,-44.429999999993015,-323.65518793613666,200.0,28.57142857142857,-350.0,-0.42347247428917123,LOWER,1,-1,-1.0,OA,False,0,2,0,0,0,2,1,5,BEARISH,NO_CARRY,0
2026-02-27,81650.0,81900.0,81550.0,350.0,82246.17,81727.0,519.1699999999983,False,True,False,False,82246.17,81159.15,82220.48,81316.53,62,TREND_DN,DN,0.14478114478114854,2.093765048057491,-10.070000000006985,-0.012246056970319406,0.012246056970319406,DN,0.019396344164737983,0.009263858990641338,True,False,False,False,False,-10.070000000006985,-903.9499999999971,-914.0200000000041,1.1017264392471653,0.0,0.0,-650.0,-0.7897934386391251,LOWER,2,-1,-1.0,OTD_DN,True,0,4,3,2,0,2,1,12,BEARISH,CARRY_SHORT,5
2026-03-02,80000.0,80500.0,79600.0,900.0,80632.55,78543.73,2088.820000000007,False,False,False,False,80632.55,78543.73,78543.73,80195.59,123,NORMAL,UP,0.7908101224614831,1.0,-2772.800000000003,-3.4098848044794865,3.4098848044794865,DN,1.327448032860655,1.327448032860655,False,False,True,True,False,-2772.800000000003,1651.8600000000006,-1120.9400000000023,247.36381965136377,0.0,0.0,-1650.0,-2.020820575627679,LOWER,3,-1,-3.0,ORR_UP,False,4,0,1,2,2,0,0,9,BEARISH,NO_CARRY,0
2026-03-04,78700.0,79100.0,78500.0,600.0,78928.92,78443.2,485.7200000000011,True,False,False,False,79527.41,78443.2,78528.82,79120.74,90,NORMAL_VAR_UP,UP,0.624915837337789,2.23217079799062,-1666.7699999999895,-2.0783811179642044,2.0783811179642044,DN,3.4315449230008763,1.5373128821907007,False,False,True,True,False,-1666.7699999999895,591.9199999999983,-1074.8499999999913,155.07000976880522,0.0,0.0,-1300.0,-1.625,LOWER,4,-1,-3.0,ORR_UP,False,4,2,1,1,2,2,1,13,BEARISH,CARRY_SHORT,3
2026-03-05,79500.0,79700.0,79300.0,400.0,79666.46,79227.16,439.3000000000029,True,True,False,True,80303.83,79201.69,79530.48,79927.11,107,DOUBLE_DIST,UP,0.6581922441795041,2.508854996585459,409.7399999999907,0.5178667439156796,0.5178667439156796,UP,0.9327111313452947,0.37176765202242085,False,True,False,True,True,409.7399999999907,396.63000000000466,806.3699999999953,50.81290226570842,0.0,0.0,800.0,1.0165184243964422,HIGHER,1,1,-3.0,OTHER,False,4,1,0,1,2,1,2,11,BEARISH,NO_CARRY,0
2026-03-06,79400.0,79700.0,79300.0,400.0,79753.03,79443.47,309.5599999999977,False,True,False,False,79753.03,78812.18,79658.99,78988.3,71,TREND_DN,DN,0.18719243237498942,3.0393138648404605,-268.11999999999534,-0.3354556420218313,0.3354556420218313,DN,0.8661325752681139,0.28497635117180603,False,False,False,False,True,-268.11999999999534,-670.6900000000023,-938.8099999999977,28.559559442272235,400.0,100.0,-100.0,-0.12578616352201258,OVERLAP,0,0,-2.0,OTD_DN,True,2,4,3,2,1,2,2,16,BEARISH,CARRY_SHORT,4
2026-03-09,77050.0,77250.0,76650.0,600.0,77333.85,76424.55,909.3000000000028,True,False,False,False,77711.35,76424.55,77056.75,77509.95,96,NORMAL_VAR_UP,UP,0.843487721479633,1.4151545144616726,-1931.550000000003,-2.445362161231477,2.445362161231477,DN,2.124216430221046,1.5010491140814413,False,False,True,True,False,-1931.550000000003,453.1999999999971,-1478.3500000000058,130.65579869449016,0.0,0.0,-2350.0,-2.959697732997481,LOWER,1,-1,-2.0,ORR_UP,False,2,2,1,2,2,2,0,11,NEUTRAL,CARRY_LONG,3
2026-03-10,78050.0,78250.0,77900.0,350.0,78526.25,77745.47,780.7799999999988,False,False,False,False,78526.25,77745.47,78375.73,78293.1,82,NORMAL,DN,0.701388355234516,1.0,865.7799999999988,1.1169920765011445,1.1169920765011445,UP,1.1088654934808782,1.1088654934808782,False,True,False,True,True,865.7799999999988,-82.6299999999901,783.1500000000087,110.55098001659825,0.0,0.0,1000.0,1.2978585334198574,HIGHER,1,1,0.0,OTHER,False,0,0,0,1,2,0,0,3,BULLISH,NO_CARRY,0
2026-03-11,77150.0,77700.0,76900.0,800.0,78324.37,77679.65,644.7200000000012,False,True,False,False,78324.37,76759.26,78238.91,76797.55,80,TREND_DN,DN,0.024464734108150952,2.427580965380317,-54.19000000000233,-0.06921427303300332,0.06921427303300332,DN,0.08405199156223202,0.03462376446384108,True,False,False,False,True,-54.19000000000233,-1441.3600000000006,-1495.550000000003,3.623416134532595,0.0,0.0,-900.0,-1.1531069827033953,LOWER,1,-1,0.0,OTD_DN,True,0,4,3,2,0,2,1,12,BEARISH,CARRY_SHORT,4
2026-03-12,76300.0,76500.0,76100.0,400.0,76369.65,75871.18,498.4700000000011,True,False,True,False,76681.71,75871.18,76369.65,76076.41,93,NORMAL_VAR_UP,DN,0.25320469322542916,1.6260356691476148,-427.90000000000873,-0.5571792329312703,0.5571792329312703,DN,0.8584267859650687,0.5279261717641563,False,False,True,True,False,-427.90000000000873,-293.2399999999907,-721.1399999999994,59.33660592950177,0.0,0.0,-850.0,-1.1017498379779649,LOWER,2,-1,-2.0,OTHER,False,2,2,0,1,2,2,1,10,BEARISH,CARRY_SHORT,4
2026-03-13,75200.0,75600.0,74700.0,900.0,75576.2,75083.85,492.34999999999127,False,True,False,False,75576.2,74454.6,75444.22,74646.63,82,TREND_DN,DN,0.171210770328103,2.2780542297146567,-632.1900000000023,-0.8309934709064246,0.8309934709064246,DN,1.2840255915507537,0.5636501426533588,False,False,True,True,False,-632.1900000000023,-797.5899999999965,-1429.7799999999988,44.21589335422252,0.0,0.0,-1100.0,-1.4416775884665793,LOWER,3,-1,-3.0,OD_DN,True,4,4,4,2,2,2,1,19,BEARISH,CARRY_SHORT,5
2026-03-16,74550.0,75000.0,74150.0,850.0,74983.29,74384.61,598.679999999993,True,True,False,True,75805.27,73949.76,74415.79,75306.97,118,DOUBLE_DIST,UP,0.7314484966397377,3.099335204115773,-230.84000000001106,-0.30924369928021,0.30924369928021,DN,0.385581612881696,0.12440784474349904,True,False,True,True,False,-230.84000000001106,891.1800000000076,660.3399999999965,-34.95774903837603,300.0,33.33333333333333,-650.0,-0.8643617021276596,LOWER,4,-1,-3.0,ORR_UP,False,4,1,1,1,1,1,2,11,BEARISH,CARRY_SHORT,3
2026-03-17,75550.0,76000.0,75400.0,600.0,75871.9,75324.73,547.1699999999983,True,False,False,False,76304.26,75324.73,75826.68,76006.31,98,NORMAL_VAR_UP,UP,0.6958235071922274,1.7901748999396934,519.7099999999919,0.6901220431521702,0.6901220431521702,UP,0.9498145000639536,0.5305707839473957,False,True,False,True,True,519.7099999999919,179.63000000000466,699.3399999999965,74.31435353333063,0.0,0.0,1000.0,1.341381623071764,HIGHER,1,1,-3.0,OD_UP,True,4,2,4,1,2,2,1,16,BULLISH,CARRY_LONG,3
2026-03-18,76700.0,76950.0,76500.0,450.0,76609.46,76187.92,421.54000000000815,True,False,False,False,77000.22,76187.92,76367.55,76678.3,73,NORMAL_VAR_UP,UP,0.6036932167918293,1.9269820183137714,361.24000000000524,0.4752763290311097,0.4752763290311097,UP,0.8569530768135841,0.44471254462637444,False,True,False,True,True,361.24000000000524,310.75,671.9900000000052,53.75675233262436,0.0,0.0,1150.0,1.5221707478491064,HIGHER,2,1,-1.0,OTHER,False,0,2,0,1,1,2,1,7,BULLISH,CARRY_LONG,3
2026-03-19,74900.0,75200.0,74550.0,650.0,75354.18,74685.52,668.6599999999889,False,True,False,False,75354.18,73950.95,74750.92,74504.27,95,NORMAL_VAR_DN,DN,0.39431882157594167,2.098570274878143,-1927.3800000000047,-2.5135925027028567,2.5135925027028567,DN,2.8824514701044426,1.373531067608311,False,False,True,True,False,-1927.3800000000047,-246.64999999999418,-2174.029999999999,88.654710376582,0.0,0.0,-1800.0,-2.346805736636245,LOWER,1,-1,-1.0,OTHER,False,0,2,0,1,2,2,1,8,BEARISH,NO_CARRY,0
2026-03-20,74900.0,75200.0,74650.0,550.0,75204.64,74535.26,669.3800000000047,True,True,True,True,75286.39,74385.04,74559.38,74595.78,96,FAILED_AUCTION,UP,0.23380484828313516,1.3465445636260414,55.11000000000058,0.0739689148017967,0.0739689148017967,UP,0.08232991723684634,0.061141620901980616,True,False,False,False,False,55.11000000000058,36.39999999999418,91.50999999999476,60.2229264561291,550.0,84.61538461538461,0.0,0.0,OVERLAP,0,0,0.0,OA,False,0,1,0,2,0,1,0,4,NEUTRAL,NO_CARRY,0
2026-03-23,72700.0,73100.0,72600.0,500.0,73732.58,72825.4,907.1800000000076,False,True,False,False,73732.58,72558.44,73732.58,72619.69,103,NORMAL_VAR_DN,DN,0.052165840530090136,1.2942745651359042,-863.1999999999971,-1.1571700168561774,1.1571700168561774,DN,0.9515200952401838,0.735176384417529,False,False,True,True,False,-863.1999999999971,-1112.8899999999994,-1976.0899999999965,43.68222095147481,0.0,0.0,-2200.0,-2.9372496662216285,LOWER,1,-1,0.0,OD_DN,True,0,2,4,2,2,2,0,12,BEARISH,CARRY_SHORT,4
2026-03-24,73450.0,74200.0,73300.0,900.0,74212.47,73262.39,950.0800000000016,True,True,False,True,74489.39,73084.46,74212.47,74225.54,120,FAILED_AUCTION,UP,0.8121970489632885,1.478749157965635,1592.7799999999988,2.19331699157625,2.19331699157625,UP,1.6764693499494738,1.1337077292107127,False,True,False,True,True,1592.7799999999988,13.069999999992433,1605.8499999999913,99.18610081888143,0.0,0.0,750.0,1.031636863823934,HIGHER,1,1,0.0,OTHER,False,0,1,0,2,2,1,0,6,BULLISH,NO_CARRY,0
2026-03-25,75600.0,75800.0,75250.0,550.0,75321.22,74550.47,770.75,True,False,True,False,75849.76,74550.47,74652.01,75285.16,85,NORMAL_VAR_UP,UP,0.565454979257907,1.6857476483944127,426.47000000000116,0.574559646181087,0.574559646181087,UP,0.5533181965617919,0.3282331119303645,False,True,False,True,True,426.47000000000116,633.1500000000087,1059.62000000001,40.247447198051866,0.0,0.0,2150.0,2.9271613342409806,HIGHER,2,1,0.0,ORR_DN,False,0,2,1,0,2,2,1,8,BULLISH,CARRY_LONG,3
2026-03-27,73950.0,74500.0,73900.0,600.0,74904.91,74189.04,715.8700000000099,False,True,False,False,74904.91,73534.41,74883.79,73664.15,75,NORMAL_VAR_DN,DN,0.09466618022618803,1.9144537416011023,-401.3700000000099,-0.5331329574115402,0.5331329574115402,DN,0.5606744241272917,0.29286391827800795,False,False,True,True,False,-401.3700000000099,-1219.6399999999994,-1621.0100000000093,24.760488831037907,0.0,0.0,-1650.0,-2.1825396825396823,LOWER,1,-1,0.0,OD_DN,True,0,2,4,2,2,2,1,13,BEARISH,CARRY_SHORT,4
2026-03-30,72400.0,72950.0,72300.0,650.0,73165.32,72391.98,773.3400000000111,False,True,False,False,73165.32,71774.13,72565.22,72100.15,92,NORMAL_VAR_DN,DN,0.23434613532298892,1.798937078128614,-1098.929999999993,-1.4918111455843759,1.4918111455843759,DN,1.4210179222592616,0.7899208591206026,False,False,True,True,False,-1098.929999999993,-465.070000000007,-1564.0,70.26406649616324,0.0,0.0,-1550.0,-2.0960108181203516,LOWER,2,-1,-1.0,OD_DN,True,0,2,4,2,2,2,1,13,BEARISH,CARRY_SHORT,5
2026-04-01,73500.0,73900.0,73300.0,600.0,73964.58,73546.51,418.070000000007,False,True,False,False,73964.58,72971.68,73762.43,73245.56,95,TREND_DN,DN,0.2758384530164188,2.3749611309110725,1662.2799999999988,2.3055153144618963,2.3055153144618963,UP,3.9760805606715888,1.67416658273742,False,True,False,True,True,1662.2799999999988,-516.8699999999953,1145.4100000000035,145.12532630237155,0.0,0.0,1100.0,1.5193370165745856,HIGHER,1,1,1.0,ORR_DN,False,0,4,1,1,2,2,1,11,BEARISH,CARRY_SHORT,4
2026-04-02,71650.0,72750.0,71550.0,1200.0,72262.05,71545.81,716.2400000000052,True,False,False,False,73568.54,71545.81,72262.05,73315.38,106,TREND_UP,UP,0.8748424159428152,2.82409527532668,-983.5099999999948,-1.3427571582495852,1.3427571582495852,DN,1.3731570423321617,0.4862290073316739,True,False,True,True,False,-983.5099999999948,1053.3300000000017,69.82000000000698,-1408.6364938411577,0.0,0.0,-1850.0,-2.517006802721088,LOWER,1,-1,-1.0,ORR_UP,False,0,4,1,2,2,2,2,13,BULLISH,CARRY_LONG,4
