strategy,series_id,expiry,option_type,entry_time,entry_price,spot_px,exit_time,exit_reason,blended_return,alloc,target_used,opt_ibh,opt_poc,opt_ib_ext_up,ibr_tgt_pct,spot_poc_rev
baseline_both,SENSEX|weekly|2025-04-08,2025-04-08,CE,2025-04-07 15:10:00+05:30,30.25,73181.14,2025-04-08 15:30:00+05:30,hold_to_end,-99.8347,0.2,30.0,37.7,20.0,False,134.5,False
opt_ib_ext_alloc,SENSEX|weekly|2025-04-08,2025-04-08,CE,2025-04-07 15:10:00+05:30,30.25,73181.14,2025-04-08 15:30:00+05:30,hold_to_end,-99.8347,0.1,30.0,37.7,20.0,False,134.5,False
opt_poc_alloc,SENSEX|weekly|2025-04-08,2025-04-08,CE,2025-04-07 15:10:00+05:30,30.25,73181.14,2025-04-08 15:30:00+05:30,hold_to_end,-99.8347,0.1,30.0,37.7,20.0,False,134.5,False
opt_ib_ext_ibr_tgt,SENSEX|weekly|2025-04-08,2025-04-08,CE,2025-04-07 15:10:00+05:30,30.25,73181.14,2025-04-08 15:30:00+05:30,hold_to_end,-99.8347,0.1,30.0,37.7,20.0,False,134.5,False
spot_poc_alloc,SENSEX|weekly|2025-04-08,2025-04-08,CE,2025-04-07 15:10:00+05:30,30.25,73181.14,2025-04-08 15:30:00+05:30,hold_to_end,-99.8347,0.1,30.0,37.7,20.0,False,134.5,False
baseline_both,SENSEX|weekly|2025-04-08,2025-04-08,PE,2025-04-03 14:30:00+05:30,332.05,76303.53,2025-04-04 09:15:00+05:30,target_hit,30.0,0.2,30.0,542.54,320.0,False,126.5,True
opt_ib_ext_alloc,SENSEX|weekly|2025-04-08,2025-04-08,PE,2025-04-03 14:30:00+05:30,332.05,76303.53,2025-04-04 09:15:00+05:30,target_hit,30.0,0.1,30.0,542.54,320.0,False,126.5,True
opt_poc_alloc,SENSEX|weekly|2025-04-08,2025-04-08,PE,2025-04-03 14:30:00+05:30,332.05,76303.53,2025-04-04 09:15:00+05:30,target_hit,30.0,0.1,30.0,542.54,320.0,False,126.5,True
opt_ib_ext_ibr_tgt,SENSEX|weekly|2025-04-08,2025-04-08,PE,2025-04-03 14:30:00+05:30,332.05,76303.53,2025-04-04 09:15:00+05:30,target_hit,30.0,0.1,30.0,542.54,320.0,False,126.5,True
spot_poc_alloc,SENSEX|weekly|2025-04-08,2025-04-08,PE,2025-04-03 14:30:00+05:30,332.05,76303.53,2025-04-04 09:15:00+05:30,target_hit,30.0,0.35,30.0,542.54,320.0,False,126.5,True
baseline_both,SENSEX|weekly|2025-04-08,2025-04-08,PE,2025-04-08 15:05:00+05:30,1892.9,74213.18,2025-04-08 15:30:00+05:30,hold_to_end,-0.8188,0.2,30.0,2258.75,1740.0,True,50.1,True
opt_ib_ext_alloc,SENSEX|weekly|2025-04-08,2025-04-08,PE,2025-04-08 15:05:00+05:30,1892.9,74213.18,2025-04-08 15:30:00+05:30,hold_to_end,-0.8188,0.35,30.0,2258.75,1740.0,True,50.1,True
opt_poc_alloc,SENSEX|weekly|2025-04-08,2025-04-08,PE,2025-04-08 15:05:00+05:30,1892.9,74213.18,2025-04-08 15:30:00+05:30,hold_to_end,-0.8188,0.1,30.0,2258.75,1740.0,True,50.1,True
opt_ib_ext_ibr_tgt,SENSEX|weekly|2025-04-08,2025-04-08,PE,2025-04-08 15:05:00+05:30,1892.9,74213.18,2025-04-08 15:30:00+05:30,hold_to_end,-0.8188,0.35,50.1,2258.75,1740.0,True,50.1,True
spot_poc_alloc,SENSEX|weekly|2025-04-08,2025-04-08,PE,2025-04-08 15:05:00+05:30,1892.9,74213.18,2025-04-08 15:30:00+05:30,hold_to_end,-0.8188,0.35,30.0,2258.75,1740.0,True,50.1,True
baseline_both,SENSEX|weekly|2025-04-15,2025-04-15,CE,2025-04-07 14:30:00+05:30,135.1,72608.1,2025-04-07 15:10:00+05:30,target_hit,30.0,0.2,30.0,322.2,110.0,False,317.8,False
opt_ib_ext_alloc,SENSEX|weekly|2025-04-15,2025-04-15,CE,2025-04-07 14:30:00+05:30,135.1,72608.1,2025-04-07 15:10:00+05:30,target_hit,30.0,0.1,30.0,322.2,110.0,False,317.8,False
opt_poc_alloc,SENSEX|weekly|2025-04-15,2025-04-15,CE,2025-04-07 14:30:00+05:30,135.1,72608.1,2025-04-07 15:10:00+05:30,target_hit,30.0,0.1,30.0,322.2,110.0,False,317.8,False
opt_ib_ext_ibr_tgt,SENSEX|weekly|2025-04-15,2025-04-15,CE,2025-04-07 14:30:00+05:30,135.1,72608.1,2025-04-07 15:10:00+05:30,target_hit,30.0,0.1,30.0,322.2,110.0,False,317.8,False
spot_poc_alloc,SENSEX|weekly|2025-04-15,2025-04-15,CE,2025-04-07 14:30:00+05:30,135.1,72608.1,2025-04-07 15:10:00+05:30,target_hit,30.0,0.1,30.0,322.2,110.0,False,317.8,False
baseline_both,SENSEX|weekly|2025-04-15,2025-04-15,CE,2025-04-08 11:10:00+05:30,196.8,74110.18,2025-04-08 12:25:00+05:30,target_hit,30.0,0.2,30.0,279.15,240.0,True,107.3,True
opt_ib_ext_alloc,SENSEX|weekly|2025-04-15,2025-04-15,CE,2025-04-08 11:10:00+05:30,196.8,74110.18,2025-04-08 12:25:00+05:30,target_hit,30.0,0.35,30.0,279.15,240.0,True,107.3,True
opt_poc_alloc,SENSEX|weekly|2025-04-15,2025-04-15,CE,2025-04-08 11:10:00+05:30,196.8,74110.18,2025-04-08 12:25:00+05:30,target_hit,30.0,0.35,30.0,279.15,240.0,True,107.3,True
opt_ib_ext_ibr_tgt,SENSEX|weekly|2025-04-15,2025-04-15,CE,2025-04-08 11:10:00+05:30,196.8,74110.18,2025-04-15 09:15:00+05:30,target_hit,107.31707317073167,0.35,107.3,279.15,240.0,True,107.3,True
spot_poc_alloc,SENSEX|weekly|2025-04-15,2025-04-15,CE,2025-04-08 11:10:00+05:30,196.8,74110.18,2025-04-08 12:25:00+05:30,target_hit,30.0,0.35,30.0,279.15,240.0,True,107.3,True
baseline_both,SENSEX|weekly|2025-04-15,2025-04-15,CE,2025-04-09 15:10:00+05:30,130.7,73863.19,2025-04-11 09:15:00+05:30,target_hit,30.0,0.2,30.0,299.0,110.0,False,285.9,False
opt_ib_ext_alloc,SENSEX|weekly|2025-04-15,2025-04-15,CE,2025-04-09 15:10:00+05:30,130.7,73863.19,2025-04-11 09:15:00+05:30,target_hit,30.0,0.1,30.0,299.0,110.0,False,285.9,False
opt_poc_alloc,SENSEX|weekly|2025-04-15,2025-04-15,CE,2025-04-09 15:10:00+05:30,130.7,73863.19,2025-04-11 09:15:00+05:30,target_hit,30.0,0.1,30.0,299.0,110.0,False,285.9,False
opt_ib_ext_ibr_tgt,SENSEX|weekly|2025-04-15,2025-04-15,CE,2025-04-09 15:10:00+05:30,130.7,73863.19,2025-04-11 09:15:00+05:30,target_hit,30.0,0.1,30.0,299.0,110.0,False,285.9,False
spot_poc_alloc,SENSEX|weekly|2025-04-15,2025-04-15,CE,2025-04-09 15:10:00+05:30,130.7,73863.19,2025-04-11 09:15:00+05:30,target_hit,30.0,0.1,30.0,299.0,110.0,False,285.9,False
baseline_both,SENSEX|weekly|2025-04-15,2025-04-15,CE,2025-04-11 14:55:00+05:30,273.55,75104.68,2025-04-15 09:15:00+05:30,target_hit,30.0,0.2,30.0,342.0,240.0,False,83.7,False
opt_ib_ext_alloc,SENSEX|weekly|2025-04-15,2025-04-15,CE,2025-04-11 14:55:00+05:30,273.55,75104.68,2025-04-15 09:15:00+05:30,target_hit,30.0,0.1,30.0,342.0,240.0,False,83.7,False
opt_poc_alloc,SENSEX|weekly|2025-04-15,2025-04-15,CE,2025-04-11 14:55:00+05:30,273.55,75104.68,2025-04-15 09:15:00+05:30,target_hit,30.0,0.1,30.0,342.0,240.0,False,83.7,False
opt_ib_ext_ibr_tgt,SENSEX|weekly|2025-04-15,2025-04-15,CE,2025-04-11 14:55:00+05:30,273.55,75104.68,2025-04-15 09:15:00+05:30,target_hit,30.0,0.1,30.0,342.0,240.0,False,83.7,False
spot_poc_alloc,SENSEX|weekly|2025-04-15,2025-04-15,CE,2025-04-11 14:55:00+05:30,273.55,75104.68,2025-04-15 09:15:00+05:30,target_hit,30.0,0.1,30.0,342.0,240.0,False,83.7,False
baseline_both,SENSEX|weekly|2025-04-15,2025-04-15,PE,2025-04-03 14:30:00+05:30,470.3,76303.53,2025-04-04 09:15:00+05:30,target_hit,30.0,0.2,30.0,610.65,460.0,False,56.3,True
opt_ib_ext_alloc,SENSEX|weekly|2025-04-15,2025-04-15,PE,2025-04-03 14:30:00+05:30,470.3,76303.53,2025-04-04 09:15:00+05:30,target_hit,30.0,0.1,30.0,610.65,460.0,False,56.3,True
opt_poc_alloc,SENSEX|weekly|2025-04-15,2025-04-15,PE,2025-04-03 14:30:00+05:30,470.3,76303.53,2025-04-04 09:15:00+05:30,target_hit,30.0,0.1,30.0,610.65,460.0,False,56.3,True
opt_ib_ext_ibr_tgt,SENSEX|weekly|2025-04-15,2025-04-15,PE,2025-04-03 14:30:00+05:30,470.3,76303.53,2025-04-04 09:15:00+05:30,target_hit,30.0,0.1,30.0,610.65,460.0,False,56.3,True
spot_poc_alloc,SENSEX|weekly|2025-04-15,2025-04-15,PE,2025-04-03 14:30:00+05:30,470.3,76303.53,2025-04-04 09:15:00+05:30,target_hit,30.0,0.35,30.0,610.65,460.0,False,56.3,True
baseline_both,SENSEX|weekly|2025-04-15,2025-04-15,PE,2025-04-09 09:15:00+05:30,2462.3,73834.67,2025-04-15 15:30:00+05:30,hold_to_end,-99.998,0.2,30.0,,,,,False
opt_ib_ext_alloc,SENSEX|weekly|2025-04-15,2025-04-15,PE,2025-04-09 09:15:00+05:30,2462.3,73834.67,2025-04-15 15:30:00+05:30,hold_to_end,-99.998,0.1,30.0,,,,,False
opt_poc_alloc,SENSEX|weekly|2025-04-15,2025-04-15,PE,2025-04-09 09:15:00+05:30,2462.3,73834.67,2025-04-15 15:30:00+05:30,hold_to_end,-99.998,0.1,30.0,,,,,False
opt_ib_ext_ibr_tgt,SENSEX|weekly|2025-04-15,2025-04-15,PE,2025-04-09 09:15:00+05:30,2462.3,73834.67,2025-04-15 15:30:00+05:30,hold_to_end,-99.998,0.1,30.0,,,,,False
spot_poc_alloc,SENSEX|weekly|2025-04-15,2025-04-15,PE,2025-04-09 09:15:00+05:30,2462.3,73834.67,2025-04-15 15:30:00+05:30,hold_to_end,-99.998,0.1,30.0,,,,,False
baseline_both,SENSEX|weekly|2025-04-22,2025-04-22,CE,2025-04-09 12:15:00+05:30,1171.25,73898.3,2025-04-11 09:15:00+05:30,target_hit,30.0,0.2,30.0,1487.2,1140.0,False,61.7,False
opt_ib_ext_alloc,SENSEX|weekly|2025-04-22,2025-04-22,CE,2025-04-09 12:15:00+05:30,1171.25,73898.3,2025-04-11 09:15:00+05:30,target_hit,30.0,0.1,30.0,1487.2,1140.0,False,61.7,False
opt_poc_alloc,SENSEX|weekly|2025-04-22,2025-04-22,CE,2025-04-09 12:15:00+05:30,1171.25,73898.3,2025-04-11 09:15:00+05:30,target_hit,30.0,0.1,30.0,1487.2,1140.0,False,61.7,False
opt_ib_ext_ibr_tgt,SENSEX|weekly|2025-04-22,2025-04-22,CE,2025-04-09 12:15:00+05:30,1171.25,73898.3,2025-04-11 09:15:00+05:30,target_hit,30.0,0.1,30.0,1487.2,1140.0,False,61.7,False
spot_poc_alloc,SENSEX|weekly|2025-04-22,2025-04-22,CE,2025-04-09 12:15:00+05:30,1171.25,73898.3,2025-04-11 09:15:00+05:30,target_hit,30.0,0.1,30.0,1487.2,1140.0,False,61.7,False
baseline_both,SENSEX|weekly|2025-04-22,2025-04-22,CE,2025-04-15 09:25:00+05:30,2955.45,76691.8,2025-04-17 13:00:00+05:30,target_hit,30.0,0.2,30.0,,,,,True
opt_ib_ext_alloc,SENSEX|weekly|2025-04-22,2025-04-22,CE,2025-04-15 09:25:00+05:30,2955.45,76691.8,2025-04-17 13:00:00+05:30,target_hit,30.0,0.1,30.0,,,,,True
opt_poc_alloc,SENSEX|weekly|2025-04-22,2025-04-22,CE,2025-04-15 09:25:00+05:30,2955.45,76691.8,2025-04-17 13:00:00+05:30,target_hit,30.0,0.1,30.0,,,,,True
opt_ib_ext_ibr_tgt,SENSEX|weekly|2025-04-22,2025-04-22,CE,2025-04-15 09:25:00+05:30,2955.45,76691.8,2025-04-17 13:00:00+05:30,target_hit,30.0,0.1,30.0,,,,,True
spot_poc_alloc,SENSEX|weekly|2025-04-22,2025-04-22,CE,2025-04-15 09:25:00+05:30,2955.45,76691.8,2025-04-17 13:00:00+05:30,target_hit,30.0,0.35,30.0,,,,,True
baseline_both,SENSEX|weekly|2025-04-22,2025-04-22,PE,2025-04-09 13:50:00+05:30,1134.85,73856.95,2025-04-22 15:30:00+05:30,hold_to_end,-99.9956,0.2,30.0,1287.05,1110.0,False,34.4,True
opt_ib_ext_alloc,SENSEX|weekly|2025-04-22,2025-04-22,PE,2025-04-09 13:50:00+05:30,1134.85,73856.95,2025-04-22 15:30:00+05:30,hold_to_end,-99.9956,0.1,30.0,1287.05,1110.0,False,34.4,True
opt_poc_alloc,SENSEX|weekly|2025-04-22,2025-04-22,PE,2025-04-09 13:50:00+05:30,1134.85,73856.95,2025-04-22 15:30:00+05:30,hold_to_end,-99.9956,0.1,30.0,1287.05,1110.0,False,34.4,True
opt_ib_ext_ibr_tgt,SENSEX|weekly|2025-04-22,2025-04-22,PE,2025-04-09 13:50:00+05:30,1134.85,73856.95,2025-04-22 15:30:00+05:30,hold_to_end,-99.9956,0.1,30.0,1287.05,1110.0,False,34.4,True
spot_poc_alloc,SENSEX|weekly|2025-04-22,2025-04-22,PE,2025-04-09 13:50:00+05:30,1134.85,73856.95,2025-04-22 15:30:00+05:30,hold_to_end,-99.9956,0.35,30.0,1287.05,1110.0,False,34.4,True
baseline_both,SENSEX|weekly|2025-05-06,2025-05-06,CE,2025-04-23 09:15:00+05:30,909.05,80032.67,2025-05-02 09:30:00+05:30,target_hit,30.0,0.2,30.0,,,,,False
opt_ib_ext_alloc,SENSEX|weekly|2025-05-06,2025-05-06,CE,2025-04-23 09:15:00+05:30,909.05,80032.67,2025-05-02 09:30:00+05:30,target_hit,30.0,0.1,30.0,,,,,False
opt_poc_alloc,SENSEX|weekly|2025-05-06,2025-05-06,CE,2025-04-23 09:15:00+05:30,909.05,80032.67,2025-05-02 09:30:00+05:30,target_hit,30.0,0.1,30.0,,,,,False
opt_ib_ext_ibr_tgt,SENSEX|weekly|2025-05-06,2025-05-06,CE,2025-04-23 09:15:00+05:30,909.05,80032.67,2025-05-02 09:30:00+05:30,target_hit,30.0,0.1,30.0,,,,,False
spot_poc_alloc,SENSEX|weekly|2025-05-06,2025-05-06,CE,2025-04-23 09:15:00+05:30,909.05,80032.67,2025-05-02 09:30:00+05:30,target_hit,30.0,0.1,30.0,,,,,False
baseline_both,SENSEX|weekly|2025-05-06,2025-05-06,CE,2025-05-02 13:45:00+05:30,918.5,80649.93,2025-05-06 15:30:00+05:30,hold_to_end,-30.0163,0.2,30.0,1470.0,780.0,False,134.6,False
opt_ib_ext_alloc,SENSEX|weekly|2025-05-06,2025-05-06,CE,2025-05-02 13:45:00+05:30,918.5,80649.93,2025-05-06 15:30:00+05:30,hold_to_end,-30.0163,0.1,30.0,1470.0,780.0,False,134.6,False
opt_poc_alloc,SENSEX|weekly|2025-05-06,2025-05-06,CE,2025-05-02 13:45:00+05:30,918.5,80649.93,2025-05-06 15:30:00+05:30,hold_to_end,-30.0163,0.1,30.0,1470.0,780.0,False,134.6,False
opt_ib_ext_ibr_tgt,SENSEX|weekly|2025-05-06,2025-05-06,CE,2025-05-02 13:45:00+05:30,918.5,80649.93,2025-05-06 15:30:00+05:30,hold_to_end,-30.0163,0.1,30.0,1470.0,780.0,False,134.6,False
spot_poc_alloc,SENSEX|weekly|2025-05-06,2025-05-06,CE,2025-05-02 13:45:00+05:30,918.5,80649.93,2025-05-06 15:30:00+05:30,hold_to_end,-30.0163,0.1,30.0,1470.0,780.0,False,134.6,False
baseline_both,SENSEX|weekly|2025-05-06,2025-05-06,PE,2025-04-22 12:45:00+05:30,984.45,79631.13,2025-04-25 10:05:00+05:30,target_hit,30.0,0.2,30.0,1065.2,950.0,True,37.7,True
opt_ib_ext_alloc,SENSEX|weekly|2025-05-06,2025-05-06,PE,2025-04-22 12:45:00+05:30,984.45,79631.13,2025-04-25 10:05:00+05:30,target_hit,30.0,0.35,30.0,1065.2,950.0,True,37.7,True
opt_poc_alloc,SENSEX|weekly|2025-05-06,2025-05-06,PE,2025-04-22 12:45:00+05:30,984.45,79631.13,2025-04-25 10:05:00+05:30,target_hit,30.0,0.1,30.0,1065.2,950.0,True,37.7,True
opt_ib_ext_ibr_tgt,SENSEX|weekly|2025-05-06,2025-05-06,PE,2025-04-22 12:45:00+05:30,984.45,79631.13,2025-04-25 10:05:00+05:30,target_hit,37.68093859515466,0.35,37.7,1065.2,950.0,True,37.7,True
spot_poc_alloc,SENSEX|weekly|2025-05-06,2025-05-06,PE,2025-04-22 12:45:00+05:30,984.45,79631.13,2025-04-25 10:05:00+05:30,target_hit,30.0,0.35,30.0,1065.2,950.0,True,37.7,True
baseline_both,SENSEX|weekly|2025-05-06,2025-05-06,PE,2025-04-25 15:30:00+05:30,1286.0,79093.17,2025-05-06 15:30:00+05:30,hold_to_end,-99.9961,0.2,30.0,1453.5,1130.0,True,74.0,False
opt_ib_ext_alloc,SENSEX|weekly|2025-05-06,2025-05-06,PE,2025-04-25 15:30:00+05:30,1286.0,79093.17,2025-05-06 15:30:00+05:30,hold_to_end,-99.9961,0.35,30.0,1453.5,1130.0,True,74.0,False
opt_poc_alloc,SENSEX|weekly|2025-05-06,2025-05-06,PE,2025-04-25 15:30:00+05:30,1286.0,79093.17,2025-05-06 15:30:00+05:30,hold_to_end,-99.9961,0.1,30.0,1453.5,1130.0,True,74.0,False
opt_ib_ext_ibr_tgt,SENSEX|weekly|2025-05-06,2025-05-06,PE,2025-04-25 15:30:00+05:30,1286.0,79093.17,2025-05-06 15:30:00+05:30,hold_to_end,-99.9961,0.35,74.0,1453.5,1130.0,True,74.0,False
spot_poc_alloc,SENSEX|weekly|2025-05-06,2025-05-06,PE,2025-04-25 15:30:00+05:30,1286.0,79093.17,2025-05-06 15:30:00+05:30,hold_to_end,-99.9961,0.1,30.0,1453.5,1130.0,True,74.0,False
baseline_both,SENSEX|weekly|2025-05-13,2025-05-13,CE,2025-04-29 13:10:00+05:30,893.3,80392.13,2025-05-02 09:35:00+05:30,target_hit,30.0,0.2,30.0,907.15,900.0,False,15.0,False
opt_ib_ext_alloc,SENSEX|weekly|2025-05-13,2025-05-13,CE,2025-04-29 13:10:00+05:30,893.3,80392.13,2025-05-02 09:35:00+05:30,target_hit,30.0,0.1,30.0,907.15,900.0,False,15.0,False
opt_poc_alloc,SENSEX|weekly|2025-05-13,2025-05-13,CE,2025-04-29 13:10:00+05:30,893.3,80392.13,2025-05-02 09:35:00+05:30,target_hit,30.0,0.35,30.0,907.15,900.0,False,15.0,False
opt_ib_ext_ibr_tgt,SENSEX|weekly|2025-05-13,2025-05-13,CE,2025-04-29 13:10:00+05:30,893.3,80392.13,2025-05-02 09:35:00+05:30,target_hit,30.0,0.1,30.0,907.15,900.0,False,15.0,False
spot_poc_alloc,SENSEX|weekly|2025-05-13,2025-05-13,CE,2025-04-29 13:10:00+05:30,893.3,80392.13,2025-05-02 09:35:00+05:30,target_hit,30.0,0.1,30.0,907.15,900.0,False,15.0,False
baseline_both,SENSEX|weekly|2025-05-13,2025-05-13,CE,2025-05-02 13:45:00+05:30,966.0,80649.93,2025-05-12 10:00:00+05:30,target_hit,30.0,0.2,30.0,1368.95,840.0,False,83.0,False
opt_ib_ext_alloc,SENSEX|weekly|2025-05-13,2025-05-13,CE,2025-05-02 13:45:00+05:30,966.0,80649.93,2025-05-12 10:00:00+05:30,target_hit,30.0,0.1,30.0,1368.95,840.0,False,83.0,False
opt_poc_alloc,SENSEX|weekly|2025-05-13,2025-05-13,CE,2025-05-02 13:45:00+05:30,966.0,80649.93,2025-05-12 10:00:00+05:30,target_hit,30.0,0.1,30.0,1368.95,840.0,False,83.0,False
opt_ib_ext_ibr_tgt,SENSEX|weekly|2025-05-13,2025-05-13,CE,2025-05-02 13:45:00+05:30,966.0,80649.93,2025-05-12 10:00:00+05:30,target_hit,30.0,0.1,30.0,1368.95,840.0,False,83.0,False
spot_poc_alloc,SENSEX|weekly|2025-05-13,2025-05-13,CE,2025-05-02 13:45:00+05:30,966.0,80649.93,2025-05-12 10:00:00+05:30,target_hit,30.0,0.1,30.0,1368.95,840.0,False,83.0,False
baseline_both,SENSEX|weekly|2025-05-13,2025-05-13,PE,2025-04-29 12:25:00+05:30,1106.35,80228.32,2025-05-09 09:15:00+05:30,target_hit,30.0,0.2,30.0,1124.55,1050.0,False,22.9,False
opt_ib_ext_alloc,SENSEX|weekly|2025-05-13,2025-05-13,PE,2025-04-29 12:25:00+05:30,1106.35,80228.32,2025-05-09 09:15:00+05:30,target_hit,30.0,0.1,30.0,1124.55,1050.0,False,22.9,False
opt_poc_alloc,SENSEX|weekly|2025-05-13,2025-05-13,PE,2025-04-29 12:25:00+05:30,1106.35,80228.32,2025-05-09 09:15:00+05:30,target_hit,30.0,0.1,30.0,1124.55,1050.0,False,22.9,False
opt_ib_ext_ibr_tgt,SENSEX|weekly|2025-05-13,2025-05-13,PE,2025-04-29 12:25:00+05:30,1106.35,80228.32,2025-05-09 09:15:00+05:30,target_hit,30.0,0.1,30.0,1124.55,1050.0,False,22.9,False
spot_poc_alloc,SENSEX|weekly|2025-05-13,2025-05-13,PE,2025-04-29 12:25:00+05:30,1106.35,80228.32,2025-05-09 09:15:00+05:30,target_hit,30.0,0.1,30.0,1124.55,1050.0,False,22.9,False
baseline_both,SENSEX|weekly|2025-05-13,2025-05-13,PE,2025-05-13 10:40:00+05:30,71.05,81561.95,2025-05-13 15:30:00+05:30,hold_to_end,-99.9296,0.2,30.0,102.0,40.0,True,170.0,False
opt_ib_ext_alloc,SENSEX|weekly|2025-05-13,2025-05-13,PE,2025-05-13 10:40:00+05:30,71.05,81561.95,2025-05-13 15:30:00+05:30,hold_to_end,-99.9296,0.35,30.0,102.0,40.0,True,170.0,False
opt_poc_alloc,SENSEX|weekly|2025-05-13,2025-05-13,PE,2025-05-13 10:40:00+05:30,71.05,81561.95,2025-05-13 15:30:00+05:30,hold_to_end,-99.9296,0.1,30.0,102.0,40.0,True,170.0,False
opt_ib_ext_ibr_tgt,SENSEX|weekly|2025-05-13,2025-05-13,PE,2025-05-13 10:40:00+05:30,71.05,81561.95,2025-05-13 15:30:00+05:30,hold_to_end,-99.9296,0.35,170.0,102.0,40.0,True,170.0,False
spot_poc_alloc,SENSEX|weekly|2025-05-13,2025-05-13,PE,2025-05-13 10:40:00+05:30,71.05,81561.95,2025-05-13 15:30:00+05:30,hold_to_end,-99.9296,0.1,30.0,102.0,40.0,True,170.0,False
baseline_both,SENSEX|weekly|2025-05-20,2025-05-20,CE,2025-05-06 13:40:00+05:30,1037.55,80617.86,2025-05-12 10:15:00+05:30,target_hit,30.0,0.2,30.0,1170.0,990.0,False,29.3,False
opt_ib_ext_alloc,SENSEX|weekly|2025-05-20,2025-05-20,CE,2025-05-06 13:40:00+05:30,1037.55,80617.86,2025-05-12 10:15:00+05:30,target_hit,30.0,0.1,30.0,1170.0,990.0,False,29.3,False
opt_poc_alloc,SENSEX|weekly|2025-05-20,2025-05-20,CE,2025-05-06 13:40:00+05:30,1037.55,80617.86,2025-05-12 10:15:00+05:30,target_hit,30.0,0.1,30.0,1170.0,990.0,False,29.3,False
opt_ib_ext_ibr_tgt,SENSEX|weekly|2025-05-20,2025-05-20,CE,2025-05-06 13:40:00+05:30,1037.55,80617.86,2025-05-12 10:15:00+05:30,target_hit,30.0,0.1,30.0,1170.0,990.0,False,29.3,False
spot_poc_alloc,SENSEX|weekly|2025-05-20,2025-05-20,CE,2025-05-06 13:40:00+05:30,1037.55,80617.86,2025-05-12 10:15:00+05:30,target_hit,30.0,0.1,30.0,1170.0,990.0,False,29.3,False
baseline_both,SENSEX|weekly|2025-05-20,2025-05-20,CE,2025-05-14 09:30:00+05:30,1286.1,81507.6,2025-05-15 13:15:00+05:30,target_hit,30.0,0.2,30.0,,,,,False
opt_ib_ext_alloc,SENSEX|weekly|2025-05-20,2025-05-20,CE,2025-05-14 09:30:00+05:30,1286.1,81507.6,2025-05-15 13:15:00+05:30,target_hit,30.0,0.1,30.0,,,,,False
opt_poc_alloc,SENSEX|weekly|2025-05-20,2025-05-20,CE,2025-05-14 09:30:00+05:30,1286.1,81507.6,2025-05-15 13:15:00+05:30,target_hit,30.0,0.1,30.0,,,,,False
opt_ib_ext_ibr_tgt,SENSEX|weekly|2025-05-20,2025-05-20,CE,2025-05-14 09:30:00+05:30,1286.1,81507.6,2025-05-15 13:15:00+05:30,target_hit,30.0,0.1,30.0,,,,,False
spot_poc_alloc,SENSEX|weekly|2025-05-20,2025-05-20,CE,2025-05-14 09:30:00+05:30,1286.1,81507.6,2025-05-15 13:15:00+05:30,target_hit,30.0,0.1,30.0,,,,,False
baseline_both,SENSEX|weekly|2025-05-20,2025-05-20,CE,2025-05-16 12:55:00+05:30,1873.8,82286.14,2025-05-20 15:30:00+05:30,hold_to_end,-68.7987,0.2,30.0,1999.9,1890.0,False,19.5,False
opt_ib_ext_alloc,SENSEX|weekly|2025-05-20,2025-05-20,CE,2025-05-16 12:55:00+05:30,1873.8,82286.14,2025-05-20 15:30:00+05:30,hold_to_end,-68.7987,0.1,30.0,1999.9,1890.0,False,19.5,False
opt_poc_alloc,SENSEX|weekly|2025-05-20,2025-05-20,CE,2025-05-16 12:55:00+05:30,1873.8,82286.14,2025-05-20 15:30:00+05:30,hold_to_end,-68.7987,0.35,30.0,1999.9,1890.0,False,19.5,False
opt_ib_ext_ibr_tgt,SENSEX|weekly|2025-05-20,2025-05-20,CE,2025-05-16 12:55:00+05:30,1873.8,82286.14,2025-05-20 15:30:00+05:30,hold_to_end,-68.7987,0.1,30.0,1999.9,1890.0,False,19.5,False
spot_poc_alloc,SENSEX|weekly|2025-05-20,2025-05-20,CE,2025-05-16 12:55:00+05:30,1873.8,82286.14,2025-05-20 15:30:00+05:30,hold_to_end,-68.7987,0.1,30.0,1999.9,1890.0,False,19.5,False
baseline_both,SENSEX|weekly|2025-05-20,2025-05-20,PE,2025-05-06 15:25:00+05:30,908.55,80628.91,2025-05-08 14:55:00+05:30,target_hit,30.0,0.2,30.0,941.9,700.0,True,15.0,True
opt_ib_ext_alloc,SENSEX|weekly|2025-05-20,2025-05-20,PE,2025-05-06 15:25:00+05:30,908.55,80628.91,2025-05-08 14:55:00+05:30,target_hit,30.0,0.35,30.0,941.9,700.0,True,15.0,True
opt_poc_alloc,SENSEX|weekly|2025-05-20,2025-05-20,PE,2025-05-06 15:25:00+05:30,908.55,80628.91,2025-05-08 14:55:00+05:30,target_hit,30.0,0.1,30.0,941.9,700.0,True,15.0,True
opt_ib_ext_ibr_tgt,SENSEX|weekly|2025-05-20,2025-05-20,PE,2025-05-06 15:25:00+05:30,908.55,80628.91,2025-05-07 09:25:00+05:30,target_hit,15.0,0.35,15.0,941.9,700.0,True,15.0,True
spot_poc_alloc,SENSEX|weekly|2025-05-20,2025-05-20,PE,2025-05-06 15:25:00+05:30,908.55,80628.91,2025-05-08 14:55:00+05:30,target_hit,30.0,0.35,30.0,941.9,700.0,True,15.0,True
baseline_both,SENSEX|weekly|2025-05-20,2025-05-20,PE,2025-05-13 13:30:00+05:30,524.95,81176.95,2025-05-20 15:30:00+05:30,hold_to_end,-99.981,0.2,30.0,456.5,430.0,True,27.3,False
opt_ib_ext_alloc,SENSEX|weekly|2025-05-20,2025-05-20,PE,2025-05-13 13:30:00+05:30,524.95,81176.95,2025-05-20 15:30:00+05:30,hold_to_end,-99.981,0.35,30.0,456.5,430.0,True,27.3,False
opt_poc_alloc,SENSEX|weekly|2025-05-20,2025-05-20,PE,2025-05-13 13:30:00+05:30,524.95,81176.95,2025-05-20 15:30:00+05:30,hold_to_end,-99.981,0.1,30.0,456.5,430.0,True,27.3,False
opt_ib_ext_ibr_tgt,SENSEX|weekly|2025-05-20,2025-05-20,PE,2025-05-13 13:30:00+05:30,524.95,81176.95,2025-05-20 15:30:00+05:30,hold_to_end,-99.981,0.35,27.3,456.5,430.0,True,27.3,False
spot_poc_alloc,SENSEX|weekly|2025-05-20,2025-05-20,PE,2025-05-13 13:30:00+05:30,524.95,81176.95,2025-05-20 15:30:00+05:30,hold_to_end,-99.981,0.1,30.0,456.5,430.0,True,27.3,False
baseline_both,SENSEX|weekly|2025-06-03,2025-06-03,CE,2025-05-21 09:45:00+05:30,939.7,81641.78,2025-05-26 09:50:00+05:30,target_hit,30.0,0.2,30.0,,,,,False
opt_ib_ext_alloc,SENSEX|weekly|2025-06-03,2025-06-03,CE,2025-05-21 09:45:00+05:30,939.7,81641.78,2025-05-26 09:50:00+05:30,target_hit,30.0,0.1,30.0,,,,,False
opt_poc_alloc,SENSEX|weekly|2025-06-03,2025-06-03,CE,2025-05-21 09:45:00+05:30,939.7,81641.78,2025-05-26 09:50:00+05:30,target_hit,30.0,0.1,30.0,,,,,False
opt_ib_ext_ibr_tgt,SENSEX|weekly|2025-06-03,2025-06-03,CE,2025-05-21 09:45:00+05:30,939.7,81641.78,2025-05-26 09:50:00+05:30,target_hit,30.0,0.1,30.0,,,,,False
spot_poc_alloc,SENSEX|weekly|2025-06-03,2025-06-03,CE,2025-05-21 09:45:00+05:30,939.7,81641.78,2025-05-26 09:50:00+05:30,target_hit,30.0,0.1,30.0,,,,,False
baseline_both,SENSEX|weekly|2025-06-03,2025-06-03,CE,2025-05-26 15:20:00+05:30,1054.0,82186.32,2025-06-03 15:30:00+05:30,hold_to_end,-99.9953,0.2,30.0,1235.0,1020.0,False,53.7,False
opt_ib_ext_alloc,SENSEX|weekly|2025-06-03,2025-06-03,CE,2025-05-26 15:20:00+05:30,1054.0,82186.32,2025-06-03 15:30:00+05:30,hold_to_end,-99.9953,0.1,30.0,1235.0,1020.0,False,53.7,False
opt_poc_alloc,SENSEX|weekly|2025-06-03,2025-06-03,CE,2025-05-26 15:20:00+05:30,1054.0,82186.32,2025-06-03 15:30:00+05:30,hold_to_end,-99.9953,0.1,30.0,1235.0,1020.0,False,53.7,False
opt_ib_ext_ibr_tgt,SENSEX|weekly|2025-06-03,2025-06-03,CE,2025-05-26 15:20:00+05:30,1054.0,82186.32,2025-06-03 15:30:00+05:30,hold_to_end,-99.9953,0.1,30.0,1235.0,1020.0,False,53.7,False
spot_poc_alloc,SENSEX|weekly|2025-06-03,2025-06-03,CE,2025-05-26 15:20:00+05:30,1054.0,82186.32,2025-06-03 15:30:00+05:30,hold_to_end,-99.9953,0.1,30.0,1235.0,1020.0,False,53.7,False
baseline_both,SENSEX|weekly|2025-06-03,2025-06-03,PE,2025-05-21 12:05:00+05:30,1069.65,81527.28,2025-05-22 09:20:00+05:30,target_hit,30.0,0.2,30.0,1188.4,1070.0,True,36.5,False
opt_ib_ext_alloc,SENSEX|weekly|2025-06-03,2025-06-03,PE,2025-05-21 12:05:00+05:30,1069.65,81527.28,2025-05-22 09:20:00+05:30,target_hit,30.0,0.35,30.0,1188.4,1070.0,True,36.5,False
opt_poc_alloc,SENSEX|weekly|2025-06-03,2025-06-03,PE,2025-05-21 12:05:00+05:30,1069.65,81527.28,2025-05-22 09:20:00+05:30,target_hit,30.0,0.35,30.0,1188.4,1070.0,True,36.5,False
opt_ib_ext_ibr_tgt,SENSEX|weekly|2025-06-03,2025-06-03,PE,2025-05-21 12:05:00+05:30,1069.65,81527.28,2025-05-22 09:25:00+05:30,target_hit,36.51661758519143,0.35,36.5,1188.4,1070.0,True,36.5,False
spot_poc_alloc,SENSEX|weekly|2025-06-03,2025-06-03,PE,2025-05-21 12:05:00+05:30,1069.65,81527.28,2025-05-22 09:20:00+05:30,target_hit,30.0,0.1,30.0,1188.4,1070.0,True,36.5,False
baseline_both,SENSEX|weekly|2025-06-03,2025-06-03,PE,2025-05-23 14:55:00+05:30,1000.0,81642.31,2025-05-27 09:25:00+05:30,target_hit,30.0,0.2,30.0,1401.2,950.0,False,81.2,False
opt_ib_ext_alloc,SENSEX|weekly|2025-06-03,2025-06-03,PE,2025-05-23 14:55:00+05:30,1000.0,81642.31,2025-05-27 09:25:00+05:30,target_hit,30.0,0.1,30.0,1401.2,950.0,False,81.2,False
opt_poc_alloc,SENSEX|weekly|2025-06-03,2025-06-03,PE,2025-05-23 14:55:00+05:30,1000.0,81642.31,2025-05-27 09:25:00+05:30,target_hit,30.0,0.1,30.0,1401.2,950.0,False,81.2,False
opt_ib_ext_ibr_tgt,SENSEX|weekly|2025-06-03,2025-06-03,PE,2025-05-23 14:55:00+05:30,1000.0,81642.31,2025-05-27 09:25:00+05:30,target_hit,30.0,0.1,30.0,1401.2,950.0,False,81.2,False
spot_poc_alloc,SENSEX|weekly|2025-06-03,2025-06-03,PE,2025-05-23 14:55:00+05:30,1000.0,81642.31,2025-05-27 09:25:00+05:30,target_hit,30.0,0.1,30.0,1401.2,950.0,False,81.2,False
baseline_both,SENSEX|weekly|2025-06-03,2025-06-03,PE,2025-05-27 12:45:00+05:30,1048.1,81680.04,2025-05-27 14:20:00+05:30,target_hit,30.0,0.2,30.0,1357.35,1120.0,True,85.0,True
opt_ib_ext_alloc,SENSEX|weekly|2025-06-03,2025-06-03,PE,2025-05-27 12:45:00+05:30,1048.1,81680.04,2025-05-27 14:20:00+05:30,target_hit,30.0,0.35,30.0,1357.35,1120.0,True,85.0,True
opt_poc_alloc,SENSEX|weekly|2025-06-03,2025-06-03,PE,2025-05-27 12:45:00+05:30,1048.1,81680.04,2025-05-27 14:20:00+05:30,target_hit,30.0,0.35,30.0,1357.35,1120.0,True,85.0,True
opt_ib_ext_ibr_tgt,SENSEX|weekly|2025-06-03,2025-06-03,PE,2025-05-27 12:45:00+05:30,1048.1,81680.04,2025-06-03 15:30:00+05:30,hold_to_end,20.5419,0.35,85.0,1357.35,1120.0,True,85.0,True
spot_poc_alloc,SENSEX|weekly|2025-06-03,2025-06-03,PE,2025-05-27 12:45:00+05:30,1048.1,81680.04,2025-05-27 14:20:00+05:30,target_hit,30.0,0.35,30.0,1357.35,1120.0,True,85.0,True
baseline_both,SENSEX|weekly|2025-06-03,2025-06-03,PE,2025-05-28 09:30:00+05:30,1287.45,81325.96,2025-06-03 15:30:00+05:30,hold_to_end,-1.868,0.2,30.0,,,,,False
opt_ib_ext_alloc,SENSEX|weekly|2025-06-03,2025-06-03,PE,2025-05-28 09:30:00+05:30,1287.45,81325.96,2025-06-03 15:30:00+05:30,hold_to_end,-1.868,0.1,30.0,,,,,False
opt_poc_alloc,SENSEX|weekly|2025-06-03,2025-06-03,PE,2025-05-28 09:30:00+05:30,1287.45,81325.96,2025-06-03 15:30:00+05:30,hold_to_end,-1.868,0.1,30.0,,,,,False
opt_ib_ext_ibr_tgt,SENSEX|weekly|2025-06-03,2025-06-03,PE,2025-05-28 09:30:00+05:30,1287.45,81325.96,2025-06-03 15:30:00+05:30,hold_to_end,-1.868,0.1,30.0,,,,,False
spot_poc_alloc,SENSEX|weekly|2025-06-03,2025-06-03,PE,2025-05-28 09:30:00+05:30,1287.45,81325.96,2025-06-03 15:30:00+05:30,hold_to_end,-1.868,0.1,30.0,,,,,False
baseline_both,SENSEX|weekly|2025-06-10,2025-06-10,CE,2025-05-28 13:05:00+05:30,1033.4,81527.71,2025-06-10 15:30:00+05:30,hold_to_end,-42.6602,0.2,30.0,1139.0,980.0,False,31.5,False
opt_ib_ext_alloc,SENSEX|weekly|2025-06-10,2025-06-10,CE,2025-05-28 13:05:00+05:30,1033.4,81527.71,2025-06-10 15:30:00+05:30,hold_to_end,-42.6602,0.1,30.0,1139.0,980.0,False,31.5,False
opt_poc_alloc,SENSEX|weekly|2025-06-10,2025-06-10,CE,2025-05-28 13:05:00+05:30,1033.4,81527.71,2025-06-10 15:30:00+05:30,hold_to_end,-42.6602,0.1,30.0,1139.0,980.0,False,31.5,False
opt_ib_ext_ibr_tgt,SENSEX|weekly|2025-06-10,2025-06-10,CE,2025-05-28 13:05:00+05:30,1033.4,81527.71,2025-06-10 15:30:00+05:30,hold_to_end,-42.6602,0.1,30.0,1139.0,980.0,False,31.5,False
spot_poc_alloc,SENSEX|weekly|2025-06-10,2025-06-10,CE,2025-05-28 13:05:00+05:30,1033.4,81527.71,2025-06-10 15:30:00+05:30,hold_to_end,-42.6602,0.1,30.0,1139.0,980.0,False,31.5,False
baseline_both,SENSEX|weekly|2025-06-10,2025-06-10,PE,2025-05-27 13:30:00+05:30,1275.0,81526.02,2025-06-10 15:30:00+05:30,hold_to_end,-99.9961,0.2,30.0,1359.9,980.0,True,15.0,False
opt_ib_ext_alloc,SENSEX|weekly|2025-06-10,2025-06-10,PE,2025-05-27 13:30:00+05:30,1275.0,81526.02,2025-06-10 15:30:00+05:30,hold_to_end,-99.9961,0.35,30.0,1359.9,980.0,True,15.0,False
opt_poc_alloc,SENSEX|weekly|2025-06-10,2025-06-10,PE,2025-05-27 13:30:00+05:30,1275.0,81526.02,2025-06-10 15:30:00+05:30,hold_to_end,-99.9961,0.1,30.0,1359.9,980.0,True,15.0,False
opt_ib_ext_ibr_tgt,SENSEX|weekly|2025-06-10,2025-06-10,PE,2025-05-27 13:30:00+05:30,1275.0,81526.02,2025-06-02 09:20:00+05:30,target_hit,15.0,0.35,15.0,1359.9,980.0,True,15.0,False
spot_poc_alloc,SENSEX|weekly|2025-06-10,2025-06-10,PE,2025-05-27 13:30:00+05:30,1275.0,81526.02,2025-06-10 15:30:00+05:30,hold_to_end,-99.9961,0.1,30.0,1359.9,980.0,True,15.0,False
baseline_both,SENSEX|weekly|2025-06-17,2025-06-17,CE,2025-06-04 14:00:00+05:30,818.0,81010.76,2025-06-05 12:10:00+05:30,target_hit,30.0,0.2,30.0,845.65,780.0,False,15.0,False
opt_ib_ext_alloc,SENSEX|weekly|2025-06-17,2025-06-17,CE,2025-06-04 14:00:00+05:30,818.0,81010.76,2025-06-05 12:10:00+05:30,target_hit,30.0,0.1,30.0,845.65,780.0,False,15.0,False
opt_poc_alloc,SENSEX|weekly|2025-06-17,2025-06-17,CE,2025-06-04 14:00:00+05:30,818.0,81010.76,2025-06-05 12:10:00+05:30,target_hit,30.0,0.1,30.0,845.65,780.0,False,15.0,False
opt_ib_ext_ibr_tgt,SENSEX|weekly|2025-06-17,2025-06-17,CE,2025-06-04 14:00:00+05:30,818.0,81010.76,2025-06-05 12:10:00+05:30,target_hit,30.0,0.1,30.0,845.65,780.0,False,15.0,False
spot_poc_alloc,SENSEX|weekly|2025-06-17,2025-06-17,CE,2025-06-04 14:00:00+05:30,818.0,81010.76,2025-06-05 12:10:00+05:30,target_hit,30.0,0.1,30.0,845.65,780.0,False,15.0,False
baseline_both,SENSEX|weekly|2025-06-17,2025-06-17,CE,2025-06-06 10:35:00+05:30,1040.0,81774.8,2025-06-06 11:50:00+05:30,target_hit,30.0,0.2,30.0,965.4,1300.0,True,15.0,True
opt_ib_ext_alloc,SENSEX|weekly|2025-06-17,2025-06-17,CE,2025-06-06 10:35:00+05:30,1040.0,81774.8,2025-06-06 11:50:00+05:30,target_hit,30.0,0.35,30.0,965.4,1300.0,True,15.0,True
opt_poc_alloc,SENSEX|weekly|2025-06-17,2025-06-17,CE,2025-06-06 10:35:00+05:30,1040.0,81774.8,2025-06-06 11:50:00+05:30,target_hit,30.0,0.35,30.0,965.4,1300.0,True,15.0,True
opt_ib_ext_ibr_tgt,SENSEX|weekly|2025-06-17,2025-06-17,CE,2025-06-06 10:35:00+05:30,1040.0,81774.8,2025-06-06 10:45:00+05:30,target_hit,15.0,0.35,15.0,965.4,1300.0,True,15.0,True
spot_poc_alloc,SENSEX|weekly|2025-06-17,2025-06-17,CE,2025-06-06 10:35:00+05:30,1040.0,81774.8,2025-06-06 11:50:00+05:30,target_hit,30.0,0.35,30.0,965.4,1300.0,True,15.0,True
baseline_both,SENSEX|weekly|2025-06-17,2025-06-17,CE,2025-06-11 11:10:00+05:30,1400.0,82642.52,2025-06-17 15:30:00+05:30,hold_to_end,-86.925,0.2,30.0,1272.25,1240.0,True,15.0,False
opt_ib_ext_alloc,SENSEX|weekly|2025-06-17,2025-06-17,CE,2025-06-11 11:10:00+05:30,1400.0,82642.52,2025-06-17 15:30:00+05:30,hold_to_end,-86.925,0.35,30.0,1272.25,1240.0,True,15.0,False
opt_poc_alloc,SENSEX|weekly|2025-06-17,2025-06-17,CE,2025-06-11 11:10:00+05:30,1400.0,82642.52,2025-06-17 15:30:00+05:30,hold_to_end,-86.925,0.1,30.0,1272.25,1240.0,True,15.0,False
opt_ib_ext_ibr_tgt,SENSEX|weekly|2025-06-17,2025-06-17,CE,2025-06-11 11:10:00+05:30,1400.0,82642.52,2025-06-17 15:30:00+05:30,hold_to_end,-86.925,0.35,15.0,1272.25,1240.0,True,15.0,False
spot_poc_alloc,SENSEX|weekly|2025-06-17,2025-06-17,CE,2025-06-11 11:10:00+05:30,1400.0,82642.52,2025-06-17 15:30:00+05:30,hold_to_end,-86.925,0.1,30.0,1272.25,1240.0,True,15.0,False
baseline_both,SENSEX|weekly|2025-06-17,2025-06-17,PE,2025-06-05 14:00:00+05:30,758.8,81373.77,2025-06-13 09:15:00+05:30,target_hit,30.0,0.2,30.0,938.45,740.0,False,49.0,True
opt_ib_ext_alloc,SENSEX|weekly|2025-06-17,2025-06-17,PE,2025-06-05 14:00:00+05:30,758.8,81373.77,2025-06-13 09:15:00+05:30,target_hit,30.0,0.1,30.0,938.45,740.0,False,49.0,True
opt_poc_alloc,SENSEX|weekly|2025-06-17,2025-06-17,PE,2025-06-05 14:00:00+05:30,758.8,81373.77,2025-06-13 09:15:00+05:30,target_hit,30.0,0.1,30.0,938.45,740.0,False,49.0,True
opt_ib_ext_ibr_tgt,SENSEX|weekly|2025-06-17,2025-06-17,PE,2025-06-05 14:00:00+05:30,758.8,81373.77,2025-06-13 09:15:00+05:30,target_hit,30.0,0.1,30.0,938.45,740.0,False,49.0,True
spot_poc_alloc,SENSEX|weekly|2025-06-17,2025-06-17,PE,2025-06-05 14:00:00+05:30,758.8,81373.77,2025-06-13 09:15:00+05:30,target_hit,30.0,0.35,30.0,938.45,740.0,False,49.0,True
baseline_both,SENSEX|weekly|2025-06-17,2025-06-17,PE,2025-06-13 14:55:00+05:30,709.75,80930.06,2025-06-17 15:30:00+05:30,hold_to_end,-99.9859,0.2,30.0,1155.2,730.0,False,128.4,False
opt_ib_ext_alloc,SENSEX|weekly|2025-06-17,2025-06-17,PE,2025-06-13 14:55:00+05:30,709.75,80930.06,2025-06-17 15:30:00+05:30,hold_to_end,-99.9859,0.1,30.0,1155.2,730.0,False,128.4,False
opt_poc_alloc,SENSEX|weekly|2025-06-17,2025-06-17,PE,2025-06-13 14:55:00+05:30,709.75,80930.06,2025-06-17 15:30:00+05:30,hold_to_end,-99.9859,0.35,30.0,1155.2,730.0,False,128.4,False
opt_ib_ext_ibr_tgt,SENSEX|weekly|2025-06-17,2025-06-17,PE,2025-06-13 14:55:00+05:30,709.75,80930.06,2025-06-17 15:30:00+05:30,hold_to_end,-99.9859,0.1,30.0,1155.2,730.0,False,128.4,False
spot_poc_alloc,SENSEX|weekly|2025-06-17,2025-06-17,PE,2025-06-13 14:55:00+05:30,709.75,80930.06,2025-06-17 15:30:00+05:30,hold_to_end,-99.9859,0.1,30.0,1155.2,730.0,False,128.4,False
baseline_both,SENSEX|weekly|2025-07-01,2025-07-01,CE,2025-06-17 14:35:00+05:30,775.85,81567.48,2025-06-20 15:05:00+05:30,target_hit,30.0,0.2,30.0,881.35,810.0,False,21.6,False
opt_ib_ext_alloc,SENSEX|weekly|2025-07-01,2025-07-01,CE,2025-06-17 14:35:00+05:30,775.85,81567.48,2025-06-20 15:05:00+05:30,target_hit,30.0,0.1,30.0,881.35,810.0,False,21.6,False
opt_poc_alloc,SENSEX|weekly|2025-07-01,2025-07-01,CE,2025-06-17 14:35:00+05:30,775.85,81567.48,2025-06-20 15:05:00+05:30,target_hit,30.0,0.35,30.0,881.35,810.0,False,21.6,False
opt_ib_ext_ibr_tgt,SENSEX|weekly|2025-07-01,2025-07-01,CE,2025-06-17 14:35:00+05:30,775.85,81567.48,2025-06-20 15:05:00+05:30,target_hit,30.0,0.1,30.0,881.35,810.0,False,21.6,False
spot_poc_alloc,SENSEX|weekly|2025-07-01,2025-07-01,CE,2025-06-17 14:35:00+05:30,775.85,81567.48,2025-06-20 15:05:00+05:30,target_hit,30.0,0.1,30.0,881.35,810.0,False,21.6,False
baseline_both,SENSEX|weekly|2025-07-01,2025-07-01,CE,2025-06-23 13:20:00+05:30,735.8,81958.59,2025-06-24 09:15:00+05:30,target_hit,30.0,0.2,30.0,826.75,610.0,True,53.8,False
opt_ib_ext_alloc,SENSEX|weekly|2025-07-01,2025-07-01,CE,2025-06-23 13:20:00+05:30,735.8,81958.59,2025-06-24 09:15:00+05:30,target_hit,30.0,0.35,30.0,826.75,610.0,True,53.8,False
opt_poc_alloc,SENSEX|weekly|2025-07-01,2025-07-01,CE,2025-06-23 13:20:00+05:30,735.8,81958.59,2025-06-24 09:15:00+05:30,target_hit,30.0,0.1,30.0,826.75,610.0,True,53.8,False
opt_ib_ext_ibr_tgt,SENSEX|weekly|2025-07-01,2025-07-01,CE,2025-06-23 13:20:00+05:30,735.8,81958.59,2025-06-24 09:15:00+05:30,target_hit,53.764609948355556,0.35,53.8,826.75,610.0,True,53.8,False
spot_poc_alloc,SENSEX|weekly|2025-07-01,2025-07-01,CE,2025-06-23 13:20:00+05:30,735.8,81958.59,2025-06-24 09:15:00+05:30,target_hit,30.0,0.1,30.0,826.75,610.0,True,53.8,False
baseline_both,SENSEX|weekly|2025-07-01,2025-07-01,CE,2025-06-25 09:45:00+05:30,976.3,82572.81,2025-06-26 09:30:00+05:30,target_hit,30.0,0.2,30.0,,,,,True
opt_ib_ext_alloc,SENSEX|weekly|2025-07-01,2025-07-01,CE,2025-06-25 09:45:00+05:30,976.3,82572.81,2025-06-26 09:30:00+05:30,target_hit,30.0,0.1,30.0,,,,,True
opt_poc_alloc,SENSEX|weekly|2025-07-01,2025-07-01,CE,2025-06-25 09:45:00+05:30,976.3,82572.81,2025-06-26 09:30:00+05:30,target_hit,30.0,0.1,30.0,,,,,True
opt_ib_ext_ibr_tgt,SENSEX|weekly|2025-07-01,2025-07-01,CE,2025-06-25 09:45:00+05:30,976.3,82572.81,2025-06-26 09:30:00+05:30,target_hit,30.0,0.1,30.0,,,,,True
spot_poc_alloc,SENSEX|weekly|2025-07-01,2025-07-01,CE,2025-06-25 09:45:00+05:30,976.3,82572.81,2025-06-26 09:30:00+05:30,target_hit,30.0,0.35,30.0,,,,,True
baseline_both,SENSEX|weekly|2025-07-01,2025-07-01,CE,2025-07-01 09:35:00+05:30,1822.55,83787.94,2025-07-01 15:30:00+05:30,hold_to_end,-1.2071,0.2,30.0,,,,,False
opt_ib_ext_alloc,SENSEX|weekly|2025-07-01,2025-07-01,CE,2025-07-01 09:35:00+05:30,1822.55,83787.94,2025-07-01 15:30:00+05:30,hold_to_end,-1.2071,0.1,30.0,,,,,False
opt_poc_alloc,SENSEX|weekly|2025-07-01,2025-07-01,CE,2025-07-01 09:35:00+05:30,1822.55,83787.94,2025-07-01 15:30:00+05:30,hold_to_end,-1.2071,0.1,30.0,,,,,False
opt_ib_ext_ibr_tgt,SENSEX|weekly|2025-07-01,2025-07-01,CE,2025-07-01 09:35:00+05:30,1822.55,83787.94,2025-07-01 15:30:00+05:30,hold_to_end,-1.2071,0.1,30.0,,,,,False
spot_poc_alloc,SENSEX|weekly|2025-07-01,2025-07-01,CE,2025-07-01 09:35:00+05:30,1822.55,83787.94,2025-07-01 15:30:00+05:30,hold_to_end,-1.2071,0.1,30.0,,,,,False
baseline_both,SENSEX|weekly|2025-07-01,2025-07-01,PE,2025-06-17 12:55:00+05:30,1040.4,81437.71,2025-07-01 15:30:00+05:30,hold_to_end,-99.9952,0.2,30.0,1021.4,950.0,True,15.0,False
opt_ib_ext_alloc,SENSEX|weekly|2025-07-01,2025-07-01,PE,2025-06-17 12:55:00+05:30,1040.4,81437.71,2025-07-01 15:30:00+05:30,hold_to_end,-99.9952,0.35,30.0,1021.4,950.0,True,15.0,False
opt_poc_alloc,SENSEX|weekly|2025-07-01,2025-07-01,PE,2025-06-17 12:55:00+05:30,1040.4,81437.71,2025-07-01 15:30:00+05:30,hold_to_end,-99.9952,0.1,30.0,1021.4,950.0,True,15.0,False
opt_ib_ext_ibr_tgt,SENSEX|weekly|2025-07-01,2025-07-01,PE,2025-06-17 12:55:00+05:30,1040.4,81437.71,2025-07-01 15:30:00+05:30,hold_to_end,-99.9952,0.35,15.0,1021.4,950.0,True,15.0,False
spot_poc_alloc,SENSEX|weekly|2025-07-01,2025-07-01,PE,2025-06-17 12:55:00+05:30,1040.4,81437.71,2025-07-01 15:30:00+05:30,hold_to_end,-99.9952,0.1,30.0,1021.4,950.0,True,15.0,False
baseline_both,SENSEX|weekly|2025-07-08,2025-07-08,CE,2025-06-25 09:55:00+05:30,798.35,82563.64,2025-06-26 09:30:00+05:30,target_hit,30.0,0.2,30.0,,,,,True
opt_ib_ext_alloc,SENSEX|weekly|2025-07-08,2025-07-08,CE,2025-06-25 09:55:00+05:30,798.35,82563.64,2025-06-26 09:30:00+05:30,target_hit,30.0,0.1,30.0,,,,,True
opt_poc_alloc,SENSEX|weekly|2025-07-08,2025-07-08,CE,2025-06-25 09:55:00+05:30,798.35,82563.64,2025-06-26 09:30:00+05:30,target_hit,30.0,0.1,30.0,,,,,True
opt_ib_ext_ibr_tgt,SENSEX|weekly|2025-07-08,2025-07-08,CE,2025-06-25 09:55:00+05:30,798.35,82563.64,2025-06-26 09:30:00+05:30,target_hit,30.0,0.1,30.0,,,,,True
spot_poc_alloc,SENSEX|weekly|2025-07-08,2025-07-08,CE,2025-06-25 09:55:00+05:30,798.35,82563.64,2025-06-26 09:30:00+05:30,target_hit,30.0,0.35,30.0,,,,,True
baseline_both,SENSEX|weekly|2025-07-08,2025-07-08,CE,2025-06-26 13:50:00+05:30,1355.0,83480.65,2025-07-08 15:30:00+05:30,hold_to_end,-25.4649,0.2,30.0,1172.95,1010.0,True,15.0,False
opt_ib_ext_alloc,SENSEX|weekly|2025-07-08,2025-07-08,CE,2025-06-26 13:50:00+05:30,1355.0,83480.65,2025-07-08 15:30:00+05:30,hold_to_end,-25.4649,0.35,30.0,1172.95,1010.0,True,15.0,False
opt_poc_alloc,SENSEX|weekly|2025-07-08,2025-07-08,CE,2025-06-26 13:50:00+05:30,1355.0,83480.65,2025-07-08 15:30:00+05:30,hold_to_end,-25.4649,0.1,30.0,1172.95,1010.0,True,15.0,False
opt_ib_ext_ibr_tgt,SENSEX|weekly|2025-07-08,2025-07-08,CE,2025-06-26 13:50:00+05:30,1355.0,83480.65,2025-07-08 15:30:00+05:30,hold_to_end,-25.4649,0.35,15.0,1172.95,1010.0,True,15.0,False
spot_poc_alloc,SENSEX|weekly|2025-07-08,2025-07-08,CE,2025-06-26 13:50:00+05:30,1355.0,83480.65,2025-07-08 15:30:00+05:30,hold_to_end,-25.4649,0.1,30.0,1172.95,1010.0,True,15.0,False
baseline_both,SENSEX|weekly|2025-07-08,2025-07-08,PE,2025-06-24 13:20:00+05:30,870.65,82515.19,2025-07-08 15:30:00+05:30,hold_to_end,-99.9943,0.2,30.0,980.6,750.0,True,39.1,False
opt_ib_ext_alloc,SENSEX|weekly|2025-07-08,2025-07-08,PE,2025-06-24 13:20:00+05:30,870.65,82515.19,2025-07-08 15:30:00+05:30,hold_to_end,-99.9943,0.35,30.0,980.6,750.0,True,39.1,False
opt_poc_alloc,SENSEX|weekly|2025-07-08,2025-07-08,PE,2025-06-24 13:20:00+05:30,870.65,82515.19,2025-07-08 15:30:00+05:30,hold_to_end,-99.9943,0.1,30.0,980.6,750.0,True,39.1,False
opt_ib_ext_ibr_tgt,SENSEX|weekly|2025-07-08,2025-07-08,PE,2025-06-24 13:20:00+05:30,870.65,82515.19,2025-07-08 15:30:00+05:30,hold_to_end,-99.9943,0.35,39.1,980.6,750.0,True,39.1,False
spot_poc_alloc,SENSEX|weekly|2025-07-08,2025-07-08,PE,2025-06-24 13:20:00+05:30,870.65,82515.19,2025-07-08 15:30:00+05:30,hold_to_end,-99.9943,0.1,30.0,980.6,750.0,True,39.1,False
baseline_both,SENSEX|weekly|2025-07-15,2025-07-15,CE,2025-07-01 13:15:00+05:30,904.75,83663.31,2025-07-15 15:30:00+05:30,hold_to_end,-99.9945,0.2,30.0,967.75,880.0,False,15.6,False
opt_ib_ext_alloc,SENSEX|weekly|2025-07-15,2025-07-15,CE,2025-07-01 13:15:00+05:30,904.75,83663.31,2025-07-15 15:30:00+05:30,hold_to_end,-99.9945,0.1,30.0,967.75,880.0,False,15.6,False
opt_poc_alloc,SENSEX|weekly|2025-07-15,2025-07-15,CE,2025-07-01 13:15:00+05:30,904.75,83663.31,2025-07-15 15:30:00+05:30,hold_to_end,-99.9945,0.1,30.0,967.75,880.0,False,15.6,False
opt_ib_ext_ibr_tgt,SENSEX|weekly|2025-07-15,2025-07-15,CE,2025-07-01 13:15:00+05:30,904.75,83663.31,2025-07-15 15:30:00+05:30,hold_to_end,-99.9945,0.1,30.0,967.75,880.0,False,15.6,False
spot_poc_alloc,SENSEX|weekly|2025-07-15,2025-07-15,CE,2025-07-01 13:15:00+05:30,904.75,83663.31,2025-07-15 15:30:00+05:30,hold_to_end,-99.9945,0.1,30.0,967.75,880.0,False,15.6,False
baseline_both,SENSEX|weekly|2025-07-15,2025-07-15,PE,2025-07-01 13:10:00+05:30,669.25,83662.61,2025-07-02 13:30:00+05:30,target_hit,30.0,0.2,30.0,,,,,True
opt_ib_ext_alloc,SENSEX|weekly|2025-07-15,2025-07-15,PE,2025-07-01 13:10:00+05:30,669.25,83662.61,2025-07-02 13:30:00+05:30,target_hit,30.0,0.1,30.0,,,,,True
opt_poc_alloc,SENSEX|weekly|2025-07-15,2025-07-15,PE,2025-07-01 13:10:00+05:30,669.25,83662.61,2025-07-02 13:30:00+05:30,target_hit,30.0,0.1,30.0,,,,,True
opt_ib_ext_ibr_tgt,SENSEX|weekly|2025-07-15,2025-07-15,PE,2025-07-01 13:10:00+05:30,669.25,83662.61,2025-07-02 13:30:00+05:30,target_hit,30.0,0.1,30.0,,,,,True
spot_poc_alloc,SENSEX|weekly|2025-07-15,2025-07-15,PE,2025-07-01 13:10:00+05:30,669.25,83662.61,2025-07-02 13:30:00+05:30,target_hit,30.0,0.35,30.0,,,,,True
baseline_both,SENSEX|weekly|2025-07-15,2025-07-15,PE,2025-07-03 12:25:00+05:30,627.9,83596.27,2025-07-03 14:40:00+05:30,target_hit,30.0,0.2,30.0,766.15,580.0,True,54.2,False
opt_ib_ext_alloc,SENSEX|weekly|2025-07-15,2025-07-15,PE,2025-07-03 12:25:00+05:30,627.9,83596.27,2025-07-03 14:40:00+05:30,target_hit,30.0,0.35,30.0,766.15,580.0,True,54.2,False
opt_poc_alloc,SENSEX|weekly|2025-07-15,2025-07-15,PE,2025-07-03 12:25:00+05:30,627.9,83596.27,2025-07-03 14:40:00+05:30,target_hit,30.0,0.1,30.0,766.15,580.0,True,54.2,False
opt_ib_ext_ibr_tgt,SENSEX|weekly|2025-07-15,2025-07-15,PE,2025-07-03 12:25:00+05:30,627.9,83596.27,2025-07-11 11:00:00+05:30,target_hit,54.21245421245421,0.35,54.2,766.15,580.0,True,54.2,False
spot_poc_alloc,SENSEX|weekly|2025-07-15,2025-07-15,PE,2025-07-03 12:25:00+05:30,627.9,83596.27,2025-07-03 14:40:00+05:30,target_hit,30.0,0.1,30.0,766.15,580.0,True,54.2,False
baseline_both,SENSEX|weekly|2025-07-15,2025-07-15,PE,2025-07-04 11:25:00+05:30,804.1,83213.96,2025-07-11 11:10:00+05:30,target_hit,30.0,0.2,30.0,835.35,780.0,True,17.1,True
opt_ib_ext_alloc,SENSEX|weekly|2025-07-15,2025-07-15,PE,2025-07-04 11:25:00+05:30,804.1,83213.96,2025-07-11 11:10:00+05:30,target_hit,30.0,0.35,30.0,835.35,780.0,True,17.1,True
opt_poc_alloc,SENSEX|weekly|2025-07-15,2025-07-15,PE,2025-07-04 11:25:00+05:30,804.1,83213.96,2025-07-11 11:10:00+05:30,target_hit,30.0,0.1,30.0,835.35,780.0,True,17.1,True
opt_ib_ext_ibr_tgt,SENSEX|weekly|2025-07-15,2025-07-15,PE,2025-07-04 11:25:00+05:30,804.1,83213.96,2025-07-11 10:50:00+05:30,target_hit,17.14339012560627,0.35,17.1,835.35,780.0,True,17.1,True
spot_poc_alloc,SENSEX|weekly|2025-07-15,2025-07-15,PE,2025-07-04 11:25:00+05:30,804.1,83213.96,2025-07-11 11:10:00+05:30,target_hit,30.0,0.35,30.0,835.35,780.0,True,17.1,True
baseline_both,SENSEX|weekly|2025-07-15,2025-07-15,PE,2025-07-11 15:20:00+05:30,1026.2,82495.08,2025-07-14 09:25:00+05:30,target_hit,30.0,0.2,30.0,778.6,1000.0,True,15.0,False
opt_ib_ext_alloc,SENSEX|weekly|2025-07-15,2025-07-15,PE,2025-07-11 15:20:00+05:30,1026.2,82495.08,2025-07-14 09:25:00+05:30,target_hit,30.0,0.35,30.0,778.6,1000.0,True,15.0,False
opt_poc_alloc,SENSEX|weekly|2025-07-15,2025-07-15,PE,2025-07-11 15:20:00+05:30,1026.2,82495.08,2025-07-14 09:25:00+05:30,target_hit,30.0,0.1,30.0,778.6,1000.0,True,15.0,False
opt_ib_ext_ibr_tgt,SENSEX|weekly|2025-07-15,2025-07-15,PE,2025-07-11 15:20:00+05:30,1026.2,82495.08,2025-07-14 09:20:00+05:30,target_hit,15.0,0.35,15.0,778.6,1000.0,True,15.0,False
spot_poc_alloc,SENSEX|weekly|2025-07-15,2025-07-15,PE,2025-07-11 15:20:00+05:30,1026.2,82495.08,2025-07-14 09:25:00+05:30,target_hit,30.0,0.1,30.0,778.6,1000.0,True,15.0,False
baseline_both,SENSEX|weekly|2025-07-15,2025-07-15,PE,2025-07-15 13:45:00+05:30,1024.95,82551.74,2025-07-15 15:30:00+05:30,hold_to_end,0.5659,0.2,30.0,1351.8,1000.0,False,54.5,True
opt_ib_ext_alloc,SENSEX|weekly|2025-07-15,2025-07-15,PE,2025-07-15 13:45:00+05:30,1024.95,82551.74,2025-07-15 15:30:00+05:30,hold_to_end,0.5659,0.1,30.0,1351.8,1000.0,False,54.5,True
opt_poc_alloc,SENSEX|weekly|2025-07-15,2025-07-15,PE,2025-07-15 13:45:00+05:30,1024.95,82551.74,2025-07-15 15:30:00+05:30,hold_to_end,0.5659,0.1,30.0,1351.8,1000.0,False,54.5,True
opt_ib_ext_ibr_tgt,SENSEX|weekly|2025-07-15,2025-07-15,PE,2025-07-15 13:45:00+05:30,1024.95,82551.74,2025-07-15 15:30:00+05:30,hold_to_end,0.5659,0.1,30.0,1351.8,1000.0,False,54.5,True
spot_poc_alloc,SENSEX|weekly|2025-07-15,2025-07-15,PE,2025-07-15 13:45:00+05:30,1024.95,82551.74,2025-07-15 15:30:00+05:30,hold_to_end,0.5659,0.35,30.0,1351.8,1000.0,False,54.5,True
baseline_both,SENSEX|weekly|2025-07-22,2025-07-22,CE,2025-07-08 12:35:00+05:30,802.25,83539.23,2025-07-22 15:30:00+05:30,hold_to_end,-99.9938,0.2,30.0,843.0,790.0,True,15.0,False
opt_ib_ext_alloc,SENSEX|weekly|2025-07-22,2025-07-22,CE,2025-07-08 12:35:00+05:30,802.25,83539.23,2025-07-22 15:30:00+05:30,hold_to_end,-99.9938,0.35,30.0,843.0,790.0,True,15.0,False
opt_poc_alloc,SENSEX|weekly|2025-07-22,2025-07-22,CE,2025-07-08 12:35:00+05:30,802.25,83539.23,2025-07-22 15:30:00+05:30,hold_to_end,-99.9938,0.1,30.0,843.0,790.0,True,15.0,False
opt_ib_ext_ibr_tgt,SENSEX|weekly|2025-07-22,2025-07-22,CE,2025-07-08 12:35:00+05:30,802.25,83539.23,2025-07-08 15:10:00+05:30,target_hit,15.0,0.35,15.0,843.0,790.0,True,15.0,False
spot_poc_alloc,SENSEX|weekly|2025-07-22,2025-07-22,CE,2025-07-08 12:35:00+05:30,802.25,83539.23,2025-07-22 15:30:00+05:30,hold_to_end,-99.9938,0.1,30.0,843.0,790.0,True,15.0,False
baseline_both,SENSEX|weekly|2025-07-22,2025-07-22,PE,2025-07-09 14:25:00+05:30,508.2,83667.71,2025-07-10 10:15:00+05:30,target_hit,30.0,0.2,30.0,581.9,480.0,True,31.9,True
opt_ib_ext_alloc,SENSEX|weekly|2025-07-22,2025-07-22,PE,2025-07-09 14:25:00+05:30,508.2,83667.71,2025-07-10 10:15:00+05:30,target_hit,30.0,0.35,30.0,581.9,480.0,True,31.9,True
opt_poc_alloc,SENSEX|weekly|2025-07-22,2025-07-22,PE,2025-07-09 14:25:00+05:30,508.2,83667.71,2025-07-10 10:15:00+05:30,target_hit,30.0,0.1,30.0,581.9,480.0,True,31.9,True
opt_ib_ext_ibr_tgt,SENSEX|weekly|2025-07-22,2025-07-22,PE,2025-07-09 14:25:00+05:30,508.2,83667.71,2025-07-10 10:15:00+05:30,target_hit,31.8772136953955,0.35,31.9,581.9,480.0,True,31.9,True
spot_poc_alloc,SENSEX|weekly|2025-07-22,2025-07-22,PE,2025-07-09 14:25:00+05:30,508.2,83667.71,2025-07-10 10:15:00+05:30,target_hit,30.0,0.35,30.0,581.9,480.0,True,31.9,True
baseline_both,SENSEX|weekly|2025-07-22,2025-07-22,PE,2025-07-10 13:45:00+05:30,702.7,83176.95,2025-07-11 10:35:00+05:30,target_hit,30.0,0.2,30.0,680.9,670.0,True,22.0,False
opt_ib_ext_alloc,SENSEX|weekly|2025-07-22,2025-07-22,PE,2025-07-10 13:45:00+05:30,702.7,83176.95,2025-07-11 10:35:00+05:30,target_hit,30.0,0.35,30.0,680.9,670.0,True,22.0,False
opt_poc_alloc,SENSEX|weekly|2025-07-22,2025-07-22,PE,2025-07-10 13:45:00+05:30,702.7,83176.95,2025-07-11 10:35:00+05:30,target_hit,30.0,0.1,30.0,680.9,670.0,True,22.0,False
opt_ib_ext_ibr_tgt,SENSEX|weekly|2025-07-22,2025-07-22,PE,2025-07-10 13:45:00+05:30,702.7,83176.95,2025-07-11 09:15:00+05:30,target_hit,22.007969261420214,0.35,22.0,680.9,670.0,True,22.0,False
spot_poc_alloc,SENSEX|weekly|2025-07-22,2025-07-22,PE,2025-07-10 13:45:00+05:30,702.7,83176.95,2025-07-11 10:35:00+05:30,target_hit,30.0,0.1,30.0,680.9,670.0,True,22.0,False
baseline_both,SENSEX|weekly|2025-07-22,2025-07-22,PE,2025-07-11 15:20:00+05:30,1061.15,82495.08,2025-07-14 11:35:00+05:30,target_hit,30.0,0.2,30.0,873.5,1030.0,True,15.0,False
opt_ib_ext_alloc,SENSEX|weekly|2025-07-22,2025-07-22,PE,2025-07-11 15:20:00+05:30,1061.15,82495.08,2025-07-14 11:35:00+05:30,target_hit,30.0,0.35,30.0,873.5,1030.0,True,15.0,False
opt_poc_alloc,SENSEX|weekly|2025-07-22,2025-07-22,PE,2025-07-11 15:20:00+05:30,1061.15,82495.08,2025-07-14 11:35:00+05:30,target_hit,30.0,0.1,30.0,873.5,1030.0,True,15.0,False
opt_ib_ext_ibr_tgt,SENSEX|weekly|2025-07-22,2025-07-22,PE,2025-07-11 15:20:00+05:30,1061.15,82495.08,2025-07-14 09:35:00+05:30,target_hit,15.0,0.35,15.0,873.5,1030.0,True,15.0,False
spot_poc_alloc,SENSEX|weekly|2025-07-22,2025-07-22,PE,2025-07-11 15:20:00+05:30,1061.15,82495.08,2025-07-14 11:35:00+05:30,target_hit,30.0,0.1,30.0,873.5,1030.0,True,15.0,False
baseline_both,SENSEX|weekly|2025-07-22,2025-07-22,PE,2025-07-15 13:45:00+05:30,983.1,82551.74,2025-07-18 09:20:00+05:30,target_hit,30.0,0.2,30.0,1196.55,960.0,False,34.5,True
opt_ib_ext_alloc,SENSEX|weekly|2025-07-22,2025-07-22,PE,2025-07-15 13:45:00+05:30,983.1,82551.74,2025-07-18 09:20:00+05:30,target_hit,30.0,0.1,30.0,1196.55,960.0,False,34.5,True
opt_poc_alloc,SENSEX|weekly|2025-07-22,2025-07-22,PE,2025-07-15 13:45:00+05:30,983.1,82551.74,2025-07-18 09:20:00+05:30,target_hit,30.0,0.1,30.0,1196.55,960.0,False,34.5,True
opt_ib_ext_ibr_tgt,SENSEX|weekly|2025-07-22,2025-07-22,PE,2025-07-15 13:45:00+05:30,983.1,82551.74,2025-07-18 09:20:00+05:30,target_hit,30.0,0.1,30.0,1196.55,960.0,False,34.5,True
spot_poc_alloc,SENSEX|weekly|2025-07-22,2025-07-22,PE,2025-07-15 13:45:00+05:30,983.1,82551.74,2025-07-18 09:20:00+05:30,target_hit,30.0,0.35,30.0,1196.55,960.0,False,34.5,True
baseline_both,SENSEX|weekly|2025-07-22,2025-07-22,PE,2025-07-21 09:25:00+05:30,1920.0,81569.08,2025-07-22 15:30:00+05:30,hold_to_end,-31.6146,0.2,30.0,,,,,False
opt_ib_ext_alloc,SENSEX|weekly|2025-07-22,2025-07-22,PE,2025-07-21 09:25:00+05:30,1920.0,81569.08,2025-07-22 15:30:00+05:30,hold_to_end,-31.6146,0.1,30.0,,,,,False
opt_poc_alloc,SENSEX|weekly|2025-07-22,2025-07-22,PE,2025-07-21 09:25:00+05:30,1920.0,81569.08,2025-07-22 15:30:00+05:30,hold_to_end,-31.6146,0.1,30.0,,,,,False
opt_ib_ext_ibr_tgt,SENSEX|weekly|2025-07-22,2025-07-22,PE,2025-07-21 09:25:00+05:30,1920.0,81569.08,2025-07-22 15:30:00+05:30,hold_to_end,-31.6146,0.1,30.0,,,,,False
spot_poc_alloc,SENSEX|weekly|2025-07-22,2025-07-22,PE,2025-07-21 09:25:00+05:30,1920.0,81569.08,2025-07-22 15:30:00+05:30,hold_to_end,-31.6146,0.1,30.0,,,,,False
baseline_both,SENSEX|weekly|2025-08-05,2025-08-05,CE,2025-07-28 10:25:00+05:30,272.7,81526.69,2025-08-05 15:30:00+05:30,hold_to_end,-99.9817,0.2,30.0,252.9,200.0,True,25.0,False
opt_ib_ext_alloc,SENSEX|weekly|2025-08-05,2025-08-05,CE,2025-07-28 10:25:00+05:30,272.7,81526.69,2025-08-05 15:30:00+05:30,hold_to_end,-99.9817,0.35,30.0,252.9,200.0,True,25.0,False
opt_poc_alloc,SENSEX|weekly|2025-08-05,2025-08-05,CE,2025-07-28 10:25:00+05:30,272.7,81526.69,2025-08-05 15:30:00+05:30,hold_to_end,-99.9817,0.1,30.0,252.9,200.0,True,25.0,False
opt_ib_ext_ibr_tgt,SENSEX|weekly|2025-08-05,2025-08-05,CE,2025-07-28 10:25:00+05:30,272.7,81526.69,2025-08-05 15:30:00+05:30,hold_to_end,-99.9817,0.35,25.0,252.9,200.0,True,25.0,False
spot_poc_alloc,SENSEX|weekly|2025-08-05,2025-08-05,CE,2025-07-28 10:25:00+05:30,272.7,81526.69,2025-08-05 15:30:00+05:30,hold_to_end,-99.9817,0.1,30.0,252.9,200.0,True,25.0,False
baseline_both,SENSEX|weekly|2025-08-05,2025-08-05,PE,2025-07-24 09:55:00+05:30,416.4,82497.03,2025-07-24 12:00:00+05:30,target_hit,30.0,0.2,30.0,,,,,True
opt_ib_ext_alloc,SENSEX|weekly|2025-08-05,2025-08-05,PE,2025-07-24 09:55:00+05:30,416.4,82497.03,2025-07-24 12:00:00+05:30,target_hit,30.0,0.1,30.0,,,,,True
opt_poc_alloc,SENSEX|weekly|2025-08-05,2025-08-05,PE,2025-07-24 09:55:00+05:30,416.4,82497.03,2025-07-24 12:00:00+05:30,target_hit,30.0,0.1,30.0,,,,,True
opt_ib_ext_ibr_tgt,SENSEX|weekly|2025-08-05,2025-08-05,PE,2025-07-24 09:55:00+05:30,416.4,82497.03,2025-07-24 12:00:00+05:30,target_hit,30.0,0.1,30.0,,,,,True
spot_poc_alloc,SENSEX|weekly|2025-08-05,2025-08-05,PE,2025-07-24 09:55:00+05:30,416.4,82497.03,2025-07-24 12:00:00+05:30,target_hit,30.0,0.35,30.0,,,,,True
baseline_both,SENSEX|weekly|2025-08-05,2025-08-05,PE,2025-07-24 15:00:00+05:30,554.15,82187.45,2025-07-25 09:15:00+05:30,target_hit,30.0,0.2,30.0,432.35,550.0,True,15.0,False
opt_ib_ext_alloc,SENSEX|weekly|2025-08-05,2025-08-05,PE,2025-07-24 15:00:00+05:30,554.15,82187.45,2025-07-25 09:15:00+05:30,target_hit,30.0,0.35,30.0,432.35,550.0,True,15.0,False
opt_poc_alloc,SENSEX|weekly|2025-08-05,2025-08-05,PE,2025-07-24 15:00:00+05:30,554.15,82187.45,2025-07-25 09:15:00+05:30,target_hit,30.0,0.1,30.0,432.35,550.0,True,15.0,False
opt_ib_ext_ibr_tgt,SENSEX|weekly|2025-08-05,2025-08-05,PE,2025-07-24 15:00:00+05:30,554.15,82187.45,2025-07-25 09:15:00+05:30,target_hit,15.0,0.35,15.0,432.35,550.0,True,15.0,False
spot_poc_alloc,SENSEX|weekly|2025-08-05,2025-08-05,PE,2025-07-24 15:00:00+05:30,554.15,82187.45,2025-07-25 09:15:00+05:30,target_hit,30.0,0.1,30.0,432.35,550.0,True,15.0,False
baseline_both,SENSEX|weekly|2025-08-05,2025-08-05,PE,2025-07-28 10:55:00+05:30,1098.1,81331.81,2025-07-28 14:45:00+05:30,target_hit,30.0,0.2,30.0,1282.9,1110.0,True,40.5,True
opt_ib_ext_alloc,SENSEX|weekly|2025-08-05,2025-08-05,PE,2025-07-28 10:55:00+05:30,1098.1,81331.81,2025-07-28 14:45:00+05:30,target_hit,30.0,0.35,30.0,1282.9,1110.0,True,40.5,True
opt_poc_alloc,SENSEX|weekly|2025-08-05,2025-08-05,PE,2025-07-28 10:55:00+05:30,1098.1,81331.81,2025-07-28 14:45:00+05:30,target_hit,30.0,0.35,30.0,1282.9,1110.0,True,40.5,True
opt_ib_ext_ibr_tgt,SENSEX|weekly|2025-08-05,2025-08-05,PE,2025-07-28 10:55:00+05:30,1098.1,81331.81,2025-07-29 09:15:00+05:30,target_hit,40.51088243329391,0.35,40.5,1282.9,1110.0,True,40.5,True
spot_poc_alloc,SENSEX|weekly|2025-08-05,2025-08-05,PE,2025-07-28 10:55:00+05:30,1098.1,81331.81,2025-07-28 14:45:00+05:30,target_hit,30.0,0.35,30.0,1282.9,1110.0,True,40.5,True
baseline_both,SENSEX|weekly|2025-08-05,2025-08-05,PE,2025-07-31 09:15:00+05:30,1432.8,80955.22,2025-08-05 15:30:00+05:30,hold_to_end,17.5321,0.2,30.0,,,,,True
opt_ib_ext_alloc,SENSEX|weekly|2025-08-05,2025-08-05,PE,2025-07-31 09:15:00+05:30,1432.8,80955.22,2025-08-05 15:30:00+05:30,hold_to_end,17.5321,0.1,30.0,,,,,True
opt_poc_alloc,SENSEX|weekly|2025-08-05,2025-08-05,PE,2025-07-31 09:15:00+05:30,1432.8,80955.22,2025-08-05 15:30:00+05:30,hold_to_end,17.5321,0.1,30.0,,,,,True
opt_ib_ext_ibr_tgt,SENSEX|weekly|2025-08-05,2025-08-05,PE,2025-07-31 09:15:00+05:30,1432.8,80955.22,2025-08-05 15:30:00+05:30,hold_to_end,17.5321,0.1,30.0,,,,,True
spot_poc_alloc,SENSEX|weekly|2025-08-05,2025-08-05,PE,2025-07-31 09:15:00+05:30,1432.8,80955.22,2025-08-05 15:30:00+05:30,hold_to_end,17.5321,0.35,30.0,,,,,True
baseline_both,SENSEX|weekly|2025-08-12,2025-08-12,CE,2025-07-29 13:15:00+05:30,950.0,81022.15,2025-07-30 11:35:00+05:30,target_hit,30.0,0.2,30.0,926.7,790.0,True,15.0,False
opt_ib_ext_alloc,SENSEX|weekly|2025-08-12,2025-08-12,CE,2025-07-29 13:15:00+05:30,950.0,81022.15,2025-07-30 11:35:00+05:30,target_hit,30.0,0.35,30.0,926.7,790.0,True,15.0,False
opt_poc_alloc,SENSEX|weekly|2025-08-12,2025-08-12,CE,2025-07-29 13:15:00+05:30,950.0,81022.15,2025-07-30 11:35:00+05:30,target_hit,30.0,0.1,30.0,926.7,790.0,True,15.0,False
opt_ib_ext_ibr_tgt,SENSEX|weekly|2025-08-12,2025-08-12,CE,2025-07-29 13:15:00+05:30,950.0,81022.15,2025-07-30 09:35:00+05:30,target_hit,15.0,0.35,15.0,926.7,790.0,True,15.0,False
spot_poc_alloc,SENSEX|weekly|2025-08-12,2025-08-12,CE,2025-07-29 13:15:00+05:30,950.0,81022.15,2025-07-30 11:35:00+05:30,target_hit,30.0,0.1,30.0,926.7,790.0,True,15.0,False
baseline_both,SENSEX|weekly|2025-08-12,2025-08-12,CE,2025-07-31 11:30:00+05:30,984.1,81245.79,2025-08-12 15:30:00+05:30,hold_to_end,-99.9949,0.2,30.0,840.0,1240.0,True,15.0,False
opt_ib_ext_alloc,SENSEX|weekly|2025-08-12,2025-08-12,CE,2025-07-31 11:30:00+05:30,984.1,81245.79,2025-08-12 15:30:00+05:30,hold_to_end,-99.9949,0.35,30.0,840.0,1240.0,True,15.0,False
opt_poc_alloc,SENSEX|weekly|2025-08-12,2025-08-12,CE,2025-07-31 11:30:00+05:30,984.1,81245.79,2025-08-12 15:30:00+05:30,hold_to_end,-99.9949,0.35,30.0,840.0,1240.0,True,15.0,False
opt_ib_ext_ibr_tgt,SENSEX|weekly|2025-08-12,2025-08-12,CE,2025-07-31 11:30:00+05:30,984.1,81245.79,2025-07-31 12:40:00+05:30,target_hit,15.0,0.35,15.0,840.0,1240.0,True,15.0,False
spot_poc_alloc,SENSEX|weekly|2025-08-12,2025-08-12,CE,2025-07-31 11:30:00+05:30,984.1,81245.79,2025-08-12 15:30:00+05:30,hold_to_end,-99.9949,0.1,30.0,840.0,1240.0,True,15.0,False
baseline_both,SENSEX|weekly|2025-08-12,2025-08-12,PE,2025-07-31 09:25:00+05:30,540.0,80937.69,2025-08-01 15:10:00+05:30,target_hit,30.0,0.2,30.0,,,,,True
opt_ib_ext_alloc,SENSEX|weekly|2025-08-12,2025-08-12,PE,2025-07-31 09:25:00+05:30,540.0,80937.69,2025-08-01 15:10:00+05:30,target_hit,30.0,0.1,30.0,,,,,True
opt_poc_alloc,SENSEX|weekly|2025-08-12,2025-08-12,PE,2025-07-31 09:25:00+05:30,540.0,80937.69,2025-08-01 15:10:00+05:30,target_hit,30.0,0.1,30.0,,,,,True
opt_ib_ext_ibr_tgt,SENSEX|weekly|2025-08-12,2025-08-12,PE,2025-07-31 09:25:00+05:30,540.0,80937.69,2025-08-01 15:10:00+05:30,target_hit,30.0,0.1,30.0,,,,,True
spot_poc_alloc,SENSEX|weekly|2025-08-12,2025-08-12,PE,2025-07-31 09:25:00+05:30,540.0,80937.69,2025-08-01 15:10:00+05:30,target_hit,30.0,0.35,30.0,,,,,True
baseline_both,SENSEX|weekly|2025-08-12,2025-08-12,PE,2025-08-04 09:45:00+05:30,623.8,80605.79,2025-08-07 10:35:00+05:30,target_hit,30.0,0.2,30.0,,,,,False
opt_ib_ext_alloc,SENSEX|weekly|2025-08-12,2025-08-12,PE,2025-08-04 09:45:00+05:30,623.8,80605.79,2025-08-07 10:35:00+05:30,target_hit,30.0,0.1,30.0,,,,,False
opt_poc_alloc,SENSEX|weekly|2025-08-12,2025-08-12,PE,2025-08-04 09:45:00+05:30,623.8,80605.79,2025-08-07 10:35:00+05:30,target_hit,30.0,0.1,30.0,,,,,False
opt_ib_ext_ibr_tgt,SENSEX|weekly|2025-08-12,2025-08-12,PE,2025-08-04 09:45:00+05:30,623.8,80605.79,2025-08-07 10:35:00+05:30,target_hit,30.0,0.1,30.0,,,,,False
spot_poc_alloc,SENSEX|weekly|2025-08-12,2025-08-12,PE,2025-08-04 09:45:00+05:30,623.8,80605.79,2025-08-07 10:35:00+05:30,target_hit,30.0,0.1,30.0,,,,,False
baseline_both,SENSEX|weekly|2025-08-12,2025-08-12,PE,2025-08-08 10:10:00+05:30,689.95,80167.1,2025-08-08 15:15:00+05:30,target_hit,30.0,0.2,30.0,,,,,True
opt_ib_ext_alloc,SENSEX|weekly|2025-08-12,2025-08-12,PE,2025-08-08 10:10:00+05:30,689.95,80167.1,2025-08-08 15:15:00+05:30,target_hit,30.0,0.1,30.0,,,,,True
opt_poc_alloc,SENSEX|weekly|2025-08-12,2025-08-12,PE,2025-08-08 10:10:00+05:30,689.95,80167.1,2025-08-08 15:15:00+05:30,target_hit,30.0,0.1,30.0,,,,,True
opt_ib_ext_ibr_tgt,SENSEX|weekly|2025-08-12,2025-08-12,PE,2025-08-08 10:10:00+05:30,689.95,80167.1,2025-08-08 15:15:00+05:30,target_hit,30.0,0.1,30.0,,,,,True
spot_poc_alloc,SENSEX|weekly|2025-08-12,2025-08-12,PE,2025-08-08 10:10:00+05:30,689.95,80167.1,2025-08-08 15:15:00+05:30,target_hit,30.0,0.35,30.0,,,,,True
baseline_both,SENSEX|weekly|2025-08-12,2025-08-12,PE,2025-08-12 11:10:00+05:30,378.85,80466.65,2025-08-12 14:45:00+05:30,target_hit,30.0,0.2,30.0,422.45,200.0,True,101.4,False
opt_ib_ext_alloc,SENSEX|weekly|2025-08-12,2025-08-12,PE,2025-08-12 11:10:00+05:30,378.85,80466.65,2025-08-12 14:45:00+05:30,target_hit,30.0,0.35,30.0,422.45,200.0,True,101.4,False
opt_poc_alloc,SENSEX|weekly|2025-08-12,2025-08-12,PE,2025-08-12 11:10:00+05:30,378.85,80466.65,2025-08-12 14:45:00+05:30,target_hit,30.0,0.1,30.0,422.45,200.0,True,101.4,False
opt_ib_ext_ibr_tgt,SENSEX|weekly|2025-08-12,2025-08-12,PE,2025-08-12 11:10:00+05:30,378.85,80466.65,2025-08-12 15:30:00+05:30,hold_to_end,48.8716,0.35,101.4,422.45,200.0,True,101.4,False
spot_poc_alloc,SENSEX|weekly|2025-08-12,2025-08-12,PE,2025-08-12 11:10:00+05:30,378.85,80466.65,2025-08-12 14:45:00+05:30,target_hit,30.0,0.1,30.0,422.45,200.0,True,101.4,False
baseline_both,SENSEX|weekly|2025-08-19,2025-08-19,CE,2025-08-06 12:35:00+05:30,967.3,80696.21,2025-08-18 09:15:00+05:30,target_hit,30.0,0.2,30.0,1090.0,940.0,False,23.5,False
opt_ib_ext_alloc,SENSEX|weekly|2025-08-19,2025-08-19,CE,2025-08-06 12:35:00+05:30,967.3,80696.21,2025-08-18 09:15:00+05:30,target_hit,30.0,0.1,30.0,1090.0,940.0,False,23.5,False
opt_poc_alloc,SENSEX|weekly|2025-08-19,2025-08-19,CE,2025-08-06 12:35:00+05:30,967.3,80696.21,2025-08-18 09:15:00+05:30,target_hit,30.0,0.1,30.0,1090.0,940.0,False,23.5,False
opt_ib_ext_ibr_tgt,SENSEX|weekly|2025-08-19,2025-08-19,CE,2025-08-06 12:35:00+05:30,967.3,80696.21,2025-08-18 09:15:00+05:30,target_hit,30.0,0.1,30.0,1090.0,940.0,False,23.5,False
spot_poc_alloc,SENSEX|weekly|2025-08-19,2025-08-19,CE,2025-08-06 12:35:00+05:30,967.3,80696.21,2025-08-18 09:15:00+05:30,target_hit,30.0,0.1,30.0,1090.0,940.0,False,23.5,False
baseline_both,SENSEX|weekly|2025-08-19,2025-08-19,CE,2025-08-18 13:20:00+05:30,1410.25,81509.28,2025-08-19 15:30:00+05:30,hold_to_end,2.6307,0.2,30.0,1619.6,1310.0,False,78.6,False
opt_ib_ext_alloc,SENSEX|weekly|2025-08-19,2025-08-19,CE,2025-08-18 13:20:00+05:30,1410.25,81509.28,2025-08-19 15:30:00+05:30,hold_to_end,2.6307,0.1,30.0,1619.6,1310.0,False,78.6,False
opt_poc_alloc,SENSEX|weekly|2025-08-19,2025-08-19,CE,2025-08-18 13:20:00+05:30,1410.25,81509.28,2025-08-19 15:30:00+05:30,hold_to_end,2.6307,0.1,30.0,1619.6,1310.0,False,78.6,False
opt_ib_ext_ibr_tgt,SENSEX|weekly|2025-08-19,2025-08-19,CE,2025-08-18 13:20:00+05:30,1410.25,81509.28,2025-08-19 15:30:00+05:30,hold_to_end,2.6307,0.1,30.0,1619.6,1310.0,False,78.6,False
spot_poc_alloc,SENSEX|weekly|2025-08-19,2025-08-19,CE,2025-08-18 13:20:00+05:30,1410.25,81509.28,2025-08-19 15:30:00+05:30,hold_to_end,2.6307,0.1,30.0,1619.6,1310.0,False,78.6,False
baseline_both,SENSEX|weekly|2025-08-19,2025-08-19,PE,2025-08-06 10:50:00+05:30,427.8,80490.86,2025-08-07 10:35:00+05:30,target_hit,30.0,0.2,30.0,422.95,350.0,True,16.0,False
opt_ib_ext_alloc,SENSEX|weekly|2025-08-19,2025-08-19,PE,2025-08-06 10:50:00+05:30,427.8,80490.86,2025-08-07 10:35:00+05:30,target_hit,30.0,0.35,30.0,422.95,350.0,True,16.0,False
opt_poc_alloc,SENSEX|weekly|2025-08-19,2025-08-19,PE,2025-08-06 10:50:00+05:30,427.8,80490.86,2025-08-07 10:35:00+05:30,target_hit,30.0,0.1,30.0,422.95,350.0,True,16.0,False
opt_ib_ext_ibr_tgt,SENSEX|weekly|2025-08-19,2025-08-19,PE,2025-08-06 10:50:00+05:30,427.8,80490.86,2025-08-07 09:15:00+05:30,target_hit,15.965404394576893,0.35,16.0,422.95,350.0,True,16.0,False
spot_poc_alloc,SENSEX|weekly|2025-08-19,2025-08-19,PE,2025-08-06 10:50:00+05:30,427.8,80490.86,2025-08-07 10:35:00+05:30,target_hit,30.0,0.1,30.0,422.95,350.0,True,16.0,False
baseline_both,SENSEX|weekly|2025-08-19,2025-08-19,PE,2025-08-08 10:10:00+05:30,497.8,80167.1,2025-08-08 15:15:00+05:30,target_hit,30.0,0.2,30.0,,,,,True
opt_ib_ext_alloc,SENSEX|weekly|2025-08-19,2025-08-19,PE,2025-08-08 10:10:00+05:30,497.8,80167.1,2025-08-08 15:15:00+05:30,target_hit,30.0,0.1,30.0,,,,,True
opt_poc_alloc,SENSEX|weekly|2025-08-19,2025-08-19,PE,2025-08-08 10:10:00+05:30,497.8,80167.1,2025-08-08 15:15:00+05:30,target_hit,30.0,0.1,30.0,,,,,True
opt_ib_ext_ibr_tgt,SENSEX|weekly|2025-08-19,2025-08-19,PE,2025-08-08 10:10:00+05:30,497.8,80167.1,2025-08-08 15:15:00+05:30,target_hit,30.0,0.1,30.0,,,,,True
spot_poc_alloc,SENSEX|weekly|2025-08-19,2025-08-19,PE,2025-08-08 10:10:00+05:30,497.8,80167.1,2025-08-08 15:15:00+05:30,target_hit,30.0,0.35,30.0,,,,,True
baseline_both,SENSEX|weekly|2025-08-19,2025-08-19,PE,2025-08-12 11:10:00+05:30,305.0,80466.65,2025-08-19 15:30:00+05:30,hold_to_end,-99.9836,0.2,30.0,311.85,210.0,True,51.3,False
opt_ib_ext_alloc,SENSEX|weekly|2025-08-19,2025-08-19,PE,2025-08-12 11:10:00+05:30,305.0,80466.65,2025-08-19 15:30:00+05:30,hold_to_end,-99.9836,0.35,30.0,311.85,210.0,True,51.3,False
opt_poc_alloc,SENSEX|weekly|2025-08-19,2025-08-19,PE,2025-08-12 11:10:00+05:30,305.0,80466.65,2025-08-19 15:30:00+05:30,hold_to_end,-99.9836,0.1,30.0,311.85,210.0,True,51.3,False
opt_ib_ext_ibr_tgt,SENSEX|weekly|2025-08-19,2025-08-19,PE,2025-08-12 11:10:00+05:30,305.0,80466.65,2025-08-19 15:30:00+05:30,hold_to_end,-99.9836,0.35,51.3,311.85,210.0,True,51.3,False
spot_poc_alloc,SENSEX|weekly|2025-08-19,2025-08-19,PE,2025-08-12 11:10:00+05:30,305.0,80466.65,2025-08-19 15:30:00+05:30,hold_to_end,-99.9836,0.1,30.0,311.85,210.0,True,51.3,False
baseline_both,SENSEX|weekly|2025-09-04,2025-09-04,CE,2025-08-21 12:50:00+05:30,751.0,82155.87,2025-09-04 15:30:00+05:30,hold_to_end,-99.9933,0.2,30.0,786.2,720.0,True,22.6,False
opt_ib_ext_alloc,SENSEX|weekly|2025-09-04,2025-09-04,CE,2025-08-21 12:50:00+05:30,751.0,82155.87,2025-09-04 15:30:00+05:30,hold_to_end,-99.9933,0.35,30.0,786.2,720.0,True,22.6,False
opt_poc_alloc,SENSEX|weekly|2025-09-04,2025-09-04,CE,2025-08-21 12:50:00+05:30,751.0,82155.87,2025-09-04 15:30:00+05:30,hold_to_end,-99.9933,0.1,30.0,786.2,720.0,True,22.6,False
opt_ib_ext_ibr_tgt,SENSEX|weekly|2025-09-04,2025-09-04,CE,2025-08-21 12:50:00+05:30,751.0,82155.87,2025-09-04 15:30:00+05:30,hold_to_end,-99.9933,0.35,22.6,786.2,720.0,True,22.6,False
spot_poc_alloc,SENSEX|weekly|2025-09-04,2025-09-04,CE,2025-08-21 12:50:00+05:30,751.0,82155.87,2025-09-04 15:30:00+05:30,hold_to_end,-99.9933,0.1,30.0,786.2,720.0,True,22.6,False
baseline_both,SENSEX|weekly|2025-09-04,2025-09-04,PE,2025-08-21 13:40:00+05:30,565.75,82043.54,2025-08-22 09:35:00+05:30,target_hit,30.0,0.2,30.0,640.25,520.0,False,33.5,False
opt_ib_ext_alloc,SENSEX|weekly|2025-09-04,2025-09-04,PE,2025-08-21 13:40:00+05:30,565.75,82043.54,2025-08-22 09:35:00+05:30,target_hit,30.0,0.1,30.0,640.25,520.0,False,33.5,False
opt_poc_alloc,SENSEX|weekly|2025-09-04,2025-09-04,PE,2025-08-21 13:40:00+05:30,565.75,82043.54,2025-08-22 09:35:00+05:30,target_hit,30.0,0.1,30.0,640.25,520.0,False,33.5,False
opt_ib_ext_ibr_tgt,SENSEX|weekly|2025-09-04,2025-09-04,PE,2025-08-21 13:40:00+05:30,565.75,82043.54,2025-08-22 09:35:00+05:30,target_hit,30.0,0.1,30.0,640.25,520.0,False,33.5,False
spot_poc_alloc,SENSEX|weekly|2025-09-04,2025-09-04,PE,2025-08-21 13:40:00+05:30,565.75,82043.54,2025-08-22 09:35:00+05:30,target_hit,30.0,0.1,30.0,640.25,520.0,False,33.5,False
baseline_both,SENSEX|weekly|2025-09-04,2025-09-04,PE,2025-08-22 14:20:00+05:30,858.45,81431.94,2025-08-26 09:40:00+05:30,target_hit,30.0,0.2,30.0,804.2,820.0,True,22.5,False
opt_ib_ext_alloc,SENSEX|weekly|2025-09-04,2025-09-04,PE,2025-08-22 14:20:00+05:30,858.45,81431.94,2025-08-26 09:40:00+05:30,target_hit,30.0,0.35,30.0,804.2,820.0,True,22.5,False
opt_poc_alloc,SENSEX|weekly|2025-09-04,2025-09-04,PE,2025-08-22 14:20:00+05:30,858.45,81431.94,2025-08-26 09:40:00+05:30,target_hit,30.0,0.1,30.0,804.2,820.0,True,22.5,False
opt_ib_ext_ibr_tgt,SENSEX|weekly|2025-09-04,2025-09-04,PE,2025-08-22 14:20:00+05:30,858.45,81431.94,2025-08-26 09:35:00+05:30,target_hit,22.459083231405433,0.35,22.5,804.2,820.0,True,22.5,False
spot_poc_alloc,SENSEX|weekly|2025-09-04,2025-09-04,PE,2025-08-22 14:20:00+05:30,858.45,81431.94,2025-08-26 09:40:00+05:30,target_hit,30.0,0.1,30.0,804.2,820.0,True,22.5,False
baseline_both,SENSEX|weekly|2025-09-04,2025-09-04,PE,2025-08-26 14:20:00+05:30,1130.0,80972.3,2025-08-28 09:20:00+05:30,target_hit,30.0,0.2,30.0,1126.35,1070.0,True,38.3,False
opt_ib_ext_alloc,SENSEX|weekly|2025-09-04,2025-09-04,PE,2025-08-26 14:20:00+05:30,1130.0,80972.3,2025-08-28 09:20:00+05:30,target_hit,30.0,0.35,30.0,1126.35,1070.0,True,38.3,False
opt_poc_alloc,SENSEX|weekly|2025-09-04,2025-09-04,PE,2025-08-26 14:20:00+05:30,1130.0,80972.3,2025-08-28 09:20:00+05:30,target_hit,30.0,0.1,30.0,1126.35,1070.0,True,38.3,False
opt_ib_ext_ibr_tgt,SENSEX|weekly|2025-09-04,2025-09-04,PE,2025-08-26 14:20:00+05:30,1130.0,80972.3,2025-08-28 09:20:00+05:30,target_hit,38.29203539823007,0.35,38.3,1126.35,1070.0,True,38.3,False
spot_poc_alloc,SENSEX|weekly|2025-09-04,2025-09-04,PE,2025-08-26 14:20:00+05:30,1130.0,80972.3,2025-08-28 09:20:00+05:30,target_hit,30.0,0.1,30.0,1126.35,1070.0,True,38.3,False
baseline_both,SENSEX|weekly|2025-09-04,2025-09-04,PE,2025-08-28 12:30:00+05:30,1735.0,80343.4,2025-09-04 15:30:00+05:30,hold_to_end,-20.1758,0.2,30.0,1913.3,1760.0,False,21.8,True
opt_ib_ext_alloc,SENSEX|weekly|2025-09-04,2025-09-04,PE,2025-08-28 12:30:00+05:30,1735.0,80343.4,2025-09-04 15:30:00+05:30,hold_to_end,-20.1758,0.1,30.0,1913.3,1760.0,False,21.8,True
opt_poc_alloc,SENSEX|weekly|2025-09-04,2025-09-04,PE,2025-08-28 12:30:00+05:30,1735.0,80343.4,2025-09-04 15:30:00+05:30,hold_to_end,-20.1758,0.35,30.0,1913.3,1760.0,False,21.8,True
opt_ib_ext_ibr_tgt,SENSEX|weekly|2025-09-04,2025-09-04,PE,2025-08-28 12:30:00+05:30,1735.0,80343.4,2025-09-04 15:30:00+05:30,hold_to_end,-20.1758,0.1,30.0,1913.3,1760.0,False,21.8,True
spot_poc_alloc,SENSEX|weekly|2025-09-04,2025-09-04,PE,2025-08-28 12:30:00+05:30,1735.0,80343.4,2025-09-04 15:30:00+05:30,hold_to_end,-20.1758,0.35,30.0,1913.3,1760.0,False,21.8,True
baseline_both,SENSEX|weekly|2025-09-11,2025-09-11,CE,2025-08-29 11:10:00+05:30,636.75,80214.97,2025-09-04 09:15:00+05:30,target_hit,30.0,0.2,30.0,714.2,620.0,False,37.2,False
opt_ib_ext_alloc,SENSEX|weekly|2025-09-11,2025-09-11,CE,2025-08-29 11:10:00+05:30,636.75,80214.97,2025-09-04 09:15:00+05:30,target_hit,30.0,0.1,30.0,714.2,620.0,False,37.2,False
opt_poc_alloc,SENSEX|weekly|2025-09-11,2025-09-11,CE,2025-08-29 11:10:00+05:30,636.75,80214.97,2025-09-04 09:15:00+05:30,target_hit,30.0,0.1,30.0,714.2,620.0,False,37.2,False
opt_ib_ext_ibr_tgt,SENSEX|weekly|2025-09-11,2025-09-11,CE,2025-08-29 11:10:00+05:30,636.75,80214.97,2025-09-04 09:15:00+05:30,target_hit,30.0,0.1,30.0,714.2,620.0,False,37.2,False
spot_poc_alloc,SENSEX|weekly|2025-09-11,2025-09-11,CE,2025-08-29 11:10:00+05:30,636.75,80214.97,2025-09-04 09:15:00+05:30,target_hit,30.0,0.1,30.0,714.2,620.0,False,37.2,False
baseline_both,SENSEX|weekly|2025-09-11,2025-09-11,CE,2025-09-04 13:05:00+05:30,830.0,81027.13,2025-09-10 09:45:00+05:30,target_hit,30.0,0.2,30.0,1081.8,790.0,False,65.9,False
opt_ib_ext_alloc,SENSEX|weekly|2025-09-11,2025-09-11,CE,2025-09-04 13:05:00+05:30,830.0,81027.13,2025-09-10 09:45:00+05:30,target_hit,30.0,0.1,30.0,1081.8,790.0,False,65.9,False
opt_poc_alloc,SENSEX|weekly|2025-09-11,2025-09-11,CE,2025-09-04 13:05:00+05:30,830.0,81027.13,2025-09-10 09:45:00+05:30,target_hit,30.0,0.1,30.0,1081.8,790.0,False,65.9,False
opt_ib_ext_ibr_tgt,SENSEX|weekly|2025-09-11,2025-09-11,CE,2025-09-04 13:05:00+05:30,830.0,81027.13,2025-09-10 09:45:00+05:30,target_hit,30.0,0.1,30.0,1081.8,790.0,False,65.9,False
spot_poc_alloc,SENSEX|weekly|2025-09-11,2025-09-11,CE,2025-09-04 13:05:00+05:30,830.0,81027.13,2025-09-10 09:45:00+05:30,target_hit,30.0,0.1,30.0,1081.8,790.0,False,65.9,False
baseline_both,SENSEX|weekly|2025-09-11,2025-09-11,CE,2025-09-10 15:25:00+05:30,1023.9,81438.79,2025-09-11 15:30:00+05:30,hold_to_end,2.3928,0.2,30.0,1105.6,1020.0,True,35.9,True
opt_ib_ext_alloc,SENSEX|weekly|2025-09-11,2025-09-11,CE,2025-09-10 15:25:00+05:30,1023.9,81438.79,2025-09-11 15:30:00+05:30,hold_to_end,2.3928,0.35,30.0,1105.6,1020.0,True,35.9,True
opt_poc_alloc,SENSEX|weekly|2025-09-11,2025-09-11,CE,2025-09-10 15:25:00+05:30,1023.9,81438.79,2025-09-11 15:30:00+05:30,hold_to_end,2.3928,0.1,30.0,1105.6,1020.0,True,35.9,True
opt_ib_ext_ibr_tgt,SENSEX|weekly|2025-09-11,2025-09-11,CE,2025-09-10 15:25:00+05:30,1023.9,81438.79,2025-09-11 15:30:00+05:30,hold_to_end,2.3928,0.35,35.9,1105.6,1020.0,True,35.9,True
spot_poc_alloc,SENSEX|weekly|2025-09-11,2025-09-11,CE,2025-09-10 15:25:00+05:30,1023.9,81438.79,2025-09-11 15:30:00+05:30,hold_to_end,2.3928,0.35,30.0,1105.6,1020.0,True,35.9,True
baseline_both,SENSEX|weekly|2025-09-11,2025-09-11,PE,2025-08-28 12:40:00+05:30,657.15,80333.34,2025-08-29 15:10:00+05:30,target_hit,30.0,0.2,30.0,783.65,700.0,False,49.9,True
opt_ib_ext_alloc,SENSEX|weekly|2025-09-11,2025-09-11,PE,2025-08-28 12:40:00+05:30,657.15,80333.34,2025-08-29 15:10:00+05:30,target_hit,30.0,0.1,30.0,783.65,700.0,False,49.9,True
opt_poc_alloc,SENSEX|weekly|2025-09-11,2025-09-11,PE,2025-08-28 12:40:00+05:30,657.15,80333.34,2025-08-29 15:10:00+05:30,target_hit,30.0,0.35,30.0,783.65,700.0,False,49.9,True
opt_ib_ext_ibr_tgt,SENSEX|weekly|2025-09-11,2025-09-11,PE,2025-08-28 12:40:00+05:30,657.15,80333.34,2025-08-29 15:10:00+05:30,target_hit,30.0,0.1,30.0,783.65,700.0,False,49.9,True
spot_poc_alloc,SENSEX|weekly|2025-09-11,2025-09-11,PE,2025-08-28 12:40:00+05:30,657.15,80333.34,2025-08-29 15:10:00+05:30,target_hit,30.0,0.35,30.0,783.65,700.0,False,49.9,True
baseline_both,SENSEX|weekly|2025-09-11,2025-09-11,PE,2025-09-02 13:25:00+05:30,379.75,80550.76,2025-09-02 13:55:00+05:30,target_hit,30.0,0.2,30.0,468.3,330.0,True,58.7,False
opt_ib_ext_alloc,SENSEX|weekly|2025-09-11,2025-09-11,PE,2025-09-02 13:25:00+05:30,379.75,80550.76,2025-09-02 13:55:00+05:30,target_hit,30.0,0.35,30.0,468.3,330.0,True,58.7,False
opt_poc_alloc,SENSEX|weekly|2025-09-11,2025-09-11,PE,2025-09-02 13:25:00+05:30,379.75,80550.76,2025-09-02 13:55:00+05:30,target_hit,30.0,0.1,30.0,468.3,330.0,True,58.7,False
opt_ib_ext_ibr_tgt,SENSEX|weekly|2025-09-11,2025-09-11,PE,2025-09-02 13:25:00+05:30,379.75,80550.76,2025-09-02 14:05:00+05:30,target_hit,58.696510862409504,0.35,58.7,468.3,330.0,True,58.7,False
spot_poc_alloc,SENSEX|weekly|2025-09-11,2025-09-11,PE,2025-09-02 13:25:00+05:30,379.75,80550.76,2025-09-02 13:55:00+05:30,target_hit,30.0,0.1,30.0,468.3,330.0,True,58.7,False
baseline_both,SENSEX|weekly|2025-09-11,2025-09-11,PE,2025-09-04 12:25:00+05:30,269.25,80795.79,2025-09-05 10:15:00+05:30,target_hit,30.0,0.2,30.0,224.8,200.0,True,16.7,False
opt_ib_ext_alloc,SENSEX|weekly|2025-09-11,2025-09-11,PE,2025-09-04 12:25:00+05:30,269.25,80795.79,2025-09-05 10:15:00+05:30,target_hit,30.0,0.35,30.0,224.8,200.0,True,16.7,False
opt_poc_alloc,SENSEX|weekly|2025-09-11,2025-09-11,PE,2025-09-04 12:25:00+05:30,269.25,80795.79,2025-09-05 10:15:00+05:30,target_hit,30.0,0.1,30.0,224.8,200.0,True,16.7,False
opt_ib_ext_ibr_tgt,SENSEX|weekly|2025-09-11,2025-09-11,PE,2025-09-04 12:25:00+05:30,269.25,80795.79,2025-09-05 10:15:00+05:30,target_hit,16.694521819870026,0.35,16.7,224.8,200.0,True,16.7,False
spot_poc_alloc,SENSEX|weekly|2025-09-11,2025-09-11,PE,2025-09-04 12:25:00+05:30,269.25,80795.79,2025-09-05 10:15:00+05:30,target_hit,30.0,0.1,30.0,224.8,200.0,True,16.7,False
baseline_both,SENSEX|weekly|2025-09-11,2025-09-11,PE,2025-09-08 15:00:00+05:30,137.95,80883.48,2025-09-11 15:30:00+05:30,hold_to_end,-99.9638,0.2,30.0,193.7,130.0,False,96.9,False
opt_ib_ext_alloc,SENSEX|weekly|2025-09-11,2025-09-11,PE,2025-09-08 15:00:00+05:30,137.95,80883.48,2025-09-11 15:30:00+05:30,hold_to_end,-99.9638,0.1,30.0,193.7,130.0,False,96.9,False
opt_poc_alloc,SENSEX|weekly|2025-09-11,2025-09-11,PE,2025-09-08 15:00:00+05:30,137.95,80883.48,2025-09-11 15:30:00+05:30,hold_to_end,-99.9638,0.1,30.0,193.7,130.0,False,96.9,False
opt_ib_ext_ibr_tgt,SENSEX|weekly|2025-09-11,2025-09-11,PE,2025-09-08 15:00:00+05:30,137.95,80883.48,2025-09-11 15:30:00+05:30,hold_to_end,-99.9638,0.1,30.0,193.7,130.0,False,96.9,False
spot_poc_alloc,SENSEX|weekly|2025-09-11,2025-09-11,PE,2025-09-08 15:00:00+05:30,137.95,80883.48,2025-09-11 15:30:00+05:30,hold_to_end,-99.9638,0.1,30.0,193.7,130.0,False,96.9,False
baseline_both,SENSEX|weekly|2025-09-18,2025-09-18,CE,2025-09-04 13:30:00+05:30,688.5,80985.44,2025-09-10 10:35:00+05:30,target_hit,30.0,0.2,30.0,728.75,690.0,False,19.2,False
opt_ib_ext_alloc,SENSEX|weekly|2025-09-18,2025-09-18,CE,2025-09-04 13:30:00+05:30,688.5,80985.44,2025-09-10 10:35:00+05:30,target_hit,30.0,0.1,30.0,728.75,690.0,False,19.2,False
opt_poc_alloc,SENSEX|weekly|2025-09-18,2025-09-18,CE,2025-09-04 13:30:00+05:30,688.5,80985.44,2025-09-10 10:35:00+05:30,target_hit,30.0,0.35,30.0,728.75,690.0,False,19.2,False
opt_ib_ext_ibr_tgt,SENSEX|weekly|2025-09-18,2025-09-18,CE,2025-09-04 13:30:00+05:30,688.5,80985.44,2025-09-10 10:35:00+05:30,target_hit,30.0,0.1,30.0,728.75,690.0,False,19.2,False
spot_poc_alloc,SENSEX|weekly|2025-09-18,2025-09-18,CE,2025-09-04 13:30:00+05:30,688.5,80985.44,2025-09-10 10:35:00+05:30,target_hit,30.0,0.1,30.0,728.75,690.0,False,19.2,False
baseline_both,SENSEX|weekly|2025-09-18,2025-09-18,CE,2025-09-10 15:25:00+05:30,764.7,81438.79,2025-09-12 11:20:00+05:30,target_hit,30.0,0.2,30.0,840.0,770.0,True,36.7,True
opt_ib_ext_alloc,SENSEX|weekly|2025-09-18,2025-09-18,CE,2025-09-10 15:25:00+05:30,764.7,81438.79,2025-09-12 11:20:00+05:30,target_hit,30.0,0.35,30.0,840.0,770.0,True,36.7,True
opt_poc_alloc,SENSEX|weekly|2025-09-18,2025-09-18,CE,2025-09-10 15:25:00+05:30,764.7,81438.79,2025-09-12 11:20:00+05:30,target_hit,30.0,0.35,30.0,840.0,770.0,True,36.7,True
opt_ib_ext_ibr_tgt,SENSEX|weekly|2025-09-18,2025-09-18,CE,2025-09-10 15:25:00+05:30,764.7,81438.79,2025-09-12 11:30:00+05:30,target_hit,36.71374395187655,0.35,36.7,840.0,770.0,True,36.7,True
spot_poc_alloc,SENSEX|weekly|2025-09-18,2025-09-18,CE,2025-09-10 15:25:00+05:30,764.7,81438.79,2025-09-12 11:20:00+05:30,target_hit,30.0,0.35,30.0,840.0,770.0,True,36.7,True
baseline_both,SENSEX|weekly|2025-09-18,2025-09-18,CE,2025-09-12 15:15:00+05:30,1007.05,81919.92,2025-09-16 15:05:00+05:30,target_hit,30.0,0.2,30.0,895.35,1000.0,True,15.0,False
opt_ib_ext_alloc,SENSEX|weekly|2025-09-18,2025-09-18,CE,2025-09-12 15:15:00+05:30,1007.05,81919.92,2025-09-16 15:05:00+05:30,target_hit,30.0,0.35,30.0,895.35,1000.0,True,15.0,False
opt_poc_alloc,SENSEX|weekly|2025-09-18,2025-09-18,CE,2025-09-12 15:15:00+05:30,1007.05,81919.92,2025-09-16 15:05:00+05:30,target_hit,30.0,0.1,30.0,895.35,1000.0,True,15.0,False
opt_ib_ext_ibr_tgt,SENSEX|weekly|2025-09-18,2025-09-18,CE,2025-09-12 15:15:00+05:30,1007.05,81919.92,2025-09-16 10:05:00+05:30,target_hit,15.0,0.35,15.0,895.35,1000.0,True,15.0,False
spot_poc_alloc,SENSEX|weekly|2025-09-18,2025-09-18,CE,2025-09-12 15:15:00+05:30,1007.05,81919.92,2025-09-16 15:05:00+05:30,target_hit,30.0,0.1,30.0,895.35,1000.0,True,15.0,False
baseline_both,SENSEX|weekly|2025-09-18,2025-09-18,CE,2025-09-17 15:15:00+05:30,1672.75,82705.56,2025-09-18 15:30:00+05:30,hold_to_end,14.8229,0.2,30.0,1638.55,1650.0,True,15.0,False
opt_ib_ext_alloc,SENSEX|weekly|2025-09-18,2025-09-18,CE,2025-09-17 15:15:00+05:30,1672.75,82705.56,2025-09-18 15:30:00+05:30,hold_to_end,14.8229,0.35,30.0,1638.55,1650.0,True,15.0,False
opt_poc_alloc,SENSEX|weekly|2025-09-18,2025-09-18,CE,2025-09-17 15:15:00+05:30,1672.75,82705.56,2025-09-18 15:30:00+05:30,hold_to_end,14.8229,0.1,30.0,1638.55,1650.0,True,15.0,False
opt_ib_ext_ibr_tgt,SENSEX|weekly|2025-09-18,2025-09-18,CE,2025-09-17 15:15:00+05:30,1672.75,82705.56,2025-09-18 09:20:00+05:30,target_hit,15.0,0.35,15.0,1638.55,1650.0,True,15.0,False
spot_poc_alloc,SENSEX|weekly|2025-09-18,2025-09-18,CE,2025-09-17 15:15:00+05:30,1672.75,82705.56,2025-09-18 15:30:00+05:30,hold_to_end,14.8229,0.1,30.0,1638.55,1650.0,True,15.0,False
baseline_both,SENSEX|weekly|2025-09-18,2025-09-18,PE,2025-09-04 13:50:00+05:30,631.6,80821.48,2025-09-05 10:15:00+05:30,target_hit,30.0,0.2,30.0,655.25,580.0,True,22.0,False
opt_ib_ext_alloc,SENSEX|weekly|2025-09-18,2025-09-18,PE,2025-09-04 13:50:00+05:30,631.6,80821.48,2025-09-05 10:15:00+05:30,target_hit,30.0,0.35,30.0,655.25,580.0,True,22.0,False
opt_poc_alloc,SENSEX|weekly|2025-09-18,2025-09-18,PE,2025-09-04 13:50:00+05:30,631.6,80821.48,2025-09-05 10:15:00+05:30,target_hit,30.0,0.1,30.0,655.25,580.0,True,22.0,False
opt_ib_ext_ibr_tgt,SENSEX|weekly|2025-09-18,2025-09-18,PE,2025-09-04 13:50:00+05:30,631.6,80821.48,2025-09-05 10:15:00+05:30,target_hit,22.023432552248263,0.35,22.0,655.25,580.0,True,22.0,False
spot_poc_alloc,SENSEX|weekly|2025-09-18,2025-09-18,PE,2025-09-04 13:50:00+05:30,631.6,80821.48,2025-09-05 10:15:00+05:30,target_hit,30.0,0.1,30.0,655.25,580.0,True,22.0,False
baseline_both,SENSEX|weekly|2025-09-18,2025-09-18,PE,2025-09-08 15:00:00+05:30,522.7,80883.48,2025-09-18 15:30:00+05:30,hold_to_end,-99.9904,0.2,30.0,584.5,530.0,False,30.5,False
opt_ib_ext_alloc,SENSEX|weekly|2025-09-18,2025-09-18,PE,2025-09-08 15:00:00+05:30,522.7,80883.48,2025-09-18 15:30:00+05:30,hold_to_end,-99.9904,0.1,30.0,584.5,530.0,False,30.5,False
opt_poc_alloc,SENSEX|weekly|2025-09-18,2025-09-18,PE,2025-09-08 15:00:00+05:30,522.7,80883.48,2025-09-18 15:30:00+05:30,hold_to_end,-99.9904,0.35,30.0,584.5,530.0,False,30.5,False
opt_ib_ext_ibr_tgt,SENSEX|weekly|2025-09-18,2025-09-18,PE,2025-09-08 15:00:00+05:30,522.7,80883.48,2025-09-18 15:30:00+05:30,hold_to_end,-99.9904,0.1,30.0,584.5,530.0,False,30.5,False
spot_poc_alloc,SENSEX|weekly|2025-09-18,2025-09-18,PE,2025-09-08 15:00:00+05:30,522.7,80883.48,2025-09-18 15:30:00+05:30,hold_to_end,-99.9904,0.1,30.0,584.5,530.0,False,30.5,False
baseline_both,SENSEX|weekly|2025-10-01,2025-10-01,CE,2025-09-17 15:05:00+05:30,813.9,82703.89,2025-10-01 15:30:00+05:30,hold_to_end,-99.9939,0.2,30.0,816.95,790.0,True,15.0,False
opt_ib_ext_alloc,SENSEX|weekly|2025-10-01,2025-10-01,CE,2025-09-17 15:05:00+05:30,813.9,82703.89,2025-10-01 15:30:00+05:30,hold_to_end,-99.9939,0.35,30.0,816.95,790.0,True,15.0,False
opt_poc_alloc,SENSEX|weekly|2025-10-01,2025-10-01,CE,2025-09-17 15:05:00+05:30,813.9,82703.89,2025-10-01 15:30:00+05:30,hold_to_end,-99.9939,0.1,30.0,816.95,790.0,True,15.0,False
opt_ib_ext_ibr_tgt,SENSEX|weekly|2025-10-01,2025-10-01,CE,2025-09-17 15:05:00+05:30,813.9,82703.89,2025-09-18 09:30:00+05:30,target_hit,15.0,0.35,15.0,816.95,790.0,True,15.0,False
spot_poc_alloc,SENSEX|weekly|2025-10-01,2025-10-01,CE,2025-09-17 15:05:00+05:30,813.9,82703.89,2025-10-01 15:30:00+05:30,hold_to_end,-99.9939,0.1,30.0,816.95,790.0,True,15.0,False
baseline_both,SENSEX|weekly|2025-10-01,2025-10-01,PE,2025-09-17 12:35:00+05:30,443.4,82733.47,2025-09-22 14:45:00+05:30,target_hit,30.0,0.2,30.0,484.7,440.0,False,23.4,True
opt_ib_ext_alloc,SENSEX|weekly|2025-10-01,2025-10-01,PE,2025-09-17 12:35:00+05:30,443.4,82733.47,2025-09-22 14:45:00+05:30,target_hit,30.0,0.1,30.0,484.7,440.0,False,23.4,True
opt_poc_alloc,SENSEX|weekly|2025-10-01,2025-10-01,PE,2025-09-17 12:35:00+05:30,443.4,82733.47,2025-09-22 14:45:00+05:30,target_hit,30.0,0.1,30.0,484.7,440.0,False,23.4,True
opt_ib_ext_ibr_tgt,SENSEX|weekly|2025-10-01,2025-10-01,PE,2025-09-17 12:35:00+05:30,443.4,82733.47,2025-09-22 14:45:00+05:30,target_hit,30.0,0.1,30.0,484.7,440.0,False,23.4,True
spot_poc_alloc,SENSEX|weekly|2025-10-01,2025-10-01,PE,2025-09-17 12:35:00+05:30,443.4,82733.47,2025-09-22 14:45:00+05:30,target_hit,30.0,0.35,30.0,484.7,440.0,False,23.4,True
baseline_both,SENSEX|weekly|2025-10-01,2025-10-01,PE,2025-09-24 09:15:00+05:30,710.0,81900.82,2025-09-25 10:35:00+05:30,target_hit,30.0,0.2,30.0,,,,,True
opt_ib_ext_alloc,SENSEX|weekly|2025-10-01,2025-10-01,PE,2025-09-24 09:15:00+05:30,710.0,81900.82,2025-09-25 10:35:00+05:30,target_hit,30.0,0.1,30.0,,,,,True
opt_poc_alloc,SENSEX|weekly|2025-10-01,2025-10-01,PE,2025-09-24 09:15:00+05:30,710.0,81900.82,2025-09-25 10:35:00+05:30,target_hit,30.0,0.1,30.0,,,,,True
opt_ib_ext_ibr_tgt,SENSEX|weekly|2025-10-01,2025-10-01,PE,2025-09-24 09:15:00+05:30,710.0,81900.82,2025-09-25 10:35:00+05:30,target_hit,30.0,0.1,30.0,,,,,True
spot_poc_alloc,SENSEX|weekly|2025-10-01,2025-10-01,PE,2025-09-24 09:15:00+05:30,710.0,81900.82,2025-09-25 10:35:00+05:30,target_hit,30.0,0.35,30.0,,,,,True
baseline_both,SENSEX|weekly|2025-10-01,2025-10-01,PE,2025-09-29 11:45:00+05:30,2000.0,80422.1,2025-10-01 15:30:00+05:30,hold_to_end,-18.8175,0.2,30.0,1928.45,2110.0,True,15.0,False
opt_ib_ext_alloc,SENSEX|weekly|2025-10-01,2025-10-01,PE,2025-09-29 11:45:00+05:30,2000.0,80422.1,2025-10-01 15:30:00+05:30,hold_to_end,-18.8175,0.35,30.0,1928.45,2110.0,True,15.0,False
opt_poc_alloc,SENSEX|weekly|2025-10-01,2025-10-01,PE,2025-09-29 11:45:00+05:30,2000.0,80422.1,2025-10-01 15:30:00+05:30,hold_to_end,-18.8175,0.35,30.0,1928.45,2110.0,True,15.0,False
opt_ib_ext_ibr_tgt,SENSEX|weekly|2025-10-01,2025-10-01,PE,2025-09-29 11:45:00+05:30,2000.0,80422.1,2025-10-01 15:30:00+05:30,hold_to_end,-18.8175,0.35,15.0,1928.45,2110.0,True,15.0,False
spot_poc_alloc,SENSEX|weekly|2025-10-01,2025-10-01,PE,2025-09-29 11:45:00+05:30,2000.0,80422.1,2025-10-01 15:30:00+05:30,hold_to_end,-18.8175,0.1,30.0,1928.45,2110.0,True,15.0,False
baseline_both,SENSEX|weekly|2025-10-09,2025-10-09,CE,2025-09-29 09:45:00+05:30,353.95,80733.38,2025-10-06 13:05:00+05:30,target_hit,30.0,0.2,30.0,,,,,False
opt_ib_ext_alloc,SENSEX|weekly|2025-10-09,2025-10-09,CE,2025-09-29 09:45:00+05:30,353.95,80733.38,2025-10-06 13:05:00+05:30,target_hit,30.0,0.1,30.0,,,,,False
opt_poc_alloc,SENSEX|weekly|2025-10-09,2025-10-09,CE,2025-09-29 09:45:00+05:30,353.95,80733.38,2025-10-06 13:05:00+05:30,target_hit,30.0,0.1,30.0,,,,,False
opt_ib_ext_ibr_tgt,SENSEX|weekly|2025-10-09,2025-10-09,CE,2025-09-29 09:45:00+05:30,353.95,80733.38,2025-10-06 13:05:00+05:30,target_hit,30.0,0.1,30.0,,,,,False
spot_poc_alloc,SENSEX|weekly|2025-10-09,2025-10-09,CE,2025-09-29 09:45:00+05:30,353.95,80733.38,2025-10-06 13:05:00+05:30,target_hit,30.0,0.1,30.0,,,,,False
baseline_both,SENSEX|weekly|2025-10-09,2025-10-09,CE,2025-10-07 12:10:00+05:30,747.45,82150.57,2025-10-09 15:30:00+05:30,hold_to_end,-10.0943,0.2,30.0,835.85,750.0,True,55.3,False
opt_ib_ext_alloc,SENSEX|weekly|2025-10-09,2025-10-09,CE,2025-10-07 12:10:00+05:30,747.45,82150.57,2025-10-09 15:30:00+05:30,hold_to_end,-10.0943,0.35,30.0,835.85,750.0,True,55.3,False
opt_poc_alloc,SENSEX|weekly|2025-10-09,2025-10-09,CE,2025-10-07 12:10:00+05:30,747.45,82150.57,2025-10-09 15:30:00+05:30,hold_to_end,-10.0943,0.35,30.0,835.85,750.0,True,55.3,False
opt_ib_ext_ibr_tgt,SENSEX|weekly|2025-10-09,2025-10-09,CE,2025-10-07 12:10:00+05:30,747.45,82150.57,2025-10-09 15:30:00+05:30,hold_to_end,-10.0943,0.35,55.3,835.85,750.0,True,55.3,False
spot_poc_alloc,SENSEX|weekly|2025-10-09,2025-10-09,CE,2025-10-07 12:10:00+05:30,747.45,82150.57,2025-10-09 15:30:00+05:30,hold_to_end,-10.0943,0.1,30.0,835.85,750.0,True,55.3,False
baseline_both,SENSEX|weekly|2025-10-09,2025-10-09,PE,2025-09-25 14:05:00+05:30,455.05,81467.32,2025-09-26 09:15:00+05:30,target_hit,30.0,0.2,30.0,415.85,440.0,True,15.0,False
opt_ib_ext_alloc,SENSEX|weekly|2025-10-09,2025-10-09,PE,2025-09-25 14:05:00+05:30,455.05,81467.32,2025-09-26 09:15:00+05:30,target_hit,30.0,0.35,30.0,415.85,440.0,True,15.0,False
opt_poc_alloc,SENSEX|weekly|2025-10-09,2025-10-09,PE,2025-09-25 14:05:00+05:30,455.05,81467.32,2025-09-26 09:15:00+05:30,target_hit,30.0,0.1,30.0,415.85,440.0,True,15.0,False
opt_ib_ext_ibr_tgt,SENSEX|weekly|2025-10-09,2025-10-09,PE,2025-09-25 14:05:00+05:30,455.05,81467.32,2025-09-25 14:55:00+05:30,target_hit,15.0,0.35,15.0,415.85,440.0,True,15.0,False
spot_poc_alloc,SENSEX|weekly|2025-10-09,2025-10-09,PE,2025-09-25 14:05:00+05:30,455.05,81467.32,2025-09-26 09:15:00+05:30,target_hit,30.0,0.1,30.0,415.85,440.0,True,15.0,False
baseline_both,SENSEX|weekly|2025-10-09,2025-10-09,PE,2025-09-29 11:40:00+05:30,1002.25,80428.67,2025-10-09 15:30:00+05:30,hold_to_end,-99.985,0.2,30.0,1029.8,990.0,True,25.7,False
opt_ib_ext_alloc,SENSEX|weekly|2025-10-09,2025-10-09,PE,2025-09-29 11:40:00+05:30,1002.25,80428.67,2025-10-09 15:30:00+05:30,hold_to_end,-99.985,0.35,30.0,1029.8,990.0,True,25.7,False
opt_poc_alloc,SENSEX|weekly|2025-10-09,2025-10-09,PE,2025-09-29 11:40:00+05:30,1002.25,80428.67,2025-10-09 15:30:00+05:30,hold_to_end,-99.985,0.1,30.0,1029.8,990.0,True,25.7,False
opt_ib_ext_ibr_tgt,SENSEX|weekly|2025-10-09,2025-10-09,PE,2025-09-29 11:40:00+05:30,1002.25,80428.67,2025-10-09 15:30:00+05:30,hold_to_end,-99.985,0.35,25.7,1029.8,990.0,True,25.7,False
spot_poc_alloc,SENSEX|weekly|2025-10-09,2025-10-09,PE,2025-09-29 11:40:00+05:30,1002.25,80428.67,2025-10-09 15:30:00+05:30,hold_to_end,-99.985,0.1,30.0,1029.8,990.0,True,25.7,False
baseline_both,SENSEX|weekly|2025-10-16,2025-10-16,CE,2025-10-03 14:40:00+05:30,806.5,81141.96,2025-10-06 11:15:00+05:30,target_hit,30.0,0.2,30.0,768.65,720.0,True,15.0,False
opt_ib_ext_alloc,SENSEX|weekly|2025-10-16,2025-10-16,CE,2025-10-03 14:40:00+05:30,806.5,81141.96,2025-10-06 11:15:00+05:30,target_hit,30.0,0.35,30.0,768.65,720.0,True,15.0,False
opt_poc_alloc,SENSEX|weekly|2025-10-16,2025-10-16,CE,2025-10-03 14:40:00+05:30,806.5,81141.96,2025-10-06 11:15:00+05:30,target_hit,30.0,0.1,30.0,768.65,720.0,True,15.0,False
opt_ib_ext_ibr_tgt,SENSEX|weekly|2025-10-16,2025-10-16,CE,2025-10-03 14:40:00+05:30,806.5,81141.96,2025-10-06 09:50:00+05:30,target_hit,15.0,0.35,15.0,768.65,720.0,True,15.0,False
spot_poc_alloc,SENSEX|weekly|2025-10-16,2025-10-16,CE,2025-10-03 14:40:00+05:30,806.5,81141.96,2025-10-06 11:15:00+05:30,target_hit,30.0,0.1,30.0,768.65,720.0,True,15.0,False
baseline_both,SENSEX|weekly|2025-10-16,2025-10-16,CE,2025-10-08 11:10:00+05:30,1474.15,81791.05,2025-10-16 09:15:00+05:30,target_hit,30.0,0.2,30.0,1474.15,1050.0,False,15.0,True
opt_ib_ext_alloc,SENSEX|weekly|2025-10-16,2025-10-16,CE,2025-10-08 11:10:00+05:30,1474.15,81791.05,2025-10-16 09:15:00+05:30,target_hit,30.0,0.1,30.0,1474.15,1050.0,False,15.0,True
opt_poc_alloc,SENSEX|weekly|2025-10-16,2025-10-16,CE,2025-10-08 11:10:00+05:30,1474.15,81791.05,2025-10-16 09:15:00+05:30,target_hit,30.0,0.1,30.0,1474.15,1050.0,False,15.0,True
opt_ib_ext_ibr_tgt,SENSEX|weekly|2025-10-16,2025-10-16,CE,2025-10-08 11:10:00+05:30,1474.15,81791.05,2025-10-16 09:15:00+05:30,target_hit,30.0,0.1,30.0,1474.15,1050.0,False,15.0,True
spot_poc_alloc,SENSEX|weekly|2025-10-16,2025-10-16,CE,2025-10-08 11:10:00+05:30,1474.15,81791.05,2025-10-16 09:15:00+05:30,target_hit,30.0,0.35,30.0,1474.15,1050.0,False,15.0,True
baseline_both,SENSEX|weekly|2025-10-16,2025-10-16,PE,2025-10-07 11:50:00+05:30,125.3,81981.19,2025-10-16 15:30:00+05:30,hold_to_end,-99.9601,0.2,30.0,145.45,90.0,False,54.2,False
opt_ib_ext_alloc,SENSEX|weekly|2025-10-16,2025-10-16,PE,2025-10-07 11:50:00+05:30,125.3,81981.19,2025-10-16 15:30:00+05:30,hold_to_end,-99.9601,0.1,30.0,145.45,90.0,False,54.2,False
opt_poc_alloc,SENSEX|weekly|2025-10-16,2025-10-16,PE,2025-10-07 11:50:00+05:30,125.3,81981.19,2025-10-16 15:30:00+05:30,hold_to_end,-99.9601,0.1,30.0,145.45,90.0,False,54.2,False
opt_ib_ext_ibr_tgt,SENSEX|weekly|2025-10-16,2025-10-16,PE,2025-10-07 11:50:00+05:30,125.3,81981.19,2025-10-16 15:30:00+05:30,hold_to_end,-99.9601,0.1,30.0,145.45,90.0,False,54.2,False
spot_poc_alloc,SENSEX|weekly|2025-10-16,2025-10-16,PE,2025-10-07 11:50:00+05:30,125.3,81981.19,2025-10-16 15:30:00+05:30,hold_to_end,-99.9601,0.1,30.0,145.45,90.0,False,54.2,False
baseline_both,SENSEX|weekly|2025-10-23,2025-10-23,CE,2025-10-09 15:10:00+05:30,890.0,82164.56,2025-10-10 09:50:00+05:30,target_hit,30.0,0.2,30.0,815.9,870.0,True,15.0,False
opt_ib_ext_alloc,SENSEX|weekly|2025-10-23,2025-10-23,CE,2025-10-09 15:10:00+05:30,890.0,82164.56,2025-10-10 09:50:00+05:30,target_hit,30.0,0.35,30.0,815.9,870.0,True,15.0,False
opt_poc_alloc,SENSEX|weekly|2025-10-23,2025-10-23,CE,2025-10-09 15:10:00+05:30,890.0,82164.56,2025-10-10 09:50:00+05:30,target_hit,30.0,0.1,30.0,815.9,870.0,True,15.0,False
opt_ib_ext_ibr_tgt,SENSEX|weekly|2025-10-23,2025-10-23,CE,2025-10-09 15:10:00+05:30,890.0,82164.56,2025-10-10 09:20:00+05:30,target_hit,15.0,0.35,15.0,815.9,870.0,True,15.0,False
spot_poc_alloc,SENSEX|weekly|2025-10-23,2025-10-23,CE,2025-10-09 15:10:00+05:30,890.0,82164.56,2025-10-10 09:50:00+05:30,target_hit,30.0,0.1,30.0,815.9,870.0,True,15.0,False
baseline_both,SENSEX|weekly|2025-10-23,2025-10-23,CE,2025-10-13 14:25:00+05:30,955.0,82318.2,2025-10-15 13:40:00+05:30,target_hit,30.0,0.2,30.0,980.0,910.0,True,15.0,False
opt_ib_ext_alloc,SENSEX|weekly|2025-10-23,2025-10-23,CE,2025-10-13 14:25:00+05:30,955.0,82318.2,2025-10-15 13:40:00+05:30,target_hit,30.0,0.35,30.0,980.0,910.0,True,15.0,False
opt_poc_alloc,SENSEX|weekly|2025-10-23,2025-10-23,CE,2025-10-13 14:25:00+05:30,955.0,82318.2,2025-10-15 13:40:00+05:30,target_hit,30.0,0.1,30.0,980.0,910.0,True,15.0,False
opt_ib_ext_ibr_tgt,SENSEX|weekly|2025-10-23,2025-10-23,CE,2025-10-13 14:25:00+05:30,955.0,82318.2,2025-10-14 09:20:00+05:30,target_hit,15.0,0.35,15.0,980.0,910.0,True,15.0,False
spot_poc_alloc,SENSEX|weekly|2025-10-23,2025-10-23,CE,2025-10-13 14:25:00+05:30,955.0,82318.2,2025-10-15 13:40:00+05:30,target_hit,30.0,0.1,30.0,980.0,910.0,True,15.0,False
baseline_both,SENSEX|weekly|2025-10-23,2025-10-23,CE,2025-10-15 15:30:00+05:30,1177.5,82625.05,2025-10-16 12:30:00+05:30,target_hit,30.0,0.2,30.0,1019.9,1160.0,True,15.0,False
opt_ib_ext_alloc,SENSEX|weekly|2025-10-23,2025-10-23,CE,2025-10-15 15:30:00+05:30,1177.5,82625.05,2025-10-16 12:30:00+05:30,target_hit,30.0,0.35,30.0,1019.9,1160.0,True,15.0,False
opt_poc_alloc,SENSEX|weekly|2025-10-23,2025-10-23,CE,2025-10-15 15:30:00+05:30,1177.5,82625.05,2025-10-16 12:30:00+05:30,target_hit,30.0,0.1,30.0,1019.9,1160.0,True,15.0,False
opt_ib_ext_ibr_tgt,SENSEX|weekly|2025-10-23,2025-10-23,CE,2025-10-15 15:30:00+05:30,1177.5,82625.05,2025-10-16 09:20:00+05:30,target_hit,15.0,0.35,15.0,1019.9,1160.0,True,15.0,False
spot_poc_alloc,SENSEX|weekly|2025-10-23,2025-10-23,CE,2025-10-15 15:30:00+05:30,1177.5,82625.05,2025-10-16 12:30:00+05:30,target_hit,30.0,0.1,30.0,1019.9,1160.0,True,15.0,False
baseline_both,SENSEX|weekly|2025-10-23,2025-10-23,CE,2025-10-20 09:25:00+05:30,2850.0,84409.33,2025-10-23 15:30:00+05:30,hold_to_end,-3.3333,0.2,30.0,,,,,False
opt_ib_ext_alloc,SENSEX|weekly|2025-10-23,2025-10-23,CE,2025-10-20 09:25:00+05:30,2850.0,84409.33,2025-10-23 15:30:00+05:30,hold_to_end,-3.3333,0.1,30.0,,,,,False
opt_poc_alloc,SENSEX|weekly|2025-10-23,2025-10-23,CE,2025-10-20 09:25:00+05:30,2850.0,84409.33,2025-10-23 15:30:00+05:30,hold_to_end,-3.3333,0.1,30.0,,,,,False
opt_ib_ext_ibr_tgt,SENSEX|weekly|2025-10-23,2025-10-23,CE,2025-10-20 09:25:00+05:30,2850.0,84409.33,2025-10-23 15:30:00+05:30,hold_to_end,-3.3333,0.1,30.0,,,,,False
spot_poc_alloc,SENSEX|weekly|2025-10-23,2025-10-23,CE,2025-10-20 09:25:00+05:30,2850.0,84409.33,2025-10-23 15:30:00+05:30,hold_to_end,-3.3333,0.1,30.0,,,,,False
baseline_both,SENSEX|weekly|2025-10-23,2025-10-23,PE,2025-10-13 09:20:00+05:30,305.0,82206.78,2025-10-14 12:10:00+05:30,target_hit,30.0,0.2,30.0,,,,,True
opt_ib_ext_alloc,SENSEX|weekly|2025-10-23,2025-10-23,PE,2025-10-13 09:20:00+05:30,305.0,82206.78,2025-10-14 12:10:00+05:30,target_hit,30.0,0.1,30.0,,,,,True
opt_poc_alloc,SENSEX|weekly|2025-10-23,2025-10-23,PE,2025-10-13 09:20:00+05:30,305.0,82206.78,2025-10-14 12:10:00+05:30,target_hit,30.0,0.1,30.0,,,,,True
opt_ib_ext_ibr_tgt,SENSEX|weekly|2025-10-23,2025-10-23,PE,2025-10-13 09:20:00+05:30,305.0,82206.78,2025-10-14 12:10:00+05:30,target_hit,30.0,0.1,30.0,,,,,True
spot_poc_alloc,SENSEX|weekly|2025-10-23,2025-10-23,PE,2025-10-13 09:20:00+05:30,305.0,82206.78,2025-10-14 12:10:00+05:30,target_hit,30.0,0.35,30.0,,,,,True
baseline_both,SENSEX|weekly|2025-10-23,2025-10-23,PE,2025-10-17 12:55:00+05:30,56.4,83857.56,2025-10-23 15:30:00+05:30,hold_to_end,-99.9113,0.2,30.0,70.05,40.0,True,73.8,False
opt_ib_ext_alloc,SENSEX|weekly|2025-10-23,2025-10-23,PE,2025-10-17 12:55:00+05:30,56.4,83857.56,2025-10-23 15:30:00+05:30,hold_to_end,-99.9113,0.35,30.0,70.05,40.0,True,73.8,False
opt_poc_alloc,SENSEX|weekly|2025-10-23,2025-10-23,PE,2025-10-17 12:55:00+05:30,56.4,83857.56,2025-10-23 15:30:00+05:30,hold_to_end,-99.9113,0.1,30.0,70.05,40.0,True,73.8,False
opt_ib_ext_ibr_tgt,SENSEX|weekly|2025-10-23,2025-10-23,PE,2025-10-17 12:55:00+05:30,56.4,83857.56,2025-10-23 15:30:00+05:30,hold_to_end,-99.9113,0.35,73.8,70.05,40.0,True,73.8,False
spot_poc_alloc,SENSEX|weekly|2025-10-23,2025-10-23,PE,2025-10-17 12:55:00+05:30,56.4,83857.56,2025-10-23 15:30:00+05:30,hold_to_end,-99.9113,0.1,30.0,70.05,40.0,True,73.8,False
baseline_both,SENSEX|weekly|2025-11-06,2025-11-06,CE,2025-10-23 12:00:00+05:30,1015.1,85192.59,2025-11-06 15:30:00+05:30,hold_to_end,-99.9951,0.2,30.0,1042.9,960.0,True,27.0,False
opt_ib_ext_alloc,SENSEX|weekly|2025-11-06,2025-11-06,CE,2025-10-23 12:00:00+05:30,1015.1,85192.59,2025-11-06 15:30:00+05:30,hold_to_end,-99.9951,0.35,30.0,1042.9,960.0,True,27.0,False
opt_poc_alloc,SENSEX|weekly|2025-11-06,2025-11-06,CE,2025-10-23 12:00:00+05:30,1015.1,85192.59,2025-11-06 15:30:00+05:30,hold_to_end,-99.9951,0.1,30.0,1042.9,960.0,True,27.0,False
opt_ib_ext_ibr_tgt,SENSEX|weekly|2025-11-06,2025-11-06,CE,2025-10-23 12:00:00+05:30,1015.1,85192.59,2025-11-06 15:30:00+05:30,hold_to_end,-99.9951,0.35,27.0,1042.9,960.0,True,27.0,False
spot_poc_alloc,SENSEX|weekly|2025-11-06,2025-11-06,CE,2025-10-23 12:00:00+05:30,1015.1,85192.59,2025-11-06 15:30:00+05:30,hold_to_end,-99.9951,0.1,30.0,1042.9,960.0,True,27.0,False
baseline_both,SENSEX|weekly|2025-11-06,2025-11-06,PE,2025-10-23 13:35:00+05:30,557.1,84950.82,2025-10-23 15:15:00+05:30,target_hit,30.0,0.2,30.0,704.5,500.0,True,63.2,False
opt_ib_ext_alloc,SENSEX|weekly|2025-11-06,2025-11-06,PE,2025-10-23 13:35:00+05:30,557.1,84950.82,2025-10-23 15:15:00+05:30,target_hit,30.0,0.35,30.0,704.5,500.0,True,63.2,False
opt_poc_alloc,SENSEX|weekly|2025-11-06,2025-11-06,PE,2025-10-23 13:35:00+05:30,557.1,84950.82,2025-10-23 15:15:00+05:30,target_hit,30.0,0.1,30.0,704.5,500.0,True,63.2,False
opt_ib_ext_ibr_tgt,SENSEX|weekly|2025-11-06,2025-11-06,PE,2025-10-23 13:35:00+05:30,557.1,84950.82,2025-10-24 10:35:00+05:30,target_hit,63.166397415185784,0.35,63.2,704.5,500.0,True,63.2,False
spot_poc_alloc,SENSEX|weekly|2025-11-06,2025-11-06,PE,2025-10-23 13:35:00+05:30,557.1,84950.82,2025-10-23 15:15:00+05:30,target_hit,30.0,0.1,30.0,704.5,500.0,True,63.2,False
baseline_both,SENSEX|weekly|2025-11-06,2025-11-06,PE,2025-10-24 12:50:00+05:30,855.1,84352.84,2025-10-24 13:45:00+05:30,target_hit,30.0,0.2,30.0,845.95,880.0,True,15.0,True
opt_ib_ext_alloc,SENSEX|weekly|2025-11-06,2025-11-06,PE,2025-10-24 12:50:00+05:30,855.1,84352.84,2025-10-24 13:45:00+05:30,target_hit,30.0,0.35,30.0,845.95,880.0,True,15.0,True
opt_poc_alloc,SENSEX|weekly|2025-11-06,2025-11-06,PE,2025-10-24 12:50:00+05:30,855.1,84352.84,2025-10-24 13:45:00+05:30,target_hit,30.0,0.35,30.0,845.95,880.0,True,15.0,True
opt_ib_ext_ibr_tgt,SENSEX|weekly|2025-11-06,2025-11-06,PE,2025-10-24 12:50:00+05:30,855.1,84352.84,2025-10-24 13:30:00+05:30,target_hit,15.0,0.35,15.0,845.95,880.0,True,15.0,True
spot_poc_alloc,SENSEX|weekly|2025-11-06,2025-11-06,PE,2025-10-24 12:50:00+05:30,855.1,84352.84,2025-10-24 13:45:00+05:30,target_hit,30.0,0.35,30.0,845.95,880.0,True,15.0,True
baseline_both,SENSEX|weekly|2025-11-06,2025-11-06,PE,2025-10-27 13:30:00+05:30,662.8,84661.36,2025-10-28 10:55:00+05:30,target_hit,30.0,0.2,30.0,774.55,620.0,False,46.4,False
opt_ib_ext_alloc,SENSEX|weekly|2025-11-06,2025-11-06,PE,2025-10-27 13:30:00+05:30,662.8,84661.36,2025-10-28 10:55:00+05:30,target_hit,30.0,0.1,30.0,774.55,620.0,False,46.4,False
opt_poc_alloc,SENSEX|weekly|2025-11-06,2025-11-06,PE,2025-10-27 13:30:00+05:30,662.8,84661.36,2025-10-28 10:55:00+05:30,target_hit,30.0,0.1,30.0,774.55,620.0,False,46.4,False
opt_ib_ext_ibr_tgt,SENSEX|weekly|2025-11-06,2025-11-06,PE,2025-10-27 13:30:00+05:30,662.8,84661.36,2025-10-28 10:55:00+05:30,target_hit,30.0,0.1,30.0,774.55,620.0,False,46.4,False
spot_poc_alloc,SENSEX|weekly|2025-11-06,2025-11-06,PE,2025-10-27 13:30:00+05:30,662.8,84661.36,2025-10-28 10:55:00+05:30,target_hit,30.0,0.1,30.0,774.55,620.0,False,46.4,False
baseline_both,SENSEX|weekly|2025-11-06,2025-11-06,PE,2025-10-28 14:10:00+05:30,815.4,84405.56,2025-11-03 09:15:00+05:30,target_hit,30.0,0.2,30.0,814.3,790.0,True,33.2,False
opt_ib_ext_alloc,SENSEX|weekly|2025-11-06,2025-11-06,PE,2025-10-28 14:10:00+05:30,815.4,84405.56,2025-11-03 09:15:00+05:30,target_hit,30.0,0.35,30.0,814.3,790.0,True,33.2,False
opt_poc_alloc,SENSEX|weekly|2025-11-06,2025-11-06,PE,2025-10-28 14:10:00+05:30,815.4,84405.56,2025-11-03 09:15:00+05:30,target_hit,30.0,0.1,30.0,814.3,790.0,True,33.2,False
opt_ib_ext_ibr_tgt,SENSEX|weekly|2025-11-06,2025-11-06,PE,2025-10-28 14:10:00+05:30,815.4,84405.56,2025-11-03 09:15:00+05:30,target_hit,33.15550649987736,0.35,33.2,814.3,790.0,True,33.2,False
spot_poc_alloc,SENSEX|weekly|2025-11-06,2025-11-06,PE,2025-10-28 14:10:00+05:30,815.4,84405.56,2025-11-03 09:15:00+05:30,target_hit,30.0,0.1,30.0,814.3,790.0,True,33.2,False
baseline_both,SENSEX|weekly|2025-11-06,2025-11-06,PE,2025-11-03 11:45:00+05:30,1086.25,83877.86,2025-11-04 14:15:00+05:30,target_hit,30.0,0.2,30.0,1284.3,990.0,False,48.0,False
opt_ib_ext_alloc,SENSEX|weekly|2025-11-06,2025-11-06,PE,2025-11-03 11:45:00+05:30,1086.25,83877.86,2025-11-04 14:15:00+05:30,target_hit,30.0,0.1,30.0,1284.3,990.0,False,48.0,False
opt_poc_alloc,SENSEX|weekly|2025-11-06,2025-11-06,PE,2025-11-03 11:45:00+05:30,1086.25,83877.86,2025-11-04 14:15:00+05:30,target_hit,30.0,0.1,30.0,1284.3,990.0,False,48.0,False
opt_ib_ext_ibr_tgt,SENSEX|weekly|2025-11-06,2025-11-06,PE,2025-11-03 11:45:00+05:30,1086.25,83877.86,2025-11-04 14:15:00+05:30,target_hit,30.0,0.1,30.0,1284.3,990.0,False,48.0,False
spot_poc_alloc,SENSEX|weekly|2025-11-06,2025-11-06,PE,2025-11-03 11:45:00+05:30,1086.25,83877.86,2025-11-04 14:15:00+05:30,target_hit,30.0,0.1,30.0,1284.3,990.0,False,48.0,False
baseline_both,SENSEX|weekly|2025-11-06,2025-11-06,PE,2025-11-06 09:45:00+05:30,1410.0,83605.32,2025-11-06 15:30:00+05:30,hold_to_end,19.6454,0.2,30.0,,,,,True
opt_ib_ext_alloc,SENSEX|weekly|2025-11-06,2025-11-06,PE,2025-11-06 09:45:00+05:30,1410.0,83605.32,2025-11-06 15:30:00+05:30,hold_to_end,19.6454,0.1,30.0,,,,,True
opt_poc_alloc,SENSEX|weekly|2025-11-06,2025-11-06,PE,2025-11-06 09:45:00+05:30,1410.0,83605.32,2025-11-06 15:30:00+05:30,hold_to_end,19.6454,0.1,30.0,,,,,True
opt_ib_ext_ibr_tgt,SENSEX|weekly|2025-11-06,2025-11-06,PE,2025-11-06 09:45:00+05:30,1410.0,83605.32,2025-11-06 15:30:00+05:30,hold_to_end,19.6454,0.1,30.0,,,,,True
spot_poc_alloc,SENSEX|weekly|2025-11-06,2025-11-06,PE,2025-11-06 09:45:00+05:30,1410.0,83605.32,2025-11-06 15:30:00+05:30,hold_to_end,19.6454,0.35,30.0,,,,,True
baseline_both,SENSEX|weekly|2025-11-13,2025-11-13,CE,2025-10-31 09:40:00+05:30,769.35,84633.13,2025-11-13 15:30:00+05:30,hold_to_end,-99.9935,0.2,30.0,,,,,False
opt_ib_ext_alloc,SENSEX|weekly|2025-11-13,2025-11-13,CE,2025-10-31 09:40:00+05:30,769.35,84633.13,2025-11-13 15:30:00+05:30,hold_to_end,-99.9935,0.1,30.0,,,,,False
opt_poc_alloc,SENSEX|weekly|2025-11-13,2025-11-13,CE,2025-10-31 09:40:00+05:30,769.35,84633.13,2025-11-13 15:30:00+05:30,hold_to_end,-99.9935,0.1,30.0,,,,,False
opt_ib_ext_ibr_tgt,SENSEX|weekly|2025-11-13,2025-11-13,CE,2025-10-31 09:40:00+05:30,769.35,84633.13,2025-11-13 15:30:00+05:30,hold_to_end,-99.9935,0.1,30.0,,,,,False
spot_poc_alloc,SENSEX|weekly|2025-11-13,2025-11-13,CE,2025-10-31 09:40:00+05:30,769.35,84633.13,2025-11-13 15:30:00+05:30,hold_to_end,-99.9935,0.1,30.0,,,,,False
baseline_both,SENSEX|weekly|2025-11-13,2025-11-13,PE,2025-10-30 12:20:00+05:30,731.4,84497.48,2025-11-03 09:15:00+05:30,target_hit,30.0,0.2,30.0,740.0,700.0,True,18.8,False
opt_ib_ext_alloc,SENSEX|weekly|2025-11-13,2025-11-13,PE,2025-10-30 12:20:00+05:30,731.4,84497.48,2025-11-03 09:15:00+05:30,target_hit,30.0,0.35,30.0,740.0,700.0,True,18.8,False
opt_poc_alloc,SENSEX|weekly|2025-11-13,2025-11-13,PE,2025-10-30 12:20:00+05:30,731.4,84497.48,2025-11-03 09:15:00+05:30,target_hit,30.0,0.1,30.0,740.0,700.0,True,18.8,False
opt_ib_ext_ibr_tgt,SENSEX|weekly|2025-11-13,2025-11-13,PE,2025-10-30 12:20:00+05:30,731.4,84497.48,2025-10-31 10:40:00+05:30,target_hit,18.758545255674054,0.35,18.8,740.0,700.0,True,18.8,False
spot_poc_alloc,SENSEX|weekly|2025-11-13,2025-11-13,PE,2025-10-30 12:20:00+05:30,731.4,84497.48,2025-11-03 09:15:00+05:30,target_hit,30.0,0.1,30.0,740.0,700.0,True,18.8,False
baseline_both,SENSEX|weekly|2025-11-13,2025-11-13,PE,2025-11-03 11:55:00+05:30,1032.95,83914.06,2025-11-06 11:25:00+05:30,target_hit,30.0,0.2,30.0,1155.0,960.0,False,30.2,True
opt_ib_ext_alloc,SENSEX|weekly|2025-11-13,2025-11-13,PE,2025-11-03 11:55:00+05:30,1032.95,83914.06,2025-11-06 11:25:00+05:30,target_hit,30.0,0.1,30.0,1155.0,960.0,False,30.2,True
opt_poc_alloc,SENSEX|weekly|2025-11-13,2025-11-13,PE,2025-11-03 11:55:00+05:30,1032.95,83914.06,2025-11-06 11:25:00+05:30,target_hit,30.0,0.1,30.0,1155.0,960.0,False,30.2,True
opt_ib_ext_ibr_tgt,SENSEX|weekly|2025-11-13,2025-11-13,PE,2025-11-03 11:55:00+05:30,1032.95,83914.06,2025-11-06 11:25:00+05:30,target_hit,30.0,0.1,30.0,1155.0,960.0,False,30.2,True
spot_poc_alloc,SENSEX|weekly|2025-11-13,2025-11-13,PE,2025-11-03 11:55:00+05:30,1032.95,83914.06,2025-11-06 11:25:00+05:30,target_hit,30.0,0.35,30.0,1155.0,960.0,False,30.2,True
baseline_both,SENSEX|weekly|2025-11-13,2025-11-13,PE,2025-11-06 14:05:00+05:30,1380.1,83393.87,2025-11-07 09:20:00+05:30,target_hit,30.0,0.2,30.0,1305.2,1360.0,True,15.0,False
opt_ib_ext_alloc,SENSEX|weekly|2025-11-13,2025-11-13,PE,2025-11-06 14:05:00+05:30,1380.1,83393.87,2025-11-07 09:20:00+05:30,target_hit,30.0,0.35,30.0,1305.2,1360.0,True,15.0,False
opt_poc_alloc,SENSEX|weekly|2025-11-13,2025-11-13,PE,2025-11-06 14:05:00+05:30,1380.1,83393.87,2025-11-07 09:20:00+05:30,target_hit,30.0,0.1,30.0,1305.2,1360.0,True,15.0,False
opt_ib_ext_ibr_tgt,SENSEX|weekly|2025-11-13,2025-11-13,PE,2025-11-06 14:05:00+05:30,1380.1,83393.87,2025-11-07 09:15:00+05:30,target_hit,15.0,0.35,15.0,1305.2,1360.0,True,15.0,False
spot_poc_alloc,SENSEX|weekly|2025-11-13,2025-11-13,PE,2025-11-06 14:05:00+05:30,1380.1,83393.87,2025-11-07 09:20:00+05:30,target_hit,30.0,0.1,30.0,1305.2,1360.0,True,15.0,False
baseline_both,SENSEX|weekly|2025-11-13,2025-11-13,PE,2025-11-10 13:55:00+05:30,1150.0,83605.64,2025-11-11 10:30:00+05:30,target_hit,30.0,0.2,30.0,1378.2,1090.0,False,32.3,True
opt_ib_ext_alloc,SENSEX|weekly|2025-11-13,2025-11-13,PE,2025-11-10 13:55:00+05:30,1150.0,83605.64,2025-11-11 10:30:00+05:30,target_hit,30.0,0.1,30.0,1378.2,1090.0,False,32.3,True
opt_poc_alloc,SENSEX|weekly|2025-11-13,2025-11-13,PE,2025-11-10 13:55:00+05:30,1150.0,83605.64,2025-11-11 10:30:00+05:30,target_hit,30.0,0.1,30.0,1378.2,1090.0,False,32.3,True
opt_ib_ext_ibr_tgt,SENSEX|weekly|2025-11-13,2025-11-13,PE,2025-11-10 13:55:00+05:30,1150.0,83605.64,2025-11-11 10:30:00+05:30,target_hit,30.0,0.1,30.0,1378.2,1090.0,False,32.3,True
spot_poc_alloc,SENSEX|weekly|2025-11-13,2025-11-13,PE,2025-11-10 13:55:00+05:30,1150.0,83605.64,2025-11-11 10:30:00+05:30,target_hit,30.0,0.35,30.0,1378.2,1090.0,False,32.3,True
baseline_both,SENSEX|weekly|2025-11-13,2025-11-13,PE,2025-11-12 15:25:00+05:30,366.0,84405.15,2025-11-13 09:15:00+05:30,target_hit,30.0,0.2,30.0,650.0,330.0,False,137.7,False
opt_ib_ext_alloc,SENSEX|weekly|2025-11-13,2025-11-13,PE,2025-11-12 15:25:00+05:30,366.0,84405.15,2025-11-13 09:15:00+05:30,target_hit,30.0,0.1,30.0,650.0,330.0,False,137.7,False
opt_poc_alloc,SENSEX|weekly|2025-11-13,2025-11-13,PE,2025-11-12 15:25:00+05:30,366.0,84405.15,2025-11-13 09:15:00+05:30,target_hit,30.0,0.1,30.0,650.0,330.0,False,137.7,False
opt_ib_ext_ibr_tgt,SENSEX|weekly|2025-11-13,2025-11-13,PE,2025-11-12 15:25:00+05:30,366.0,84405.15,2025-11-13 09:15:00+05:30,target_hit,30.0,0.1,30.0,650.0,330.0,False,137.7,False
spot_poc_alloc,SENSEX|weekly|2025-11-13,2025-11-13,PE,2025-11-12 15:25:00+05:30,366.0,84405.15,2025-11-13 09:15:00+05:30,target_hit,30.0,0.1,30.0,650.0,330.0,False,137.7,False
baseline_both,SENSEX|weekly|2025-11-13,2025-11-13,PE,2025-11-13 14:10:00+05:30,314.8,84492.48,2025-11-13 15:30:00+05:30,hold_to_end,1.8742,0.2,30.0,547.9,150.0,False,162.1,True
opt_ib_ext_alloc,SENSEX|weekly|2025-11-13,2025-11-13,PE,2025-11-13 14:10:00+05:30,314.8,84492.48,2025-11-13 15:30:00+05:30,hold_to_end,1.8742,0.1,30.0,547.9,150.0,False,162.1,True
opt_poc_alloc,SENSEX|weekly|2025-11-13,2025-11-13,PE,2025-11-13 14:10:00+05:30,314.8,84492.48,2025-11-13 15:30:00+05:30,hold_to_end,1.8742,0.1,30.0,547.9,150.0,False,162.1,True
opt_ib_ext_ibr_tgt,SENSEX|weekly|2025-11-13,2025-11-13,PE,2025-11-13 14:10:00+05:30,314.8,84492.48,2025-11-13 15:30:00+05:30,hold_to_end,1.8742,0.1,30.0,547.9,150.0,False,162.1,True
spot_poc_alloc,SENSEX|weekly|2025-11-13,2025-11-13,PE,2025-11-13 14:10:00+05:30,314.8,84492.48,2025-11-13 15:30:00+05:30,hold_to_end,1.8742,0.35,30.0,547.9,150.0,False,162.1,True
baseline_both,SENSEX|weekly|2025-11-20,2025-11-20,CE,2025-11-06 13:05:00+05:30,807.0,83594.52,2025-11-12 09:15:00+05:30,target_hit,30.0,0.2,30.0,912.35,750.0,False,39.7,False
opt_ib_ext_alloc,SENSEX|weekly|2025-11-20,2025-11-20,CE,2025-11-06 13:05:00+05:30,807.0,83594.52,2025-11-12 09:15:00+05:30,target_hit,30.0,0.1,30.0,912.35,750.0,False,39.7,False
opt_poc_alloc,SENSEX|weekly|2025-11-20,2025-11-20,CE,2025-11-06 13:05:00+05:30,807.0,83594.52,2025-11-12 09:15:00+05:30,target_hit,30.0,0.1,30.0,912.35,750.0,False,39.7,False
opt_ib_ext_ibr_tgt,SENSEX|weekly|2025-11-20,2025-11-20,CE,2025-11-06 13:05:00+05:30,807.0,83594.52,2025-11-12 09:15:00+05:30,target_hit,30.0,0.1,30.0,912.35,750.0,False,39.7,False
spot_poc_alloc,SENSEX|weekly|2025-11-20,2025-11-20,CE,2025-11-06 13:05:00+05:30,807.0,83594.52,2025-11-12 09:15:00+05:30,target_hit,30.0,0.1,30.0,912.35,750.0,False,39.7,False
baseline_both,SENSEX|weekly|2025-11-20,2025-11-20,CE,2025-11-13 10:40:00+05:30,1232.6,84643.78,2025-11-20 09:30:00+05:30,target_hit,30.0,0.2,30.0,1144.2,1390.0,True,15.0,False
opt_ib_ext_alloc,SENSEX|weekly|2025-11-20,2025-11-20,CE,2025-11-13 10:40:00+05:30,1232.6,84643.78,2025-11-20 09:30:00+05:30,target_hit,30.0,0.35,30.0,1144.2,1390.0,True,15.0,False
opt_poc_alloc,SENSEX|weekly|2025-11-20,2025-11-20,CE,2025-11-13 10:40:00+05:30,1232.6,84643.78,2025-11-20 09:30:00+05:30,target_hit,30.0,0.35,30.0,1144.2,1390.0,True,15.0,False
opt_ib_ext_ibr_tgt,SENSEX|weekly|2025-11-20,2025-11-20,CE,2025-11-13 10:40:00+05:30,1232.6,84643.78,2025-11-13 12:10:00+05:30,target_hit,15.0,0.35,15.0,1144.2,1390.0,True,15.0,False
spot_poc_alloc,SENSEX|weekly|2025-11-20,2025-11-20,CE,2025-11-13 10:40:00+05:30,1232.6,84643.78,2025-11-20 09:30:00+05:30,target_hit,30.0,0.1,30.0,1144.2,1390.0,True,15.0,False
baseline_both,SENSEX|weekly|2025-11-20,2025-11-20,PE,2025-11-06 14:00:00+05:30,740.0,83421.5,2025-11-07 09:20:00+05:30,target_hit,30.0,0.2,30.0,,,,,False
opt_ib_ext_alloc,SENSEX|weekly|2025-11-20,2025-11-20,PE,2025-11-06 14:00:00+05:30,740.0,83421.5,2025-11-07 09:20:00+05:30,target_hit,30.0,0.1,30.0,,,,,False
opt_poc_alloc,SENSEX|weekly|2025-11-20,2025-11-20,PE,2025-11-06 14:00:00+05:30,740.0,83421.5,2025-11-07 09:20:00+05:30,target_hit,30.0,0.1,30.0,,,,,False
opt_ib_ext_ibr_tgt,SENSEX|weekly|2025-11-20,2025-11-20,PE,2025-11-06 14:00:00+05:30,740.0,83421.5,2025-11-07 09:20:00+05:30,target_hit,30.0,0.1,30.0,,,,,False
spot_poc_alloc,SENSEX|weekly|2025-11-20,2025-11-20,PE,2025-11-06 14:00:00+05:30,740.0,83421.5,2025-11-07 09:20:00+05:30,target_hit,30.0,0.1,30.0,,,,,False
baseline_both,SENSEX|weekly|2025-11-20,2025-11-20,PE,2025-11-10 15:05:00+05:30,533.8,83555.81,2025-11-11 09:25:00+05:30,target_hit,30.0,0.2,30.0,718.3,530.0,False,60.2,False
opt_ib_ext_alloc,SENSEX|weekly|2025-11-20,2025-11-20,PE,2025-11-10 15:05:00+05:30,533.8,83555.81,2025-11-11 09:25:00+05:30,target_hit,30.0,0.1,30.0,718.3,530.0,False,60.2,False
opt_poc_alloc,SENSEX|weekly|2025-11-20,2025-11-20,PE,2025-11-10 15:05:00+05:30,533.8,83555.81,2025-11-11 09:25:00+05:30,target_hit,30.0,0.1,30.0,718.3,530.0,False,60.2,False
opt_ib_ext_ibr_tgt,SENSEX|weekly|2025-11-20,2025-11-20,PE,2025-11-10 15:05:00+05:30,533.8,83555.81,2025-11-11 09:25:00+05:30,target_hit,30.0,0.1,30.0,718.3,530.0,False,60.2,False
spot_poc_alloc,SENSEX|weekly|2025-11-20,2025-11-20,PE,2025-11-10 15:05:00+05:30,533.8,83555.81,2025-11-11 09:25:00+05:30,target_hit,30.0,0.1,30.0,718.3,530.0,False,60.2,False
baseline_both,SENSEX|weekly|2025-11-20,2025-11-20,PE,2025-11-13 09:15:00+05:30,224.55,84375.55,2025-11-14 09:15:00+05:30,target_hit,30.0,0.2,30.0,,,,,False
opt_ib_ext_alloc,SENSEX|weekly|2025-11-20,2025-11-20,PE,2025-11-13 09:15:00+05:30,224.55,84375.55,2025-11-14 09:15:00+05:30,target_hit,30.0,0.1,30.0,,,,,False
opt_poc_alloc,SENSEX|weekly|2025-11-20,2025-11-20,PE,2025-11-13 09:15:00+05:30,224.55,84375.55,2025-11-14 09:15:00+05:30,target_hit,30.0,0.1,30.0,,,,,False
opt_ib_ext_ibr_tgt,SENSEX|weekly|2025-11-20,2025-11-20,PE,2025-11-13 09:15:00+05:30,224.55,84375.55,2025-11-14 09:15:00+05:30,target_hit,30.0,0.1,30.0,,,,,False
spot_poc_alloc,SENSEX|weekly|2025-11-20,2025-11-20,PE,2025-11-13 09:15:00+05:30,224.55,84375.55,2025-11-14 09:15:00+05:30,target_hit,30.0,0.1,30.0,,,,,False
baseline_both,SENSEX|weekly|2025-11-20,2025-11-20,PE,2025-11-14 13:45:00+05:30,286.2,84058.33,2025-11-20 15:30:00+05:30,hold_to_end,-99.9825,0.2,30.0,327.0,230.0,True,57.8,False
opt_ib_ext_alloc,SENSEX|weekly|2025-11-20,2025-11-20,PE,2025-11-14 13:45:00+05:30,286.2,84058.33,2025-11-20 15:30:00+05:30,hold_to_end,-99.9825,0.35,30.0,327.0,230.0,True,57.8,False
opt_poc_alloc,SENSEX|weekly|2025-11-20,2025-11-20,PE,2025-11-14 13:45:00+05:30,286.2,84058.33,2025-11-20 15:30:00+05:30,hold_to_end,-99.9825,0.1,30.0,327.0,230.0,True,57.8,False
opt_ib_ext_ibr_tgt,SENSEX|weekly|2025-11-20,2025-11-20,PE,2025-11-14 13:45:00+05:30,286.2,84058.33,2025-11-20 15:30:00+05:30,hold_to_end,-99.9825,0.35,57.8,327.0,230.0,True,57.8,False
spot_poc_alloc,SENSEX|weekly|2025-11-20,2025-11-20,PE,2025-11-14 13:45:00+05:30,286.2,84058.33,2025-11-20 15:30:00+05:30,hold_to_end,-99.9825,0.1,30.0,327.0,230.0,True,57.8,False
baseline_both,SENSEX|weekly|2025-12-04,2025-12-04,CE,2025-11-21 12:25:00+05:30,983.0,85508.04,2025-12-04 15:30:00+05:30,hold_to_end,-99.9949,0.2,30.0,1026.7,880.0,False,21.9,False
opt_ib_ext_alloc,SENSEX|weekly|2025-12-04,2025-12-04,CE,2025-11-21 12:25:00+05:30,983.0,85508.04,2025-12-04 15:30:00+05:30,hold_to_end,-99.9949,0.1,30.0,1026.7,880.0,False,21.9,False
opt_poc_alloc,SENSEX|weekly|2025-12-04,2025-12-04,CE,2025-11-21 12:25:00+05:30,983.0,85508.04,2025-12-04 15:30:00+05:30,hold_to_end,-99.9949,0.1,30.0,1026.7,880.0,False,21.9,False
opt_ib_ext_ibr_tgt,SENSEX|weekly|2025-12-04,2025-12-04,CE,2025-11-21 12:25:00+05:30,983.0,85508.04,2025-12-04 15:30:00+05:30,hold_to_end,-99.9949,0.1,30.0,1026.7,880.0,False,21.9,False
spot_poc_alloc,SENSEX|weekly|2025-12-04,2025-12-04,CE,2025-11-21 12:25:00+05:30,983.0,85508.04,2025-12-04 15:30:00+05:30,hold_to_end,-99.9949,0.1,30.0,1026.7,880.0,False,21.9,False
baseline_both,SENSEX|weekly|2025-12-04,2025-12-04,PE,2025-11-21 09:20:00+05:30,547.55,85486.42,2025-11-24 15:30:00+05:30,target_hit,30.0,0.2,30.0,,,,,True
opt_ib_ext_alloc,SENSEX|weekly|2025-12-04,2025-12-04,PE,2025-11-21 09:20:00+05:30,547.55,85486.42,2025-11-24 15:30:00+05:30,target_hit,30.0,0.1,30.0,,,,,True
opt_poc_alloc,SENSEX|weekly|2025-12-04,2025-12-04,PE,2025-11-21 09:20:00+05:30,547.55,85486.42,2025-11-24 15:30:00+05:30,target_hit,30.0,0.1,30.0,,,,,True
opt_ib_ext_ibr_tgt,SENSEX|weekly|2025-12-04,2025-12-04,PE,2025-11-21 09:20:00+05:30,547.55,85486.42,2025-11-24 15:30:00+05:30,target_hit,30.0,0.1,30.0,,,,,True
spot_poc_alloc,SENSEX|weekly|2025-12-04,2025-12-04,PE,2025-11-21 09:20:00+05:30,547.55,85486.42,2025-11-24 15:30:00+05:30,target_hit,30.0,0.35,30.0,,,,,True
baseline_both,SENSEX|weekly|2025-12-04,2025-12-04,PE,2025-11-25 10:45:00+05:30,646.05,84969.32,2025-11-25 15:05:00+05:30,target_hit,30.0,0.2,30.0,750.35,640.0,True,74.4,True
opt_ib_ext_alloc,SENSEX|weekly|2025-12-04,2025-12-04,PE,2025-11-25 10:45:00+05:30,646.05,84969.32,2025-11-25 15:05:00+05:30,target_hit,30.0,0.35,30.0,750.35,640.0,True,74.4,True
opt_poc_alloc,SENSEX|weekly|2025-12-04,2025-12-04,PE,2025-11-25 10:45:00+05:30,646.05,84969.32,2025-11-25 15:05:00+05:30,target_hit,30.0,0.1,30.0,750.35,640.0,True,74.4,True
opt_ib_ext_ibr_tgt,SENSEX|weekly|2025-12-04,2025-12-04,PE,2025-11-25 10:45:00+05:30,646.05,84969.32,2025-12-04 15:30:00+05:30,hold_to_end,-94.714,0.35,74.4,750.35,640.0,True,74.4,True
spot_poc_alloc,SENSEX|weekly|2025-12-04,2025-12-04,PE,2025-11-25 10:45:00+05:30,646.05,84969.32,2025-11-25 15:05:00+05:30,target_hit,30.0,0.35,30.0,750.35,640.0,True,74.4,True
baseline_both,SENSEX|weekly|2025-12-04,2025-12-04,PE,2025-11-27 12:35:00+05:30,260.15,85776.34,2025-11-27 13:25:00+05:30,target_hit,30.0,0.2,30.0,330.75,240.0,True,71.7,True
opt_ib_ext_alloc,SENSEX|weekly|2025-12-04,2025-12-04,PE,2025-11-27 12:35:00+05:30,260.15,85776.34,2025-11-27 13:25:00+05:30,target_hit,30.0,0.35,30.0,330.75,240.0,True,71.7,True
opt_poc_alloc,SENSEX|weekly|2025-12-04,2025-12-04,PE,2025-11-27 12:35:00+05:30,260.15,85776.34,2025-11-27 13:25:00+05:30,target_hit,30.0,0.1,30.0,330.75,240.0,True,71.7,True
opt_ib_ext_ibr_tgt,SENSEX|weekly|2025-12-04,2025-12-04,PE,2025-11-27 12:35:00+05:30,260.15,85776.34,2025-12-03 09:35:00+05:30,target_hit,71.65097059388816,0.35,71.7,330.75,240.0,True,71.7,True
spot_poc_alloc,SENSEX|weekly|2025-12-04,2025-12-04,PE,2025-11-27 12:35:00+05:30,260.15,85776.34,2025-11-27 13:25:00+05:30,target_hit,30.0,0.35,30.0,330.75,240.0,True,71.7,True
baseline_both,SENSEX|weekly|2025-12-04,2025-12-04,PE,2025-11-28 12:55:00+05:30,200.4,85770.44,2025-12-02 09:45:00+05:30,target_hit,30.0,0.2,30.0,273.45,190.0,False,87.8,True
opt_ib_ext_alloc,SENSEX|weekly|2025-12-04,2025-12-04,PE,2025-11-28 12:55:00+05:30,200.4,85770.44,2025-12-02 09:45:00+05:30,target_hit,30.0,0.1,30.0,273.45,190.0,False,87.8,True
opt_poc_alloc,SENSEX|weekly|2025-12-04,2025-12-04,PE,2025-11-28 12:55:00+05:30,200.4,85770.44,2025-12-02 09:45:00+05:30,target_hit,30.0,0.1,30.0,273.45,190.0,False,87.8,True
opt_ib_ext_ibr_tgt,SENSEX|weekly|2025-12-04,2025-12-04,PE,2025-11-28 12:55:00+05:30,200.4,85770.44,2025-12-02 09:45:00+05:30,target_hit,30.0,0.1,30.0,273.45,190.0,False,87.8,True
spot_poc_alloc,SENSEX|weekly|2025-12-04,2025-12-04,PE,2025-11-28 12:55:00+05:30,200.4,85770.44,2025-12-02 09:45:00+05:30,target_hit,30.0,0.35,30.0,273.45,190.0,False,87.8,True
baseline_both,SENSEX|weekly|2025-12-04,2025-12-04,PE,2025-12-03 09:30:00+05:30,388.05,84968.84,2025-12-03 10:05:00+05:30,target_hit,30.0,0.2,30.0,,,,,True
opt_ib_ext_alloc,SENSEX|weekly|2025-12-04,2025-12-04,PE,2025-12-03 09:30:00+05:30,388.05,84968.84,2025-12-03 10:05:00+05:30,target_hit,30.0,0.1,30.0,,,,,True
opt_poc_alloc,SENSEX|weekly|2025-12-04,2025-12-04,PE,2025-12-03 09:30:00+05:30,388.05,84968.84,2025-12-03 10:05:00+05:30,target_hit,30.0,0.1,30.0,,,,,True
opt_ib_ext_ibr_tgt,SENSEX|weekly|2025-12-04,2025-12-04,PE,2025-12-03 09:30:00+05:30,388.05,84968.84,2025-12-03 10:05:00+05:30,target_hit,30.0,0.1,30.0,,,,,True
spot_poc_alloc,SENSEX|weekly|2025-12-04,2025-12-04,PE,2025-12-03 09:30:00+05:30,388.05,84968.84,2025-12-03 10:05:00+05:30,target_hit,30.0,0.35,30.0,,,,,True
baseline_both,SENSEX|weekly|2025-12-04,2025-12-04,PE,2025-12-03 12:55:00+05:30,450.7,84872.52,2025-12-04 15:30:00+05:30,hold_to_end,-92.4229,0.2,30.0,525.55,400.0,True,79.3,True
opt_ib_ext_alloc,SENSEX|weekly|2025-12-04,2025-12-04,PE,2025-12-03 12:55:00+05:30,450.7,84872.52,2025-12-04 15:30:00+05:30,hold_to_end,-92.4229,0.35,30.0,525.55,400.0,True,79.3,True
opt_poc_alloc,SENSEX|weekly|2025-12-04,2025-12-04,PE,2025-12-03 12:55:00+05:30,450.7,84872.52,2025-12-04 15:30:00+05:30,hold_to_end,-92.4229,0.1,30.0,525.55,400.0,True,79.3,True
opt_ib_ext_ibr_tgt,SENSEX|weekly|2025-12-04,2025-12-04,PE,2025-12-03 12:55:00+05:30,450.7,84872.52,2025-12-04 15:30:00+05:30,hold_to_end,-92.4229,0.35,79.3,525.55,400.0,True,79.3,True
spot_poc_alloc,SENSEX|weekly|2025-12-04,2025-12-04,PE,2025-12-03 12:55:00+05:30,450.7,84872.52,2025-12-04 15:30:00+05:30,hold_to_end,-92.4229,0.35,30.0,525.55,400.0,True,79.3,True
baseline_both,SENSEX|weekly|2025-12-11,2025-12-11,CE,2025-11-28 09:30:00+05:30,927.3,85784.38,2025-12-11 15:30:00+05:30,hold_to_end,-99.9946,0.2,30.0,,,,,False
opt_ib_ext_alloc,SENSEX|weekly|2025-12-11,2025-12-11,CE,2025-11-28 09:30:00+05:30,927.3,85784.38,2025-12-11 15:30:00+05:30,hold_to_end,-99.9946,0.1,30.0,,,,,False
opt_poc_alloc,SENSEX|weekly|2025-12-11,2025-12-11,CE,2025-11-28 09:30:00+05:30,927.3,85784.38,2025-12-11 15:30:00+05:30,hold_to_end,-99.9946,0.1,30.0,,,,,False
opt_ib_ext_ibr_tgt,SENSEX|weekly|2025-12-11,2025-12-11,CE,2025-11-28 09:30:00+05:30,927.3,85784.38,2025-12-11 15:30:00+05:30,hold_to_end,-99.9946,0.1,30.0,,,,,False
spot_poc_alloc,SENSEX|weekly|2025-12-11,2025-12-11,CE,2025-11-28 09:30:00+05:30,927.3,85784.38,2025-12-11 15:30:00+05:30,hold_to_end,-99.9946,0.1,30.0,,,,,False
baseline_both,SENSEX|weekly|2025-12-11,2025-12-11,PE,2025-11-27 11:55:00+05:30,503.65,85832.4,2025-12-02 14:40:00+05:30,target_hit,30.0,0.2,30.0,507.85,500.0,True,16.4,True
opt_ib_ext_alloc,SENSEX|weekly|2025-12-11,2025-12-11,PE,2025-11-27 11:55:00+05:30,503.65,85832.4,2025-12-02 14:40:00+05:30,target_hit,30.0,0.35,30.0,507.85,500.0,True,16.4,True
opt_poc_alloc,SENSEX|weekly|2025-12-11,2025-12-11,PE,2025-11-27 11:55:00+05:30,503.65,85832.4,2025-12-02 14:40:00+05:30,target_hit,30.0,0.1,30.0,507.85,500.0,True,16.4,True
opt_ib_ext_ibr_tgt,SENSEX|weekly|2025-12-11,2025-12-11,PE,2025-11-27 11:55:00+05:30,503.65,85832.4,2025-11-27 13:15:00+05:30,target_hit,16.40027797081307,0.35,16.4,507.85,500.0,True,16.4,True
spot_poc_alloc,SENSEX|weekly|2025-12-11,2025-12-11,PE,2025-11-27 11:55:00+05:30,503.65,85832.4,2025-12-02 14:40:00+05:30,target_hit,30.0,0.35,30.0,507.85,500.0,True,16.4,True
baseline_both,SENSEX|weekly|2025-12-11,2025-12-11,PE,2025-12-03 09:20:00+05:30,646.2,85144.54,2025-12-03 10:05:00+05:30,target_hit,30.0,0.2,30.0,,,,,True
opt_ib_ext_alloc,SENSEX|weekly|2025-12-11,2025-12-11,PE,2025-12-03 09:20:00+05:30,646.2,85144.54,2025-12-03 10:05:00+05:30,target_hit,30.0,0.1,30.0,,,,,True
opt_poc_alloc,SENSEX|weekly|2025-12-11,2025-12-11,PE,2025-12-03 09:20:00+05:30,646.2,85144.54,2025-12-03 10:05:00+05:30,target_hit,30.0,0.1,30.0,,,,,True
opt_ib_ext_ibr_tgt,SENSEX|weekly|2025-12-11,2025-12-11,PE,2025-12-03 09:20:00+05:30,646.2,85144.54,2025-12-03 10:05:00+05:30,target_hit,30.0,0.1,30.0,,,,,True
spot_poc_alloc,SENSEX|weekly|2025-12-11,2025-12-11,PE,2025-12-03 09:20:00+05:30,646.2,85144.54,2025-12-03 10:05:00+05:30,target_hit,30.0,0.35,30.0,,,,,True
baseline_both,SENSEX|weekly|2025-12-11,2025-12-11,PE,2025-12-03 13:00:00+05:30,815.0,84892.95,2025-12-09 09:40:00+05:30,target_hit,30.0,0.2,30.0,874.45,780.0,True,36.2,True
opt_ib_ext_alloc,SENSEX|weekly|2025-12-11,2025-12-11,PE,2025-12-03 13:00:00+05:30,815.0,84892.95,2025-12-09 09:40:00+05:30,target_hit,30.0,0.35,30.0,874.45,780.0,True,36.2,True
opt_poc_alloc,SENSEX|weekly|2025-12-11,2025-12-11,PE,2025-12-03 13:00:00+05:30,815.0,84892.95,2025-12-09 09:40:00+05:30,target_hit,30.0,0.1,30.0,874.45,780.0,True,36.2,True
opt_ib_ext_ibr_tgt,SENSEX|weekly|2025-12-11,2025-12-11,PE,2025-12-03 13:00:00+05:30,815.0,84892.95,2025-12-09 09:50:00+05:30,target_hit,36.18404907975461,0.35,36.2,874.45,780.0,True,36.2,True
spot_poc_alloc,SENSEX|weekly|2025-12-11,2025-12-11,PE,2025-12-03 13:00:00+05:30,815.0,84892.95,2025-12-09 09:40:00+05:30,target_hit,30.0,0.35,30.0,874.45,780.0,True,36.2,True
baseline_both,SENSEX|weekly|2025-12-11,2025-12-11,PE,2025-12-09 14:25:00+05:30,915.0,84645.79,2025-12-10 14:10:00+05:30,target_hit,30.0,0.2,30.0,1150.0,760.0,False,71.4,True
opt_ib_ext_alloc,SENSEX|weekly|2025-12-11,2025-12-11,PE,2025-12-09 14:25:00+05:30,915.0,84645.79,2025-12-10 14:10:00+05:30,target_hit,30.0,0.1,30.0,1150.0,760.0,False,71.4,True
opt_poc_alloc,SENSEX|weekly|2025-12-11,2025-12-11,PE,2025-12-09 14:25:00+05:30,915.0,84645.79,2025-12-10 14:10:00+05:30,target_hit,30.0,0.1,30.0,1150.0,760.0,False,71.4,True
opt_ib_ext_ibr_tgt,SENSEX|weekly|2025-12-11,2025-12-11,PE,2025-12-09 14:25:00+05:30,915.0,84645.79,2025-12-10 14:10:00+05:30,target_hit,30.0,0.1,30.0,1150.0,760.0,False,71.4,True
spot_poc_alloc,SENSEX|weekly|2025-12-11,2025-12-11,PE,2025-12-09 14:25:00+05:30,915.0,84645.79,2025-12-10 14:10:00+05:30,target_hit,30.0,0.35,30.0,1150.0,760.0,False,71.4,True
baseline_both,SENSEX|weekly|2025-12-18,2025-12-18,CE,2025-12-04 15:00:00+05:30,973.7,85304.56,2025-12-05 12:35:00+05:30,target_hit,30.0,0.2,30.0,977.2,890.0,True,19.6,False
opt_ib_ext_alloc,SENSEX|weekly|2025-12-18,2025-12-18,CE,2025-12-04 15:00:00+05:30,973.7,85304.56,2025-12-05 12:35:00+05:30,target_hit,30.0,0.35,30.0,977.2,890.0,True,19.6,False
opt_poc_alloc,SENSEX|weekly|2025-12-18,2025-12-18,CE,2025-12-04 15:00:00+05:30,973.7,85304.56,2025-12-05 12:35:00+05:30,target_hit,30.0,0.1,30.0,977.2,890.0,True,19.6,False
opt_ib_ext_ibr_tgt,SENSEX|weekly|2025-12-18,2025-12-18,CE,2025-12-04 15:00:00+05:30,973.7,85304.56,2025-12-05 11:25:00+05:30,target_hit,19.585087809386877,0.35,19.6,977.2,890.0,True,19.6,False
spot_poc_alloc,SENSEX|weekly|2025-12-18,2025-12-18,CE,2025-12-04 15:00:00+05:30,973.7,85304.56,2025-12-05 12:35:00+05:30,target_hit,30.0,0.1,30.0,977.2,890.0,True,19.6,False
baseline_both,SENSEX|weekly|2025-12-18,2025-12-18,CE,2025-12-05 15:20:00+05:30,1213.4,85728.49,2025-12-18 15:30:00+05:30,hold_to_end,-99.9918,0.2,30.0,1111.0,1110.0,True,15.0,False
opt_ib_ext_alloc,SENSEX|weekly|2025-12-18,2025-12-18,CE,2025-12-05 15:20:00+05:30,1213.4,85728.49,2025-12-18 15:30:00+05:30,hold_to_end,-99.9918,0.35,30.0,1111.0,1110.0,True,15.0,False
opt_poc_alloc,SENSEX|weekly|2025-12-18,2025-12-18,CE,2025-12-05 15:20:00+05:30,1213.4,85728.49,2025-12-18 15:30:00+05:30,hold_to_end,-99.9918,0.1,30.0,1111.0,1110.0,True,15.0,False
opt_ib_ext_ibr_tgt,SENSEX|weekly|2025-12-18,2025-12-18,CE,2025-12-05 15:20:00+05:30,1213.4,85728.49,2025-12-18 15:30:00+05:30,hold_to_end,-99.9918,0.35,15.0,1111.0,1110.0,True,15.0,False
spot_poc_alloc,SENSEX|weekly|2025-12-18,2025-12-18,CE,2025-12-05 15:20:00+05:30,1213.4,85728.49,2025-12-18 15:30:00+05:30,hold_to_end,-99.9918,0.1,30.0,1111.0,1110.0,True,15.0,False
baseline_both,SENSEX|weekly|2025-12-18,2025-12-18,PE,2025-12-04 12:25:00+05:30,447.05,85243.46,2025-12-09 09:15:00+05:30,target_hit,30.0,0.2,30.0,550.15,420.0,False,52.7,True
opt_ib_ext_alloc,SENSEX|weekly|2025-12-18,2025-12-18,PE,2025-12-04 12:25:00+05:30,447.05,85243.46,2025-12-09 09:15:00+05:30,target_hit,30.0,0.1,30.0,550.15,420.0,False,52.7,True
opt_poc_alloc,SENSEX|weekly|2025-12-18,2025-12-18,PE,2025-12-04 12:25:00+05:30,447.05,85243.46,2025-12-09 09:15:00+05:30,target_hit,30.0,0.1,30.0,550.15,420.0,False,52.7,True
opt_ib_ext_ibr_tgt,SENSEX|weekly|2025-12-18,2025-12-18,PE,2025-12-04 12:25:00+05:30,447.05,85243.46,2025-12-09 09:15:00+05:30,target_hit,30.0,0.1,30.0,550.15,420.0,False,52.7,True
spot_poc_alloc,SENSEX|weekly|2025-12-18,2025-12-18,PE,2025-12-04 12:25:00+05:30,447.05,85243.46,2025-12-09 09:15:00+05:30,target_hit,30.0,0.35,30.0,550.15,420.0,False,52.7,True
baseline_both,SENSEX|weekly|2025-12-18,2025-12-18,PE,2025-12-09 14:25:00+05:30,588.6,84645.79,2025-12-10 14:10:00+05:30,target_hit,30.0,0.2,30.0,764.25,510.0,False,75.9,True
opt_ib_ext_alloc,SENSEX|weekly|2025-12-18,2025-12-18,PE,2025-12-09 14:25:00+05:30,588.6,84645.79,2025-12-10 14:10:00+05:30,target_hit,30.0,0.1,30.0,764.25,510.0,False,75.9,True
opt_poc_alloc,SENSEX|weekly|2025-12-18,2025-12-18,PE,2025-12-09 14:25:00+05:30,588.6,84645.79,2025-12-10 14:10:00+05:30,target_hit,30.0,0.1,30.0,764.25,510.0,False,75.9,True
opt_ib_ext_ibr_tgt,SENSEX|weekly|2025-12-18,2025-12-18,PE,2025-12-09 14:25:00+05:30,588.6,84645.79,2025-12-10 14:10:00+05:30,target_hit,30.0,0.1,30.0,764.25,510.0,False,75.9,True
spot_poc_alloc,SENSEX|weekly|2025-12-18,2025-12-18,PE,2025-12-09 14:25:00+05:30,588.6,84645.79,2025-12-10 14:10:00+05:30,target_hit,30.0,0.35,30.0,764.25,510.0,False,75.9,True
baseline_both,SENSEX|weekly|2025-12-18,2025-12-18,PE,2025-12-15 09:15:00+05:30,318.0,85013.67,2025-12-15 09:45:00+05:30,target_hit,30.0,0.2,30.0,,,,,False
opt_ib_ext_alloc,SENSEX|weekly|2025-12-18,2025-12-18,PE,2025-12-15 09:15:00+05:30,318.0,85013.67,2025-12-15 09:45:00+05:30,target_hit,30.0,0.1,30.0,,,,,False
opt_poc_alloc,SENSEX|weekly|2025-12-18,2025-12-18,PE,2025-12-15 09:15:00+05:30,318.0,85013.67,2025-12-15 09:45:00+05:30,target_hit,30.0,0.1,30.0,,,,,False
opt_ib_ext_ibr_tgt,SENSEX|weekly|2025-12-18,2025-12-18,PE,2025-12-15 09:15:00+05:30,318.0,85013.67,2025-12-15 09:45:00+05:30,target_hit,30.0,0.1,30.0,,,,,False
spot_poc_alloc,SENSEX|weekly|2025-12-18,2025-12-18,PE,2025-12-15 09:15:00+05:30,318.0,85013.67,2025-12-15 09:45:00+05:30,target_hit,30.0,0.1,30.0,,,,,False
baseline_both,SENSEX|weekly|2025-12-18,2025-12-18,PE,2025-12-16 09:15:00+05:30,324.4,84915.92,2025-12-16 10:05:00+05:30,target_hit,30.0,0.2,30.0,,,,,True
opt_ib_ext_alloc,SENSEX|weekly|2025-12-18,2025-12-18,PE,2025-12-16 09:15:00+05:30,324.4,84915.92,2025-12-16 10:05:00+05:30,target_hit,30.0,0.1,30.0,,,,,True
opt_poc_alloc,SENSEX|weekly|2025-12-18,2025-12-18,PE,2025-12-16 09:15:00+05:30,324.4,84915.92,2025-12-16 10:05:00+05:30,target_hit,30.0,0.1,30.0,,,,,True
opt_ib_ext_ibr_tgt,SENSEX|weekly|2025-12-18,2025-12-18,PE,2025-12-16 09:15:00+05:30,324.4,84915.92,2025-12-16 10:05:00+05:30,target_hit,30.0,0.1,30.0,,,,,True
spot_poc_alloc,SENSEX|weekly|2025-12-18,2025-12-18,PE,2025-12-16 09:15:00+05:30,324.4,84915.92,2025-12-16 10:05:00+05:30,target_hit,30.0,0.35,30.0,,,,,True
baseline_both,SENSEX|weekly|2025-12-18,2025-12-18,PE,2025-12-16 14:30:00+05:30,393.3,84711.13,2025-12-17 12:05:00+05:30,target_hit,30.0,0.2,30.0,435.95,370.0,False,51.7,False
opt_ib_ext_alloc,SENSEX|weekly|2025-12-18,2025-12-18,PE,2025-12-16 14:30:00+05:30,393.3,84711.13,2025-12-17 12:05:00+05:30,target_hit,30.0,0.1,30.0,435.95,370.0,False,51.7,False
opt_poc_alloc,SENSEX|weekly|2025-12-18,2025-12-18,PE,2025-12-16 14:30:00+05:30,393.3,84711.13,2025-12-17 12:05:00+05:30,target_hit,30.0,0.1,30.0,435.95,370.0,False,51.7,False
opt_ib_ext_ibr_tgt,SENSEX|weekly|2025-12-18,2025-12-18,PE,2025-12-16 14:30:00+05:30,393.3,84711.13,2025-12-17 12:05:00+05:30,target_hit,30.0,0.1,30.0,435.95,370.0,False,51.7,False
spot_poc_alloc,SENSEX|weekly|2025-12-18,2025-12-18,PE,2025-12-16 14:30:00+05:30,393.3,84711.13,2025-12-17 12:05:00+05:30,target_hit,30.0,0.1,30.0,435.95,370.0,False,51.7,False
baseline_both,SENSEX|weekly|2025-12-18,2025-12-18,PE,2025-12-18 09:20:00+05:30,589.85,84403.32,2025-12-18 15:30:00+05:30,hold_to_end,-12.1811,0.2,30.0,,,,,False
opt_ib_ext_alloc,SENSEX|weekly|2025-12-18,2025-12-18,PE,2025-12-18 09:20:00+05:30,589.85,84403.32,2025-12-18 15:30:00+05:30,hold_to_end,-12.1811,0.1,30.0,,,,,False
opt_poc_alloc,SENSEX|weekly|2025-12-18,2025-12-18,PE,2025-12-18 09:20:00+05:30,589.85,84403.32,2025-12-18 15:30:00+05:30,hold_to_end,-12.1811,0.1,30.0,,,,,False
opt_ib_ext_ibr_tgt,SENSEX|weekly|2025-12-18,2025-12-18,PE,2025-12-18 09:20:00+05:30,589.85,84403.32,2025-12-18 15:30:00+05:30,hold_to_end,-12.1811,0.1,30.0,,,,,False
spot_poc_alloc,SENSEX|weekly|2025-12-18,2025-12-18,PE,2025-12-18 09:20:00+05:30,589.85,84403.32,2025-12-18 15:30:00+05:30,hold_to_end,-12.1811,0.1,30.0,,,,,False
baseline_both,SENSEX|weekly|2026-01-01,2026-01-01,CE,2025-12-19 09:25:00+05:30,1348.6,84906.53,2025-12-22 14:45:00+05:30,target_hit,30.0,0.2,30.0,,,,,False
opt_ib_ext_alloc,SENSEX|weekly|2026-01-01,2026-01-01,CE,2025-12-19 09:25:00+05:30,1348.6,84906.53,2025-12-22 14:45:00+05:30,target_hit,30.0,0.1,30.0,,,,,False
opt_poc_alloc,SENSEX|weekly|2026-01-01,2026-01-01,CE,2025-12-19 09:25:00+05:30,1348.6,84906.53,2025-12-22 14:45:00+05:30,target_hit,30.0,0.1,30.0,,,,,False
opt_ib_ext_ibr_tgt,SENSEX|weekly|2026-01-01,2026-01-01,CE,2025-12-19 09:25:00+05:30,1348.6,84906.53,2025-12-22 14:45:00+05:30,target_hit,30.0,0.1,30.0,,,,,False
spot_poc_alloc,SENSEX|weekly|2026-01-01,2026-01-01,CE,2025-12-19 09:25:00+05:30,1348.6,84906.53,2025-12-22 14:45:00+05:30,target_hit,30.0,0.1,30.0,,,,,False
baseline_both,SENSEX|weekly|2026-01-01,2026-01-01,CE,2025-12-23 10:10:00+05:30,1742.65,85579.83,2026-01-01 15:30:00+05:30,hold_to_end,-31.828,0.2,30.0,,,,,False
opt_ib_ext_alloc,SENSEX|weekly|2026-01-01,2026-01-01,CE,2025-12-23 10:10:00+05:30,1742.65,85579.83,2026-01-01 15:30:00+05:30,hold_to_end,-31.828,0.1,30.0,,,,,False
opt_poc_alloc,SENSEX|weekly|2026-01-01,2026-01-01,CE,2025-12-23 10:10:00+05:30,1742.65,85579.83,2026-01-01 15:30:00+05:30,hold_to_end,-31.828,0.1,30.0,,,,,False
opt_ib_ext_ibr_tgt,SENSEX|weekly|2026-01-01,2026-01-01,CE,2025-12-23 10:10:00+05:30,1742.65,85579.83,2026-01-01 15:30:00+05:30,hold_to_end,-31.828,0.1,30.0,,,,,False
spot_poc_alloc,SENSEX|weekly|2026-01-01,2026-01-01,CE,2025-12-23 10:10:00+05:30,1742.65,85579.83,2026-01-01 15:30:00+05:30,hold_to_end,-31.828,0.1,30.0,,,,,False
baseline_both,SENSEX|weekly|2026-01-01,2026-01-01,PE,2025-12-18 14:15:00+05:30,297.25,84461.37,2026-01-01 15:30:00+05:30,hold_to_end,-99.9832,0.2,30.0,390.0,270.0,False,56.8,False
opt_ib_ext_alloc,SENSEX|weekly|2026-01-01,2026-01-01,PE,2025-12-18 14:15:00+05:30,297.25,84461.37,2026-01-01 15:30:00+05:30,hold_to_end,-99.9832,0.1,30.0,390.0,270.0,False,56.8,False
opt_poc_alloc,SENSEX|weekly|2026-01-01,2026-01-01,PE,2025-12-18 14:15:00+05:30,297.25,84461.37,2026-01-01 15:30:00+05:30,hold_to_end,-99.9832,0.1,30.0,390.0,270.0,False,56.8,False
opt_ib_ext_ibr_tgt,SENSEX|weekly|2026-01-01,2026-01-01,PE,2025-12-18 14:15:00+05:30,297.25,84461.37,2026-01-01 15:30:00+05:30,hold_to_end,-99.9832,0.1,30.0,390.0,270.0,False,56.8,False
spot_poc_alloc,SENSEX|weekly|2026-01-01,2026-01-01,PE,2025-12-18 14:15:00+05:30,297.25,84461.37,2026-01-01 15:30:00+05:30,hold_to_end,-99.9832,0.1,30.0,390.0,270.0,False,56.8,False
baseline_both,SENSEX|weekly|2026-01-08,2026-01-08,CE,2025-12-29 09:15:00+05:30,516.9,85123.81,2026-01-02 15:30:00+05:30,target_hit,30.0,0.2,30.0,,,,,False
opt_ib_ext_alloc,SENSEX|weekly|2026-01-08,2026-01-08,CE,2025-12-29 09:15:00+05:30,516.9,85123.81,2026-01-02 15:30:00+05:30,target_hit,30.0,0.1,30.0,,,,,False
opt_poc_alloc,SENSEX|weekly|2026-01-08,2026-01-08,CE,2025-12-29 09:15:00+05:30,516.9,85123.81,2026-01-02 15:30:00+05:30,target_hit,30.0,0.1,30.0,,,,,False
opt_ib_ext_ibr_tgt,SENSEX|weekly|2026-01-08,2026-01-08,CE,2025-12-29 09:15:00+05:30,516.9,85123.81,2026-01-02 15:30:00+05:30,target_hit,30.0,0.1,30.0,,,,,False
spot_poc_alloc,SENSEX|weekly|2026-01-08,2026-01-08,CE,2025-12-29 09:15:00+05:30,516.9,85123.81,2026-01-02 15:30:00+05:30,target_hit,30.0,0.1,30.0,,,,,False
baseline_both,SENSEX|weekly|2026-01-08,2026-01-08,CE,2026-01-05 10:20:00+05:30,685.5,85810.43,2026-01-08 15:30:00+05:30,hold_to_end,-99.9708,0.2,30.0,805.45,570.0,False,68.0,False
opt_ib_ext_alloc,SENSEX|weekly|2026-01-08,2026-01-08,CE,2026-01-05 10:20:00+05:30,685.5,85810.43,2026-01-08 15:30:00+05:30,hold_to_end,-99.9708,0.1,30.0,805.45,570.0,False,68.0,False
opt_poc_alloc,SENSEX|weekly|2026-01-08,2026-01-08,CE,2026-01-05 10:20:00+05:30,685.5,85810.43,2026-01-08 15:30:00+05:30,hold_to_end,-99.9708,0.1,30.0,805.45,570.0,False,68.0,False
opt_ib_ext_ibr_tgt,SENSEX|weekly|2026-01-08,2026-01-08,CE,2026-01-05 10:20:00+05:30,685.5,85810.43,2026-01-08 15:30:00+05:30,hold_to_end,-99.9708,0.1,30.0,805.45,570.0,False,68.0,False
spot_poc_alloc,SENSEX|weekly|2026-01-08,2026-01-08,CE,2026-01-05 10:20:00+05:30,685.5,85810.43,2026-01-08 15:30:00+05:30,hold_to_end,-99.9708,0.1,30.0,805.45,570.0,False,68.0,False
baseline_both,SENSEX|weekly|2026-01-08,2026-01-08,PE,2025-12-29 10:20:00+05:30,511.55,84951.05,2025-12-29 13:40:00+05:30,target_hit,30.0,0.2,30.0,538.8,610.0,True,30.1,True
opt_ib_ext_alloc,SENSEX|weekly|2026-01-08,2026-01-08,PE,2025-12-29 10:20:00+05:30,511.55,84951.05,2025-12-29 13:40:00+05:30,target_hit,30.0,0.35,30.0,538.8,610.0,True,30.1,True
opt_poc_alloc,SENSEX|weekly|2026-01-08,2026-01-08,PE,2025-12-29 10:20:00+05:30,511.55,84951.05,2025-12-29 13:40:00+05:30,target_hit,30.0,0.35,30.0,538.8,610.0,True,30.1,True
opt_ib_ext_ibr_tgt,SENSEX|weekly|2026-01-08,2026-01-08,PE,2025-12-29 10:20:00+05:30,511.55,84951.05,2025-12-29 13:40:00+05:30,target_hit,30.065487244648597,0.35,30.1,538.8,610.0,True,30.1,True
spot_poc_alloc,SENSEX|weekly|2026-01-08,2026-01-08,PE,2025-12-29 10:20:00+05:30,511.55,84951.05,2025-12-29 13:40:00+05:30,target_hit,30.0,0.35,30.0,538.8,610.0,True,30.1,True
baseline_both,SENSEX|weekly|2026-01-08,2026-01-08,PE,2025-12-30 09:20:00+05:30,745.05,84529.63,2026-01-08 12:05:00+05:30,target_hit,30.0,0.2,30.0,,,,,False
opt_ib_ext_alloc,SENSEX|weekly|2026-01-08,2026-01-08,PE,2025-12-30 09:20:00+05:30,745.05,84529.63,2026-01-08 12:05:00+05:30,target_hit,30.0,0.1,30.0,,,,,False
opt_poc_alloc,SENSEX|weekly|2026-01-08,2026-01-08,PE,2025-12-30 09:20:00+05:30,745.05,84529.63,2026-01-08 12:05:00+05:30,target_hit,30.0,0.1,30.0,,,,,False
opt_ib_ext_ibr_tgt,SENSEX|weekly|2026-01-08,2026-01-08,PE,2025-12-30 09:20:00+05:30,745.05,84529.63,2026-01-08 12:05:00+05:30,target_hit,30.0,0.1,30.0,,,,,False
spot_poc_alloc,SENSEX|weekly|2026-01-08,2026-01-08,PE,2025-12-30 09:20:00+05:30,745.05,84529.63,2026-01-08 12:05:00+05:30,target_hit,30.0,0.1,30.0,,,,,False
baseline_both,SENSEX|weekly|2026-01-14,2026-01-14,CE,2026-01-02 09:30:00+05:30,950.45,85368.57,2026-01-14 15:30:00+05:30,hold_to_end,-99.9947,0.2,30.0,,,,,True
opt_ib_ext_alloc,SENSEX|weekly|2026-01-14,2026-01-14,CE,2026-01-02 09:30:00+05:30,950.45,85368.57,2026-01-14 15:30:00+05:30,hold_to_end,-99.9947,0.1,30.0,,,,,True
opt_poc_alloc,SENSEX|weekly|2026-01-14,2026-01-14,CE,2026-01-02 09:30:00+05:30,950.45,85368.57,2026-01-14 15:30:00+05:30,hold_to_end,-99.9947,0.1,30.0,,,,,True
opt_ib_ext_ibr_tgt,SENSEX|weekly|2026-01-14,2026-01-14,CE,2026-01-02 09:30:00+05:30,950.45,85368.57,2026-01-14 15:30:00+05:30,hold_to_end,-99.9947,0.1,30.0,,,,,True
spot_poc_alloc,SENSEX|weekly|2026-01-14,2026-01-14,CE,2026-01-02 09:30:00+05:30,950.45,85368.57,2026-01-14 15:30:00+05:30,hold_to_end,-99.9947,0.35,30.0,,,,,True
baseline_both,SENSEX|weekly|2026-01-14,2026-01-14,PE,2026-01-01 12:15:00+05:30,302.8,85174.33,2026-01-08 10:20:00+05:30,target_hit,30.0,0.2,30.0,310.0,280.0,True,15.0,False
opt_ib_ext_alloc,SENSEX|weekly|2026-01-14,2026-01-14,PE,2026-01-01 12:15:00+05:30,302.8,85174.33,2026-01-08 10:20:00+05:30,target_hit,30.0,0.35,30.0,310.0,280.0,True,15.0,False
opt_poc_alloc,SENSEX|weekly|2026-01-14,2026-01-14,PE,2026-01-01 12:15:00+05:30,302.8,85174.33,2026-01-08 10:20:00+05:30,target_hit,30.0,0.1,30.0,310.0,280.0,True,15.0,False
opt_ib_ext_ibr_tgt,SENSEX|weekly|2026-01-14,2026-01-14,PE,2026-01-01 12:15:00+05:30,302.8,85174.33,2026-01-07 09:20:00+05:30,target_hit,15.0,0.35,15.0,310.0,280.0,True,15.0,False
spot_poc_alloc,SENSEX|weekly|2026-01-14,2026-01-14,PE,2026-01-01 12:15:00+05:30,302.8,85174.33,2026-01-08 10:20:00+05:30,target_hit,30.0,0.1,30.0,310.0,280.0,True,15.0,False
baseline_both,SENSEX|weekly|2026-01-14,2026-01-14,PE,2026-01-08 14:55:00+05:30,623.5,84289.05,2026-01-09 09:35:00+05:30,target_hit,30.0,0.2,30.0,378.25,630.0,True,15.0,True
opt_ib_ext_alloc,SENSEX|weekly|2026-01-14,2026-01-14,PE,2026-01-08 14:55:00+05:30,623.5,84289.05,2026-01-09 09:35:00+05:30,target_hit,30.0,0.35,30.0,378.25,630.0,True,15.0,True
opt_poc_alloc,SENSEX|weekly|2026-01-14,2026-01-14,PE,2026-01-08 14:55:00+05:30,623.5,84289.05,2026-01-09 09:35:00+05:30,target_hit,30.0,0.35,30.0,378.25,630.0,True,15.0,True
opt_ib_ext_ibr_tgt,SENSEX|weekly|2026-01-14,2026-01-14,PE,2026-01-08 14:55:00+05:30,623.5,84289.05,2026-01-08 15:05:00+05:30,target_hit,15.0,0.35,15.0,378.25,630.0,True,15.0,True
spot_poc_alloc,SENSEX|weekly|2026-01-14,2026-01-14,PE,2026-01-08 14:55:00+05:30,623.5,84289.05,2026-01-09 09:35:00+05:30,target_hit,30.0,0.35,30.0,378.25,630.0,True,15.0,True
baseline_both,SENSEX|weekly|2026-01-14,2026-01-14,PE,2026-01-13 10:00:00+05:30,1258.85,83635.19,2026-01-14 15:30:00+05:30,hold_to_end,20.6061,0.2,30.0,,,,,False
opt_ib_ext_alloc,SENSEX|weekly|2026-01-14,2026-01-14,PE,2026-01-13 10:00:00+05:30,1258.85,83635.19,2026-01-14 15:30:00+05:30,hold_to_end,20.6061,0.1,30.0,,,,,False
opt_poc_alloc,SENSEX|weekly|2026-01-14,2026-01-14,PE,2026-01-13 10:00:00+05:30,1258.85,83635.19,2026-01-14 15:30:00+05:30,hold_to_end,20.6061,0.1,30.0,,,,,False
opt_ib_ext_ibr_tgt,SENSEX|weekly|2026-01-14,2026-01-14,PE,2026-01-13 10:00:00+05:30,1258.85,83635.19,2026-01-14 15:30:00+05:30,hold_to_end,20.6061,0.1,30.0,,,,,False
spot_poc_alloc,SENSEX|weekly|2026-01-14,2026-01-14,PE,2026-01-13 10:00:00+05:30,1258.85,83635.19,2026-01-14 15:30:00+05:30,hold_to_end,20.6061,0.1,30.0,,,,,False
baseline_both,SENSEX|weekly|2026-01-22,2026-01-22,CE,2026-01-09 15:30:00+05:30,270.25,83638.66,2026-01-13 09:20:00+05:30,target_hit,30.0,0.2,30.0,494.45,220.0,False,129.4,False
opt_ib_ext_alloc,SENSEX|weekly|2026-01-22,2026-01-22,CE,2026-01-09 15:30:00+05:30,270.25,83638.66,2026-01-13 09:20:00+05:30,target_hit,30.0,0.1,30.0,494.45,220.0,False,129.4,False
opt_poc_alloc,SENSEX|weekly|2026-01-22,2026-01-22,CE,2026-01-09 15:30:00+05:30,270.25,83638.66,2026-01-13 09:20:00+05:30,target_hit,30.0,0.1,30.0,494.45,220.0,False,129.4,False
opt_ib_ext_ibr_tgt,SENSEX|weekly|2026-01-22,2026-01-22,CE,2026-01-09 15:30:00+05:30,270.25,83638.66,2026-01-13 09:20:00+05:30,target_hit,30.0,0.1,30.0,494.45,220.0,False,129.4,False
spot_poc_alloc,SENSEX|weekly|2026-01-22,2026-01-22,CE,2026-01-09 15:30:00+05:30,270.25,83638.66,2026-01-13 09:20:00+05:30,target_hit,30.0,0.1,30.0,494.45,220.0,False,129.4,False
baseline_both,SENSEX|weekly|2026-01-22,2026-01-22,CE,2026-01-13 11:40:00+05:30,292.4,83945.32,2026-01-22 15:30:00+05:30,hold_to_end,-99.9829,0.2,30.0,365.0,270.0,False,69.3,False
opt_ib_ext_alloc,SENSEX|weekly|2026-01-22,2026-01-22,CE,2026-01-13 11:40:00+05:30,292.4,83945.32,2026-01-22 15:30:00+05:30,hold_to_end,-99.9829,0.1,30.0,365.0,270.0,False,69.3,False
opt_poc_alloc,SENSEX|weekly|2026-01-22,2026-01-22,CE,2026-01-13 11:40:00+05:30,292.4,83945.32,2026-01-22 15:30:00+05:30,hold_to_end,-99.9829,0.1,30.0,365.0,270.0,False,69.3,False
opt_ib_ext_ibr_tgt,SENSEX|weekly|2026-01-22,2026-01-22,CE,2026-01-13 11:40:00+05:30,292.4,83945.32,2026-01-22 15:30:00+05:30,hold_to_end,-99.9829,0.1,30.0,365.0,270.0,False,69.3,False
spot_poc_alloc,SENSEX|weekly|2026-01-22,2026-01-22,CE,2026-01-13 11:40:00+05:30,292.4,83945.32,2026-01-22 15:30:00+05:30,hold_to_end,-99.9829,0.1,30.0,365.0,270.0,False,69.3,False
baseline_both,SENSEX|weekly|2026-01-22,2026-01-22,PE,2026-01-13 10:00:00+05:30,1240.05,83635.19,2026-01-19 09:30:00+05:30,target_hit,30.0,0.2,30.0,,,,,False
opt_ib_ext_alloc,SENSEX|weekly|2026-01-22,2026-01-22,PE,2026-01-13 10:00:00+05:30,1240.05,83635.19,2026-01-19 09:30:00+05:30,target_hit,30.0,0.1,30.0,,,,,False
opt_poc_alloc,SENSEX|weekly|2026-01-22,2026-01-22,PE,2026-01-13 10:00:00+05:30,1240.05,83635.19,2026-01-19 09:30:00+05:30,target_hit,30.0,0.1,30.0,,,,,False
opt_ib_ext_ibr_tgt,SENSEX|weekly|2026-01-22,2026-01-22,PE,2026-01-13 10:00:00+05:30,1240.05,83635.19,2026-01-19 09:30:00+05:30,target_hit,30.0,0.1,30.0,,,,,False
spot_poc_alloc,SENSEX|weekly|2026-01-22,2026-01-22,PE,2026-01-13 10:00:00+05:30,1240.05,83635.19,2026-01-19 09:30:00+05:30,target_hit,30.0,0.1,30.0,,,,,False
baseline_both,SENSEX|weekly|2026-01-22,2026-01-22,PE,2026-01-20 09:20:00+05:30,1661.45,83139.35,2026-01-20 15:05:00+05:30,target_hit,30.0,0.2,30.0,,,,,True
opt_ib_ext_alloc,SENSEX|weekly|2026-01-22,2026-01-22,PE,2026-01-20 09:20:00+05:30,1661.45,83139.35,2026-01-20 15:05:00+05:30,target_hit,30.0,0.1,30.0,,,,,True
opt_poc_alloc,SENSEX|weekly|2026-01-22,2026-01-22,PE,2026-01-20 09:20:00+05:30,1661.45,83139.35,2026-01-20 15:05:00+05:30,target_hit,30.0,0.1,30.0,,,,,True
opt_ib_ext_ibr_tgt,SENSEX|weekly|2026-01-22,2026-01-22,PE,2026-01-20 09:20:00+05:30,1661.45,83139.35,2026-01-20 15:05:00+05:30,target_hit,30.0,0.1,30.0,,,,,True
spot_poc_alloc,SENSEX|weekly|2026-01-22,2026-01-22,PE,2026-01-20 09:20:00+05:30,1661.45,83139.35,2026-01-20 15:05:00+05:30,target_hit,30.0,0.35,30.0,,,,,True
baseline_both,SENSEX|weekly|2026-01-22,2026-01-22,PE,2026-01-21 14:40:00+05:30,2800.0,81913.54,2026-01-22 15:30:00+05:30,hold_to_end,-11.475,0.2,30.0,2999.05,2800.0,True,23.1,True
opt_ib_ext_alloc,SENSEX|weekly|2026-01-22,2026-01-22,PE,2026-01-21 14:40:00+05:30,2800.0,81913.54,2026-01-22 15:30:00+05:30,hold_to_end,-11.475,0.35,30.0,2999.05,2800.0,True,23.1,True
opt_poc_alloc,SENSEX|weekly|2026-01-22,2026-01-22,PE,2026-01-21 14:40:00+05:30,2800.0,81913.54,2026-01-22 15:30:00+05:30,hold_to_end,-11.475,0.1,30.0,2999.05,2800.0,True,23.1,True
opt_ib_ext_ibr_tgt,SENSEX|weekly|2026-01-22,2026-01-22,PE,2026-01-21 14:40:00+05:30,2800.0,81913.54,2026-01-22 15:30:00+05:30,hold_to_end,-11.475,0.35,23.1,2999.05,2800.0,True,23.1,True
spot_poc_alloc,SENSEX|weekly|2026-01-22,2026-01-22,PE,2026-01-21 14:40:00+05:30,2800.0,81913.54,2026-01-22 15:30:00+05:30,hold_to_end,-11.475,0.35,30.0,2999.05,2800.0,True,23.1,True
baseline_both,SENSEX|weekly|2026-02-05,2026-02-05,CE,2026-01-22 14:40:00+05:30,1017.35,82316.34,2026-02-03 09:15:00+05:30,target_hit,30.0,0.2,30.0,1300.0,940.0,False,54.0,False
opt_ib_ext_alloc,SENSEX|weekly|2026-02-05,2026-02-05,CE,2026-01-22 14:40:00+05:30,1017.35,82316.34,2026-02-03 09:15:00+05:30,target_hit,30.0,0.1,30.0,1300.0,940.0,False,54.0,False
opt_poc_alloc,SENSEX|weekly|2026-02-05,2026-02-05,CE,2026-01-22 14:40:00+05:30,1017.35,82316.34,2026-02-03 09:15:00+05:30,target_hit,30.0,0.1,30.0,1300.0,940.0,False,54.0,False
opt_ib_ext_ibr_tgt,SENSEX|weekly|2026-02-05,2026-02-05,CE,2026-01-22 14:40:00+05:30,1017.35,82316.34,2026-02-03 09:15:00+05:30,target_hit,30.0,0.1,30.0,1300.0,940.0,False,54.0,False
spot_poc_alloc,SENSEX|weekly|2026-02-05,2026-02-05,CE,2026-01-22 14:40:00+05:30,1017.35,82316.34,2026-02-03 09:15:00+05:30,target_hit,30.0,0.1,30.0,1300.0,940.0,False,54.0,False
baseline_both,SENSEX|weekly|2026-02-05,2026-02-05,CE,2026-02-04 13:25:00+05:30,1280.0,83734.54,2026-02-05 15:30:00+05:30,hold_to_end,-36.3008,0.2,30.0,1402.45,1180.0,True,41.8,False
opt_ib_ext_alloc,SENSEX|weekly|2026-02-05,2026-02-05,CE,2026-02-04 13:25:00+05:30,1280.0,83734.54,2026-02-05 15:30:00+05:30,hold_to_end,-36.3008,0.35,30.0,1402.45,1180.0,True,41.8,False
opt_poc_alloc,SENSEX|weekly|2026-02-05,2026-02-05,CE,2026-02-04 13:25:00+05:30,1280.0,83734.54,2026-02-05 15:30:00+05:30,hold_to_end,-36.3008,0.1,30.0,1402.45,1180.0,True,41.8,False
opt_ib_ext_ibr_tgt,SENSEX|weekly|2026-02-05,2026-02-05,CE,2026-02-04 13:25:00+05:30,1280.0,83734.54,2026-02-05 15:30:00+05:30,hold_to_end,-36.3008,0.35,41.8,1402.45,1180.0,True,41.8,False
spot_poc_alloc,SENSEX|weekly|2026-02-05,2026-02-05,CE,2026-02-04 13:25:00+05:30,1280.0,83734.54,2026-02-05 15:30:00+05:30,hold_to_end,-36.3008,0.1,30.0,1402.45,1180.0,True,41.8,False
baseline_both,SENSEX|weekly|2026-02-05,2026-02-05,PE,2026-01-23 10:20:00+05:30,967.8,82157.36,2026-01-23 13:35:00+05:30,target_hit,30.0,0.2,30.0,960.0,920.0,True,15.4,False
opt_ib_ext_alloc,SENSEX|weekly|2026-02-05,2026-02-05,PE,2026-01-23 10:20:00+05:30,967.8,82157.36,2026-01-23 13:35:00+05:30,target_hit,30.0,0.35,30.0,960.0,920.0,True,15.4,False
opt_poc_alloc,SENSEX|weekly|2026-02-05,2026-02-05,PE,2026-01-23 10:20:00+05:30,967.8,82157.36,2026-01-23 13:35:00+05:30,target_hit,30.0,0.1,30.0,960.0,920.0,True,15.4,False
opt_ib_ext_ibr_tgt,SENSEX|weekly|2026-02-05,2026-02-05,PE,2026-01-23 10:20:00+05:30,967.8,82157.36,2026-01-23 13:25:00+05:30,target_hit,15.369911138665012,0.35,15.4,960.0,920.0,True,15.4,False
spot_poc_alloc,SENSEX|weekly|2026-02-05,2026-02-05,PE,2026-01-23 10:20:00+05:30,967.8,82157.36,2026-01-23 13:35:00+05:30,target_hit,30.0,0.1,30.0,960.0,920.0,True,15.4,False
baseline_both,SENSEX|weekly|2026-02-05,2026-02-05,PE,2026-01-27 10:50:00+05:30,1450.0,81379.26,2026-02-01 12:30:00+05:30,target_hit,30.0,0.2,30.0,1649.75,1270.0,False,47.0,False
opt_ib_ext_alloc,SENSEX|weekly|2026-02-05,2026-02-05,PE,2026-01-27 10:50:00+05:30,1450.0,81379.26,2026-02-01 12:30:00+05:30,target_hit,30.0,0.1,30.0,1649.75,1270.0,False,47.0,False
opt_poc_alloc,SENSEX|weekly|2026-02-05,2026-02-05,PE,2026-01-27 10:50:00+05:30,1450.0,81379.26,2026-02-01 12:30:00+05:30,target_hit,30.0,0.1,30.0,1649.75,1270.0,False,47.0,False
opt_ib_ext_ibr_tgt,SENSEX|weekly|2026-02-05,2026-02-05,PE,2026-01-27 10:50:00+05:30,1450.0,81379.26,2026-02-01 12:30:00+05:30,target_hit,30.0,0.1,30.0,1649.75,1270.0,False,47.0,False
spot_poc_alloc,SENSEX|weekly|2026-02-05,2026-02-05,PE,2026-01-27 10:50:00+05:30,1450.0,81379.26,2026-02-01 12:30:00+05:30,target_hit,30.0,0.1,30.0,1649.75,1270.0,False,47.0,False
baseline_both,SENSEX|weekly|2026-02-05,2026-02-05,PE,2026-02-04 15:25:00+05:30,36.3,83770.18,2026-02-05 15:30:00+05:30,hold_to_end,-99.8623,0.2,30.0,112.8,30.0,False,434.6,True
opt_ib_ext_alloc,SENSEX|weekly|2026-02-05,2026-02-05,PE,2026-02-04 15:25:00+05:30,36.3,83770.18,2026-02-05 15:30:00+05:30,hold_to_end,-99.8623,0.1,30.0,112.8,30.0,False,434.6,True
opt_poc_alloc,SENSEX|weekly|2026-02-05,2026-02-05,PE,2026-02-04 15:25:00+05:30,36.3,83770.18,2026-02-05 15:30:00+05:30,hold_to_end,-99.8623,0.1,30.0,112.8,30.0,False,434.6,True
opt_ib_ext_ibr_tgt,SENSEX|weekly|2026-02-05,2026-02-05,PE,2026-02-04 15:25:00+05:30,36.3,83770.18,2026-02-05 15:30:00+05:30,hold_to_end,-99.8623,0.1,30.0,112.8,30.0,False,434.6,True
spot_poc_alloc,SENSEX|weekly|2026-02-05,2026-02-05,PE,2026-02-04 15:25:00+05:30,36.3,83770.18,2026-02-05 15:30:00+05:30,hold_to_end,-99.8623,0.35,30.0,112.8,30.0,False,434.6,True
baseline_both,SENSEX|weekly|2026-02-12,2026-02-12,CE,2026-01-30 13:00:00+05:30,1102.85,82170.8,2026-02-03 09:15:00+05:30,target_hit,30.0,0.2,30.0,1158.6,1080.0,True,18.1,False
opt_ib_ext_alloc,SENSEX|weekly|2026-02-12,2026-02-12,CE,2026-01-30 13:00:00+05:30,1102.85,82170.8,2026-02-03 09:15:00+05:30,target_hit,30.0,0.35,30.0,1158.6,1080.0,True,18.1,False
opt_poc_alloc,SENSEX|weekly|2026-02-12,2026-02-12,CE,2026-01-30 13:00:00+05:30,1102.85,82170.8,2026-02-03 09:15:00+05:30,target_hit,30.0,0.1,30.0,1158.6,1080.0,True,18.1,False
opt_ib_ext_ibr_tgt,SENSEX|weekly|2026-02-12,2026-02-12,CE,2026-01-30 13:00:00+05:30,1102.85,82170.8,2026-02-01 11:10:00+05:30,target_hit,18.075894273926636,0.35,18.1,1158.6,1080.0,True,18.1,False
spot_poc_alloc,SENSEX|weekly|2026-02-12,2026-02-12,CE,2026-01-30 13:00:00+05:30,1102.85,82170.8,2026-02-03 09:15:00+05:30,target_hit,30.0,0.1,30.0,1158.6,1080.0,True,18.1,False
baseline_both,SENSEX|weekly|2026-02-12,2026-02-12,CE,2026-02-06 11:35:00+05:30,1322.2,83266.63,2026-02-09 09:15:00+05:30,target_hit,30.0,0.2,30.0,1383.05,1260.0,True,27.1,False
opt_ib_ext_alloc,SENSEX|weekly|2026-02-12,2026-02-12,CE,2026-02-06 11:35:00+05:30,1322.2,83266.63,2026-02-09 09:15:00+05:30,target_hit,30.0,0.35,30.0,1383.05,1260.0,True,27.1,False
opt_poc_alloc,SENSEX|weekly|2026-02-12,2026-02-12,CE,2026-02-06 11:35:00+05:30,1322.2,83266.63,2026-02-09 09:15:00+05:30,target_hit,30.0,0.1,30.0,1383.05,1260.0,True,27.1,False
opt_ib_ext_ibr_tgt,SENSEX|weekly|2026-02-12,2026-02-12,CE,2026-02-06 11:35:00+05:30,1322.2,83266.63,2026-02-09 09:15:00+05:30,target_hit,27.091211617001953,0.35,27.1,1383.05,1260.0,True,27.1,False
spot_poc_alloc,SENSEX|weekly|2026-02-12,2026-02-12,CE,2026-02-06 11:35:00+05:30,1322.2,83266.63,2026-02-09 09:15:00+05:30,target_hit,30.0,0.1,30.0,1383.05,1260.0,True,27.1,False
baseline_both,SENSEX|weekly|2026-02-12,2026-02-12,CE,2026-02-09 13:25:00+05:30,2025.0,83986.86,2026-02-12 15:30:00+05:30,hold_to_end,-26.6667,0.2,30.0,2047.85,2000.0,True,15.0,True
opt_ib_ext_alloc,SENSEX|weekly|2026-02-12,2026-02-12,CE,2026-02-09 13:25:00+05:30,2025.0,83986.86,2026-02-12 15:30:00+05:30,hold_to_end,-26.6667,0.35,30.0,2047.85,2000.0,True,15.0,True
opt_poc_alloc,SENSEX|weekly|2026-02-12,2026-02-12,CE,2026-02-09 13:25:00+05:30,2025.0,83986.86,2026-02-12 15:30:00+05:30,hold_to_end,-26.6667,0.1,30.0,2047.85,2000.0,True,15.0,True
opt_ib_ext_ibr_tgt,SENSEX|weekly|2026-02-12,2026-02-12,CE,2026-02-09 13:25:00+05:30,2025.0,83986.86,2026-02-10 12:50:00+05:30,target_hit,15.0,0.35,15.0,2047.85,2000.0,True,15.0,True
spot_poc_alloc,SENSEX|weekly|2026-02-12,2026-02-12,CE,2026-02-09 13:25:00+05:30,2025.0,83986.86,2026-02-12 15:30:00+05:30,hold_to_end,-26.6667,0.35,30.0,2047.85,2000.0,True,15.0,True
baseline_both,SENSEX|weekly|2026-02-12,2026-02-12,PE,2026-01-30 09:20:00+05:30,808.25,82085.32,2026-02-01 12:20:00+05:30,target_hit,30.0,0.2,30.0,,,,,False
opt_ib_ext_alloc,SENSEX|weekly|2026-02-12,2026-02-12,PE,2026-01-30 09:20:00+05:30,808.25,82085.32,2026-02-01 12:20:00+05:30,target_hit,30.0,0.1,30.0,,,,,False
opt_poc_alloc,SENSEX|weekly|2026-02-12,2026-02-12,PE,2026-01-30 09:20:00+05:30,808.25,82085.32,2026-02-01 12:20:00+05:30,target_hit,30.0,0.1,30.0,,,,,False
opt_ib_ext_ibr_tgt,SENSEX|weekly|2026-02-12,2026-02-12,PE,2026-01-30 09:20:00+05:30,808.25,82085.32,2026-02-01 12:20:00+05:30,target_hit,30.0,0.1,30.0,,,,,False
spot_poc_alloc,SENSEX|weekly|2026-02-12,2026-02-12,PE,2026-01-30 09:20:00+05:30,808.25,82085.32,2026-02-01 12:20:00+05:30,target_hit,30.0,0.1,30.0,,,,,False
baseline_both,SENSEX|weekly|2026-02-12,2026-02-12,PE,2026-02-05 09:45:00+05:30,142.1,83390.02,2026-02-12 15:30:00+05:30,hold_to_end,-99.9648,0.2,30.0,,,,,True
opt_ib_ext_alloc,SENSEX|weekly|2026-02-12,2026-02-12,PE,2026-02-05 09:45:00+05:30,142.1,83390.02,2026-02-12 15:30:00+05:30,hold_to_end,-99.9648,0.1,30.0,,,,,True
opt_poc_alloc,SENSEX|weekly|2026-02-12,2026-02-12,PE,2026-02-05 09:45:00+05:30,142.1,83390.02,2026-02-12 15:30:00+05:30,hold_to_end,-99.9648,0.1,30.0,,,,,True
opt_ib_ext_ibr_tgt,SENSEX|weekly|2026-02-12,2026-02-12,PE,2026-02-05 09:45:00+05:30,142.1,83390.02,2026-02-12 15:30:00+05:30,hold_to_end,-99.9648,0.1,30.0,,,,,True
spot_poc_alloc,SENSEX|weekly|2026-02-12,2026-02-12,PE,2026-02-05 09:45:00+05:30,142.1,83390.02,2026-02-12 15:30:00+05:30,hold_to_end,-99.9648,0.35,30.0,,,,,True
baseline_both,SENSEX|weekly|2026-02-19,2026-02-19,CE,2026-02-06 11:50:00+05:30,608.35,83394.64,2026-02-09 09:15:00+05:30,target_hit,30.0,0.2,30.0,605.05,490.0,True,24.7,False
opt_ib_ext_alloc,SENSEX|weekly|2026-02-19,2026-02-19,CE,2026-02-06 11:50:00+05:30,608.35,83394.64,2026-02-09 09:15:00+05:30,target_hit,30.0,0.35,30.0,605.05,490.0,True,24.7,False
opt_poc_alloc,SENSEX|weekly|2026-02-19,2026-02-19,CE,2026-02-06 11:50:00+05:30,608.35,83394.64,2026-02-09 09:15:00+05:30,target_hit,30.0,0.1,30.0,605.05,490.0,True,24.7,False
opt_ib_ext_ibr_tgt,SENSEX|weekly|2026-02-19,2026-02-19,CE,2026-02-06 11:50:00+05:30,608.35,83394.64,2026-02-09 09:15:00+05:30,target_hit,24.689734527821145,0.35,24.7,605.05,490.0,True,24.7,False
spot_poc_alloc,SENSEX|weekly|2026-02-19,2026-02-19,CE,2026-02-06 11:50:00+05:30,608.35,83394.64,2026-02-09 09:15:00+05:30,target_hit,30.0,0.1,30.0,605.05,490.0,True,24.7,False
baseline_both,SENSEX|weekly|2026-02-19,2026-02-19,CE,2026-02-09 13:15:00+05:30,890.0,84020.65,2026-02-19 15:30:00+05:30,hold_to_end,-99.9944,0.2,30.0,968.5,870.0,False,22.8,False
opt_ib_ext_alloc,SENSEX|weekly|2026-02-19,2026-02-19,CE,2026-02-09 13:15:00+05:30,890.0,84020.65,2026-02-19 15:30:00+05:30,hold_to_end,-99.9944,0.1,30.0,968.5,870.0,False,22.8,False
opt_poc_alloc,SENSEX|weekly|2026-02-19,2026-02-19,CE,2026-02-09 13:15:00+05:30,890.0,84020.65,2026-02-19 15:30:00+05:30,hold_to_end,-99.9944,0.1,30.0,968.5,870.0,False,22.8,False
opt_ib_ext_ibr_tgt,SENSEX|weekly|2026-02-19,2026-02-19,CE,2026-02-09 13:15:00+05:30,890.0,84020.65,2026-02-19 15:30:00+05:30,hold_to_end,-99.9944,0.1,30.0,968.5,870.0,False,22.8,False
spot_poc_alloc,SENSEX|weekly|2026-02-19,2026-02-19,CE,2026-02-09 13:15:00+05:30,890.0,84020.65,2026-02-19 15:30:00+05:30,hold_to_end,-99.9944,0.1,30.0,968.5,870.0,False,22.8,False
baseline_both,SENSEX|weekly|2026-02-19,2026-02-19,PE,2026-02-06 13:05:00+05:30,880.15,83184.39,2026-02-13 15:10:00+05:30,target_hit,30.0,0.2,30.0,977.5,840.0,True,27.6,True
opt_ib_ext_alloc,SENSEX|weekly|2026-02-19,2026-02-19,PE,2026-02-06 13:05:00+05:30,880.15,83184.39,2026-02-13 15:10:00+05:30,target_hit,30.0,0.35,30.0,977.5,840.0,True,27.6,True
opt_poc_alloc,SENSEX|weekly|2026-02-19,2026-02-19,PE,2026-02-06 13:05:00+05:30,880.15,83184.39,2026-02-13 15:10:00+05:30,target_hit,30.0,0.1,30.0,977.5,840.0,True,27.6,True
opt_ib_ext_ibr_tgt,SENSEX|weekly|2026-02-19,2026-02-19,PE,2026-02-06 13:05:00+05:30,880.15,83184.39,2026-02-13 15:10:00+05:30,target_hit,27.64869624495825,0.35,27.6,977.5,840.0,True,27.6,True
spot_poc_alloc,SENSEX|weekly|2026-02-19,2026-02-19,PE,2026-02-06 13:05:00+05:30,880.15,83184.39,2026-02-13 15:10:00+05:30,target_hit,30.0,0.35,30.0,977.5,840.0,True,27.6,True
baseline_both,SENSEX|weekly|2026-02-19,2026-02-19,PE,2026-02-17 14:15:00+05:30,536.1,83302.44,2026-02-19 12:15:00+05:30,target_hit,30.0,0.2,30.0,805.0,450.0,False,99.1,False
opt_ib_ext_alloc,SENSEX|weekly|2026-02-19,2026-02-19,PE,2026-02-17 14:15:00+05:30,536.1,83302.44,2026-02-19 12:15:00+05:30,target_hit,30.0,0.1,30.0,805.0,450.0,False,99.1,False
opt_poc_alloc,SENSEX|weekly|2026-02-19,2026-02-19,PE,2026-02-17 14:15:00+05:30,536.1,83302.44,2026-02-19 12:15:00+05:30,target_hit,30.0,0.1,30.0,805.0,450.0,False,99.1,False
opt_ib_ext_ibr_tgt,SENSEX|weekly|2026-02-19,2026-02-19,PE,2026-02-17 14:15:00+05:30,536.1,83302.44,2026-02-19 12:15:00+05:30,target_hit,30.0,0.1,30.0,805.0,450.0,False,99.1,False
spot_poc_alloc,SENSEX|weekly|2026-02-19,2026-02-19,PE,2026-02-17 14:15:00+05:30,536.1,83302.44,2026-02-19 12:15:00+05:30,target_hit,30.0,0.1,30.0,805.0,450.0,False,99.1,False
