strategy,underlying,expiry_kind,expiry,option_type,entry_time,entry_price,exit_time,exit_price,exit_reason,blended_return,max_possible_return,ladder_exits,remaining_at_exit
staggered_30_sl30_trail10,NIFTY,weekly,2025-04-09,CE,2025-04-07 14:50:00+05:30,11.6,2025-04-07 15:10:00+05:30,16.94,trail_stop,41.0172,161.2069,30.0|40.0|50.0,0.5
target_30pct,NIFTY,weekly,2025-04-09,CE,2025-04-07 14:50:00+05:30,11.6,2025-04-07 15:10:00+05:30,15.08,target_30pct_hit,30.0,161.2069,,0.0
target_50pct,NIFTY,weekly,2025-04-09,CE,2025-04-07 14:50:00+05:30,11.6,2025-04-07 15:10:00+05:30,17.4,target_50pct_hit,50.0,161.2069,,0.0
target_75pct,NIFTY,weekly,2025-04-09,CE,2025-04-07 14:50:00+05:30,11.6,2025-04-08 09:15:00+05:30,20.3,target_75pct_hit,75.0,161.2069,,0.0
staggered_30_sl30_trail10,NIFTY,weekly,2025-04-09,CE,2025-04-08 12:00:00+05:30,11.35,2025-04-08 12:10:00+05:30,15.065,trail_stop,32.6388,166.9604,30.0|40.0,0.6
target_30pct,NIFTY,weekly,2025-04-09,CE,2025-04-08 12:00:00+05:30,11.35,2025-04-08 12:10:00+05:30,14.755,target_30pct_hit,30.0,166.9604,,0.0
target_50pct,NIFTY,weekly,2025-04-09,CE,2025-04-08 12:00:00+05:30,11.35,2025-04-08 12:35:00+05:30,17.025,target_50pct_hit,50.0,166.9604,,0.0
target_75pct,NIFTY,weekly,2025-04-09,CE,2025-04-08 12:00:00+05:30,11.35,2025-04-08 12:40:00+05:30,19.8625,target_75pct_hit,75.0,166.9604,,0.0
staggered_30_sl30_trail10,NIFTY,weekly,2025-04-09,PE,2025-04-03 13:25:00+05:30,122.5,2025-04-04 09:15:00+05:30,202.3,trail_stop,50.5429,1042.8571,30.0|40.0|50.0|60.0|70.0,0.3
target_30pct,NIFTY,weekly,2025-04-09,PE,2025-04-03 13:25:00+05:30,122.5,2025-04-04 09:15:00+05:30,159.25,target_30pct_hit,30.0,1042.8571,,0.0
target_50pct,NIFTY,weekly,2025-04-09,PE,2025-04-03 13:25:00+05:30,122.5,2025-04-04 09:15:00+05:30,183.75,target_50pct_hit,50.0,1042.8571,,0.0
target_75pct,NIFTY,weekly,2025-04-09,PE,2025-04-03 13:25:00+05:30,122.5,2025-04-04 09:15:00+05:30,214.375,target_75pct_hit,75.0,1042.8571,,0.0
staggered_30_sl30_trail10,NIFTY,weekly,2025-04-09,PE,2025-04-08 15:15:00+05:30,665.6,2025-04-09 15:30:00+05:30,801.2,hold_to_end,20.3726,28.2302,,1.0
target_30pct,NIFTY,weekly,2025-04-09,PE,2025-04-08 15:15:00+05:30,665.6,2025-04-09 15:30:00+05:30,801.2,hold_to_end,20.3726,28.2302,,0.0
target_50pct,NIFTY,weekly,2025-04-09,PE,2025-04-08 15:15:00+05:30,665.6,2025-04-09 15:30:00+05:30,801.2,hold_to_end,20.3726,28.2302,,0.0
target_75pct,NIFTY,weekly,2025-04-09,PE,2025-04-08 15:15:00+05:30,665.6,2025-04-09 15:30:00+05:30,801.2,hold_to_end,20.3726,28.2302,,0.0
staggered_30_sl30_trail10,NIFTY,weekly,2025-04-17,CE,2025-04-07 14:50:00+05:30,47.5,2025-04-07 15:10:00+05:30,62.25,trail_stop,31.6316,1314.5263,30.0|40.0,0.6
target_30pct,NIFTY,weekly,2025-04-17,CE,2025-04-07 14:50:00+05:30,47.5,2025-04-07 15:10:00+05:30,61.75,target_30pct_hit,30.0,1314.5263,,0.0
target_50pct,NIFTY,weekly,2025-04-17,CE,2025-04-07 14:50:00+05:30,47.5,2025-04-07 15:30:00+05:30,71.25,target_50pct_hit,50.0,1314.5263,,0.0
target_75pct,NIFTY,weekly,2025-04-17,CE,2025-04-07 14:50:00+05:30,47.5,2025-04-08 09:15:00+05:30,83.125,target_75pct_hit,75.0,1314.5263,,0.0
staggered_30_sl30_trail10,NIFTY,weekly,2025-04-17,CE,2025-04-08 11:05:00+05:30,65.5,2025-04-08 12:15:00+05:30,81.45,trail_stop,26.0458,925.8015,30.0,0.7
target_30pct,NIFTY,weekly,2025-04-17,CE,2025-04-08 11:05:00+05:30,65.5,2025-04-08 12:15:00+05:30,85.15,target_30pct_hit,30.0,925.8015,,0.0
target_50pct,NIFTY,weekly,2025-04-17,CE,2025-04-08 11:05:00+05:30,65.5,2025-04-08 12:40:00+05:30,98.25,target_50pct_hit,50.0,925.8015,,0.0
target_75pct,NIFTY,weekly,2025-04-17,CE,2025-04-08 11:05:00+05:30,65.5,2025-04-08 13:30:00+05:30,114.625,target_75pct_hit,75.0,925.8015,,0.0
staggered_30_sl30_trail10,NIFTY,weekly,2025-04-17,CE,2025-04-09 14:35:00+05:30,37.0,2025-04-09 15:15:00+05:30,46.45,trail_stop,26.8784,1715.9459,30.0,0.7
target_30pct,NIFTY,weekly,2025-04-17,CE,2025-04-09 14:35:00+05:30,37.0,2025-04-09 15:15:00+05:30,48.1,target_30pct_hit,30.0,1715.9459,,0.0
target_50pct,NIFTY,weekly,2025-04-17,CE,2025-04-09 14:35:00+05:30,37.0,2025-04-11 09:15:00+05:30,55.5,target_50pct_hit,50.0,1715.9459,,0.0
target_75pct,NIFTY,weekly,2025-04-17,CE,2025-04-09 14:35:00+05:30,37.0,2025-04-11 09:15:00+05:30,64.75,target_75pct_hit,75.0,1715.9459,,0.0
staggered_30_sl30_trail10,NIFTY,weekly,2025-04-17,CE,2025-04-11 15:00:00+05:30,103.9,2025-04-15 09:15:00+05:30,207.8,fully_laddered,58.0,546.6795,30.0|40.0|50.0|60.0|70.0|80.0|90.0|100.0,0.0
target_30pct,NIFTY,weekly,2025-04-17,CE,2025-04-11 15:00:00+05:30,103.9,2025-04-15 09:15:00+05:30,135.07,target_30pct_hit,30.0,546.6795,,0.0
target_50pct,NIFTY,weekly,2025-04-17,CE,2025-04-11 15:00:00+05:30,103.9,2025-04-15 09:15:00+05:30,155.85,target_50pct_hit,50.0,546.6795,,0.0
target_75pct,NIFTY,weekly,2025-04-17,CE,2025-04-11 15:00:00+05:30,103.9,2025-04-15 09:15:00+05:30,181.825,target_75pct_hit,75.0,546.6795,,0.0
staggered_30_sl30_trail10,NIFTY,weekly,2025-04-17,CE,2025-04-16 11:35:00+05:30,146.5,2025-04-16 14:00:00+05:30,206.8,trail_stop,38.5802,358.6348,30.0|40.0|50.0,0.5
target_30pct,NIFTY,weekly,2025-04-17,CE,2025-04-16 11:35:00+05:30,146.5,2025-04-16 14:00:00+05:30,190.45,target_30pct_hit,30.0,358.6348,,0.0
target_50pct,NIFTY,weekly,2025-04-17,CE,2025-04-16 11:35:00+05:30,146.5,2025-04-16 14:00:00+05:30,219.75,target_50pct_hit,50.0,358.6348,,0.0
target_75pct,NIFTY,weekly,2025-04-17,CE,2025-04-16 11:35:00+05:30,146.5,2025-04-17 11:15:00+05:30,256.375,target_75pct_hit,75.0,358.6348,,0.0
staggered_30_sl30_trail10,NIFTY,weekly,2025-04-17,CE,2025-04-17 09:50:00+05:30,227.7,2025-04-17 10:10:00+05:30,159.39,hard_sl,-30.0,195.0812,,1.0
target_30pct,NIFTY,weekly,2025-04-17,CE,2025-04-17 09:50:00+05:30,227.7,2025-04-17 11:30:00+05:30,296.01,target_30pct_hit,30.0,195.0812,,0.0
target_50pct,NIFTY,weekly,2025-04-17,CE,2025-04-17 09:50:00+05:30,227.7,2025-04-17 11:35:00+05:30,341.55,target_50pct_hit,50.0,195.0812,,0.0
target_75pct,NIFTY,weekly,2025-04-17,CE,2025-04-17 09:50:00+05:30,227.7,2025-04-17 11:45:00+05:30,398.475,target_75pct_hit,75.0,195.0812,,0.0
staggered_30_sl30_trail10,NIFTY,weekly,2025-04-17,PE,2025-04-03 13:25:00+05:30,175.3,2025-04-04 09:15:00+05:30,241.47,trail_stop,35.648,764.2327,30.0|40.0,0.6
target_30pct,NIFTY,weekly,2025-04-17,PE,2025-04-03 13:25:00+05:30,175.3,2025-04-04 09:15:00+05:30,227.89,target_30pct_hit,30.0,764.2327,,0.0
target_50pct,NIFTY,weekly,2025-04-17,PE,2025-04-03 13:25:00+05:30,175.3,2025-04-04 09:20:00+05:30,262.95,target_50pct_hit,50.0,764.2327,,0.0
target_75pct,NIFTY,weekly,2025-04-17,PE,2025-04-03 13:25:00+05:30,175.3,2025-04-04 09:25:00+05:30,306.775,target_75pct_hit,75.0,764.2327,,0.0
staggered_30_sl30_trail10,NIFTY,weekly,2025-04-17,PE,2025-04-09 09:15:00+05:30,803.0,2025-04-11 09:15:00+05:30,562.1,hard_sl,-30.0,5.4919,,1.0
target_30pct,NIFTY,weekly,2025-04-17,PE,2025-04-09 09:15:00+05:30,803.0,2025-04-17 15:30:00+05:30,0.05,hold_to_end,-99.9938,5.4919,,0.0
target_50pct,NIFTY,weekly,2025-04-17,PE,2025-04-09 09:15:00+05:30,803.0,2025-04-17 15:30:00+05:30,0.05,hold_to_end,-99.9938,5.4919,,0.0
target_75pct,NIFTY,weekly,2025-04-17,PE,2025-04-09 09:15:00+05:30,803.0,2025-04-17 15:30:00+05:30,0.05,hold_to_end,-99.9938,5.4919,,0.0
staggered_30_sl30_trail10,NIFTY,weekly,2025-04-24,CE,2025-04-11 11:35:00+05:30,489.5,2025-04-15 09:15:00+05:30,674.1,trail_stop,35.6272,238.0899,30.0|40.0,0.6
target_30pct,NIFTY,weekly,2025-04-24,CE,2025-04-11 11:35:00+05:30,489.5,2025-04-15 09:15:00+05:30,636.35,target_30pct_hit,30.0,238.0899,,0.0
target_50pct,NIFTY,weekly,2025-04-24,CE,2025-04-11 11:35:00+05:30,489.5,2025-04-15 09:45:00+05:30,734.25,target_50pct_hit,50.0,238.0899,,0.0
target_75pct,NIFTY,weekly,2025-04-24,CE,2025-04-11 11:35:00+05:30,489.5,2025-04-17 11:35:00+05:30,856.625,target_75pct_hit,75.0,238.0899,,0.0
staggered_30_sl30_trail10,NIFTY,weekly,2025-04-24,CE,2025-04-16 11:50:00+05:30,685.0,2025-04-17 14:15:00+05:30,1112.5,trail_stop,49.7226,141.5985,30.0|40.0|50.0|60.0|70.0,0.3
target_30pct,NIFTY,weekly,2025-04-24,CE,2025-04-16 11:50:00+05:30,685.0,2025-04-17 11:40:00+05:30,890.5,target_30pct_hit,30.0,141.5985,,0.0
target_50pct,NIFTY,weekly,2025-04-24,CE,2025-04-16 11:50:00+05:30,685.0,2025-04-17 12:45:00+05:30,1027.5,target_50pct_hit,50.0,141.5985,,0.0
target_75pct,NIFTY,weekly,2025-04-24,CE,2025-04-16 11:50:00+05:30,685.0,2025-04-21 09:20:00+05:30,1198.75,target_75pct_hit,75.0,141.5985,,0.0
staggered_30_sl30_trail10,NIFTY,weekly,2025-04-24,CE,2025-04-21 14:55:00+05:30,1461.35,2025-04-24 15:30:00+05:30,1550.0,hold_to_end,6.0663,13.248,,1.0
target_30pct,NIFTY,weekly,2025-04-24,CE,2025-04-21 14:55:00+05:30,1461.35,2025-04-24 15:30:00+05:30,1550.0,hold_to_end,6.0663,13.248,,0.0
target_50pct,NIFTY,weekly,2025-04-24,CE,2025-04-21 14:55:00+05:30,1461.35,2025-04-24 15:30:00+05:30,1550.0,hold_to_end,6.0663,13.248,,0.0
target_75pct,NIFTY,weekly,2025-04-24,CE,2025-04-21 14:55:00+05:30,1461.35,2025-04-24 15:30:00+05:30,1550.0,hold_to_end,6.0663,13.248,,0.0
staggered_30_sl30_trail10,NIFTY,weekly,2025-04-24,PE,2025-04-11 13:45:00+05:30,233.9,2025-04-15 09:15:00+05:30,163.73,hard_sl,-30.0,25.2202,,1.0
target_30pct,NIFTY,weekly,2025-04-24,PE,2025-04-11 13:45:00+05:30,233.9,2025-04-24 15:30:00+05:30,0.1,hold_to_end,-99.9572,25.2202,,0.0
target_50pct,NIFTY,weekly,2025-04-24,PE,2025-04-11 13:45:00+05:30,233.9,2025-04-24 15:30:00+05:30,0.1,hold_to_end,-99.9572,25.2202,,0.0
target_75pct,NIFTY,weekly,2025-04-24,PE,2025-04-11 13:45:00+05:30,233.9,2025-04-24 15:30:00+05:30,0.1,hold_to_end,-99.9572,25.2202,,0.0
staggered_30_sl30_trail10,NIFTY,weekly,2025-05-08,CE,2025-04-25 09:15:00+05:30,333.65,2025-04-25 09:55:00+05:30,233.555,hard_sl,-30.0,30.6609,,1.0
target_30pct,NIFTY,weekly,2025-05-08,CE,2025-04-25 09:15:00+05:30,333.65,2025-05-02 10:05:00+05:30,433.745,target_30pct_hit,30.0,30.6609,,0.0
target_50pct,NIFTY,weekly,2025-05-08,CE,2025-04-25 09:15:00+05:30,333.65,2025-05-08 15:30:00+05:30,0.05,hold_to_end,-99.985,30.6609,,0.0
target_75pct,NIFTY,weekly,2025-05-08,CE,2025-04-25 09:15:00+05:30,333.65,2025-05-08 15:30:00+05:30,0.05,hold_to_end,-99.985,30.6609,,0.0
staggered_30_sl30_trail10,NIFTY,weekly,2025-05-08,CE,2025-05-02 13:55:00+05:30,236.1,2025-05-02 14:35:00+05:30,165.27,hard_sl,-30.0,26.9801,,1.0
target_30pct,NIFTY,weekly,2025-05-08,CE,2025-05-02 13:55:00+05:30,236.1,2025-05-08 15:30:00+05:30,0.05,hold_to_end,-99.9788,26.9801,,0.0
target_50pct,NIFTY,weekly,2025-05-08,CE,2025-05-02 13:55:00+05:30,236.1,2025-05-08 15:30:00+05:30,0.05,hold_to_end,-99.9788,26.9801,,0.0
target_75pct,NIFTY,weekly,2025-05-08,CE,2025-05-02 13:55:00+05:30,236.1,2025-05-08 15:30:00+05:30,0.05,hold_to_end,-99.9788,26.9801,,0.0
staggered_30_sl30_trail10,NIFTY,weekly,2025-05-08,PE,2025-04-25 09:50:00+05:30,317.0,2025-04-25 10:00:00+05:30,380.7,trail_stop,23.0662,67.1924,30.0,0.7
target_30pct,NIFTY,weekly,2025-05-08,PE,2025-04-25 09:50:00+05:30,317.0,2025-04-25 10:00:00+05:30,412.1,target_30pct_hit,30.0,67.1924,,0.0
target_50pct,NIFTY,weekly,2025-05-08,PE,2025-04-25 09:50:00+05:30,317.0,2025-04-25 10:30:00+05:30,475.5,target_50pct_hit,50.0,67.1924,,0.0
target_75pct,NIFTY,weekly,2025-05-08,PE,2025-04-25 09:50:00+05:30,317.0,2025-05-08 15:30:00+05:30,26.45,hold_to_end,-91.6562,67.1924,,0.0
staggered_30_sl30_trail10,NIFTY,weekly,2025-05-08,PE,2025-04-25 15:30:00+05:30,419.9,2025-04-28 09:35:00+05:30,293.93,hard_sl,-30.0,2.5959,,1.0
target_30pct,NIFTY,weekly,2025-05-08,PE,2025-04-25 15:30:00+05:30,419.9,2025-05-08 15:30:00+05:30,26.45,hold_to_end,-93.7009,2.5959,,0.0
target_50pct,NIFTY,weekly,2025-05-08,PE,2025-04-25 15:30:00+05:30,419.9,2025-05-08 15:30:00+05:30,26.45,hold_to_end,-93.7009,2.5959,,0.0
target_75pct,NIFTY,weekly,2025-05-08,PE,2025-04-25 15:30:00+05:30,419.9,2025-05-08 15:30:00+05:30,26.45,hold_to_end,-93.7009,2.5959,,0.0
staggered_30_sl30_trail10,NIFTY,weekly,2025-05-15,CE,2025-05-05 09:30:00+05:30,279.0,2025-05-06 11:20:00+05:30,195.3,hard_sl,-30.0,142.5269,,1.0
target_30pct,NIFTY,weekly,2025-05-15,CE,2025-05-05 09:30:00+05:30,279.0,2025-05-12 10:00:00+05:30,362.7,target_30pct_hit,30.0,142.5269,,0.0
target_50pct,NIFTY,weekly,2025-05-15,CE,2025-05-05 09:30:00+05:30,279.0,2025-05-12 12:35:00+05:30,418.5,target_50pct_hit,50.0,142.5269,,0.0
target_75pct,NIFTY,weekly,2025-05-15,CE,2025-05-05 09:30:00+05:30,279.0,2025-05-12 14:15:00+05:30,488.25,target_75pct_hit,75.0,142.5269,,0.0
staggered_30_sl30_trail10,NIFTY,weekly,2025-05-15,CE,2025-05-14 09:40:00+05:30,271.64,2025-05-14 12:50:00+05:30,190.148,hard_sl,-30.0,149.0981,,1.0
target_30pct,NIFTY,weekly,2025-05-15,CE,2025-05-14 09:40:00+05:30,271.64,2025-05-15 10:40:00+05:30,353.132,target_30pct_hit,30.0,149.0981,,0.0
target_50pct,NIFTY,weekly,2025-05-15,CE,2025-05-14 09:40:00+05:30,271.64,2025-05-15 13:10:00+05:30,407.46,target_50pct_hit,50.0,149.0981,,0.0
target_75pct,NIFTY,weekly,2025-05-15,CE,2025-05-14 09:40:00+05:30,271.64,2025-05-15 13:15:00+05:30,475.37,target_75pct_hit,75.0,149.0981,,0.0
staggered_30_sl30_trail10,NIFTY,weekly,2025-05-15,CE,2025-05-15 12:05:00+05:30,207.0,2025-05-15 12:10:00+05:30,250.75,trail_stop,23.7947,226.8841,30.0,0.7
target_30pct,NIFTY,weekly,2025-05-15,CE,2025-05-15 12:05:00+05:30,207.0,2025-05-15 12:10:00+05:30,269.1,target_30pct_hit,30.0,226.8841,,0.0
target_50pct,NIFTY,weekly,2025-05-15,CE,2025-05-15 12:05:00+05:30,207.0,2025-05-15 13:10:00+05:30,310.5,target_50pct_hit,50.0,226.8841,,0.0
target_75pct,NIFTY,weekly,2025-05-15,CE,2025-05-15 12:05:00+05:30,207.0,2025-05-15 13:10:00+05:30,362.25,target_75pct_hit,75.0,226.8841,,0.0
staggered_30_sl30_trail10,NIFTY,weekly,2025-05-15,CE,2025-05-15 12:55:00+05:30,239.55,2025-05-15 13:10:00+05:30,396.145,trail_stop,50.6111,182.4671,30.0|40.0|50.0|60.0|70.0,0.3
target_30pct,NIFTY,weekly,2025-05-15,CE,2025-05-15 12:55:00+05:30,239.55,2025-05-15 13:10:00+05:30,311.415,target_30pct_hit,30.0,182.4671,,0.0
target_50pct,NIFTY,weekly,2025-05-15,CE,2025-05-15 12:55:00+05:30,239.55,2025-05-15 13:10:00+05:30,359.325,target_50pct_hit,50.0,182.4671,,0.0
target_75pct,NIFTY,weekly,2025-05-15,CE,2025-05-15 12:55:00+05:30,239.55,2025-05-15 13:10:00+05:30,419.2125,target_75pct_hit,75.0,182.4671,,0.0
staggered_30_sl30_trail10,NIFTY,weekly,2025-05-15,PE,2025-05-02 14:30:00+05:30,367.95,2025-05-05 09:15:00+05:30,257.565,hard_sl,-30.0,61.4893,,1.0
target_30pct,NIFTY,weekly,2025-05-15,PE,2025-05-02 14:30:00+05:30,367.95,2025-05-09 09:15:00+05:30,478.335,target_30pct_hit,30.0,61.4893,,0.0
target_50pct,NIFTY,weekly,2025-05-15,PE,2025-05-02 14:30:00+05:30,367.95,2025-05-09 09:15:00+05:30,551.925,target_50pct_hit,50.0,61.4893,,0.0
target_75pct,NIFTY,weekly,2025-05-15,PE,2025-05-02 14:30:00+05:30,367.95,2025-05-15 15:30:00+05:30,0.05,hold_to_end,-99.9864,61.4893,,0.0
staggered_30_sl30_trail10,NIFTY,weekly,2025-05-15,PE,2025-05-13 09:50:00+05:30,97.05,2025-05-13 10:35:00+05:30,120.795,trail_stop,26.1267,34.4668,30.0,0.7
target_30pct,NIFTY,weekly,2025-05-15,PE,2025-05-13 09:50:00+05:30,97.05,2025-05-13 10:35:00+05:30,126.165,target_30pct_hit,30.0,34.4668,,0.0
target_50pct,NIFTY,weekly,2025-05-15,PE,2025-05-13 09:50:00+05:30,97.05,2025-05-15 15:30:00+05:30,0.05,hold_to_end,-99.9485,34.4668,,0.0
target_75pct,NIFTY,weekly,2025-05-15,PE,2025-05-13 09:50:00+05:30,97.05,2025-05-15 15:30:00+05:30,0.05,hold_to_end,-99.9485,34.4668,,0.0
staggered_30_sl30_trail10,NIFTY,weekly,2025-05-15,PE,2025-05-13 12:50:00+05:30,94.8,2025-05-13 13:00:00+05:30,115.17,trail_stop,24.0411,31.4873,30.0,0.7
target_30pct,NIFTY,weekly,2025-05-15,PE,2025-05-13 12:50:00+05:30,94.8,2025-05-13 13:00:00+05:30,123.24,target_30pct_hit,30.0,31.4873,,0.0
target_50pct,NIFTY,weekly,2025-05-15,PE,2025-05-13 12:50:00+05:30,94.8,2025-05-15 15:30:00+05:30,0.05,hold_to_end,-99.9473,31.4873,,0.0
target_75pct,NIFTY,weekly,2025-05-15,PE,2025-05-13 12:50:00+05:30,94.8,2025-05-15 15:30:00+05:30,0.05,hold_to_end,-99.9473,31.4873,,0.0
staggered_30_sl30_trail10,NIFTY,weekly,2025-05-15,PE,2025-05-14 12:45:00+05:30,43.25,2025-05-14 12:50:00+05:30,62.265,trail_stop,39.9827,98.9595,30.0|40.0|50.0,0.5
target_30pct,NIFTY,weekly,2025-05-15,PE,2025-05-14 12:45:00+05:30,43.25,2025-05-14 12:50:00+05:30,56.225,target_30pct_hit,30.0,98.9595,,0.0
target_50pct,NIFTY,weekly,2025-05-15,PE,2025-05-14 12:45:00+05:30,43.25,2025-05-14 12:50:00+05:30,64.875,target_50pct_hit,50.0,98.9595,,0.0
target_75pct,NIFTY,weekly,2025-05-15,PE,2025-05-14 12:45:00+05:30,43.25,2025-05-14 12:55:00+05:30,75.6875,target_75pct_hit,75.0,98.9595,,0.0
staggered_30_sl30_trail10,NIFTY,weekly,2025-05-15,PE,2025-05-15 09:50:00+05:30,51.9,2025-05-15 10:25:00+05:30,36.33,hard_sl,-30.0,42.7553,,1.0
target_30pct,NIFTY,weekly,2025-05-15,PE,2025-05-15 09:50:00+05:30,51.9,2025-05-15 15:30:00+05:30,0.05,hold_to_end,-99.9037,42.7553,,0.0
target_50pct,NIFTY,weekly,2025-05-15,PE,2025-05-15 09:50:00+05:30,51.9,2025-05-15 15:30:00+05:30,0.05,hold_to_end,-99.9037,42.7553,,0.0
target_75pct,NIFTY,weekly,2025-05-15,PE,2025-05-15 09:50:00+05:30,51.9,2025-05-15 15:30:00+05:30,0.05,hold_to_end,-99.9037,42.7553,,0.0
staggered_30_sl30_trail10,NIFTY,weekly,2025-05-22,CE,2025-05-08 11:25:00+05:30,284.75,2025-05-08 15:30:00+05:30,199.325,hard_sl,-30.0,147.7612,,1.0
target_30pct,NIFTY,weekly,2025-05-22,CE,2025-05-08 11:25:00+05:30,284.75,2025-05-12 09:35:00+05:30,370.175,target_30pct_hit,30.0,147.7612,,0.0
target_50pct,NIFTY,weekly,2025-05-22,CE,2025-05-08 11:25:00+05:30,284.75,2025-05-12 10:00:00+05:30,427.125,target_50pct_hit,50.0,147.7612,,0.0
target_75pct,NIFTY,weekly,2025-05-22,CE,2025-05-08 11:25:00+05:30,284.75,2025-05-12 12:35:00+05:30,498.3125,target_75pct_hit,75.0,147.7612,,0.0
staggered_30_sl30_trail10,NIFTY,weekly,2025-05-22,CE,2025-05-14 09:40:00+05:30,411.05,2025-05-14 12:55:00+05:30,287.735,hard_sl,-30.0,71.6336,,1.0
target_30pct,NIFTY,weekly,2025-05-22,CE,2025-05-14 09:40:00+05:30,411.05,2025-05-15 13:15:00+05:30,534.365,target_30pct_hit,30.0,71.6336,,0.0
target_50pct,NIFTY,weekly,2025-05-22,CE,2025-05-14 09:40:00+05:30,411.05,2025-05-15 13:45:00+05:30,616.575,target_50pct_hit,50.0,71.6336,,0.0
target_75pct,NIFTY,weekly,2025-05-22,CE,2025-05-14 09:40:00+05:30,411.05,2025-05-22 15:30:00+05:30,159.69,hold_to_end,-61.1507,71.6336,,0.0
staggered_30_sl30_trail10,NIFTY,weekly,2025-05-22,CE,2025-05-16 10:20:00+05:30,640.95,2025-05-20 11:55:00+05:30,448.665,hard_sl,-30.0,0.0,,1.0
target_30pct,NIFTY,weekly,2025-05-22,CE,2025-05-16 10:20:00+05:30,640.95,2025-05-22 15:30:00+05:30,159.69,hold_to_end,-75.0854,0.0,,0.0
target_50pct,NIFTY,weekly,2025-05-22,CE,2025-05-16 10:20:00+05:30,640.95,2025-05-22 15:30:00+05:30,159.69,hold_to_end,-75.0854,0.0,,0.0
target_75pct,NIFTY,weekly,2025-05-22,CE,2025-05-16 10:20:00+05:30,640.95,2025-05-22 15:30:00+05:30,159.69,hold_to_end,-75.0854,0.0,,0.0
staggered_30_sl30_trail10,NIFTY,weekly,2025-05-22,PE,2025-05-08 13:15:00+05:30,300.0,2025-05-08 14:50:00+05:30,394.25,trail_stop,31.85,101.6667,30.0|40.0,0.6
target_30pct,NIFTY,weekly,2025-05-22,PE,2025-05-08 13:15:00+05:30,300.0,2025-05-08 14:50:00+05:30,390.0,target_30pct_hit,30.0,101.6667,,0.0
target_50pct,NIFTY,weekly,2025-05-22,PE,2025-05-08 13:15:00+05:30,300.0,2025-05-08 14:55:00+05:30,450.0,target_50pct_hit,50.0,101.6667,,0.0
target_75pct,NIFTY,weekly,2025-05-22,PE,2025-05-08 13:15:00+05:30,300.0,2025-05-08 14:55:00+05:30,525.0,target_75pct_hit,75.0,101.6667,,0.0
staggered_30_sl30_trail10,NIFTY,weekly,2025-05-22,PE,2025-05-13 09:40:00+05:30,150.25,2025-05-13 10:35:00+05:30,190.675,trail_stop,27.8336,42.4293,30.0,0.7
target_30pct,NIFTY,weekly,2025-05-22,PE,2025-05-13 09:40:00+05:30,150.25,2025-05-13 10:35:00+05:30,195.325,target_30pct_hit,30.0,42.4293,,0.0
target_50pct,NIFTY,weekly,2025-05-22,PE,2025-05-13 09:40:00+05:30,150.25,2025-05-22 15:30:00+05:30,0.05,hold_to_end,-99.9667,42.4293,,0.0
target_75pct,NIFTY,weekly,2025-05-22,PE,2025-05-13 09:40:00+05:30,150.25,2025-05-22 15:30:00+05:30,0.05,hold_to_end,-99.9667,42.4293,,0.0
staggered_30_sl30_trail10,NIFTY,weekly,2025-05-22,PE,2025-05-13 12:35:00+05:30,174.4,2025-05-14 10:10:00+05:30,122.08,hard_sl,-30.0,22.7064,,1.0
target_30pct,NIFTY,weekly,2025-05-22,PE,2025-05-13 12:35:00+05:30,174.4,2025-05-22 15:30:00+05:30,0.05,hold_to_end,-99.9713,22.7064,,0.0
target_50pct,NIFTY,weekly,2025-05-22,PE,2025-05-13 12:35:00+05:30,174.4,2025-05-22 15:30:00+05:30,0.05,hold_to_end,-99.9713,22.7064,,0.0
target_75pct,NIFTY,weekly,2025-05-22,PE,2025-05-13 12:35:00+05:30,174.4,2025-05-22 15:30:00+05:30,0.05,hold_to_end,-99.9713,22.7064,,0.0
staggered_30_sl30_trail10,NIFTY,weekly,2025-06-05,CE,2025-05-22 15:05:00+05:30,268.0,2025-05-23 09:45:00+05:30,335.15,trail_stop,26.5392,114.5149,30.0,0.7
target_30pct,NIFTY,weekly,2025-06-05,CE,2025-05-22 15:05:00+05:30,268.0,2025-05-23 09:40:00+05:30,348.4,target_30pct_hit,30.0,114.5149,,0.0
target_50pct,NIFTY,weekly,2025-06-05,CE,2025-05-22 15:05:00+05:30,268.0,2025-05-23 10:50:00+05:30,402.0,target_50pct_hit,50.0,114.5149,,0.0
target_75pct,NIFTY,weekly,2025-06-05,CE,2025-05-22 15:05:00+05:30,268.0,2025-05-23 11:00:00+05:30,469.0,target_75pct_hit,75.0,114.5149,,0.0
staggered_30_sl30_trail10,NIFTY,weekly,2025-06-05,CE,2025-05-26 09:20:00+05:30,527.29,2025-05-27 10:05:00+05:30,369.103,hard_sl,-30.0,9.0292,,1.0
target_30pct,NIFTY,weekly,2025-06-05,CE,2025-05-26 09:20:00+05:30,527.29,2025-06-05 15:30:00+05:30,50.85,hold_to_end,-90.3564,9.0292,,0.0
target_50pct,NIFTY,weekly,2025-06-05,CE,2025-05-26 09:20:00+05:30,527.29,2025-06-05 15:30:00+05:30,50.85,hold_to_end,-90.3564,9.0292,,0.0
target_75pct,NIFTY,weekly,2025-06-05,CE,2025-05-26 09:20:00+05:30,527.29,2025-06-05 15:30:00+05:30,50.85,hold_to_end,-90.3564,9.0292,,0.0
staggered_30_sl30_trail10,NIFTY,weekly,2025-06-05,PE,2025-05-22 12:20:00+05:30,330.2,2025-05-23 09:40:00+05:30,231.14,hard_sl,-30.0,16.0509,,1.0
target_30pct,NIFTY,weekly,2025-06-05,PE,2025-05-22 12:20:00+05:30,330.2,2025-06-05 15:30:00+05:30,0.05,hold_to_end,-99.9849,16.0509,,0.0
target_50pct,NIFTY,weekly,2025-06-05,PE,2025-05-22 12:20:00+05:30,330.2,2025-06-05 15:30:00+05:30,0.05,hold_to_end,-99.9849,16.0509,,0.0
target_75pct,NIFTY,weekly,2025-06-05,PE,2025-05-22 12:20:00+05:30,330.2,2025-06-05 15:30:00+05:30,0.05,hold_to_end,-99.9849,16.0509,,0.0
staggered_30_sl30_trail10,NIFTY,weekly,2025-06-12,CE,2025-05-29 15:05:00+05:30,278.2,2025-06-02 09:15:00+05:30,194.74,hard_sl,-30.0,21.4234,,1.0
target_30pct,NIFTY,weekly,2025-06-12,CE,2025-05-29 15:05:00+05:30,278.2,2025-06-12 15:30:00+05:30,0.05,hold_to_end,-99.982,21.4234,,0.0
target_50pct,NIFTY,weekly,2025-06-12,CE,2025-05-29 15:05:00+05:30,278.2,2025-06-12 15:30:00+05:30,0.05,hold_to_end,-99.982,21.4234,,0.0
target_75pct,NIFTY,weekly,2025-06-12,CE,2025-05-29 15:05:00+05:30,278.2,2025-06-12 15:30:00+05:30,0.05,hold_to_end,-99.982,21.4234,,0.0
staggered_30_sl30_trail10,NIFTY,weekly,2025-06-12,PE,2025-05-29 14:15:00+05:30,366.0,2025-06-02 09:20:00+05:30,468.4,trail_stop,28.5847,42.8552,30.0,0.7
target_30pct,NIFTY,weekly,2025-06-12,PE,2025-05-29 14:15:00+05:30,366.0,2025-06-02 09:20:00+05:30,475.8,target_30pct_hit,30.0,42.8552,,0.0
target_50pct,NIFTY,weekly,2025-06-12,PE,2025-05-29 14:15:00+05:30,366.0,2025-06-12 15:30:00+05:30,11.85,hold_to_end,-96.7623,42.8552,,0.0
target_75pct,NIFTY,weekly,2025-06-12,PE,2025-05-29 14:15:00+05:30,366.0,2025-06-12 15:30:00+05:30,11.85,hold_to_end,-96.7623,42.8552,,0.0
staggered_30_sl30_trail10,NIFTY,weekly,2025-06-12,PE,2025-06-02 14:45:00+05:30,413.45,2025-06-05 09:30:00+05:30,289.415,hard_sl,-30.0,26.4603,,1.0
target_30pct,NIFTY,weekly,2025-06-12,PE,2025-06-02 14:45:00+05:30,413.45,2025-06-12 15:30:00+05:30,11.85,hold_to_end,-97.1339,26.4603,,0.0
target_50pct,NIFTY,weekly,2025-06-12,PE,2025-06-02 14:45:00+05:30,413.45,2025-06-12 15:30:00+05:30,11.85,hold_to_end,-97.1339,26.4603,,0.0
target_75pct,NIFTY,weekly,2025-06-12,PE,2025-06-02 14:45:00+05:30,413.45,2025-06-12 15:30:00+05:30,11.85,hold_to_end,-97.1339,26.4603,,0.0
staggered_30_sl30_trail10,NIFTY,weekly,2025-06-19,CE,2025-06-05 12:00:00+05:30,368.0,2025-06-05 12:30:00+05:30,443.55,trail_stop,23.3709,73.9946,30.0,0.7
target_30pct,NIFTY,weekly,2025-06-19,CE,2025-06-05 12:00:00+05:30,368.0,2025-06-05 12:20:00+05:30,478.4,target_30pct_hit,30.0,73.9946,,0.0
target_50pct,NIFTY,weekly,2025-06-19,CE,2025-06-05 12:00:00+05:30,368.0,2025-06-06 11:55:00+05:30,552.0,target_50pct_hit,50.0,73.9946,,0.0
target_75pct,NIFTY,weekly,2025-06-19,CE,2025-06-05 12:00:00+05:30,368.0,2025-06-19 15:30:00+05:30,143.3,hold_to_end,-61.0598,73.9946,,0.0
staggered_30_sl30_trail10,NIFTY,weekly,2025-06-19,CE,2025-06-06 10:35:00+05:30,415.6,2025-06-06 12:20:00+05:30,529.94,trail_stop,28.2584,54.0664,30.0,0.7
target_30pct,NIFTY,weekly,2025-06-19,CE,2025-06-06 10:35:00+05:30,415.6,2025-06-06 11:55:00+05:30,540.28,target_30pct_hit,30.0,54.0664,,0.0
target_50pct,NIFTY,weekly,2025-06-19,CE,2025-06-06 10:35:00+05:30,415.6,2025-06-11 11:20:00+05:30,623.4,target_50pct_hit,50.0,54.0664,,0.0
target_75pct,NIFTY,weekly,2025-06-19,CE,2025-06-06 10:35:00+05:30,415.6,2025-06-19 15:30:00+05:30,143.3,hold_to_end,-65.5197,54.0664,,0.0
staggered_30_sl30_trail10,NIFTY,weekly,2025-06-19,CE,2025-06-09 15:30:00+05:30,569.35,2025-06-12 13:35:00+05:30,398.545,hard_sl,-30.0,12.4616,,1.0
target_30pct,NIFTY,weekly,2025-06-19,CE,2025-06-09 15:30:00+05:30,569.35,2025-06-19 15:30:00+05:30,143.3,hold_to_end,-74.8309,12.4616,,0.0
target_50pct,NIFTY,weekly,2025-06-19,CE,2025-06-09 15:30:00+05:30,569.35,2025-06-19 15:30:00+05:30,143.3,hold_to_end,-74.8309,12.4616,,0.0
target_75pct,NIFTY,weekly,2025-06-19,CE,2025-06-09 15:30:00+05:30,569.35,2025-06-19 15:30:00+05:30,143.3,hold_to_end,-74.8309,12.4616,,0.0
staggered_30_sl30_trail10,NIFTY,weekly,2025-06-19,PE,2025-06-05 13:55:00+05:30,202.55,2025-06-06 10:50:00+05:30,141.785,hard_sl,-30.0,37.4229,,1.0
target_30pct,NIFTY,weekly,2025-06-19,PE,2025-06-05 13:55:00+05:30,202.55,2025-06-13 09:15:00+05:30,263.315,target_30pct_hit,30.0,37.4229,,0.0
target_50pct,NIFTY,weekly,2025-06-19,PE,2025-06-05 13:55:00+05:30,202.55,2025-06-19 15:30:00+05:30,0.05,hold_to_end,-99.9753,37.4229,,0.0
target_75pct,NIFTY,weekly,2025-06-19,PE,2025-06-05 13:55:00+05:30,202.55,2025-06-19 15:30:00+05:30,0.05,hold_to_end,-99.9753,37.4229,,0.0
staggered_30_sl30_trail10,NIFTY,weekly,2025-06-19,PE,2025-06-13 14:55:00+05:30,178.05,2025-06-16 09:15:00+05:30,124.635,hard_sl,-30.0,10.0814,,1.0
target_30pct,NIFTY,weekly,2025-06-19,PE,2025-06-13 14:55:00+05:30,178.05,2025-06-19 15:30:00+05:30,0.05,hold_to_end,-99.9719,10.0814,,0.0
target_50pct,NIFTY,weekly,2025-06-19,PE,2025-06-13 14:55:00+05:30,178.05,2025-06-19 15:30:00+05:30,0.05,hold_to_end,-99.9719,10.0814,,0.0
target_75pct,NIFTY,weekly,2025-06-19,PE,2025-06-13 14:55:00+05:30,178.05,2025-06-19 15:30:00+05:30,0.05,hold_to_end,-99.9719,10.0814,,0.0
staggered_30_sl30_trail10,NIFTY,weekly,2025-07-03,CE,2025-06-19 14:00:00+05:30,307.1,2025-06-20 10:30:00+05:30,400.24,trail_stop,31.1973,189.8079,30.0|40.0,0.6
target_30pct,NIFTY,weekly,2025-07-03,CE,2025-06-19 14:00:00+05:30,307.1,2025-06-20 10:30:00+05:30,399.23,target_30pct_hit,30.0,189.8079,,0.0
target_50pct,NIFTY,weekly,2025-07-03,CE,2025-06-19 14:00:00+05:30,307.1,2025-06-20 13:20:00+05:30,460.65,target_50pct_hit,50.0,189.8079,,0.0
target_75pct,NIFTY,weekly,2025-07-03,CE,2025-06-19 14:00:00+05:30,307.1,2025-06-24 09:20:00+05:30,537.425,target_75pct_hit,75.0,189.8079,,0.0
staggered_30_sl30_trail10,NIFTY,weekly,2025-07-03,CE,2025-06-23 12:35:00+05:30,330.65,2025-06-23 14:05:00+05:30,398.885,trail_stop,23.4456,169.1668,30.0,0.7
target_30pct,NIFTY,weekly,2025-07-03,CE,2025-06-23 12:35:00+05:30,330.65,2025-06-23 14:05:00+05:30,429.845,target_30pct_hit,30.0,169.1668,,0.0
target_50pct,NIFTY,weekly,2025-07-03,CE,2025-06-23 12:35:00+05:30,330.65,2025-06-24 09:15:00+05:30,495.975,target_50pct_hit,50.0,169.1668,,0.0
target_75pct,NIFTY,weekly,2025-07-03,CE,2025-06-23 12:35:00+05:30,330.65,2025-06-24 11:15:00+05:30,578.6375,target_75pct_hit,75.0,169.1668,,0.0
staggered_30_sl30_trail10,NIFTY,weekly,2025-07-03,CE,2025-06-24 09:15:00+05:30,523.55,2025-06-24 15:05:00+05:30,366.485,hard_sl,-30.0,69.9933,,1.0
target_30pct,NIFTY,weekly,2025-07-03,CE,2025-06-24 09:15:00+05:30,523.55,2025-06-26 13:20:00+05:30,680.615,target_30pct_hit,30.0,69.9933,,0.0
target_50pct,NIFTY,weekly,2025-07-03,CE,2025-06-24 09:15:00+05:30,523.55,2025-06-27 09:15:00+05:30,785.325,target_50pct_hit,50.0,69.9933,,0.0
target_75pct,NIFTY,weekly,2025-07-03,CE,2025-06-24 09:15:00+05:30,523.55,2025-07-03 15:30:00+05:30,605.95,hold_to_end,15.7387,69.9933,,0.0
staggered_30_sl30_trail10,NIFTY,weekly,2025-07-03,CE,2025-07-01 09:20:00+05:30,745.0,2025-07-03 15:30:00+05:30,605.95,hold_to_end,-18.6644,8.8322,,1.0
target_30pct,NIFTY,weekly,2025-07-03,CE,2025-07-01 09:20:00+05:30,745.0,2025-07-03 15:30:00+05:30,605.95,hold_to_end,-18.6644,8.8322,,0.0
target_50pct,NIFTY,weekly,2025-07-03,CE,2025-07-01 09:20:00+05:30,745.0,2025-07-03 15:30:00+05:30,605.95,hold_to_end,-18.6644,8.8322,,0.0
target_75pct,NIFTY,weekly,2025-07-03,CE,2025-07-01 09:20:00+05:30,745.0,2025-07-03 15:30:00+05:30,605.95,hold_to_end,-18.6644,8.8322,,0.0
staggered_30_sl30_trail10,NIFTY,weekly,2025-07-03,PE,2025-06-19 15:00:00+05:30,252.0,2025-06-20 10:15:00+05:30,176.4,hard_sl,-30.0,9.3056,,1.0
target_30pct,NIFTY,weekly,2025-07-03,PE,2025-06-19 15:00:00+05:30,252.0,2025-07-03 15:30:00+05:30,0.05,hold_to_end,-99.9802,9.3056,,0.0
target_50pct,NIFTY,weekly,2025-07-03,PE,2025-06-19 15:00:00+05:30,252.0,2025-07-03 15:30:00+05:30,0.05,hold_to_end,-99.9802,9.3056,,0.0
target_75pct,NIFTY,weekly,2025-07-03,PE,2025-06-19 15:00:00+05:30,252.0,2025-07-03 15:30:00+05:30,0.05,hold_to_end,-99.9802,9.3056,,0.0
staggered_30_sl30_trail10,NIFTY,weekly,2025-07-10,CE,2025-06-26 12:10:00+05:30,331.2,2025-06-27 09:15:00+05:30,445.88,trail_stop,33.7754,50.6944,30.0|40.0,0.6
target_30pct,NIFTY,weekly,2025-07-10,CE,2025-06-26 12:10:00+05:30,331.2,2025-06-27 09:15:00+05:30,430.56,target_30pct_hit,30.0,50.6944,,0.0
target_50pct,NIFTY,weekly,2025-07-10,CE,2025-06-26 12:10:00+05:30,331.2,2025-06-27 12:45:00+05:30,496.8,target_50pct_hit,50.0,50.6944,,0.0
target_75pct,NIFTY,weekly,2025-07-10,CE,2025-06-26 12:10:00+05:30,331.2,2025-07-10 15:30:00+05:30,55.1,hold_to_end,-83.3635,50.6944,,0.0
staggered_30_sl30_trail10,NIFTY,weekly,2025-07-10,CE,2025-07-01 09:25:00+05:30,392.5,2025-07-02 13:25:00+05:30,274.75,hard_sl,-30.0,4.0255,,1.0
target_30pct,NIFTY,weekly,2025-07-10,CE,2025-07-01 09:25:00+05:30,392.5,2025-07-10 15:30:00+05:30,55.1,hold_to_end,-85.9618,4.0255,,0.0
target_50pct,NIFTY,weekly,2025-07-10,CE,2025-07-01 09:25:00+05:30,392.5,2025-07-10 15:30:00+05:30,55.1,hold_to_end,-85.9618,4.0255,,0.0
target_75pct,NIFTY,weekly,2025-07-10,CE,2025-07-01 09:25:00+05:30,392.5,2025-07-10 15:30:00+05:30,55.1,hold_to_end,-85.9618,4.0255,,0.0
staggered_30_sl30_trail10,NIFTY,weekly,2025-07-10,PE,2025-06-30 10:00:00+05:30,99.8,2025-06-30 13:15:00+05:30,123.12,trail_stop,25.3567,34.3186,30.0,0.7
target_30pct,NIFTY,weekly,2025-07-10,PE,2025-06-30 10:00:00+05:30,99.8,2025-06-30 13:15:00+05:30,129.74,target_30pct_hit,30.0,34.3186,,0.0
target_50pct,NIFTY,weekly,2025-07-10,PE,2025-06-30 10:00:00+05:30,99.8,2025-07-10 15:30:00+05:30,0.05,hold_to_end,-99.9499,34.3186,,0.0
target_75pct,NIFTY,weekly,2025-07-10,PE,2025-06-30 10:00:00+05:30,99.8,2025-07-10 15:30:00+05:30,0.05,hold_to_end,-99.9499,34.3186,,0.0
staggered_30_sl30_trail10,NIFTY,weekly,2025-07-10,PE,2025-07-02 10:25:00+05:30,85.05,2025-07-02 13:30:00+05:30,121.495,trail_stop,39.4256,52.8513,30.0|40.0|50.0,0.5
target_30pct,NIFTY,weekly,2025-07-10,PE,2025-07-02 10:25:00+05:30,85.05,2025-07-02 13:30:00+05:30,110.565,target_30pct_hit,30.0,52.8513,,0.0
target_50pct,NIFTY,weekly,2025-07-10,PE,2025-07-02 10:25:00+05:30,85.05,2025-07-02 13:30:00+05:30,127.575,target_50pct_hit,50.0,52.8513,,0.0
target_75pct,NIFTY,weekly,2025-07-10,PE,2025-07-02 10:25:00+05:30,85.05,2025-07-10 15:30:00+05:30,0.05,hold_to_end,-99.9412,52.8513,,0.0
staggered_30_sl30_trail10,NIFTY,weekly,2025-07-10,PE,2025-07-03 13:05:00+05:30,75.8,2025-07-03 14:35:00+05:30,96.42,trail_stop,28.0422,71.504,30.0,0.7
target_30pct,NIFTY,weekly,2025-07-10,PE,2025-07-03 13:05:00+05:30,75.8,2025-07-03 14:35:00+05:30,98.54,target_30pct_hit,30.0,71.504,,0.0
target_50pct,NIFTY,weekly,2025-07-10,PE,2025-07-03 13:05:00+05:30,75.8,2025-07-03 14:40:00+05:30,113.7,target_50pct_hit,50.0,71.504,,0.0
target_75pct,NIFTY,weekly,2025-07-10,PE,2025-07-03 13:05:00+05:30,75.8,2025-07-10 15:30:00+05:30,0.05,hold_to_end,-99.934,71.504,,0.0
staggered_30_sl30_trail10,NIFTY,weekly,2025-07-10,PE,2025-07-04 11:40:00+05:30,108.35,2025-07-04 14:40:00+05:30,75.845,hard_sl,-30.0,19.9815,,1.0
target_30pct,NIFTY,weekly,2025-07-10,PE,2025-07-04 11:40:00+05:30,108.35,2025-07-10 15:30:00+05:30,0.05,hold_to_end,-99.9539,19.9815,,0.0
target_50pct,NIFTY,weekly,2025-07-10,PE,2025-07-04 11:40:00+05:30,108.35,2025-07-10 15:30:00+05:30,0.05,hold_to_end,-99.9539,19.9815,,0.0
target_75pct,NIFTY,weekly,2025-07-10,PE,2025-07-04 11:40:00+05:30,108.35,2025-07-10 15:30:00+05:30,0.05,hold_to_end,-99.9539,19.9815,,0.0
staggered_30_sl30_trail10,NIFTY,weekly,2025-07-17,CE,2025-07-03 13:40:00+05:30,293.0,2025-07-03 15:30:00+05:30,205.1,hard_sl,-30.0,2.0137,,1.0
target_30pct,NIFTY,weekly,2025-07-17,CE,2025-07-03 13:40:00+05:30,293.0,2025-07-17 15:30:00+05:30,0.05,hold_to_end,-99.9829,2.0137,,0.0
target_50pct,NIFTY,weekly,2025-07-17,CE,2025-07-03 13:40:00+05:30,293.0,2025-07-17 15:30:00+05:30,0.05,hold_to_end,-99.9829,2.0137,,0.0
target_75pct,NIFTY,weekly,2025-07-17,CE,2025-07-03 13:40:00+05:30,293.0,2025-07-17 15:30:00+05:30,0.05,hold_to_end,-99.9829,2.0137,,0.0
staggered_30_sl30_trail10,NIFTY,weekly,2025-07-17,PE,2025-07-03 12:15:00+05:30,204.0,2025-07-04 09:40:00+05:30,249.6,trail_stop,24.6471,134.6569,30.0,0.7
target_30pct,NIFTY,weekly,2025-07-17,PE,2025-07-03 12:15:00+05:30,204.0,2025-07-04 09:40:00+05:30,265.2,target_30pct_hit,30.0,134.6569,,0.0
target_50pct,NIFTY,weekly,2025-07-17,PE,2025-07-03 12:15:00+05:30,204.0,2025-07-11 10:45:00+05:30,306.0,target_50pct_hit,50.0,134.6569,,0.0
target_75pct,NIFTY,weekly,2025-07-17,PE,2025-07-03 12:15:00+05:30,204.0,2025-07-11 11:10:00+05:30,357.0,target_75pct_hit,75.0,134.6569,,0.0
staggered_30_sl30_trail10,NIFTY,weekly,2025-07-17,PE,2025-07-04 11:30:00+05:30,239.5,2025-07-08 12:35:00+05:30,167.65,hard_sl,-30.0,99.8747,,1.0
target_30pct,NIFTY,weekly,2025-07-17,PE,2025-07-04 11:30:00+05:30,239.5,2025-07-11 10:45:00+05:30,311.35,target_30pct_hit,30.0,99.8747,,0.0
target_50pct,NIFTY,weekly,2025-07-17,PE,2025-07-04 11:30:00+05:30,239.5,2025-07-11 12:05:00+05:30,359.25,target_50pct_hit,50.0,99.8747,,0.0
target_75pct,NIFTY,weekly,2025-07-17,PE,2025-07-04 11:30:00+05:30,239.5,2025-07-14 09:25:00+05:30,419.125,target_75pct_hit,75.0,99.8747,,0.0
staggered_30_sl30_trail10,NIFTY,weekly,2025-07-17,PE,2025-07-11 15:15:00+05:30,342.8,2025-07-14 09:25:00+05:30,414.22,trail_stop,23.584,39.6441,30.0,0.7
target_30pct,NIFTY,weekly,2025-07-17,PE,2025-07-11 15:15:00+05:30,342.8,2025-07-14 09:25:00+05:30,445.64,target_30pct_hit,30.0,39.6441,,0.0
target_50pct,NIFTY,weekly,2025-07-17,PE,2025-07-11 15:15:00+05:30,342.8,2025-07-17 15:30:00+05:30,388.95,hold_to_end,13.4627,39.6441,,0.0
target_75pct,NIFTY,weekly,2025-07-17,PE,2025-07-11 15:15:00+05:30,342.8,2025-07-17 15:30:00+05:30,388.95,hold_to_end,13.4627,39.6441,,0.0
staggered_30_sl30_trail10,NIFTY,weekly,2025-07-17,PE,2025-07-15 13:45:00+05:30,304.05,2025-07-17 15:30:00+05:30,388.95,hold_to_end,28.5461,30.2417,30.0,0.7
target_30pct,NIFTY,weekly,2025-07-17,PE,2025-07-15 13:45:00+05:30,304.05,2025-07-17 15:05:00+05:30,395.265,target_30pct_hit,30.0,30.2417,,0.0
target_50pct,NIFTY,weekly,2025-07-17,PE,2025-07-15 13:45:00+05:30,304.05,2025-07-17 15:30:00+05:30,388.95,hold_to_end,27.923,30.2417,,0.0
target_75pct,NIFTY,weekly,2025-07-17,PE,2025-07-15 13:45:00+05:30,304.05,2025-07-17 15:30:00+05:30,388.95,hold_to_end,27.923,30.2417,,0.0
staggered_30_sl30_trail10,NIFTY,weekly,2025-07-24,CE,2025-07-14 14:55:00+05:30,55.55,2025-07-15 11:05:00+05:30,75.545,trail_stop,34.5968,51.9352,30.0|40.0,0.6
target_30pct,NIFTY,weekly,2025-07-24,CE,2025-07-14 14:55:00+05:30,55.55,2025-07-15 11:05:00+05:30,72.215,target_30pct_hit,30.0,51.9352,,0.0
target_50pct,NIFTY,weekly,2025-07-24,CE,2025-07-14 14:55:00+05:30,55.55,2025-07-15 11:10:00+05:30,83.325,target_50pct_hit,50.0,51.9352,,0.0
target_75pct,NIFTY,weekly,2025-07-24,CE,2025-07-14 14:55:00+05:30,55.55,2025-07-24 15:30:00+05:30,0.05,hold_to_end,-99.91,51.9352,,0.0
staggered_30_sl30_trail10,NIFTY,weekly,2025-07-24,CE,2025-07-16 12:15:00+05:30,45.75,2025-07-17 14:15:00+05:30,32.025,hard_sl,-30.0,26.5574,,1.0
target_30pct,NIFTY,weekly,2025-07-24,CE,2025-07-16 12:15:00+05:30,45.75,2025-07-24 15:30:00+05:30,0.05,hold_to_end,-99.8907,26.5574,,0.0
target_50pct,NIFTY,weekly,2025-07-24,CE,2025-07-16 12:15:00+05:30,45.75,2025-07-24 15:30:00+05:30,0.05,hold_to_end,-99.8907,26.5574,,0.0
target_75pct,NIFTY,weekly,2025-07-24,CE,2025-07-16 12:15:00+05:30,45.75,2025-07-24 15:30:00+05:30,0.05,hold_to_end,-99.8907,26.5574,,0.0
staggered_30_sl30_trail10,NIFTY,weekly,2025-07-24,PE,2025-07-10 13:45:00+05:30,255.15,2025-07-11 10:45:00+05:30,321.035,trail_stop,27.0754,137.7033,30.0,0.7
target_30pct,NIFTY,weekly,2025-07-24,PE,2025-07-10 13:45:00+05:30,255.15,2025-07-11 10:35:00+05:30,331.695,target_30pct_hit,30.0,137.7033,,0.0
target_50pct,NIFTY,weekly,2025-07-24,PE,2025-07-10 13:45:00+05:30,255.15,2025-07-11 11:10:00+05:30,382.725,target_50pct_hit,50.0,137.7033,,0.0
target_75pct,NIFTY,weekly,2025-07-24,PE,2025-07-10 13:45:00+05:30,255.15,2025-07-14 09:25:00+05:30,446.5125,target_75pct_hit,75.0,137.7033,,0.0
staggered_30_sl30_trail10,NIFTY,weekly,2025-07-24,PE,2025-07-11 15:15:00+05:30,372.25,2025-07-14 13:25:00+05:30,446.775,trail_stop,23.0141,62.9281,30.0,0.7
target_30pct,NIFTY,weekly,2025-07-24,PE,2025-07-11 15:15:00+05:30,372.25,2025-07-14 13:10:00+05:30,483.925,target_30pct_hit,30.0,62.9281,,0.0
target_50pct,NIFTY,weekly,2025-07-24,PE,2025-07-11 15:15:00+05:30,372.25,2025-07-21 09:25:00+05:30,558.375,target_50pct_hit,50.0,62.9281,,0.0
target_75pct,NIFTY,weekly,2025-07-24,PE,2025-07-11 15:15:00+05:30,372.25,2025-07-24 15:30:00+05:30,438.8,hold_to_end,17.8778,62.9281,,0.0
staggered_30_sl30_trail10,NIFTY,weekly,2025-07-24,PE,2025-07-15 13:45:00+05:30,334.25,2025-07-18 10:20:00+05:30,506.575,trail_stop,44.6223,81.451,30.0|40.0|50.0|60.0,0.4
target_30pct,NIFTY,weekly,2025-07-24,PE,2025-07-15 13:45:00+05:30,334.25,2025-07-18 09:45:00+05:30,434.525,target_30pct_hit,30.0,81.451,,0.0
target_50pct,NIFTY,weekly,2025-07-24,PE,2025-07-15 13:45:00+05:30,334.25,2025-07-18 10:20:00+05:30,501.375,target_50pct_hit,50.0,81.451,,0.0
target_75pct,NIFTY,weekly,2025-07-24,PE,2025-07-15 13:45:00+05:30,334.25,2025-07-21 09:25:00+05:30,584.9375,target_75pct_hit,75.0,81.451,,0.0
staggered_30_sl30_trail10,NIFTY,weekly,2025-07-24,PE,2025-07-21 09:20:00+05:30,551.0,2025-07-21 15:25:00+05:30,385.7,hard_sl,-30.0,10.0726,,1.0
target_30pct,NIFTY,weekly,2025-07-24,PE,2025-07-21 09:20:00+05:30,551.0,2025-07-24 15:30:00+05:30,438.8,hold_to_end,-20.363,10.0726,,0.0
target_50pct,NIFTY,weekly,2025-07-24,PE,2025-07-21 09:20:00+05:30,551.0,2025-07-24 15:30:00+05:30,438.8,hold_to_end,-20.363,10.0726,,0.0
target_75pct,NIFTY,weekly,2025-07-24,PE,2025-07-21 09:20:00+05:30,551.0,2025-07-24 15:30:00+05:30,438.8,hold_to_end,-20.363,10.0726,,0.0
staggered_30_sl30_trail10,NIFTY,weekly,2025-08-07,CE,2025-07-28 10:15:00+05:30,86.5,2025-07-28 12:15:00+05:30,60.55,hard_sl,-30.0,4.3931,,1.0
target_30pct,NIFTY,weekly,2025-08-07,CE,2025-07-28 10:15:00+05:30,86.5,2025-08-07 15:30:00+05:30,0.05,hold_to_end,-99.9422,4.3931,,0.0
target_50pct,NIFTY,weekly,2025-08-07,CE,2025-07-28 10:15:00+05:30,86.5,2025-08-07 15:30:00+05:30,0.05,hold_to_end,-99.9422,4.3931,,0.0
target_75pct,NIFTY,weekly,2025-08-07,CE,2025-07-28 10:15:00+05:30,86.5,2025-08-07 15:30:00+05:30,0.05,hold_to_end,-99.9422,4.3931,,0.0
staggered_30_sl30_trail10,NIFTY,weekly,2025-08-07,PE,2025-07-24 15:20:00+05:30,223.55,2025-07-25 09:15:00+05:30,276.045,trail_stop,25.4377,284.0752,30.0,0.7
target_30pct,NIFTY,weekly,2025-08-07,PE,2025-07-24 15:20:00+05:30,223.55,2025-07-25 09:15:00+05:30,290.615,target_30pct_hit,30.0,284.0752,,0.0
target_50pct,NIFTY,weekly,2025-08-07,PE,2025-07-24 15:20:00+05:30,223.55,2025-07-25 09:25:00+05:30,335.325,target_50pct_hit,50.0,284.0752,,0.0
target_75pct,NIFTY,weekly,2025-08-07,PE,2025-07-24 15:20:00+05:30,223.55,2025-07-25 11:50:00+05:30,391.2125,target_75pct_hit,75.0,284.0752,,0.0
staggered_30_sl30_trail10,NIFTY,weekly,2025-08-07,PE,2025-07-28 11:05:00+05:30,400.0,2025-07-28 14:40:00+05:30,498.85,trail_stop,26.2988,114.65,30.0,0.7
target_30pct,NIFTY,weekly,2025-08-07,PE,2025-07-28 11:05:00+05:30,400.0,2025-07-28 13:35:00+05:30,520.0,target_30pct_hit,30.0,114.65,,0.0
target_50pct,NIFTY,weekly,2025-08-07,PE,2025-07-28 11:05:00+05:30,400.0,2025-08-01 15:05:00+05:30,600.0,target_50pct_hit,50.0,114.65,,0.0
target_75pct,NIFTY,weekly,2025-08-07,PE,2025-07-28 11:05:00+05:30,400.0,2025-08-07 09:20:00+05:30,700.0,target_75pct_hit,75.0,114.65,,0.0
staggered_30_sl30_trail10,NIFTY,weekly,2025-08-07,PE,2025-07-29 10:15:00+05:30,521.3,2025-07-30 09:30:00+05:30,364.91,hard_sl,-30.0,64.7036,,1.0
target_30pct,NIFTY,weekly,2025-08-07,PE,2025-07-29 10:15:00+05:30,521.3,2025-08-07 09:15:00+05:30,677.69,target_30pct_hit,30.0,64.7036,,0.0
target_50pct,NIFTY,weekly,2025-08-07,PE,2025-07-29 10:15:00+05:30,521.3,2025-08-07 10:45:00+05:30,781.95,target_50pct_hit,50.0,64.7036,,0.0
target_75pct,NIFTY,weekly,2025-08-07,PE,2025-07-29 10:15:00+05:30,521.3,2025-08-07 15:30:00+05:30,605.0,hold_to_end,16.056,64.7036,,0.0
staggered_30_sl30_trail10,NIFTY,weekly,2025-08-14,CE,2025-08-04 10:40:00+05:30,193.05,2025-08-05 13:25:00+05:30,135.135,hard_sl,-30.0,21.7301,,1.0
target_30pct,NIFTY,weekly,2025-08-14,CE,2025-08-04 10:40:00+05:30,193.05,2025-08-14 15:30:00+05:30,0.05,hold_to_end,-99.9741,21.7301,,0.0
target_50pct,NIFTY,weekly,2025-08-14,CE,2025-08-04 10:40:00+05:30,193.05,2025-08-14 15:30:00+05:30,0.05,hold_to_end,-99.9741,21.7301,,0.0
target_75pct,NIFTY,weekly,2025-08-14,CE,2025-08-04 10:40:00+05:30,193.05,2025-08-14 15:30:00+05:30,0.05,hold_to_end,-99.9741,21.7301,,0.0
staggered_30_sl30_trail10,NIFTY,weekly,2025-08-14,PE,2025-07-31 15:05:00+05:30,153.0,2025-08-01 09:15:00+05:30,189.7,trail_stop,25.7908,141.6013,30.0,0.7
target_30pct,NIFTY,weekly,2025-08-14,PE,2025-07-31 15:05:00+05:30,153.0,2025-08-01 09:15:00+05:30,198.9,target_30pct_hit,30.0,141.6013,,0.0
target_50pct,NIFTY,weekly,2025-08-14,PE,2025-07-31 15:05:00+05:30,153.0,2025-08-01 11:45:00+05:30,229.5,target_50pct_hit,50.0,141.6013,,0.0
target_75pct,NIFTY,weekly,2025-08-14,PE,2025-07-31 15:05:00+05:30,153.0,2025-08-01 15:10:00+05:30,267.75,target_75pct_hit,75.0,141.6013,,0.0
staggered_30_sl30_trail10,NIFTY,weekly,2025-08-14,PE,2025-08-05 09:40:00+05:30,208.3,2025-08-07 09:15:00+05:30,257.17,trail_stop,25.4229,77.4604,30.0,0.7
target_30pct,NIFTY,weekly,2025-08-14,PE,2025-08-05 09:40:00+05:30,208.3,2025-08-07 09:15:00+05:30,270.79,target_30pct_hit,30.0,77.4604,,0.0
target_50pct,NIFTY,weekly,2025-08-14,PE,2025-08-05 09:40:00+05:30,208.3,2025-08-07 10:50:00+05:30,312.45,target_50pct_hit,50.0,77.4604,,0.0
target_75pct,NIFTY,weekly,2025-08-14,PE,2025-08-05 09:40:00+05:30,208.3,2025-08-07 13:35:00+05:30,364.525,target_75pct_hit,75.0,77.4604,,0.0
staggered_30_sl30_trail10,NIFTY,weekly,2025-08-14,PE,2025-08-08 10:10:00+05:30,268.15,2025-08-08 15:15:00+05:30,332.985,trail_stop,25.925,34.1786,30.0,0.7
target_30pct,NIFTY,weekly,2025-08-14,PE,2025-08-08 10:10:00+05:30,268.15,2025-08-08 15:15:00+05:30,348.595,target_30pct_hit,30.0,34.1786,,0.0
target_50pct,NIFTY,weekly,2025-08-14,PE,2025-08-08 10:10:00+05:30,268.15,2025-08-14 15:30:00+05:30,68.7,hold_to_end,-74.38,34.1786,,0.0
target_75pct,NIFTY,weekly,2025-08-14,PE,2025-08-08 10:10:00+05:30,268.15,2025-08-14 15:30:00+05:30,68.7,hold_to_end,-74.38,34.1786,,0.0
staggered_30_sl30_trail10,NIFTY,weekly,2025-08-14,PE,2025-08-12 11:05:00+05:30,173.75,2025-08-12 12:25:00+05:30,121.625,hard_sl,-30.0,27.7698,,1.0
target_30pct,NIFTY,weekly,2025-08-14,PE,2025-08-12 11:05:00+05:30,173.75,2025-08-14 15:30:00+05:30,68.7,hold_to_end,-60.4604,27.7698,,0.0
target_50pct,NIFTY,weekly,2025-08-14,PE,2025-08-12 11:05:00+05:30,173.75,2025-08-14 15:30:00+05:30,68.7,hold_to_end,-60.4604,27.7698,,0.0
target_75pct,NIFTY,weekly,2025-08-14,PE,2025-08-12 11:05:00+05:30,173.75,2025-08-14 15:30:00+05:30,68.7,hold_to_end,-60.4604,27.7698,,0.0
staggered_30_sl30_trail10,NIFTY,weekly,2025-08-21,CE,2025-08-07 14:25:00+05:30,199.0,2025-08-07 15:05:00+05:30,257.95,trail_stop,29.7362,226.2563,30.0,0.7
target_30pct,NIFTY,weekly,2025-08-21,CE,2025-08-07 14:25:00+05:30,199.0,2025-08-07 15:05:00+05:30,258.7,target_30pct_hit,30.0,226.2563,,0.0
target_50pct,NIFTY,weekly,2025-08-21,CE,2025-08-07 14:25:00+05:30,199.0,2025-08-07 15:25:00+05:30,298.5,target_50pct_hit,50.0,226.2563,,0.0
target_75pct,NIFTY,weekly,2025-08-21,CE,2025-08-07 14:25:00+05:30,199.0,2025-08-18 09:15:00+05:30,348.25,target_75pct_hit,75.0,226.2563,,0.0
staggered_30_sl30_trail10,NIFTY,weekly,2025-08-21,CE,2025-08-11 10:30:00+05:30,174.2,2025-08-11 15:15:00+05:30,223.73,trail_stop,28.903,272.7038,30.0,0.7
target_30pct,NIFTY,weekly,2025-08-21,CE,2025-08-11 10:30:00+05:30,174.2,2025-08-11 14:35:00+05:30,226.46,target_30pct_hit,30.0,272.7038,,0.0
target_50pct,NIFTY,weekly,2025-08-21,CE,2025-08-11 10:30:00+05:30,174.2,2025-08-12 09:35:00+05:30,261.3,target_50pct_hit,50.0,272.7038,,0.0
target_75pct,NIFTY,weekly,2025-08-21,CE,2025-08-11 10:30:00+05:30,174.2,2025-08-12 10:05:00+05:30,304.85,target_75pct_hit,75.0,272.7038,,0.0
staggered_30_sl30_trail10,NIFTY,weekly,2025-08-21,CE,2025-08-12 12:30:00+05:30,253.0,2025-08-12 15:05:00+05:30,177.1,hard_sl,-30.0,156.6206,,1.0
target_30pct,NIFTY,weekly,2025-08-21,CE,2025-08-12 12:30:00+05:30,253.0,2025-08-18 09:15:00+05:30,328.9,target_30pct_hit,30.0,156.6206,,0.0
target_50pct,NIFTY,weekly,2025-08-21,CE,2025-08-12 12:30:00+05:30,253.0,2025-08-18 09:15:00+05:30,379.5,target_50pct_hit,50.0,156.6206,,0.0
target_75pct,NIFTY,weekly,2025-08-21,CE,2025-08-12 12:30:00+05:30,253.0,2025-08-18 09:15:00+05:30,442.75,target_75pct_hit,75.0,156.6206,,0.0
staggered_30_sl30_trail10,NIFTY,weekly,2025-08-21,CE,2025-08-18 13:20:00+05:30,489.0,2025-08-21 12:30:00+05:30,596.2,trail_stop,24.3456,32.771,30.0,0.7
target_30pct,NIFTY,weekly,2025-08-21,CE,2025-08-18 13:20:00+05:30,489.0,2025-08-21 10:05:00+05:30,635.7,target_30pct_hit,30.0,32.771,,0.0
target_50pct,NIFTY,weekly,2025-08-21,CE,2025-08-18 13:20:00+05:30,489.0,2025-08-21 15:30:00+05:30,584.1,hold_to_end,19.4479,32.771,,0.0
target_75pct,NIFTY,weekly,2025-08-21,CE,2025-08-18 13:20:00+05:30,489.0,2025-08-21 15:30:00+05:30,584.1,hold_to_end,19.4479,32.771,,0.0
staggered_30_sl30_trail10,NIFTY,weekly,2025-08-21,CE,2025-08-21 12:45:00+05:30,620.0,2025-08-21 15:30:00+05:30,584.1,hold_to_end,-5.7903,4.7177,,1.0
target_30pct,NIFTY,weekly,2025-08-21,CE,2025-08-21 12:45:00+05:30,620.0,2025-08-21 15:30:00+05:30,584.1,hold_to_end,-5.7903,4.7177,,0.0
target_50pct,NIFTY,weekly,2025-08-21,CE,2025-08-21 12:45:00+05:30,620.0,2025-08-21 15:30:00+05:30,584.1,hold_to_end,-5.7903,4.7177,,0.0
target_75pct,NIFTY,weekly,2025-08-21,CE,2025-08-21 12:45:00+05:30,620.0,2025-08-21 15:30:00+05:30,584.1,hold_to_end,-5.7903,4.7177,,0.0
staggered_30_sl30_trail10,NIFTY,weekly,2025-08-21,PE,2025-08-08 10:10:00+05:30,187.4,2025-08-08 15:15:00+05:30,232.26,trail_stop,25.7567,33.9381,30.0,0.7
target_30pct,NIFTY,weekly,2025-08-21,PE,2025-08-08 10:10:00+05:30,187.4,2025-08-08 15:15:00+05:30,243.62,target_30pct_hit,30.0,33.9381,,0.0
target_50pct,NIFTY,weekly,2025-08-21,PE,2025-08-08 10:10:00+05:30,187.4,2025-08-21 15:30:00+05:30,0.05,hold_to_end,-99.9733,33.9381,,0.0
target_75pct,NIFTY,weekly,2025-08-21,PE,2025-08-08 10:10:00+05:30,187.4,2025-08-21 15:30:00+05:30,0.05,hold_to_end,-99.9733,33.9381,,0.0
staggered_30_sl30_trail10,NIFTY,weekly,2025-08-21,PE,2025-08-12 11:10:00+05:30,130.75,2025-08-12 12:40:00+05:30,91.525,hard_sl,-30.0,11.5488,,1.0
target_30pct,NIFTY,weekly,2025-08-21,PE,2025-08-12 11:10:00+05:30,130.75,2025-08-21 15:30:00+05:30,0.05,hold_to_end,-99.9618,11.5488,,0.0
target_50pct,NIFTY,weekly,2025-08-21,PE,2025-08-12 11:10:00+05:30,130.75,2025-08-21 15:30:00+05:30,0.05,hold_to_end,-99.9618,11.5488,,0.0
target_75pct,NIFTY,weekly,2025-08-21,PE,2025-08-12 11:10:00+05:30,130.75,2025-08-21 15:30:00+05:30,0.05,hold_to_end,-99.9618,11.5488,,0.0
staggered_30_sl30_trail10,SENSEX,weekly,2025-04-08,CE,2025-04-07 15:10:00+05:30,30.25,2025-04-07 15:20:00+05:30,21.175,hard_sl,-30.0,25.6198,,1.0
target_30pct,SENSEX,weekly,2025-04-08,CE,2025-04-07 15:10:00+05:30,30.25,2025-04-08 15:30:00+05:30,0.05,hold_to_end,-99.8347,25.6198,,0.0
target_50pct,SENSEX,weekly,2025-04-08,CE,2025-04-07 15:10:00+05:30,30.25,2025-04-08 15:30:00+05:30,0.05,hold_to_end,-99.8347,25.6198,,0.0
target_75pct,SENSEX,weekly,2025-04-08,CE,2025-04-07 15:10:00+05:30,30.25,2025-04-08 15:30:00+05:30,0.05,hold_to_end,-99.8347,25.6198,,0.0
staggered_30_sl30_trail10,SENSEX,weekly,2025-04-08,PE,2025-04-03 14:30:00+05:30,332.05,2025-04-04 09:15:00+05:30,509.445,trail_stop,45.3697,1134.031,30.0|40.0|50.0|60.0,0.4
target_30pct,SENSEX,weekly,2025-04-08,PE,2025-04-03 14:30:00+05:30,332.05,2025-04-04 09:15:00+05:30,431.665,target_30pct_hit,30.0,1134.031,,0.0
target_50pct,SENSEX,weekly,2025-04-08,PE,2025-04-03 14:30:00+05:30,332.05,2025-04-04 09:15:00+05:30,498.075,target_50pct_hit,50.0,1134.031,,0.0
target_75pct,SENSEX,weekly,2025-04-08,PE,2025-04-03 14:30:00+05:30,332.05,2025-04-04 09:20:00+05:30,581.0875,target_75pct_hit,75.0,1134.031,,0.0
staggered_30_sl30_trail10,SENSEX,weekly,2025-04-08,PE,2025-04-08 15:05:00+05:30,1892.9,2025-04-08 15:30:00+05:30,1877.4,hold_to_end,-0.8188,0.1268,,1.0
target_30pct,SENSEX,weekly,2025-04-08,PE,2025-04-08 15:05:00+05:30,1892.9,2025-04-08 15:30:00+05:30,1877.4,hold_to_end,-0.8188,0.1268,,0.0
target_50pct,SENSEX,weekly,2025-04-08,PE,2025-04-08 15:05:00+05:30,1892.9,2025-04-08 15:30:00+05:30,1877.4,hold_to_end,-0.8188,0.1268,,0.0
target_75pct,SENSEX,weekly,2025-04-08,PE,2025-04-08 15:05:00+05:30,1892.9,2025-04-08 15:30:00+05:30,1877.4,hold_to_end,-0.8188,0.1268,,0.0
staggered_30_sl30_trail10,SENSEX,weekly,2025-04-15,CE,2025-04-07 14:30:00+05:30,135.1,2025-04-07 15:10:00+05:30,197.64,trail_stop,41.1458,467.0244,30.0|40.0|50.0,0.5
target_30pct,SENSEX,weekly,2025-04-15,CE,2025-04-07 14:30:00+05:30,135.1,2025-04-07 15:10:00+05:30,175.63,target_30pct_hit,30.0,467.0244,,0.0
target_50pct,SENSEX,weekly,2025-04-15,CE,2025-04-07 14:30:00+05:30,135.1,2025-04-07 15:10:00+05:30,202.65,target_50pct_hit,50.0,467.0244,,0.0
target_75pct,SENSEX,weekly,2025-04-15,CE,2025-04-07 14:30:00+05:30,135.1,2025-04-07 15:30:00+05:30,236.425,target_75pct_hit,75.0,467.0244,,0.0
staggered_30_sl30_trail10,SENSEX,weekly,2025-04-15,CE,2025-04-08 11:10:00+05:30,196.8,2025-04-08 12:25:00+05:30,240.47,trail_stop,24.533,289.253,30.0,0.7
target_30pct,SENSEX,weekly,2025-04-15,CE,2025-04-08 11:10:00+05:30,196.8,2025-04-08 12:25:00+05:30,255.84,target_30pct_hit,30.0,289.253,,0.0
target_50pct,SENSEX,weekly,2025-04-15,CE,2025-04-08 11:10:00+05:30,196.8,2025-04-08 12:40:00+05:30,295.2,target_50pct_hit,50.0,289.253,,0.0
target_75pct,SENSEX,weekly,2025-04-15,CE,2025-04-08 11:10:00+05:30,196.8,2025-04-15 09:15:00+05:30,344.4,target_75pct_hit,75.0,289.253,,0.0
staggered_30_sl30_trail10,SENSEX,weekly,2025-04-15,CE,2025-04-09 15:10:00+05:30,130.7,2025-04-11 09:15:00+05:30,261.4,fully_laddered,58.0,486.1132,30.0|40.0|50.0|60.0|70.0|80.0|90.0|100.0,0.0
target_30pct,SENSEX,weekly,2025-04-15,CE,2025-04-09 15:10:00+05:30,130.7,2025-04-11 09:15:00+05:30,169.91,target_30pct_hit,30.0,486.1132,,0.0
target_50pct,SENSEX,weekly,2025-04-15,CE,2025-04-09 15:10:00+05:30,130.7,2025-04-11 09:15:00+05:30,196.05,target_50pct_hit,50.0,486.1132,,0.0
target_75pct,SENSEX,weekly,2025-04-15,CE,2025-04-09 15:10:00+05:30,130.7,2025-04-11 09:15:00+05:30,228.725,target_75pct_hit,75.0,486.1132,,0.0
staggered_30_sl30_trail10,SENSEX,weekly,2025-04-15,CE,2025-04-11 14:55:00+05:30,273.55,2025-04-15 09:15:00+05:30,547.1,fully_laddered,58.0,180.0402,30.0|40.0|50.0|60.0|70.0|80.0|90.0|100.0,0.0
target_30pct,SENSEX,weekly,2025-04-15,CE,2025-04-11 14:55:00+05:30,273.55,2025-04-15 09:15:00+05:30,355.615,target_30pct_hit,30.0,180.0402,,0.0
target_50pct,SENSEX,weekly,2025-04-15,CE,2025-04-11 14:55:00+05:30,273.55,2025-04-15 09:15:00+05:30,410.325,target_50pct_hit,50.0,180.0402,,0.0
target_75pct,SENSEX,weekly,2025-04-15,CE,2025-04-11 14:55:00+05:30,273.55,2025-04-15 09:15:00+05:30,478.7125,target_75pct_hit,75.0,180.0402,,0.0
staggered_30_sl30_trail10,SENSEX,weekly,2025-04-15,PE,2025-04-03 14:30:00+05:30,470.3,2025-04-04 09:20:00+05:30,735.92,trail_stop,46.5915,703.5935,30.0|40.0|50.0|60.0,0.4
target_30pct,SENSEX,weekly,2025-04-15,PE,2025-04-03 14:30:00+05:30,470.3,2025-04-04 09:15:00+05:30,611.39,target_30pct_hit,30.0,703.5935,,0.0
target_50pct,SENSEX,weekly,2025-04-15,PE,2025-04-03 14:30:00+05:30,470.3,2025-04-04 09:20:00+05:30,705.45,target_50pct_hit,50.0,703.5935,,0.0
target_75pct,SENSEX,weekly,2025-04-15,PE,2025-04-03 14:30:00+05:30,470.3,2025-04-04 09:25:00+05:30,823.025,target_75pct_hit,75.0,703.5935,,0.0
staggered_30_sl30_trail10,SENSEX,weekly,2025-04-15,PE,2025-04-09 09:15:00+05:30,2462.3,2025-04-11 09:20:00+05:30,1723.61,hard_sl,-30.0,12.8741,,1.0
target_30pct,SENSEX,weekly,2025-04-15,PE,2025-04-09 09:15:00+05:30,2462.3,2025-04-15 15:30:00+05:30,0.05,hold_to_end,-99.998,12.8741,,0.0
target_50pct,SENSEX,weekly,2025-04-15,PE,2025-04-09 09:15:00+05:30,2462.3,2025-04-15 15:30:00+05:30,0.05,hold_to_end,-99.998,12.8741,,0.0
target_75pct,SENSEX,weekly,2025-04-15,PE,2025-04-09 09:15:00+05:30,2462.3,2025-04-15 15:30:00+05:30,0.05,hold_to_end,-99.998,12.8741,,0.0
staggered_30_sl30_trail10,SENSEX,weekly,2025-04-22,CE,2025-04-09 12:15:00+05:30,1171.25,2025-04-11 09:15:00+05:30,1832.825,trail_stop,46.5938,392.4739,30.0|40.0|50.0|60.0,0.4
target_30pct,SENSEX,weekly,2025-04-22,CE,2025-04-09 12:15:00+05:30,1171.25,2025-04-11 09:15:00+05:30,1522.625,target_30pct_hit,30.0,392.4739,,0.0
target_50pct,SENSEX,weekly,2025-04-22,CE,2025-04-09 12:15:00+05:30,1171.25,2025-04-11 09:15:00+05:30,1756.875,target_50pct_hit,50.0,392.4739,,0.0
target_75pct,SENSEX,weekly,2025-04-22,CE,2025-04-09 12:15:00+05:30,1171.25,2025-04-11 09:50:00+05:30,2049.6875,target_75pct_hit,75.0,392.4739,,0.0
staggered_30_sl30_trail10,SENSEX,weekly,2025-04-22,CE,2025-04-15 09:25:00+05:30,2955.45,2025-04-22 15:30:00+05:30,5600.75,hold_to_end,56.9506,95.1682,30.0|40.0|50.0|60.0|70.0|80.0|90.0,0.1
target_30pct,SENSEX,weekly,2025-04-22,CE,2025-04-15 09:25:00+05:30,2955.45,2025-04-17 13:00:00+05:30,3842.085,target_30pct_hit,30.0,95.1682,,0.0
target_50pct,SENSEX,weekly,2025-04-22,CE,2025-04-15 09:25:00+05:30,2955.45,2025-04-17 13:50:00+05:30,4433.175,target_50pct_hit,50.0,95.1682,,0.0
target_75pct,SENSEX,weekly,2025-04-22,CE,2025-04-15 09:25:00+05:30,2955.45,2025-04-21 10:05:00+05:30,5172.0375,target_75pct_hit,75.0,95.1682,,0.0
staggered_30_sl30_trail10,SENSEX,weekly,2025-04-22,PE,2025-04-09 13:50:00+05:30,1134.85,2025-04-11 09:15:00+05:30,794.395,hard_sl,-30.0,4.1944,,1.0
target_30pct,SENSEX,weekly,2025-04-22,PE,2025-04-09 13:50:00+05:30,1134.85,2025-04-22 15:30:00+05:30,0.05,hold_to_end,-99.9956,4.1944,,0.0
target_50pct,SENSEX,weekly,2025-04-22,PE,2025-04-09 13:50:00+05:30,1134.85,2025-04-22 15:30:00+05:30,0.05,hold_to_end,-99.9956,4.1944,,0.0
target_75pct,SENSEX,weekly,2025-04-22,PE,2025-04-09 13:50:00+05:30,1134.85,2025-04-22 15:30:00+05:30,0.05,hold_to_end,-99.9956,4.1944,,0.0
staggered_30_sl30_trail10,SENSEX,weekly,2025-05-06,CE,2025-04-23 09:15:00+05:30,909.05,2025-04-25 09:55:00+05:30,636.335,hard_sl,-30.0,61.7073,,1.0
target_30pct,SENSEX,weekly,2025-05-06,CE,2025-04-23 09:15:00+05:30,909.05,2025-05-02 09:30:00+05:30,1181.765,target_30pct_hit,30.0,61.7073,,0.0
target_50pct,SENSEX,weekly,2025-05-06,CE,2025-04-23 09:15:00+05:30,909.05,2025-05-02 09:50:00+05:30,1363.575,target_50pct_hit,50.0,61.7073,,0.0
target_75pct,SENSEX,weekly,2025-05-06,CE,2025-04-23 09:15:00+05:30,909.05,2025-05-06 15:30:00+05:30,642.8,hold_to_end,-29.2888,61.7073,,0.0
staggered_30_sl30_trail10,SENSEX,weekly,2025-05-06,CE,2025-05-02 13:45:00+05:30,918.5,2025-05-02 14:35:00+05:30,642.95,hard_sl,-30.0,21.2847,,1.0
target_30pct,SENSEX,weekly,2025-05-06,CE,2025-05-02 13:45:00+05:30,918.5,2025-05-06 15:30:00+05:30,642.8,hold_to_end,-30.0163,21.2847,,0.0
target_50pct,SENSEX,weekly,2025-05-06,CE,2025-05-02 13:45:00+05:30,918.5,2025-05-06 15:30:00+05:30,642.8,hold_to_end,-30.0163,21.2847,,0.0
target_75pct,SENSEX,weekly,2025-05-06,CE,2025-05-02 13:45:00+05:30,918.5,2025-05-06 15:30:00+05:30,642.8,hold_to_end,-30.0163,21.2847,,0.0
staggered_30_sl30_trail10,SENSEX,weekly,2025-05-06,PE,2025-04-22 12:45:00+05:30,984.45,2025-04-23 09:20:00+05:30,689.115,hard_sl,-30.0,62.5273,,1.0
target_30pct,SENSEX,weekly,2025-05-06,PE,2025-04-22 12:45:00+05:30,984.45,2025-04-25 10:05:00+05:30,1279.785,target_30pct_hit,30.0,62.5273,,0.0
target_50pct,SENSEX,weekly,2025-05-06,PE,2025-04-22 12:45:00+05:30,984.45,2025-04-25 10:30:00+05:30,1476.675,target_50pct_hit,50.0,62.5273,,0.0
target_75pct,SENSEX,weekly,2025-05-06,PE,2025-04-22 12:45:00+05:30,984.45,2025-05-06 15:30:00+05:30,0.05,hold_to_end,-99.9949,62.5273,,0.0
staggered_30_sl30_trail10,SENSEX,weekly,2025-05-06,PE,2025-04-25 15:30:00+05:30,1286.0,2025-04-28 09:35:00+05:30,900.2,hard_sl,-30.0,2.6827,,1.0
target_30pct,SENSEX,weekly,2025-05-06,PE,2025-04-25 15:30:00+05:30,1286.0,2025-05-06 15:30:00+05:30,0.05,hold_to_end,-99.9961,2.6827,,0.0
target_50pct,SENSEX,weekly,2025-05-06,PE,2025-04-25 15:30:00+05:30,1286.0,2025-05-06 15:30:00+05:30,0.05,hold_to_end,-99.9961,2.6827,,0.0
target_75pct,SENSEX,weekly,2025-05-06,PE,2025-04-25 15:30:00+05:30,1286.0,2025-05-06 15:30:00+05:30,0.05,hold_to_end,-99.9961,2.6827,,0.0
staggered_30_sl30_trail10,SENSEX,weekly,2025-05-13,CE,2025-04-29 13:10:00+05:30,893.3,2025-05-02 10:25:00+05:30,1279.62,trail_stop,39.6232,143.4568,30.0|40.0|50.0,0.5
target_30pct,SENSEX,weekly,2025-05-13,CE,2025-04-29 13:10:00+05:30,893.3,2025-05-02 09:35:00+05:30,1161.29,target_30pct_hit,30.0,143.4568,,0.0
target_50pct,SENSEX,weekly,2025-05-13,CE,2025-04-29 13:10:00+05:30,893.3,2025-05-02 10:05:00+05:30,1339.95,target_50pct_hit,50.0,143.4568,,0.0
target_75pct,SENSEX,weekly,2025-05-13,CE,2025-04-29 13:10:00+05:30,893.3,2025-05-12 13:35:00+05:30,1563.275,target_75pct_hit,75.0,143.4568,,0.0
staggered_30_sl30_trail10,SENSEX,weekly,2025-05-13,CE,2025-05-02 13:45:00+05:30,966.0,2025-05-06 10:00:00+05:30,676.2,hard_sl,-30.0,125.1346,,1.0
target_30pct,SENSEX,weekly,2025-05-13,CE,2025-05-02 13:45:00+05:30,966.0,2025-05-12 10:00:00+05:30,1255.8,target_30pct_hit,30.0,125.1346,,0.0
target_50pct,SENSEX,weekly,2025-05-13,CE,2025-05-02 13:45:00+05:30,966.0,2025-05-12 12:35:00+05:30,1449.0,target_50pct_hit,50.0,125.1346,,0.0
target_75pct,SENSEX,weekly,2025-05-13,CE,2025-05-02 13:45:00+05:30,966.0,2025-05-12 14:15:00+05:30,1690.5,target_75pct_hit,75.0,125.1346,,0.0
staggered_30_sl30_trail10,SENSEX,weekly,2025-05-13,PE,2025-04-29 12:25:00+05:30,1106.35,2025-05-02 09:30:00+05:30,774.445,hard_sl,-30.0,58.7472,,1.0
target_30pct,SENSEX,weekly,2025-05-13,PE,2025-04-29 12:25:00+05:30,1106.35,2025-05-09 09:15:00+05:30,1438.255,target_30pct_hit,30.0,58.7472,,0.0
target_50pct,SENSEX,weekly,2025-05-13,PE,2025-04-29 12:25:00+05:30,1106.35,2025-05-09 09:15:00+05:30,1659.525,target_50pct_hit,50.0,58.7472,,0.0
target_75pct,SENSEX,weekly,2025-05-13,PE,2025-04-29 12:25:00+05:30,1106.35,2025-05-13 15:30:00+05:30,0.05,hold_to_end,-99.9955,58.7472,,0.0
staggered_30_sl30_trail10,SENSEX,weekly,2025-05-13,PE,2025-05-13 10:40:00+05:30,71.05,2025-05-13 10:50:00+05:30,49.735,hard_sl,-30.0,36.1717,,1.0
target_30pct,SENSEX,weekly,2025-05-13,PE,2025-05-13 10:40:00+05:30,71.05,2025-05-13 15:30:00+05:30,0.05,hold_to_end,-99.9296,36.1717,,0.0
target_50pct,SENSEX,weekly,2025-05-13,PE,2025-05-13 10:40:00+05:30,71.05,2025-05-13 15:30:00+05:30,0.05,hold_to_end,-99.9296,36.1717,,0.0
target_75pct,SENSEX,weekly,2025-05-13,PE,2025-05-13 10:40:00+05:30,71.05,2025-05-13 15:30:00+05:30,0.05,hold_to_end,-99.9296,36.1717,,0.0
staggered_30_sl30_trail10,SENSEX,weekly,2025-05-20,CE,2025-05-06 13:40:00+05:30,1037.55,2025-05-09 09:30:00+05:30,726.285,hard_sl,-30.0,119.9749,,1.0
target_30pct,SENSEX,weekly,2025-05-20,CE,2025-05-06 13:40:00+05:30,1037.55,2025-05-12 10:15:00+05:30,1348.815,target_30pct_hit,30.0,119.9749,,0.0
target_50pct,SENSEX,weekly,2025-05-20,CE,2025-05-06 13:40:00+05:30,1037.55,2025-05-12 11:25:00+05:30,1556.325,target_50pct_hit,50.0,119.9749,,0.0
target_75pct,SENSEX,weekly,2025-05-20,CE,2025-05-06 13:40:00+05:30,1037.55,2025-05-12 12:40:00+05:30,1815.7125,target_75pct_hit,75.0,119.9749,,0.0
staggered_30_sl30_trail10,SENSEX,weekly,2025-05-20,CE,2025-05-14 09:30:00+05:30,1286.1,2025-05-14 12:50:00+05:30,900.27,hard_sl,-30.0,70.6749,,1.0
target_30pct,SENSEX,weekly,2025-05-20,CE,2025-05-14 09:30:00+05:30,1286.1,2025-05-15 13:15:00+05:30,1671.93,target_30pct_hit,30.0,70.6749,,0.0
target_50pct,SENSEX,weekly,2025-05-20,CE,2025-05-14 09:30:00+05:30,1286.1,2025-05-15 13:45:00+05:30,1929.15,target_50pct_hit,50.0,70.6749,,0.0
target_75pct,SENSEX,weekly,2025-05-20,CE,2025-05-14 09:30:00+05:30,1286.1,2025-05-20 15:30:00+05:30,584.65,hold_to_end,-54.5409,70.6749,,0.0
staggered_30_sl30_trail10,SENSEX,weekly,2025-05-20,CE,2025-05-16 12:55:00+05:30,1873.8,2025-05-20 09:55:00+05:30,1311.66,hard_sl,-30.0,2.6257,,1.0
target_30pct,SENSEX,weekly,2025-05-20,CE,2025-05-16 12:55:00+05:30,1873.8,2025-05-20 15:30:00+05:30,584.65,hold_to_end,-68.7987,2.6257,,0.0
target_50pct,SENSEX,weekly,2025-05-20,CE,2025-05-16 12:55:00+05:30,1873.8,2025-05-20 15:30:00+05:30,584.65,hold_to_end,-68.7987,2.6257,,0.0
target_75pct,SENSEX,weekly,2025-05-20,CE,2025-05-16 12:55:00+05:30,1873.8,2025-05-20 15:30:00+05:30,584.65,hold_to_end,-68.7987,2.6257,,0.0
staggered_30_sl30_trail10,SENSEX,weekly,2025-05-20,PE,2025-05-06 15:25:00+05:30,908.55,2025-05-08 14:55:00+05:30,1244.895,trail_stop,35.212,91.2333,30.0|40.0,0.6
target_30pct,SENSEX,weekly,2025-05-20,PE,2025-05-06 15:25:00+05:30,908.55,2025-05-08 14:55:00+05:30,1181.115,target_30pct_hit,30.0,91.2333,,0.0
target_50pct,SENSEX,weekly,2025-05-20,PE,2025-05-06 15:25:00+05:30,908.55,2025-05-09 09:20:00+05:30,1362.825,target_50pct_hit,50.0,91.2333,,0.0
target_75pct,SENSEX,weekly,2025-05-20,PE,2025-05-06 15:25:00+05:30,908.55,2025-05-09 10:00:00+05:30,1589.9625,target_75pct_hit,75.0,91.2333,,0.0
staggered_30_sl30_trail10,SENSEX,weekly,2025-05-20,PE,2025-05-13 13:30:00+05:30,524.95,2025-05-14 09:20:00+05:30,367.465,hard_sl,-30.0,3.6765,,1.0
target_30pct,SENSEX,weekly,2025-05-20,PE,2025-05-13 13:30:00+05:30,524.95,2025-05-20 15:30:00+05:30,0.1,hold_to_end,-99.981,3.6765,,0.0
target_50pct,SENSEX,weekly,2025-05-20,PE,2025-05-13 13:30:00+05:30,524.95,2025-05-20 15:30:00+05:30,0.1,hold_to_end,-99.981,3.6765,,0.0
target_75pct,SENSEX,weekly,2025-05-20,PE,2025-05-13 13:30:00+05:30,524.95,2025-05-20 15:30:00+05:30,0.1,hold_to_end,-99.981,3.6765,,0.0
staggered_30_sl30_trail10,SENSEX,weekly,2025-06-03,CE,2025-05-21 09:45:00+05:30,939.7,2025-05-22 09:20:00+05:30,657.79,hard_sl,-30.0,31.4249,,1.0
target_30pct,SENSEX,weekly,2025-06-03,CE,2025-05-21 09:45:00+05:30,939.7,2025-05-26 09:50:00+05:30,1221.61,target_30pct_hit,30.0,31.4249,,0.0
target_50pct,SENSEX,weekly,2025-06-03,CE,2025-05-21 09:45:00+05:30,939.7,2025-06-03 15:30:00+05:30,0.05,hold_to_end,-99.9947,31.4249,,0.0
target_75pct,SENSEX,weekly,2025-06-03,CE,2025-05-21 09:45:00+05:30,939.7,2025-06-03 15:30:00+05:30,0.05,hold_to_end,-99.9947,31.4249,,0.0
staggered_30_sl30_trail10,SENSEX,weekly,2025-06-03,CE,2025-05-26 15:20:00+05:30,1054.0,2025-05-27 09:25:00+05:30,737.8,hard_sl,-30.0,13.852,,1.0
target_30pct,SENSEX,weekly,2025-06-03,CE,2025-05-26 15:20:00+05:30,1054.0,2025-06-03 15:30:00+05:30,0.05,hold_to_end,-99.9953,13.852,,0.0
target_50pct,SENSEX,weekly,2025-06-03,CE,2025-05-26 15:20:00+05:30,1054.0,2025-06-03 15:30:00+05:30,0.05,hold_to_end,-99.9953,13.852,,0.0
target_75pct,SENSEX,weekly,2025-06-03,CE,2025-05-26 15:20:00+05:30,1054.0,2025-06-03 15:30:00+05:30,0.05,hold_to_end,-99.9953,13.852,,0.0
staggered_30_sl30_trail10,SENSEX,weekly,2025-06-03,PE,2025-05-21 12:05:00+05:30,1069.65,2025-05-22 09:20:00+05:30,1284.585,trail_stop,23.0658,56.3736,30.0,0.7
target_30pct,SENSEX,weekly,2025-06-03,PE,2025-05-21 12:05:00+05:30,1069.65,2025-05-22 09:20:00+05:30,1390.545,target_30pct_hit,30.0,56.3736,,0.0
target_50pct,SENSEX,weekly,2025-06-03,PE,2025-05-21 12:05:00+05:30,1069.65,2025-05-22 14:20:00+05:30,1604.475,target_50pct_hit,50.0,56.3736,,0.0
target_75pct,SENSEX,weekly,2025-06-03,PE,2025-05-21 12:05:00+05:30,1069.65,2025-06-03 15:30:00+05:30,1263.4,hold_to_end,18.1134,56.3736,,0.0
staggered_30_sl30_trail10,SENSEX,weekly,2025-06-03,PE,2025-05-23 14:55:00+05:30,1000.0,2025-05-26 09:25:00+05:30,700.0,hard_sl,-30.0,53.105,,1.0
target_30pct,SENSEX,weekly,2025-06-03,PE,2025-05-23 14:55:00+05:30,1000.0,2025-05-27 09:25:00+05:30,1300.0,target_30pct_hit,30.0,53.105,,0.0
target_50pct,SENSEX,weekly,2025-06-03,PE,2025-05-23 14:55:00+05:30,1000.0,2025-06-02 09:35:00+05:30,1500.0,target_50pct_hit,50.0,53.105,,0.0
target_75pct,SENSEX,weekly,2025-06-03,PE,2025-05-23 14:55:00+05:30,1000.0,2025-06-03 15:30:00+05:30,1263.4,hold_to_end,26.34,53.105,,0.0
staggered_30_sl30_trail10,SENSEX,weekly,2025-06-03,PE,2025-05-27 12:45:00+05:30,1048.1,2025-05-27 14:20:00+05:30,1311.44,trail_stop,26.5878,46.0786,30.0,0.7
target_30pct,SENSEX,weekly,2025-06-03,PE,2025-05-27 12:45:00+05:30,1048.1,2025-05-27 14:20:00+05:30,1362.53,target_30pct_hit,30.0,46.0786,,0.0
target_50pct,SENSEX,weekly,2025-06-03,PE,2025-05-27 12:45:00+05:30,1048.1,2025-06-03 15:30:00+05:30,1263.4,hold_to_end,20.5419,46.0786,,0.0
target_75pct,SENSEX,weekly,2025-06-03,PE,2025-05-27 12:45:00+05:30,1048.1,2025-06-03 15:30:00+05:30,1263.4,hold_to_end,20.5419,46.0786,,0.0
staggered_30_sl30_trail10,SENSEX,weekly,2025-06-03,PE,2025-05-28 09:30:00+05:30,1287.45,2025-05-29 09:15:00+05:30,901.215,hard_sl,-30.0,18.9211,,1.0
target_30pct,SENSEX,weekly,2025-06-03,PE,2025-05-28 09:30:00+05:30,1287.45,2025-06-03 15:30:00+05:30,1263.4,hold_to_end,-1.868,18.9211,,0.0
target_50pct,SENSEX,weekly,2025-06-03,PE,2025-05-28 09:30:00+05:30,1287.45,2025-06-03 15:30:00+05:30,1263.4,hold_to_end,-1.868,18.9211,,0.0
target_75pct,SENSEX,weekly,2025-06-03,PE,2025-05-28 09:30:00+05:30,1287.45,2025-06-03 15:30:00+05:30,1263.4,hold_to_end,-1.868,18.9211,,0.0
staggered_30_sl30_trail10,SENSEX,weekly,2025-06-10,CE,2025-05-28 13:05:00+05:30,1033.4,2025-05-29 12:40:00+05:30,723.38,hard_sl,-30.0,0.0,,1.0
target_30pct,SENSEX,weekly,2025-06-10,CE,2025-05-28 13:05:00+05:30,1033.4,2025-06-10 15:30:00+05:30,592.55,hold_to_end,-42.6602,0.0,,0.0
target_50pct,SENSEX,weekly,2025-06-10,CE,2025-05-28 13:05:00+05:30,1033.4,2025-06-10 15:30:00+05:30,592.55,hold_to_end,-42.6602,0.0,,0.0
target_75pct,SENSEX,weekly,2025-06-10,CE,2025-05-28 13:05:00+05:30,1033.4,2025-06-10 15:30:00+05:30,592.55,hold_to_end,-42.6602,0.0,,0.0
staggered_30_sl30_trail10,SENSEX,weekly,2025-06-10,PE,2025-05-27 13:30:00+05:30,1275.0,2025-06-05 09:25:00+05:30,892.5,hard_sl,-30.0,25.5529,,1.0
target_30pct,SENSEX,weekly,2025-06-10,PE,2025-05-27 13:30:00+05:30,1275.0,2025-06-10 15:30:00+05:30,0.05,hold_to_end,-99.9961,25.5529,,0.0
target_50pct,SENSEX,weekly,2025-06-10,PE,2025-05-27 13:30:00+05:30,1275.0,2025-06-10 15:30:00+05:30,0.05,hold_to_end,-99.9961,25.5529,,0.0
target_75pct,SENSEX,weekly,2025-06-10,PE,2025-05-27 13:30:00+05:30,1275.0,2025-06-10 15:30:00+05:30,0.05,hold_to_end,-99.9961,25.5529,,0.0
staggered_30_sl30_trail10,SENSEX,weekly,2025-06-17,CE,2025-06-04 14:00:00+05:30,818.0,2025-06-05 12:15:00+05:30,1138.15,trail_stop,36.4829,87.3716,30.0|40.0,0.6
target_30pct,SENSEX,weekly,2025-06-17,CE,2025-06-04 14:00:00+05:30,818.0,2025-06-05 12:10:00+05:30,1063.4,target_30pct_hit,30.0,87.3716,,0.0
target_50pct,SENSEX,weekly,2025-06-17,CE,2025-06-04 14:00:00+05:30,818.0,2025-06-06 10:50:00+05:30,1227.0,target_50pct_hit,50.0,87.3716,,0.0
target_75pct,SENSEX,weekly,2025-06-17,CE,2025-06-04 14:00:00+05:30,818.0,2025-06-06 12:00:00+05:30,1431.5,target_75pct_hit,75.0,87.3716,,0.0
staggered_30_sl30_trail10,SENSEX,weekly,2025-06-17,CE,2025-06-06 10:35:00+05:30,1040.0,2025-06-06 12:25:00+05:30,1360.55,trail_stop,31.4933,47.375,30.0|40.0,0.6
target_30pct,SENSEX,weekly,2025-06-17,CE,2025-06-06 10:35:00+05:30,1040.0,2025-06-06 11:50:00+05:30,1352.0,target_30pct_hit,30.0,47.375,,0.0
target_50pct,SENSEX,weekly,2025-06-17,CE,2025-06-06 10:35:00+05:30,1040.0,2025-06-17 15:30:00+05:30,183.05,hold_to_end,-82.399,47.375,,0.0
target_75pct,SENSEX,weekly,2025-06-17,CE,2025-06-06 10:35:00+05:30,1040.0,2025-06-17 15:30:00+05:30,183.05,hold_to_end,-82.399,47.375,,0.0
staggered_30_sl30_trail10,SENSEX,weekly,2025-06-17,CE,2025-06-11 11:10:00+05:30,1400.0,2025-06-12 12:05:00+05:30,980.0,hard_sl,-30.0,9.4679,,1.0
target_30pct,SENSEX,weekly,2025-06-17,CE,2025-06-11 11:10:00+05:30,1400.0,2025-06-17 15:30:00+05:30,183.05,hold_to_end,-86.925,9.4679,,0.0
target_50pct,SENSEX,weekly,2025-06-17,CE,2025-06-11 11:10:00+05:30,1400.0,2025-06-17 15:30:00+05:30,183.05,hold_to_end,-86.925,9.4679,,0.0
target_75pct,SENSEX,weekly,2025-06-17,CE,2025-06-11 11:10:00+05:30,1400.0,2025-06-17 15:30:00+05:30,183.05,hold_to_end,-86.925,9.4679,,0.0
staggered_30_sl30_trail10,SENSEX,weekly,2025-06-17,PE,2025-06-05 14:00:00+05:30,758.8,2025-06-06 10:45:00+05:30,531.16,hard_sl,-30.0,52.2404,,1.0
target_30pct,SENSEX,weekly,2025-06-17,PE,2025-06-05 14:00:00+05:30,758.8,2025-06-13 09:15:00+05:30,986.44,target_30pct_hit,30.0,52.2404,,0.0
target_50pct,SENSEX,weekly,2025-06-17,PE,2025-06-05 14:00:00+05:30,758.8,2025-06-13 09:15:00+05:30,1138.2,target_50pct_hit,50.0,52.2404,,0.0
target_75pct,SENSEX,weekly,2025-06-17,PE,2025-06-05 14:00:00+05:30,758.8,2025-06-17 15:30:00+05:30,0.1,hold_to_end,-99.9868,52.2404,,0.0
staggered_30_sl30_trail10,SENSEX,weekly,2025-06-17,PE,2025-06-13 14:55:00+05:30,709.75,2025-06-16 09:15:00+05:30,496.825,hard_sl,-30.0,9.3836,,1.0
target_30pct,SENSEX,weekly,2025-06-17,PE,2025-06-13 14:55:00+05:30,709.75,2025-06-17 15:30:00+05:30,0.1,hold_to_end,-99.9859,9.3836,,0.0
target_50pct,SENSEX,weekly,2025-06-17,PE,2025-06-13 14:55:00+05:30,709.75,2025-06-17 15:30:00+05:30,0.1,hold_to_end,-99.9859,9.3836,,0.0
target_75pct,SENSEX,weekly,2025-06-17,PE,2025-06-13 14:55:00+05:30,709.75,2025-06-17 15:30:00+05:30,0.1,hold_to_end,-99.9859,9.3836,,0.0
staggered_30_sl30_trail10,SENSEX,weekly,2025-07-01,CE,2025-06-17 14:35:00+05:30,775.85,2025-06-20 15:30:00+05:30,985.315,trail_stop,27.8987,181.4655,30.0,0.7
target_30pct,SENSEX,weekly,2025-07-01,CE,2025-06-17 14:35:00+05:30,775.85,2025-06-20 15:05:00+05:30,1008.605,target_30pct_hit,30.0,181.4655,,0.0
target_50pct,SENSEX,weekly,2025-07-01,CE,2025-06-17 14:35:00+05:30,775.85,2025-06-24 09:20:00+05:30,1163.775,target_50pct_hit,50.0,181.4655,,0.0
target_75pct,SENSEX,weekly,2025-07-01,CE,2025-06-17 14:35:00+05:30,775.85,2025-06-24 12:00:00+05:30,1357.7375,target_75pct_hit,75.0,181.4655,,0.0
staggered_30_sl30_trail10,SENSEX,weekly,2025-07-01,CE,2025-06-23 13:20:00+05:30,735.8,2025-06-24 09:15:00+05:30,1079.12,trail_stop,41.3297,196.7858,30.0|40.0|50.0,0.5
target_30pct,SENSEX,weekly,2025-07-01,CE,2025-06-23 13:20:00+05:30,735.8,2025-06-24 09:15:00+05:30,956.54,target_30pct_hit,30.0,196.7858,,0.0
target_50pct,SENSEX,weekly,2025-07-01,CE,2025-06-23 13:20:00+05:30,735.8,2025-06-24 09:15:00+05:30,1103.7,target_50pct_hit,50.0,196.7858,,0.0
target_75pct,SENSEX,weekly,2025-07-01,CE,2025-06-23 13:20:00+05:30,735.8,2025-06-24 11:15:00+05:30,1287.65,target_75pct_hit,75.0,196.7858,,0.0
staggered_30_sl30_trail10,SENSEX,weekly,2025-07-01,CE,2025-06-25 09:45:00+05:30,976.3,2025-06-26 09:30:00+05:30,1260.72,trail_stop,29.3927,123.6761,30.0,0.7
target_30pct,SENSEX,weekly,2025-07-01,CE,2025-06-25 09:45:00+05:30,976.3,2025-06-26 09:30:00+05:30,1269.19,target_30pct_hit,30.0,123.6761,,0.0
target_50pct,SENSEX,weekly,2025-07-01,CE,2025-06-25 09:45:00+05:30,976.3,2025-06-26 09:55:00+05:30,1464.45,target_50pct_hit,50.0,123.6761,,0.0
target_75pct,SENSEX,weekly,2025-07-01,CE,2025-06-25 09:45:00+05:30,976.3,2025-06-26 13:50:00+05:30,1708.525,target_75pct_hit,75.0,123.6761,,0.0
staggered_30_sl30_trail10,SENSEX,weekly,2025-07-01,CE,2025-07-01 09:35:00+05:30,1822.55,2025-07-01 15:30:00+05:30,1800.55,hold_to_end,-1.2071,2.7324,,1.0
target_30pct,SENSEX,weekly,2025-07-01,CE,2025-07-01 09:35:00+05:30,1822.55,2025-07-01 15:30:00+05:30,1800.55,hold_to_end,-1.2071,2.7324,,0.0
target_50pct,SENSEX,weekly,2025-07-01,CE,2025-07-01 09:35:00+05:30,1822.55,2025-07-01 15:30:00+05:30,1800.55,hold_to_end,-1.2071,2.7324,,0.0
target_75pct,SENSEX,weekly,2025-07-01,CE,2025-07-01 09:35:00+05:30,1822.55,2025-07-01 15:30:00+05:30,1800.55,hold_to_end,-1.2071,2.7324,,0.0
staggered_30_sl30_trail10,SENSEX,weekly,2025-07-01,PE,2025-06-17 12:55:00+05:30,1040.4,2025-06-20 10:15:00+05:30,728.28,hard_sl,-30.0,3.7101,,1.0
target_30pct,SENSEX,weekly,2025-07-01,PE,2025-06-17 12:55:00+05:30,1040.4,2025-07-01 15:30:00+05:30,0.05,hold_to_end,-99.9952,3.7101,,0.0
target_50pct,SENSEX,weekly,2025-07-01,PE,2025-06-17 12:55:00+05:30,1040.4,2025-07-01 15:30:00+05:30,0.05,hold_to_end,-99.9952,3.7101,,0.0
target_75pct,SENSEX,weekly,2025-07-01,PE,2025-06-17 12:55:00+05:30,1040.4,2025-07-01 15:30:00+05:30,0.05,hold_to_end,-99.9952,3.7101,,0.0
staggered_30_sl30_trail10,SENSEX,weekly,2025-07-08,CE,2025-06-25 09:55:00+05:30,798.35,2025-06-26 09:30:00+05:30,982.415,trail_stop,25.139,79.6267,30.0,0.7
target_30pct,SENSEX,weekly,2025-07-08,CE,2025-06-25 09:55:00+05:30,798.35,2025-06-26 09:30:00+05:30,1037.855,target_30pct_hit,30.0,79.6267,,0.0
target_50pct,SENSEX,weekly,2025-07-08,CE,2025-06-25 09:55:00+05:30,798.35,2025-06-26 13:50:00+05:30,1197.525,target_50pct_hit,50.0,79.6267,,0.0
target_75pct,SENSEX,weekly,2025-07-08,CE,2025-06-25 09:55:00+05:30,798.35,2025-06-26 14:05:00+05:30,1397.1125,target_75pct_hit,75.0,79.6267,,0.0
staggered_30_sl30_trail10,SENSEX,weekly,2025-07-08,CE,2025-06-26 13:50:00+05:30,1355.0,2025-07-02 13:20:00+05:30,948.5,hard_sl,-30.0,5.8339,,1.0
target_30pct,SENSEX,weekly,2025-07-08,CE,2025-06-26 13:50:00+05:30,1355.0,2025-07-08 15:30:00+05:30,1009.95,hold_to_end,-25.4649,5.8339,,0.0
target_50pct,SENSEX,weekly,2025-07-08,CE,2025-06-26 13:50:00+05:30,1355.0,2025-07-08 15:30:00+05:30,1009.95,hold_to_end,-25.4649,5.8339,,0.0
target_75pct,SENSEX,weekly,2025-07-08,CE,2025-06-26 13:50:00+05:30,1355.0,2025-07-08 15:30:00+05:30,1009.95,hold_to_end,-25.4649,5.8339,,0.0
staggered_30_sl30_trail10,SENSEX,weekly,2025-07-08,PE,2025-06-24 13:20:00+05:30,870.65,2025-06-26 09:25:00+05:30,609.455,hard_sl,-30.0,29.1391,,1.0
target_30pct,SENSEX,weekly,2025-07-08,PE,2025-06-24 13:20:00+05:30,870.65,2025-07-08 15:30:00+05:30,0.05,hold_to_end,-99.9943,29.1391,,0.0
target_50pct,SENSEX,weekly,2025-07-08,PE,2025-06-24 13:20:00+05:30,870.65,2025-07-08 15:30:00+05:30,0.05,hold_to_end,-99.9943,29.1391,,0.0
target_75pct,SENSEX,weekly,2025-07-08,PE,2025-06-24 13:20:00+05:30,870.65,2025-07-08 15:30:00+05:30,0.05,hold_to_end,-99.9943,29.1391,,0.0
staggered_30_sl30_trail10,SENSEX,weekly,2025-07-15,CE,2025-07-01 13:15:00+05:30,904.75,2025-07-02 13:30:00+05:30,633.325,hard_sl,-30.0,0.0,,1.0
target_30pct,SENSEX,weekly,2025-07-15,CE,2025-07-01 13:15:00+05:30,904.75,2025-07-15 15:30:00+05:30,0.05,hold_to_end,-99.9945,0.0,,0.0
target_50pct,SENSEX,weekly,2025-07-15,CE,2025-07-01 13:15:00+05:30,904.75,2025-07-15 15:30:00+05:30,0.05,hold_to_end,-99.9945,0.0,,0.0
target_75pct,SENSEX,weekly,2025-07-15,CE,2025-07-01 13:15:00+05:30,904.75,2025-07-15 15:30:00+05:30,0.05,hold_to_end,-99.9945,0.0,,0.0
staggered_30_sl30_trail10,SENSEX,weekly,2025-07-15,PE,2025-07-01 13:10:00+05:30,669.25,2025-07-02 13:30:00+05:30,816.925,trail_stop,24.446,128.5245,30.0,0.7
target_30pct,SENSEX,weekly,2025-07-15,PE,2025-07-01 13:10:00+05:30,669.25,2025-07-02 13:30:00+05:30,870.025,target_30pct_hit,30.0,128.5245,,0.0
target_50pct,SENSEX,weekly,2025-07-15,PE,2025-07-01 13:10:00+05:30,669.25,2025-07-11 11:00:00+05:30,1003.875,target_50pct_hit,50.0,128.5245,,0.0
target_75pct,SENSEX,weekly,2025-07-15,PE,2025-07-01 13:10:00+05:30,669.25,2025-07-14 09:15:00+05:30,1171.1875,target_75pct_hit,75.0,128.5245,,0.0
staggered_30_sl30_trail10,SENSEX,weekly,2025-07-15,PE,2025-07-03 12:25:00+05:30,627.9,2025-07-03 14:50:00+05:30,771.56,trail_stop,25.0156,143.5738,30.0,0.7
target_30pct,SENSEX,weekly,2025-07-15,PE,2025-07-03 12:25:00+05:30,627.9,2025-07-03 14:40:00+05:30,816.27,target_30pct_hit,30.0,143.5738,,0.0
target_50pct,SENSEX,weekly,2025-07-15,PE,2025-07-03 12:25:00+05:30,627.9,2025-07-11 10:50:00+05:30,941.85,target_50pct_hit,50.0,143.5738,,0.0
target_75pct,SENSEX,weekly,2025-07-15,PE,2025-07-03 12:25:00+05:30,627.9,2025-07-14 09:15:00+05:30,1098.825,target_75pct_hit,75.0,143.5738,,0.0
staggered_30_sl30_trail10,SENSEX,weekly,2025-07-15,PE,2025-07-04 11:25:00+05:30,804.1,2025-07-08 09:25:00+05:30,562.87,hard_sl,-30.0,90.2002,,1.0
target_30pct,SENSEX,weekly,2025-07-15,PE,2025-07-04 11:25:00+05:30,804.1,2025-07-11 11:10:00+05:30,1045.33,target_30pct_hit,30.0,90.2002,,0.0
target_50pct,SENSEX,weekly,2025-07-15,PE,2025-07-04 11:25:00+05:30,804.1,2025-07-14 09:20:00+05:30,1206.15,target_50pct_hit,50.0,90.2002,,0.0
target_75pct,SENSEX,weekly,2025-07-15,PE,2025-07-04 11:25:00+05:30,804.1,2025-07-14 09:35:00+05:30,1407.175,target_75pct_hit,75.0,90.2002,,0.0
staggered_30_sl30_trail10,SENSEX,weekly,2025-07-15,PE,2025-07-11 15:20:00+05:30,1026.2,2025-07-14 09:25:00+05:30,1295.73,trail_stop,27.3854,49.0353,30.0,0.7
target_30pct,SENSEX,weekly,2025-07-15,PE,2025-07-11 15:20:00+05:30,1026.2,2025-07-14 09:25:00+05:30,1334.06,target_30pct_hit,30.0,49.0353,,0.0
target_50pct,SENSEX,weekly,2025-07-15,PE,2025-07-11 15:20:00+05:30,1026.2,2025-07-15 15:30:00+05:30,1030.75,hold_to_end,0.4434,49.0353,,0.0
target_75pct,SENSEX,weekly,2025-07-15,PE,2025-07-11 15:20:00+05:30,1026.2,2025-07-15 15:30:00+05:30,1030.75,hold_to_end,0.4434,49.0353,,0.0
staggered_30_sl30_trail10,SENSEX,weekly,2025-07-15,PE,2025-07-15 13:45:00+05:30,1024.95,2025-07-15 15:30:00+05:30,1030.75,hold_to_end,0.5659,11.3371,,1.0
target_30pct,SENSEX,weekly,2025-07-15,PE,2025-07-15 13:45:00+05:30,1024.95,2025-07-15 15:30:00+05:30,1030.75,hold_to_end,0.5659,11.3371,,0.0
target_50pct,SENSEX,weekly,2025-07-15,PE,2025-07-15 13:45:00+05:30,1024.95,2025-07-15 15:30:00+05:30,1030.75,hold_to_end,0.5659,11.3371,,0.0
target_75pct,SENSEX,weekly,2025-07-15,PE,2025-07-15 13:45:00+05:30,1024.95,2025-07-15 15:30:00+05:30,1030.75,hold_to_end,0.5659,11.3371,,0.0
staggered_30_sl30_trail10,SENSEX,weekly,2025-07-22,CE,2025-07-08 12:35:00+05:30,802.25,2025-07-10 12:00:00+05:30,561.575,hard_sl,-30.0,16.6594,,1.0
target_30pct,SENSEX,weekly,2025-07-22,CE,2025-07-08 12:35:00+05:30,802.25,2025-07-22 15:30:00+05:30,0.05,hold_to_end,-99.9938,16.6594,,0.0
target_50pct,SENSEX,weekly,2025-07-22,CE,2025-07-08 12:35:00+05:30,802.25,2025-07-22 15:30:00+05:30,0.05,hold_to_end,-99.9938,16.6594,,0.0
target_75pct,SENSEX,weekly,2025-07-22,CE,2025-07-08 12:35:00+05:30,802.25,2025-07-22 15:30:00+05:30,0.05,hold_to_end,-99.9938,16.6594,,0.0
staggered_30_sl30_trail10,SENSEX,weekly,2025-07-22,PE,2025-07-09 14:25:00+05:30,508.2,2025-07-10 10:25:00+05:30,630.08,trail_stop,25.7879,288.5183,30.0,0.7
target_30pct,SENSEX,weekly,2025-07-22,PE,2025-07-09 14:25:00+05:30,508.2,2025-07-10 10:15:00+05:30,660.66,target_30pct_hit,30.0,288.5183,,0.0
target_50pct,SENSEX,weekly,2025-07-22,PE,2025-07-09 14:25:00+05:30,508.2,2025-07-11 09:15:00+05:30,762.3,target_50pct_hit,50.0,288.5183,,0.0
target_75pct,SENSEX,weekly,2025-07-22,PE,2025-07-09 14:25:00+05:30,508.2,2025-07-11 10:25:00+05:30,889.35,target_75pct_hit,75.0,288.5183,,0.0
staggered_30_sl30_trail10,SENSEX,weekly,2025-07-22,PE,2025-07-10 13:45:00+05:30,702.7,2025-07-11 11:15:00+05:30,1030.18,trail_stop,41.3016,180.9805,30.0|40.0|50.0,0.5
target_30pct,SENSEX,weekly,2025-07-22,PE,2025-07-10 13:45:00+05:30,702.7,2025-07-11 10:35:00+05:30,913.51,target_30pct_hit,30.0,180.9805,,0.0
target_50pct,SENSEX,weekly,2025-07-22,PE,2025-07-10 13:45:00+05:30,702.7,2025-07-11 11:05:00+05:30,1054.05,target_50pct_hit,50.0,180.9805,,0.0
target_75pct,SENSEX,weekly,2025-07-22,PE,2025-07-10 13:45:00+05:30,702.7,2025-07-14 09:35:00+05:30,1229.725,target_75pct_hit,75.0,180.9805,,0.0
staggered_30_sl30_trail10,SENSEX,weekly,2025-07-22,PE,2025-07-11 15:20:00+05:30,1061.15,2025-07-14 14:50:00+05:30,1319.235,trail_stop,26.0249,86.067,30.0,0.7
target_30pct,SENSEX,weekly,2025-07-22,PE,2025-07-11 15:20:00+05:30,1061.15,2025-07-14 11:35:00+05:30,1379.495,target_30pct_hit,30.0,86.067,,0.0
target_50pct,SENSEX,weekly,2025-07-22,PE,2025-07-11 15:20:00+05:30,1061.15,2025-07-18 10:20:00+05:30,1591.725,target_50pct_hit,50.0,86.067,,0.0
target_75pct,SENSEX,weekly,2025-07-22,PE,2025-07-11 15:20:00+05:30,1061.15,2025-07-21 09:25:00+05:30,1857.0125,target_75pct_hit,75.0,86.067,,0.0
staggered_30_sl30_trail10,SENSEX,weekly,2025-07-22,PE,2025-07-15 13:45:00+05:30,983.1,2025-07-18 10:20:00+05:30,1646.69,trail_stop,51.2499,100.8392,30.0|40.0|50.0|60.0|70.0,0.3
target_30pct,SENSEX,weekly,2025-07-22,PE,2025-07-15 13:45:00+05:30,983.1,2025-07-18 09:20:00+05:30,1278.03,target_30pct_hit,30.0,100.8392,,0.0
target_50pct,SENSEX,weekly,2025-07-22,PE,2025-07-15 13:45:00+05:30,983.1,2025-07-18 10:05:00+05:30,1474.65,target_50pct_hit,50.0,100.8392,,0.0
target_75pct,SENSEX,weekly,2025-07-22,PE,2025-07-15 13:45:00+05:30,983.1,2025-07-18 10:20:00+05:30,1720.425,target_75pct_hit,75.0,100.8392,,0.0
staggered_30_sl30_trail10,SENSEX,weekly,2025-07-22,PE,2025-07-21 09:25:00+05:30,1920.0,2025-07-21 10:10:00+05:30,1344.0,hard_sl,-30.0,2.8359,,1.0
target_30pct,SENSEX,weekly,2025-07-22,PE,2025-07-21 09:25:00+05:30,1920.0,2025-07-22 15:30:00+05:30,1313.0,hold_to_end,-31.6146,2.8359,,0.0
target_50pct,SENSEX,weekly,2025-07-22,PE,2025-07-21 09:25:00+05:30,1920.0,2025-07-22 15:30:00+05:30,1313.0,hold_to_end,-31.6146,2.8359,,0.0
target_75pct,SENSEX,weekly,2025-07-22,PE,2025-07-21 09:25:00+05:30,1920.0,2025-07-22 15:30:00+05:30,1313.0,hold_to_end,-31.6146,2.8359,,0.0
staggered_30_sl30_trail10,SENSEX,weekly,2025-08-05,CE,2025-07-28 10:25:00+05:30,272.7,2025-07-28 10:50:00+05:30,190.89,hard_sl,-30.0,0.6234,,1.0
target_30pct,SENSEX,weekly,2025-08-05,CE,2025-07-28 10:25:00+05:30,272.7,2025-08-05 15:30:00+05:30,0.05,hold_to_end,-99.9817,0.6234,,0.0
target_50pct,SENSEX,weekly,2025-08-05,CE,2025-07-28 10:25:00+05:30,272.7,2025-08-05 15:30:00+05:30,0.05,hold_to_end,-99.9817,0.6234,,0.0
target_75pct,SENSEX,weekly,2025-08-05,CE,2025-07-28 10:25:00+05:30,272.7,2025-08-05 15:30:00+05:30,0.05,hold_to_end,-99.9817,0.6234,,0.0
staggered_30_sl30_trail10,SENSEX,weekly,2025-08-05,PE,2025-07-24 09:55:00+05:30,416.4,2025-07-24 12:00:00+05:30,534.71,trail_stop,28.8888,344.7406,30.0,0.7
target_30pct,SENSEX,weekly,2025-08-05,PE,2025-07-24 09:55:00+05:30,416.4,2025-07-24 12:00:00+05:30,541.32,target_30pct_hit,30.0,344.7406,,0.0
target_50pct,SENSEX,weekly,2025-08-05,PE,2025-07-24 09:55:00+05:30,416.4,2025-07-24 12:05:00+05:30,624.6,target_50pct_hit,50.0,344.7406,,0.0
target_75pct,SENSEX,weekly,2025-08-05,PE,2025-07-24 09:55:00+05:30,416.4,2025-07-25 09:15:00+05:30,728.7,target_75pct_hit,75.0,344.7406,,0.0
staggered_30_sl30_trail10,SENSEX,weekly,2025-08-05,PE,2025-07-24 15:00:00+05:30,554.15,2025-07-25 09:15:00+05:30,694.585,trail_stop,26.7397,234.1875,30.0,0.7
target_30pct,SENSEX,weekly,2025-08-05,PE,2025-07-24 15:00:00+05:30,554.15,2025-07-25 09:15:00+05:30,720.395,target_30pct_hit,30.0,234.1875,,0.0
target_50pct,SENSEX,weekly,2025-08-05,PE,2025-07-24 15:00:00+05:30,554.15,2025-07-25 09:25:00+05:30,831.225,target_50pct_hit,50.0,234.1875,,0.0
target_75pct,SENSEX,weekly,2025-08-05,PE,2025-07-24 15:00:00+05:30,554.15,2025-07-25 11:20:00+05:30,969.7625,target_75pct_hit,75.0,234.1875,,0.0
staggered_30_sl30_trail10,SENSEX,weekly,2025-08-05,PE,2025-07-28 10:55:00+05:30,1098.1,2025-07-29 09:20:00+05:30,1535.09,trail_stop,36.8771,68.6458,30.0|40.0,0.6
target_30pct,SENSEX,weekly,2025-08-05,PE,2025-07-28 10:55:00+05:30,1098.1,2025-07-28 14:45:00+05:30,1427.53,target_30pct_hit,30.0,68.6458,,0.0
target_50pct,SENSEX,weekly,2025-08-05,PE,2025-07-28 10:55:00+05:30,1098.1,2025-08-01 15:10:00+05:30,1647.15,target_50pct_hit,50.0,68.6458,,0.0
target_75pct,SENSEX,weekly,2025-08-05,PE,2025-07-28 10:55:00+05:30,1098.1,2025-08-05 15:30:00+05:30,1684.0,hold_to_end,53.3558,68.6458,,0.0
staggered_30_sl30_trail10,SENSEX,weekly,2025-08-05,PE,2025-07-31 09:15:00+05:30,1432.8,2025-07-31 12:35:00+05:30,1002.96,hard_sl,-30.0,29.2504,,1.0
target_30pct,SENSEX,weekly,2025-08-05,PE,2025-07-31 09:15:00+05:30,1432.8,2025-08-05 15:30:00+05:30,1684.0,hold_to_end,17.5321,29.2504,,0.0
target_50pct,SENSEX,weekly,2025-08-05,PE,2025-07-31 09:15:00+05:30,1432.8,2025-08-05 15:30:00+05:30,1684.0,hold_to_end,17.5321,29.2504,,0.0
target_75pct,SENSEX,weekly,2025-08-05,PE,2025-07-31 09:15:00+05:30,1432.8,2025-08-05 15:30:00+05:30,1684.0,hold_to_end,17.5321,29.2504,,0.0
staggered_30_sl30_trail10,SENSEX,weekly,2025-08-12,CE,2025-07-29 13:15:00+05:30,950.0,2025-07-30 11:35:00+05:30,1140.4,trail_stop,23.0295,31.0526,30.0,0.7
target_30pct,SENSEX,weekly,2025-08-12,CE,2025-07-29 13:15:00+05:30,950.0,2025-07-30 11:35:00+05:30,1235.0,target_30pct_hit,30.0,31.0526,,0.0
target_50pct,SENSEX,weekly,2025-08-12,CE,2025-07-29 13:15:00+05:30,950.0,2025-08-12 15:30:00+05:30,0.05,hold_to_end,-99.9947,31.0526,,0.0
target_75pct,SENSEX,weekly,2025-08-12,CE,2025-07-29 13:15:00+05:30,950.0,2025-08-12 15:30:00+05:30,0.05,hold_to_end,-99.9947,31.0526,,0.0
staggered_30_sl30_trail10,SENSEX,weekly,2025-08-12,CE,2025-07-31 11:30:00+05:30,984.1,2025-08-01 13:05:00+05:30,688.87,hard_sl,-30.0,26.5115,,1.0
target_30pct,SENSEX,weekly,2025-08-12,CE,2025-07-31 11:30:00+05:30,984.1,2025-08-12 15:30:00+05:30,0.05,hold_to_end,-99.9949,26.5115,,0.0
target_50pct,SENSEX,weekly,2025-08-12,CE,2025-07-31 11:30:00+05:30,984.1,2025-08-12 15:30:00+05:30,0.05,hold_to_end,-99.9949,26.5115,,0.0
target_75pct,SENSEX,weekly,2025-08-12,CE,2025-07-31 11:30:00+05:30,984.1,2025-08-12 15:30:00+05:30,0.05,hold_to_end,-99.9949,26.5115,,0.0
staggered_30_sl30_trail10,SENSEX,weekly,2025-08-12,PE,2025-07-31 09:25:00+05:30,540.0,2025-07-31 11:50:00+05:30,378.0,hard_sl,-30.0,90.1852,,1.0
target_30pct,SENSEX,weekly,2025-08-12,PE,2025-07-31 09:25:00+05:30,540.0,2025-08-01 15:10:00+05:30,702.0,target_30pct_hit,30.0,90.1852,,0.0
target_50pct,SENSEX,weekly,2025-08-12,PE,2025-07-31 09:25:00+05:30,540.0,2025-08-07 10:35:00+05:30,810.0,target_50pct_hit,50.0,90.1852,,0.0
target_75pct,SENSEX,weekly,2025-08-12,PE,2025-07-31 09:25:00+05:30,540.0,2025-08-07 13:25:00+05:30,945.0,target_75pct_hit,75.0,90.1852,,0.0
staggered_30_sl30_trail10,SENSEX,weekly,2025-08-12,PE,2025-08-04 09:45:00+05:30,623.8,2025-08-04 12:40:00+05:30,436.66,hard_sl,-30.0,64.6361,,1.0
target_30pct,SENSEX,weekly,2025-08-12,PE,2025-08-04 09:45:00+05:30,623.8,2025-08-07 10:35:00+05:30,810.94,target_30pct_hit,30.0,64.6361,,0.0
target_50pct,SENSEX,weekly,2025-08-12,PE,2025-08-04 09:45:00+05:30,623.8,2025-08-07 13:25:00+05:30,935.7,target_50pct_hit,50.0,64.6361,,0.0
target_75pct,SENSEX,weekly,2025-08-12,PE,2025-08-04 09:45:00+05:30,623.8,2025-08-12 15:30:00+05:30,564.0,hold_to_end,-9.5864,64.6361,,0.0
staggered_30_sl30_trail10,SENSEX,weekly,2025-08-12,PE,2025-08-08 10:10:00+05:30,689.95,2025-08-08 15:15:00+05:30,903.205,trail_stop,31.5453,41.3218,30.0|40.0,0.6
target_30pct,SENSEX,weekly,2025-08-12,PE,2025-08-08 10:10:00+05:30,689.95,2025-08-08 15:15:00+05:30,896.935,target_30pct_hit,30.0,41.3218,,0.0
target_50pct,SENSEX,weekly,2025-08-12,PE,2025-08-08 10:10:00+05:30,689.95,2025-08-12 15:30:00+05:30,564.0,hold_to_end,-18.2549,41.3218,,0.0
target_75pct,SENSEX,weekly,2025-08-12,PE,2025-08-08 10:10:00+05:30,689.95,2025-08-12 15:30:00+05:30,564.0,hold_to_end,-18.2549,41.3218,,0.0
staggered_30_sl30_trail10,SENSEX,weekly,2025-08-12,PE,2025-08-12 11:10:00+05:30,378.85,2025-08-12 11:20:00+05:30,265.195,hard_sl,-30.0,68.1932,,1.0
target_30pct,SENSEX,weekly,2025-08-12,PE,2025-08-12 11:10:00+05:30,378.85,2025-08-12 14:45:00+05:30,492.505,target_30pct_hit,30.0,68.1932,,0.0
target_50pct,SENSEX,weekly,2025-08-12,PE,2025-08-12 11:10:00+05:30,378.85,2025-08-12 15:05:00+05:30,568.275,target_50pct_hit,50.0,68.1932,,0.0
target_75pct,SENSEX,weekly,2025-08-12,PE,2025-08-12 11:10:00+05:30,378.85,2025-08-12 15:30:00+05:30,564.0,hold_to_end,48.8716,68.1932,,0.0
staggered_30_sl30_trail10,SENSEX,weekly,2025-08-19,CE,2025-08-06 12:35:00+05:30,967.3,2025-08-07 10:30:00+05:30,677.11,hard_sl,-30.0,67.4351,,1.0
target_30pct,SENSEX,weekly,2025-08-19,CE,2025-08-06 12:35:00+05:30,967.3,2025-08-18 09:15:00+05:30,1257.49,target_30pct_hit,30.0,67.4351,,0.0
target_50pct,SENSEX,weekly,2025-08-19,CE,2025-08-06 12:35:00+05:30,967.3,2025-08-18 09:20:00+05:30,1450.95,target_50pct_hit,50.0,67.4351,,0.0
target_75pct,SENSEX,weekly,2025-08-19,CE,2025-08-06 12:35:00+05:30,967.3,2025-08-19 15:30:00+05:30,1447.35,hold_to_end,49.6278,67.4351,,0.0
staggered_30_sl30_trail10,SENSEX,weekly,2025-08-19,CE,2025-08-18 13:20:00+05:30,1410.25,2025-08-19 15:30:00+05:30,1447.35,hold_to_end,2.6307,10.9413,,1.0
target_30pct,SENSEX,weekly,2025-08-19,CE,2025-08-18 13:20:00+05:30,1410.25,2025-08-19 15:30:00+05:30,1447.35,hold_to_end,2.6307,10.9413,,0.0
target_50pct,SENSEX,weekly,2025-08-19,CE,2025-08-18 13:20:00+05:30,1410.25,2025-08-19 15:30:00+05:30,1447.35,hold_to_end,2.6307,10.9413,,0.0
target_75pct,SENSEX,weekly,2025-08-19,CE,2025-08-18 13:20:00+05:30,1410.25,2025-08-19 15:30:00+05:30,1447.35,hold_to_end,2.6307,10.9413,,0.0
staggered_30_sl30_trail10,SENSEX,weekly,2025-08-19,PE,2025-08-06 10:50:00+05:30,427.8,2025-08-07 11:30:00+05:30,568.22,trail_stop,32.6942,64.2473,30.0|40.0,0.6
target_30pct,SENSEX,weekly,2025-08-19,PE,2025-08-06 10:50:00+05:30,427.8,2025-08-07 10:35:00+05:30,556.14,target_30pct_hit,30.0,64.2473,,0.0
target_50pct,SENSEX,weekly,2025-08-19,PE,2025-08-06 10:50:00+05:30,427.8,2025-08-07 13:25:00+05:30,641.7,target_50pct_hit,50.0,64.2473,,0.0
target_75pct,SENSEX,weekly,2025-08-19,PE,2025-08-06 10:50:00+05:30,427.8,2025-08-19 15:30:00+05:30,0.05,hold_to_end,-99.9883,64.2473,,0.0
staggered_30_sl30_trail10,SENSEX,weekly,2025-08-19,PE,2025-08-08 10:10:00+05:30,497.8,2025-08-08 15:15:00+05:30,616.32,trail_stop,25.6661,33.8088,30.0,0.7
target_30pct,SENSEX,weekly,2025-08-19,PE,2025-08-08 10:10:00+05:30,497.8,2025-08-08 15:15:00+05:30,647.14,target_30pct_hit,30.0,33.8088,,0.0
target_50pct,SENSEX,weekly,2025-08-19,PE,2025-08-08 10:10:00+05:30,497.8,2025-08-19 15:30:00+05:30,0.05,hold_to_end,-99.99,33.8088,,0.0
target_75pct,SENSEX,weekly,2025-08-19,PE,2025-08-08 10:10:00+05:30,497.8,2025-08-19 15:30:00+05:30,0.05,hold_to_end,-99.99,33.8088,,0.0
staggered_30_sl30_trail10,SENSEX,weekly,2025-08-19,PE,2025-08-12 11:10:00+05:30,305.0,2025-08-12 12:25:00+05:30,213.5,hard_sl,-30.0,18.5246,,1.0
target_30pct,SENSEX,weekly,2025-08-19,PE,2025-08-12 11:10:00+05:30,305.0,2025-08-19 15:30:00+05:30,0.05,hold_to_end,-99.9836,18.5246,,0.0
target_50pct,SENSEX,weekly,2025-08-19,PE,2025-08-12 11:10:00+05:30,305.0,2025-08-19 15:30:00+05:30,0.05,hold_to_end,-99.9836,18.5246,,0.0
target_75pct,SENSEX,weekly,2025-08-19,PE,2025-08-12 11:10:00+05:30,305.0,2025-08-19 15:30:00+05:30,0.05,hold_to_end,-99.9836,18.5246,,0.0
staggered_30_sl30_trail10,SENSEX,weekly,2025-09-04,CE,2025-08-21 12:50:00+05:30,751.0,2025-08-22 09:20:00+05:30,525.7,hard_sl,-30.0,4.0479,,1.0
target_30pct,SENSEX,weekly,2025-09-04,CE,2025-08-21 12:50:00+05:30,751.0,2025-09-04 15:30:00+05:30,0.05,hold_to_end,-99.9933,4.0479,,0.0
target_50pct,SENSEX,weekly,2025-09-04,CE,2025-08-21 12:50:00+05:30,751.0,2025-09-04 15:30:00+05:30,0.05,hold_to_end,-99.9933,4.0479,,0.0
target_75pct,SENSEX,weekly,2025-09-04,CE,2025-08-21 12:50:00+05:30,751.0,2025-09-04 15:30:00+05:30,0.05,hold_to_end,-99.9933,4.0479,,0.0
staggered_30_sl30_trail10,SENSEX,weekly,2025-09-04,PE,2025-08-21 13:40:00+05:30,565.75,2025-08-22 13:40:00+05:30,794.925,trail_stop,38.2541,276.7477,30.0|40.0|50.0,0.5
target_30pct,SENSEX,weekly,2025-09-04,PE,2025-08-21 13:40:00+05:30,565.75,2025-08-22 09:35:00+05:30,735.475,target_30pct_hit,30.0,276.7477,,0.0
target_50pct,SENSEX,weekly,2025-09-04,PE,2025-08-21 13:40:00+05:30,565.75,2025-08-22 10:40:00+05:30,848.625,target_50pct_hit,50.0,276.7477,,0.0
target_75pct,SENSEX,weekly,2025-09-04,PE,2025-08-21 13:40:00+05:30,565.75,2025-08-26 09:25:00+05:30,990.0625,target_75pct_hit,75.0,276.7477,,0.0
staggered_30_sl30_trail10,SENSEX,weekly,2025-09-04,PE,2025-08-22 14:20:00+05:30,858.45,2025-08-26 11:30:00+05:30,1040.505,trail_stop,23.8452,148.2905,30.0,0.7
target_30pct,SENSEX,weekly,2025-09-04,PE,2025-08-22 14:20:00+05:30,858.45,2025-08-26 09:40:00+05:30,1115.985,target_30pct_hit,30.0,148.2905,,0.0
target_50pct,SENSEX,weekly,2025-09-04,PE,2025-08-22 14:20:00+05:30,858.45,2025-08-28 09:20:00+05:30,1287.675,target_50pct_hit,50.0,148.2905,,0.0
target_75pct,SENSEX,weekly,2025-09-04,PE,2025-08-22 14:20:00+05:30,858.45,2025-08-28 09:20:00+05:30,1502.2875,target_75pct_hit,75.0,148.2905,,0.0
staggered_30_sl30_trail10,SENSEX,weekly,2025-09-04,PE,2025-08-26 14:20:00+05:30,1130.0,2025-08-28 09:25:00+05:30,1773.45,trail_stop,46.777,88.6239,30.0|40.0|50.0|60.0,0.4
target_30pct,SENSEX,weekly,2025-09-04,PE,2025-08-26 14:20:00+05:30,1130.0,2025-08-28 09:20:00+05:30,1469.0,target_30pct_hit,30.0,88.6239,,0.0
target_50pct,SENSEX,weekly,2025-09-04,PE,2025-08-26 14:20:00+05:30,1130.0,2025-08-28 09:20:00+05:30,1695.0,target_50pct_hit,50.0,88.6239,,0.0
target_75pct,SENSEX,weekly,2025-09-04,PE,2025-08-26 14:20:00+05:30,1130.0,2025-08-29 14:55:00+05:30,1977.5,target_75pct_hit,75.0,88.6239,,0.0
staggered_30_sl30_trail10,SENSEX,weekly,2025-09-04,PE,2025-08-28 12:30:00+05:30,1735.0,2025-09-04 09:15:00+05:30,1214.5,hard_sl,-30.0,22.8501,,1.0
target_30pct,SENSEX,weekly,2025-09-04,PE,2025-08-28 12:30:00+05:30,1735.0,2025-09-04 15:30:00+05:30,1384.95,hold_to_end,-20.1758,22.8501,,0.0
target_50pct,SENSEX,weekly,2025-09-04,PE,2025-08-28 12:30:00+05:30,1735.0,2025-09-04 15:30:00+05:30,1384.95,hold_to_end,-20.1758,22.8501,,0.0
target_75pct,SENSEX,weekly,2025-09-04,PE,2025-08-28 12:30:00+05:30,1735.0,2025-09-04 15:30:00+05:30,1384.95,hold_to_end,-20.1758,22.8501,,0.0
staggered_30_sl30_trail10,SENSEX,weekly,2025-09-11,CE,2025-08-29 11:10:00+05:30,636.75,2025-08-29 15:10:00+05:30,445.725,hard_sl,-30.0,86.7687,,1.0
target_30pct,SENSEX,weekly,2025-09-11,CE,2025-08-29 11:10:00+05:30,636.75,2025-09-04 09:15:00+05:30,827.775,target_30pct_hit,30.0,86.7687,,0.0
target_50pct,SENSEX,weekly,2025-09-11,CE,2025-08-29 11:10:00+05:30,636.75,2025-09-04 09:15:00+05:30,955.125,target_50pct_hit,50.0,86.7687,,0.0
target_75pct,SENSEX,weekly,2025-09-11,CE,2025-08-29 11:10:00+05:30,636.75,2025-09-10 10:25:00+05:30,1114.3125,target_75pct_hit,75.0,86.7687,,0.0
staggered_30_sl30_trail10,SENSEX,weekly,2025-09-11,CE,2025-09-04 13:05:00+05:30,830.0,2025-09-04 15:05:00+05:30,581.0,hard_sl,-30.0,43.2831,,1.0
target_30pct,SENSEX,weekly,2025-09-11,CE,2025-09-04 13:05:00+05:30,830.0,2025-09-10 09:45:00+05:30,1079.0,target_30pct_hit,30.0,43.2831,,0.0
target_50pct,SENSEX,weekly,2025-09-11,CE,2025-09-04 13:05:00+05:30,830.0,2025-09-11 15:30:00+05:30,1048.4,hold_to_end,26.3133,43.2831,,0.0
target_75pct,SENSEX,weekly,2025-09-11,CE,2025-09-04 13:05:00+05:30,830.0,2025-09-11 15:30:00+05:30,1048.4,hold_to_end,26.3133,43.2831,,0.0
staggered_30_sl30_trail10,SENSEX,weekly,2025-09-11,CE,2025-09-10 15:25:00+05:30,1023.9,2025-09-11 15:30:00+05:30,1048.4,hold_to_end,2.3928,8.1893,,1.0
target_30pct,SENSEX,weekly,2025-09-11,CE,2025-09-10 15:25:00+05:30,1023.9,2025-09-11 15:30:00+05:30,1048.4,hold_to_end,2.3928,8.1893,,0.0
target_50pct,SENSEX,weekly,2025-09-11,CE,2025-09-10 15:25:00+05:30,1023.9,2025-09-11 15:30:00+05:30,1048.4,hold_to_end,2.3928,8.1893,,0.0
target_75pct,SENSEX,weekly,2025-09-11,CE,2025-09-10 15:25:00+05:30,1023.9,2025-09-11 15:30:00+05:30,1048.4,hold_to_end,2.3928,8.1893,,0.0
staggered_30_sl30_trail10,SENSEX,weekly,2025-09-11,PE,2025-08-28 12:40:00+05:30,657.15,2025-08-29 15:10:00+05:30,795.635,trail_stop,23.7515,34.5431,30.0,0.7
target_30pct,SENSEX,weekly,2025-09-11,PE,2025-08-28 12:40:00+05:30,657.15,2025-08-29 15:10:00+05:30,854.295,target_30pct_hit,30.0,34.5431,,0.0
target_50pct,SENSEX,weekly,2025-09-11,PE,2025-08-28 12:40:00+05:30,657.15,2025-09-11 15:30:00+05:30,0.05,hold_to_end,-99.9924,34.5431,,0.0
target_75pct,SENSEX,weekly,2025-09-11,PE,2025-08-28 12:40:00+05:30,657.15,2025-09-11 15:30:00+05:30,0.05,hold_to_end,-99.9924,34.5431,,0.0
staggered_30_sl30_trail10,SENSEX,weekly,2025-09-11,PE,2025-09-02 13:25:00+05:30,379.75,2025-09-02 13:55:00+05:30,511.925,trail_stop,33.8835,75.6682,30.0|40.0,0.6
target_30pct,SENSEX,weekly,2025-09-11,PE,2025-09-02 13:25:00+05:30,379.75,2025-09-02 13:55:00+05:30,493.675,target_30pct_hit,30.0,75.6682,,0.0
target_50pct,SENSEX,weekly,2025-09-11,PE,2025-09-02 13:25:00+05:30,379.75,2025-09-02 14:00:00+05:30,569.625,target_50pct_hit,50.0,75.6682,,0.0
target_75pct,SENSEX,weekly,2025-09-11,PE,2025-09-02 13:25:00+05:30,379.75,2025-09-02 14:30:00+05:30,664.5625,target_75pct_hit,75.0,75.6682,,0.0
staggered_30_sl30_trail10,SENSEX,weekly,2025-09-11,PE,2025-09-04 12:25:00+05:30,269.25,2025-09-04 13:00:00+05:30,188.475,hard_sl,-30.0,81.1885,,1.0
target_30pct,SENSEX,weekly,2025-09-11,PE,2025-09-04 12:25:00+05:30,269.25,2025-09-05 10:15:00+05:30,350.025,target_30pct_hit,30.0,81.1885,,0.0
target_50pct,SENSEX,weekly,2025-09-11,PE,2025-09-04 12:25:00+05:30,269.25,2025-09-05 10:15:00+05:30,403.875,target_50pct_hit,50.0,81.1885,,0.0
target_75pct,SENSEX,weekly,2025-09-11,PE,2025-09-04 12:25:00+05:30,269.25,2025-09-05 10:20:00+05:30,471.1875,target_75pct_hit,75.0,81.1885,,0.0
staggered_30_sl30_trail10,SENSEX,weekly,2025-09-11,PE,2025-09-08 15:00:00+05:30,137.95,2025-09-09 09:15:00+05:30,96.565,hard_sl,-30.0,26.8576,,1.0
target_30pct,SENSEX,weekly,2025-09-11,PE,2025-09-08 15:00:00+05:30,137.95,2025-09-11 15:30:00+05:30,0.05,hold_to_end,-99.9638,26.8576,,0.0
target_50pct,SENSEX,weekly,2025-09-11,PE,2025-09-08 15:00:00+05:30,137.95,2025-09-11 15:30:00+05:30,0.05,hold_to_end,-99.9638,26.8576,,0.0
target_75pct,SENSEX,weekly,2025-09-11,PE,2025-09-08 15:00:00+05:30,137.95,2025-09-11 15:30:00+05:30,0.05,hold_to_end,-99.9638,26.8576,,0.0
staggered_30_sl30_trail10,SENSEX,weekly,2025-09-18,CE,2025-09-04 13:30:00+05:30,688.5,2025-09-05 10:10:00+05:30,481.95,hard_sl,-30.0,191.1692,,1.0
target_30pct,SENSEX,weekly,2025-09-18,CE,2025-09-04 13:30:00+05:30,688.5,2025-09-10 10:35:00+05:30,895.05,target_30pct_hit,30.0,191.1692,,0.0
target_50pct,SENSEX,weekly,2025-09-18,CE,2025-09-04 13:30:00+05:30,688.5,2025-09-12 11:30:00+05:30,1032.75,target_50pct_hit,50.0,191.1692,,0.0
target_75pct,SENSEX,weekly,2025-09-18,CE,2025-09-04 13:30:00+05:30,688.5,2025-09-16 12:25:00+05:30,1204.875,target_75pct_hit,75.0,191.1692,,0.0
staggered_30_sl30_trail10,SENSEX,weekly,2025-09-18,CE,2025-09-10 15:25:00+05:30,764.7,2025-09-12 12:55:00+05:30,977.93,trail_stop,28.5189,162.1551,30.0,0.7
target_30pct,SENSEX,weekly,2025-09-18,CE,2025-09-10 15:25:00+05:30,764.7,2025-09-12 11:20:00+05:30,994.11,target_30pct_hit,30.0,162.1551,,0.0
target_50pct,SENSEX,weekly,2025-09-18,CE,2025-09-10 15:25:00+05:30,764.7,2025-09-16 10:05:00+05:30,1147.05,target_50pct_hit,50.0,162.1551,,0.0
target_75pct,SENSEX,weekly,2025-09-18,CE,2025-09-10 15:25:00+05:30,764.7,2025-09-16 15:10:00+05:30,1338.225,target_75pct_hit,75.0,162.1551,,0.0
staggered_30_sl30_trail10,SENSEX,weekly,2025-09-18,CE,2025-09-12 15:15:00+05:30,1007.05,2025-09-17 14:30:00+05:30,1569.295,trail_stop,46.3324,99.0666,30.0|40.0|50.0|60.0,0.4
target_30pct,SENSEX,weekly,2025-09-18,CE,2025-09-12 15:15:00+05:30,1007.05,2025-09-16 15:05:00+05:30,1309.165,target_30pct_hit,30.0,99.0666,,0.0
target_50pct,SENSEX,weekly,2025-09-18,CE,2025-09-12 15:15:00+05:30,1007.05,2025-09-17 09:20:00+05:30,1510.575,target_50pct_hit,50.0,99.0666,,0.0
target_75pct,SENSEX,weekly,2025-09-18,CE,2025-09-12 15:15:00+05:30,1007.05,2025-09-18 09:20:00+05:30,1762.3375,target_75pct_hit,75.0,99.0666,,0.0
staggered_30_sl30_trail10,SENSEX,weekly,2025-09-18,CE,2025-09-17 15:15:00+05:30,1672.75,2025-09-18 15:30:00+05:30,1920.7,hold_to_end,14.8229,19.8446,,1.0
target_30pct,SENSEX,weekly,2025-09-18,CE,2025-09-17 15:15:00+05:30,1672.75,2025-09-18 15:30:00+05:30,1920.7,hold_to_end,14.8229,19.8446,,0.0
target_50pct,SENSEX,weekly,2025-09-18,CE,2025-09-17 15:15:00+05:30,1672.75,2025-09-18 15:30:00+05:30,1920.7,hold_to_end,14.8229,19.8446,,0.0
target_75pct,SENSEX,weekly,2025-09-18,CE,2025-09-17 15:15:00+05:30,1672.75,2025-09-18 15:30:00+05:30,1920.7,hold_to_end,14.8229,19.8446,,0.0
staggered_30_sl30_trail10,SENSEX,weekly,2025-09-18,PE,2025-09-04 13:50:00+05:30,631.6,2025-09-05 10:15:00+05:30,846.79,trail_stop,33.4424,44.791,30.0|40.0,0.6
target_30pct,SENSEX,weekly,2025-09-18,PE,2025-09-04 13:50:00+05:30,631.6,2025-09-05 10:15:00+05:30,821.08,target_30pct_hit,30.0,44.791,,0.0
target_50pct,SENSEX,weekly,2025-09-18,PE,2025-09-04 13:50:00+05:30,631.6,2025-09-18 15:30:00+05:30,0.05,hold_to_end,-99.9921,44.791,,0.0
target_75pct,SENSEX,weekly,2025-09-18,PE,2025-09-04 13:50:00+05:30,631.6,2025-09-18 15:30:00+05:30,0.05,hold_to_end,-99.9921,44.791,,0.0
staggered_30_sl30_trail10,SENSEX,weekly,2025-09-18,PE,2025-09-08 15:00:00+05:30,522.7,2025-09-10 09:15:00+05:30,365.89,hard_sl,-30.0,11.1632,,1.0
target_30pct,SENSEX,weekly,2025-09-18,PE,2025-09-08 15:00:00+05:30,522.7,2025-09-18 15:30:00+05:30,0.05,hold_to_end,-99.9904,11.1632,,0.0
target_50pct,SENSEX,weekly,2025-09-18,PE,2025-09-08 15:00:00+05:30,522.7,2025-09-18 15:30:00+05:30,0.05,hold_to_end,-99.9904,11.1632,,0.0
target_75pct,SENSEX,weekly,2025-09-18,PE,2025-09-08 15:00:00+05:30,522.7,2025-09-18 15:30:00+05:30,0.05,hold_to_end,-99.9904,11.1632,,0.0
staggered_30_sl30_trail10,SENSEX,weekly,2025-10-01,CE,2025-09-17 15:05:00+05:30,813.9,2025-09-22 09:15:00+05:30,569.73,hard_sl,-30.0,21.6366,,1.0
target_30pct,SENSEX,weekly,2025-10-01,CE,2025-09-17 15:05:00+05:30,813.9,2025-10-01 15:30:00+05:30,0.05,hold_to_end,-99.9939,21.6366,,0.0
target_50pct,SENSEX,weekly,2025-10-01,CE,2025-09-17 15:05:00+05:30,813.9,2025-10-01 15:30:00+05:30,0.05,hold_to_end,-99.9939,21.6366,,0.0
target_75pct,SENSEX,weekly,2025-10-01,CE,2025-09-17 15:05:00+05:30,813.9,2025-10-01 15:30:00+05:30,0.05,hold_to_end,-99.9939,21.6366,,0.0
staggered_30_sl30_trail10,SENSEX,weekly,2025-10-01,PE,2025-09-17 12:35:00+05:30,443.4,2025-09-18 09:15:00+05:30,310.38,hard_sl,-30.0,403.3604,,1.0
target_30pct,SENSEX,weekly,2025-10-01,PE,2025-09-17 12:35:00+05:30,443.4,2025-09-22 14:45:00+05:30,576.42,target_30pct_hit,30.0,403.3604,,0.0
target_50pct,SENSEX,weekly,2025-10-01,PE,2025-09-17 12:35:00+05:30,443.4,2025-09-23 09:45:00+05:30,665.1,target_50pct_hit,50.0,403.3604,,0.0
target_75pct,SENSEX,weekly,2025-10-01,PE,2025-09-17 12:35:00+05:30,443.4,2025-09-23 11:15:00+05:30,775.95,target_75pct_hit,75.0,403.3604,,0.0
staggered_30_sl30_trail10,SENSEX,weekly,2025-10-01,PE,2025-09-24 09:15:00+05:30,710.0,2025-09-25 11:15:00+05:30,914.0,trail_stop,29.1127,214.3521,30.0,0.7
target_30pct,SENSEX,weekly,2025-10-01,PE,2025-09-24 09:15:00+05:30,710.0,2025-09-25 10:35:00+05:30,923.0,target_30pct_hit,30.0,214.3521,,0.0
target_50pct,SENSEX,weekly,2025-10-01,PE,2025-09-24 09:15:00+05:30,710.0,2025-09-25 12:45:00+05:30,1065.0,target_50pct_hit,50.0,214.3521,,0.0
target_75pct,SENSEX,weekly,2025-10-01,PE,2025-09-24 09:15:00+05:30,710.0,2025-09-25 15:05:00+05:30,1242.5,target_75pct_hit,75.0,214.3521,,0.0
staggered_30_sl30_trail10,SENSEX,weekly,2025-10-01,PE,2025-09-29 11:45:00+05:30,2000.0,2025-10-01 15:30:00+05:30,1623.65,hold_to_end,-18.8175,11.595,,1.0
target_30pct,SENSEX,weekly,2025-10-01,PE,2025-09-29 11:45:00+05:30,2000.0,2025-10-01 15:30:00+05:30,1623.65,hold_to_end,-18.8175,11.595,,0.0
target_50pct,SENSEX,weekly,2025-10-01,PE,2025-09-29 11:45:00+05:30,2000.0,2025-10-01 15:30:00+05:30,1623.65,hold_to_end,-18.8175,11.595,,0.0
target_75pct,SENSEX,weekly,2025-10-01,PE,2025-09-29 11:45:00+05:30,2000.0,2025-10-01 15:30:00+05:30,1623.65,hold_to_end,-18.8175,11.595,,0.0
staggered_30_sl30_trail10,SENSEX,weekly,2025-10-09,CE,2025-09-29 09:45:00+05:30,353.95,2025-09-29 12:40:00+05:30,247.765,hard_sl,-30.0,148.0576,,1.0
target_30pct,SENSEX,weekly,2025-10-09,CE,2025-09-29 09:45:00+05:30,353.95,2025-10-06 13:05:00+05:30,460.135,target_30pct_hit,30.0,148.0576,,0.0
target_50pct,SENSEX,weekly,2025-10-09,CE,2025-09-29 09:45:00+05:30,353.95,2025-10-06 13:30:00+05:30,530.925,target_50pct_hit,50.0,148.0576,,0.0
target_75pct,SENSEX,weekly,2025-10-09,CE,2025-09-29 09:45:00+05:30,353.95,2025-10-07 09:40:00+05:30,619.4125,target_75pct_hit,75.0,148.0576,,0.0
staggered_30_sl30_trail10,SENSEX,weekly,2025-10-09,CE,2025-10-07 12:10:00+05:30,747.45,2025-10-08 09:15:00+05:30,523.215,hard_sl,-30.0,17.4661,,1.0
target_30pct,SENSEX,weekly,2025-10-09,CE,2025-10-07 12:10:00+05:30,747.45,2025-10-09 15:30:00+05:30,672.0,hold_to_end,-10.0943,17.4661,,0.0
target_50pct,SENSEX,weekly,2025-10-09,CE,2025-10-07 12:10:00+05:30,747.45,2025-10-09 15:30:00+05:30,672.0,hold_to_end,-10.0943,17.4661,,0.0
target_75pct,SENSEX,weekly,2025-10-09,CE,2025-10-07 12:10:00+05:30,747.45,2025-10-09 15:30:00+05:30,672.0,hold_to_end,-10.0943,17.4661,,0.0
staggered_30_sl30_trail10,SENSEX,weekly,2025-10-09,PE,2025-09-25 14:05:00+05:30,455.05,2025-09-26 09:15:00+05:30,706.895,trail_stop,46.1378,170.3769,30.0|40.0|50.0|60.0,0.4
target_30pct,SENSEX,weekly,2025-10-09,PE,2025-09-25 14:05:00+05:30,455.05,2025-09-26 09:15:00+05:30,591.565,target_30pct_hit,30.0,170.3769,,0.0
target_50pct,SENSEX,weekly,2025-10-09,PE,2025-09-25 14:05:00+05:30,455.05,2025-09-26 09:15:00+05:30,682.575,target_50pct_hit,50.0,170.3769,,0.0
target_75pct,SENSEX,weekly,2025-10-09,PE,2025-09-25 14:05:00+05:30,455.05,2025-09-26 09:35:00+05:30,796.3375,target_75pct_hit,75.0,170.3769,,0.0
staggered_30_sl30_trail10,SENSEX,weekly,2025-10-09,PE,2025-09-29 11:40:00+05:30,1002.25,2025-10-01 11:45:00+05:30,701.575,hard_sl,-30.0,22.7588,,1.0
target_30pct,SENSEX,weekly,2025-10-09,PE,2025-09-29 11:40:00+05:30,1002.25,2025-10-09 15:30:00+05:30,0.15,hold_to_end,-99.985,22.7588,,0.0
target_50pct,SENSEX,weekly,2025-10-09,PE,2025-09-29 11:40:00+05:30,1002.25,2025-10-09 15:30:00+05:30,0.15,hold_to_end,-99.985,22.7588,,0.0
target_75pct,SENSEX,weekly,2025-10-09,PE,2025-09-29 11:40:00+05:30,1002.25,2025-10-09 15:30:00+05:30,0.15,hold_to_end,-99.985,22.7588,,0.0
staggered_30_sl30_trail10,SENSEX,weekly,2025-10-16,CE,2025-10-03 14:40:00+05:30,806.5,2025-10-06 13:05:00+05:30,1128.2,trail_stop,36.933,218.0595,30.0|40.0,0.6
target_30pct,SENSEX,weekly,2025-10-16,CE,2025-10-03 14:40:00+05:30,806.5,2025-10-06 11:15:00+05:30,1048.45,target_30pct_hit,30.0,218.0595,,0.0
target_50pct,SENSEX,weekly,2025-10-16,CE,2025-10-03 14:40:00+05:30,806.5,2025-10-06 13:15:00+05:30,1209.75,target_50pct_hit,50.0,218.0595,,0.0
target_75pct,SENSEX,weekly,2025-10-16,CE,2025-10-03 14:40:00+05:30,806.5,2025-10-07 09:50:00+05:30,1411.375,target_75pct_hit,75.0,218.0595,,0.0
staggered_30_sl30_trail10,SENSEX,weekly,2025-10-16,CE,2025-10-08 11:10:00+05:30,1474.15,2025-10-08 12:25:00+05:30,1031.905,hard_sl,-30.0,74.0088,,1.0
target_30pct,SENSEX,weekly,2025-10-16,CE,2025-10-08 11:10:00+05:30,1474.15,2025-10-16 09:15:00+05:30,1916.395,target_30pct_hit,30.0,74.0088,,0.0
target_50pct,SENSEX,weekly,2025-10-16,CE,2025-10-08 11:10:00+05:30,1474.15,2025-10-16 13:40:00+05:30,2211.225,target_50pct_hit,50.0,74.0088,,0.0
target_75pct,SENSEX,weekly,2025-10-16,CE,2025-10-08 11:10:00+05:30,1474.15,2025-10-16 15:30:00+05:30,2565.15,hold_to_end,74.0088,74.0088,,0.0
staggered_30_sl30_trail10,SENSEX,weekly,2025-10-16,PE,2025-10-07 11:50:00+05:30,125.3,2025-10-07 12:55:00+05:30,87.71,hard_sl,-30.0,19.7127,,1.0
target_30pct,SENSEX,weekly,2025-10-16,PE,2025-10-07 11:50:00+05:30,125.3,2025-10-16 15:30:00+05:30,0.05,hold_to_end,-99.9601,19.7127,,0.0
target_50pct,SENSEX,weekly,2025-10-16,PE,2025-10-07 11:50:00+05:30,125.3,2025-10-16 15:30:00+05:30,0.05,hold_to_end,-99.9601,19.7127,,0.0
target_75pct,SENSEX,weekly,2025-10-16,PE,2025-10-07 11:50:00+05:30,125.3,2025-10-16 15:30:00+05:30,0.05,hold_to_end,-99.9601,19.7127,,0.0
staggered_30_sl30_trail10,SENSEX,weekly,2025-10-23,CE,2025-10-09 15:10:00+05:30,890.0,2025-10-13 09:20:00+05:30,1179.45,trail_stop,32.5135,292.4382,30.0|40.0,0.6
target_30pct,SENSEX,weekly,2025-10-23,CE,2025-10-09 15:10:00+05:30,890.0,2025-10-10 09:50:00+05:30,1157.0,target_30pct_hit,30.0,292.4382,,0.0
target_50pct,SENSEX,weekly,2025-10-23,CE,2025-10-09 15:10:00+05:30,890.0,2025-10-16 09:15:00+05:30,1335.0,target_50pct_hit,50.0,292.4382,,0.0
target_75pct,SENSEX,weekly,2025-10-23,CE,2025-10-09 15:10:00+05:30,890.0,2025-10-16 12:30:00+05:30,1557.5,target_75pct_hit,75.0,292.4382,,0.0
staggered_30_sl30_trail10,SENSEX,weekly,2025-10-23,CE,2025-10-13 14:25:00+05:30,955.0,2025-10-14 12:40:00+05:30,668.5,hard_sl,-30.0,265.7277,,1.0
target_30pct,SENSEX,weekly,2025-10-23,CE,2025-10-13 14:25:00+05:30,955.0,2025-10-15 13:40:00+05:30,1241.5,target_30pct_hit,30.0,265.7277,,0.0
target_50pct,SENSEX,weekly,2025-10-23,CE,2025-10-13 14:25:00+05:30,955.0,2025-10-16 09:30:00+05:30,1432.5,target_50pct_hit,50.0,265.7277,,0.0
target_75pct,SENSEX,weekly,2025-10-23,CE,2025-10-13 14:25:00+05:30,955.0,2025-10-16 14:35:00+05:30,1671.25,target_75pct_hit,75.0,265.7277,,0.0
staggered_30_sl30_trail10,SENSEX,weekly,2025-10-23,CE,2025-10-15 15:30:00+05:30,1177.5,2025-10-16 14:35:00+05:30,1748.55,trail_stop,42.2484,196.62,30.0|40.0|50.0,0.5
target_30pct,SENSEX,weekly,2025-10-23,CE,2025-10-15 15:30:00+05:30,1177.5,2025-10-16 12:30:00+05:30,1530.75,target_30pct_hit,30.0,196.62,,0.0
target_50pct,SENSEX,weekly,2025-10-23,CE,2025-10-15 15:30:00+05:30,1177.5,2025-10-16 14:35:00+05:30,1766.25,target_50pct_hit,50.0,196.62,,0.0
target_75pct,SENSEX,weekly,2025-10-23,CE,2025-10-15 15:30:00+05:30,1177.5,2025-10-17 11:00:00+05:30,2060.625,target_75pct_hit,75.0,196.62,,0.0
staggered_30_sl30_trail10,SENSEX,weekly,2025-10-23,CE,2025-10-20 09:25:00+05:30,2850.0,2025-10-23 15:30:00+05:30,2755.0,hold_to_end,-3.3333,22.5509,,1.0
target_30pct,SENSEX,weekly,2025-10-23,CE,2025-10-20 09:25:00+05:30,2850.0,2025-10-23 15:30:00+05:30,2755.0,hold_to_end,-3.3333,22.5509,,0.0
target_50pct,SENSEX,weekly,2025-10-23,CE,2025-10-20 09:25:00+05:30,2850.0,2025-10-23 15:30:00+05:30,2755.0,hold_to_end,-3.3333,22.5509,,0.0
target_75pct,SENSEX,weekly,2025-10-23,CE,2025-10-20 09:25:00+05:30,2850.0,2025-10-23 15:30:00+05:30,2755.0,hold_to_end,-3.3333,22.5509,,0.0
staggered_30_sl30_trail10,SENSEX,weekly,2025-10-23,PE,2025-10-13 09:20:00+05:30,305.0,2025-10-14 09:15:00+05:30,213.5,hard_sl,-30.0,53.918,,1.0
target_30pct,SENSEX,weekly,2025-10-23,PE,2025-10-13 09:20:00+05:30,305.0,2025-10-14 12:10:00+05:30,396.5,target_30pct_hit,30.0,53.918,,0.0
target_50pct,SENSEX,weekly,2025-10-23,PE,2025-10-13 09:20:00+05:30,305.0,2025-10-14 12:40:00+05:30,457.5,target_50pct_hit,50.0,53.918,,0.0
target_75pct,SENSEX,weekly,2025-10-23,PE,2025-10-13 09:20:00+05:30,305.0,2025-10-23 15:30:00+05:30,0.05,hold_to_end,-99.9836,53.918,,0.0
staggered_30_sl30_trail10,SENSEX,weekly,2025-10-23,PE,2025-10-17 12:55:00+05:30,56.4,2025-10-17 14:40:00+05:30,39.48,hard_sl,-30.0,25.0887,,1.0
target_30pct,SENSEX,weekly,2025-10-23,PE,2025-10-17 12:55:00+05:30,56.4,2025-10-23 15:30:00+05:30,0.05,hold_to_end,-99.9113,25.0887,,0.0
target_50pct,SENSEX,weekly,2025-10-23,PE,2025-10-17 12:55:00+05:30,56.4,2025-10-23 15:30:00+05:30,0.05,hold_to_end,-99.9113,25.0887,,0.0
target_75pct,SENSEX,weekly,2025-10-23,PE,2025-10-17 12:55:00+05:30,56.4,2025-10-23 15:30:00+05:30,0.05,hold_to_end,-99.9113,25.0887,,0.0
staggered_30_sl30_trail10,SENSEX,weekly,2025-11-06,CE,2025-10-23 12:00:00+05:30,1015.1,2025-10-23 15:05:00+05:30,710.57,hard_sl,-30.0,3.1967,,1.0
target_30pct,SENSEX,weekly,2025-11-06,CE,2025-10-23 12:00:00+05:30,1015.1,2025-11-06 15:30:00+05:30,0.05,hold_to_end,-99.9951,3.1967,,0.0
target_50pct,SENSEX,weekly,2025-11-06,CE,2025-10-23 12:00:00+05:30,1015.1,2025-11-06 15:30:00+05:30,0.05,hold_to_end,-99.9951,3.1967,,0.0
target_75pct,SENSEX,weekly,2025-11-06,CE,2025-10-23 12:00:00+05:30,1015.1,2025-11-06 15:30:00+05:30,0.05,hold_to_end,-99.9951,3.1967,,0.0
staggered_30_sl30_trail10,SENSEX,weekly,2025-11-06,PE,2025-10-23 13:35:00+05:30,557.1,2025-10-23 15:20:00+05:30,700.59,trail_stop,27.0296,210.6983,30.0,0.7
target_30pct,SENSEX,weekly,2025-11-06,PE,2025-10-23 13:35:00+05:30,557.1,2025-10-23 15:15:00+05:30,724.23,target_30pct_hit,30.0,210.6983,,0.0
target_50pct,SENSEX,weekly,2025-11-06,PE,2025-10-23 13:35:00+05:30,557.1,2025-10-24 09:20:00+05:30,835.65,target_50pct_hit,50.0,210.6983,,0.0
target_75pct,SENSEX,weekly,2025-11-06,PE,2025-10-23 13:35:00+05:30,557.1,2025-10-24 13:30:00+05:30,974.925,target_75pct_hit,75.0,210.6983,,0.0
staggered_30_sl30_trail10,SENSEX,weekly,2025-11-06,PE,2025-10-24 12:50:00+05:30,855.1,2025-10-24 13:45:00+05:30,1053.84,trail_stop,25.2692,102.4208,30.0,0.7
target_30pct,SENSEX,weekly,2025-11-06,PE,2025-10-24 12:50:00+05:30,855.1,2025-10-24 13:45:00+05:30,1111.63,target_30pct_hit,30.0,102.4208,,0.0
target_50pct,SENSEX,weekly,2025-11-06,PE,2025-10-24 12:50:00+05:30,855.1,2025-11-03 09:35:00+05:30,1282.65,target_50pct_hit,50.0,102.4208,,0.0
target_75pct,SENSEX,weekly,2025-11-06,PE,2025-10-24 12:50:00+05:30,855.1,2025-11-04 15:30:00+05:30,1496.425,target_75pct_hit,75.0,102.4208,,0.0
staggered_30_sl30_trail10,SENSEX,weekly,2025-11-06,PE,2025-10-27 13:30:00+05:30,662.8,2025-10-28 11:25:00+05:30,834.72,trail_stop,27.1569,161.1497,30.0,0.7
target_30pct,SENSEX,weekly,2025-11-06,PE,2025-10-27 13:30:00+05:30,662.8,2025-10-28 10:55:00+05:30,861.64,target_30pct_hit,30.0,161.1497,,0.0
target_50pct,SENSEX,weekly,2025-11-06,PE,2025-10-27 13:30:00+05:30,662.8,2025-11-03 09:15:00+05:30,994.2,target_50pct_hit,50.0,161.1497,,0.0
target_75pct,SENSEX,weekly,2025-11-06,PE,2025-10-27 13:30:00+05:30,662.8,2025-11-03 09:20:00+05:30,1159.9,target_75pct_hit,75.0,161.1497,,0.0
staggered_30_sl30_trail10,SENSEX,weekly,2025-11-06,PE,2025-10-28 14:10:00+05:30,815.4,2025-10-29 09:15:00+05:30,570.78,hard_sl,-30.0,112.2762,,1.0
target_30pct,SENSEX,weekly,2025-11-06,PE,2025-10-28 14:10:00+05:30,815.4,2025-11-03 09:15:00+05:30,1060.02,target_30pct_hit,30.0,112.2762,,0.0
target_50pct,SENSEX,weekly,2025-11-06,PE,2025-10-28 14:10:00+05:30,815.4,2025-11-03 09:20:00+05:30,1223.1,target_50pct_hit,50.0,112.2762,,0.0
target_75pct,SENSEX,weekly,2025-11-06,PE,2025-10-28 14:10:00+05:30,815.4,2025-11-04 14:15:00+05:30,1426.95,target_75pct_hit,75.0,112.2762,,0.0
staggered_30_sl30_trail10,SENSEX,weekly,2025-11-06,PE,2025-11-03 11:45:00+05:30,1086.25,2025-11-06 09:15:00+05:30,1491.375,trail_stop,35.3774,59.3464,30.0|40.0,0.6
target_30pct,SENSEX,weekly,2025-11-06,PE,2025-11-03 11:45:00+05:30,1086.25,2025-11-04 14:15:00+05:30,1412.125,target_30pct_hit,30.0,59.3464,,0.0
target_50pct,SENSEX,weekly,2025-11-06,PE,2025-11-03 11:45:00+05:30,1086.25,2025-11-06 10:45:00+05:30,1629.375,target_50pct_hit,50.0,59.3464,,0.0
target_75pct,SENSEX,weekly,2025-11-06,PE,2025-11-03 11:45:00+05:30,1086.25,2025-11-06 15:30:00+05:30,1687.0,hold_to_end,55.3049,59.3464,,0.0
staggered_30_sl30_trail10,SENSEX,weekly,2025-11-06,PE,2025-11-06 09:45:00+05:30,1410.0,2025-11-06 15:30:00+05:30,1687.0,hold_to_end,19.6454,22.7589,,1.0
target_30pct,SENSEX,weekly,2025-11-06,PE,2025-11-06 09:45:00+05:30,1410.0,2025-11-06 15:30:00+05:30,1687.0,hold_to_end,19.6454,22.7589,,0.0
target_50pct,SENSEX,weekly,2025-11-06,PE,2025-11-06 09:45:00+05:30,1410.0,2025-11-06 15:30:00+05:30,1687.0,hold_to_end,19.6454,22.7589,,0.0
target_75pct,SENSEX,weekly,2025-11-06,PE,2025-11-06 09:45:00+05:30,1410.0,2025-11-06 15:30:00+05:30,1687.0,hold_to_end,19.6454,22.7589,,0.0
staggered_30_sl30_trail10,SENSEX,weekly,2025-11-13,CE,2025-10-31 09:40:00+05:30,769.35,2025-10-31 10:40:00+05:30,538.545,hard_sl,-30.0,4.1139,,1.0
target_30pct,SENSEX,weekly,2025-11-13,CE,2025-10-31 09:40:00+05:30,769.35,2025-11-13 15:30:00+05:30,0.05,hold_to_end,-99.9935,4.1139,,0.0
target_50pct,SENSEX,weekly,2025-11-13,CE,2025-10-31 09:40:00+05:30,769.35,2025-11-13 15:30:00+05:30,0.05,hold_to_end,-99.9935,4.1139,,0.0
target_75pct,SENSEX,weekly,2025-11-13,CE,2025-10-31 09:40:00+05:30,769.35,2025-11-13 15:30:00+05:30,0.05,hold_to_end,-99.9935,4.1139,,0.0
staggered_30_sl30_trail10,SENSEX,weekly,2025-11-13,PE,2025-10-30 12:20:00+05:30,731.4,2025-11-03 09:20:00+05:30,1052.21,trail_stop,39.9312,176.8663,30.0|40.0|50.0,0.5
target_30pct,SENSEX,weekly,2025-11-13,PE,2025-10-30 12:20:00+05:30,731.4,2025-11-03 09:15:00+05:30,950.82,target_30pct_hit,30.0,176.8663,,0.0
target_50pct,SENSEX,weekly,2025-11-13,PE,2025-10-30 12:20:00+05:30,731.4,2025-11-03 09:20:00+05:30,1097.1,target_50pct_hit,50.0,176.8663,,0.0
target_75pct,SENSEX,weekly,2025-11-13,PE,2025-10-30 12:20:00+05:30,731.4,2025-11-04 15:15:00+05:30,1279.95,target_75pct_hit,75.0,176.8663,,0.0
staggered_30_sl30_trail10,SENSEX,weekly,2025-11-13,PE,2025-11-03 11:55:00+05:30,1032.95,2025-11-06 12:55:00+05:30,1261.905,trail_stop,24.5156,96.0405,30.0,0.7
target_30pct,SENSEX,weekly,2025-11-13,PE,2025-11-03 11:55:00+05:30,1032.95,2025-11-06 11:25:00+05:30,1342.835,target_30pct_hit,30.0,96.0405,,0.0
target_50pct,SENSEX,weekly,2025-11-13,PE,2025-11-03 11:55:00+05:30,1032.95,2025-11-07 09:15:00+05:30,1549.425,target_50pct_hit,50.0,96.0405,,0.0
target_75pct,SENSEX,weekly,2025-11-13,PE,2025-11-03 11:55:00+05:30,1032.95,2025-11-07 09:20:00+05:30,1807.6625,target_75pct_hit,75.0,96.0405,,0.0
staggered_30_sl30_trail10,SENSEX,weekly,2025-11-13,PE,2025-11-06 14:05:00+05:30,1380.1,2025-11-07 11:15:00+05:30,1886.99,trail_stop,35.0371,46.7285,30.0|40.0,0.6
target_30pct,SENSEX,weekly,2025-11-13,PE,2025-11-06 14:05:00+05:30,1380.1,2025-11-07 09:20:00+05:30,1794.13,target_30pct_hit,30.0,46.7285,,0.0
target_50pct,SENSEX,weekly,2025-11-13,PE,2025-11-06 14:05:00+05:30,1380.1,2025-11-13 15:30:00+05:30,320.7,hold_to_end,-76.7626,46.7285,,0.0
target_75pct,SENSEX,weekly,2025-11-13,PE,2025-11-06 14:05:00+05:30,1380.1,2025-11-13 15:30:00+05:30,320.7,hold_to_end,-76.7626,46.7285,,0.0
staggered_30_sl30_trail10,SENSEX,weekly,2025-11-13,PE,2025-11-10 13:55:00+05:30,1150.0,2025-11-11 12:05:00+05:30,1474.0,trail_stop,28.7217,38.1739,30.0,0.7
target_30pct,SENSEX,weekly,2025-11-13,PE,2025-11-10 13:55:00+05:30,1150.0,2025-11-11 10:30:00+05:30,1495.0,target_30pct_hit,30.0,38.1739,,0.0
target_50pct,SENSEX,weekly,2025-11-13,PE,2025-11-10 13:55:00+05:30,1150.0,2025-11-13 15:30:00+05:30,320.7,hold_to_end,-72.113,38.1739,,0.0
target_75pct,SENSEX,weekly,2025-11-13,PE,2025-11-10 13:55:00+05:30,1150.0,2025-11-13 15:30:00+05:30,320.7,hold_to_end,-72.113,38.1739,,0.0
staggered_30_sl30_trail10,SENSEX,weekly,2025-11-13,PE,2025-11-12 15:25:00+05:30,366.0,2025-11-13 09:15:00+05:30,472.25,trail_stop,29.321,49.6995,30.0,0.7
target_30pct,SENSEX,weekly,2025-11-13,PE,2025-11-12 15:25:00+05:30,366.0,2025-11-13 09:15:00+05:30,475.8,target_30pct_hit,30.0,49.6995,,0.0
target_50pct,SENSEX,weekly,2025-11-13,PE,2025-11-12 15:25:00+05:30,366.0,2025-11-13 15:30:00+05:30,320.7,hold_to_end,-12.377,49.6995,,0.0
target_75pct,SENSEX,weekly,2025-11-13,PE,2025-11-12 15:25:00+05:30,366.0,2025-11-13 15:30:00+05:30,320.7,hold_to_end,-12.377,49.6995,,0.0
staggered_30_sl30_trail10,SENSEX,weekly,2025-11-13,PE,2025-11-13 14:10:00+05:30,314.8,2025-11-13 14:20:00+05:30,220.36,hard_sl,-30.0,24.9365,,1.0
target_30pct,SENSEX,weekly,2025-11-13,PE,2025-11-13 14:10:00+05:30,314.8,2025-11-13 15:30:00+05:30,320.7,hold_to_end,1.8742,24.9365,,0.0
target_50pct,SENSEX,weekly,2025-11-13,PE,2025-11-13 14:10:00+05:30,314.8,2025-11-13 15:30:00+05:30,320.7,hold_to_end,1.8742,24.9365,,0.0
target_75pct,SENSEX,weekly,2025-11-13,PE,2025-11-13 14:10:00+05:30,314.8,2025-11-13 15:30:00+05:30,320.7,hold_to_end,1.8742,24.9365,,0.0
staggered_30_sl30_trail10,SENSEX,weekly,2025-11-20,CE,2025-11-06 13:05:00+05:30,807.0,2025-11-07 09:15:00+05:30,564.9,hard_sl,-30.0,152.3234,,1.0
target_30pct,SENSEX,weekly,2025-11-20,CE,2025-11-06 13:05:00+05:30,807.0,2025-11-12 09:15:00+05:30,1049.1,target_30pct_hit,30.0,152.3234,,0.0
target_50pct,SENSEX,weekly,2025-11-20,CE,2025-11-06 13:05:00+05:30,807.0,2025-11-12 11:35:00+05:30,1210.5,target_50pct_hit,50.0,152.3234,,0.0
target_75pct,SENSEX,weekly,2025-11-20,CE,2025-11-06 13:05:00+05:30,807.0,2025-11-13 12:10:00+05:30,1412.25,target_75pct_hit,75.0,152.3234,,0.0
staggered_30_sl30_trail10,SENSEX,weekly,2025-11-20,CE,2025-11-13 10:40:00+05:30,1232.6,2025-11-14 10:05:00+05:30,862.82,hard_sl,-30.0,65.1996,,1.0
target_30pct,SENSEX,weekly,2025-11-20,CE,2025-11-13 10:40:00+05:30,1232.6,2025-11-20 09:30:00+05:30,1602.38,target_30pct_hit,30.0,65.1996,,0.0
target_50pct,SENSEX,weekly,2025-11-20,CE,2025-11-13 10:40:00+05:30,1232.6,2025-11-20 12:45:00+05:30,1848.9,target_50pct_hit,50.0,65.1996,,0.0
target_75pct,SENSEX,weekly,2025-11-20,CE,2025-11-13 10:40:00+05:30,1232.6,2025-11-20 15:30:00+05:30,1936.3,hold_to_end,57.0907,65.1996,,0.0
staggered_30_sl30_trail10,SENSEX,weekly,2025-11-20,PE,2025-11-06 14:00:00+05:30,740.0,2025-11-07 09:25:00+05:30,1044.95,trail_stop,38.6047,51.2095,30.0|40.0|50.0,0.5
target_30pct,SENSEX,weekly,2025-11-20,PE,2025-11-06 14:00:00+05:30,740.0,2025-11-07 09:20:00+05:30,962.0,target_30pct_hit,30.0,51.2095,,0.0
target_50pct,SENSEX,weekly,2025-11-20,PE,2025-11-06 14:00:00+05:30,740.0,2025-11-07 09:25:00+05:30,1110.0,target_50pct_hit,50.0,51.2095,,0.0
target_75pct,SENSEX,weekly,2025-11-20,PE,2025-11-06 14:00:00+05:30,740.0,2025-11-20 15:30:00+05:30,0.05,hold_to_end,-99.9932,51.2095,,0.0
staggered_30_sl30_trail10,SENSEX,weekly,2025-11-20,PE,2025-11-10 15:05:00+05:30,533.8,2025-11-11 09:45:00+05:30,691.82,trail_stop,29.722,50.8243,30.0,0.7
target_30pct,SENSEX,weekly,2025-11-20,PE,2025-11-10 15:05:00+05:30,533.8,2025-11-11 09:25:00+05:30,693.94,target_30pct_hit,30.0,50.8243,,0.0
target_50pct,SENSEX,weekly,2025-11-20,PE,2025-11-10 15:05:00+05:30,533.8,2025-11-11 10:40:00+05:30,800.7,target_50pct_hit,50.0,50.8243,,0.0
target_75pct,SENSEX,weekly,2025-11-20,PE,2025-11-10 15:05:00+05:30,533.8,2025-11-20 15:30:00+05:30,0.05,hold_to_end,-99.9906,50.8243,,0.0
staggered_30_sl30_trail10,SENSEX,weekly,2025-11-20,PE,2025-11-13 09:15:00+05:30,224.55,2025-11-13 10:50:00+05:30,157.185,hard_sl,-30.0,47.1833,,1.0
target_30pct,SENSEX,weekly,2025-11-20,PE,2025-11-13 09:15:00+05:30,224.55,2025-11-14 09:15:00+05:30,291.915,target_30pct_hit,30.0,47.1833,,0.0
target_50pct,SENSEX,weekly,2025-11-20,PE,2025-11-13 09:15:00+05:30,224.55,2025-11-20 15:30:00+05:30,0.05,hold_to_end,-99.9777,47.1833,,0.0
target_75pct,SENSEX,weekly,2025-11-20,PE,2025-11-13 09:15:00+05:30,224.55,2025-11-20 15:30:00+05:30,0.05,hold_to_end,-99.9777,47.1833,,0.0
staggered_30_sl30_trail10,SENSEX,weekly,2025-11-20,PE,2025-11-14 13:45:00+05:30,286.2,2025-11-14 14:45:00+05:30,200.34,hard_sl,-30.0,4.0007,,1.0
target_30pct,SENSEX,weekly,2025-11-20,PE,2025-11-14 13:45:00+05:30,286.2,2025-11-20 15:30:00+05:30,0.05,hold_to_end,-99.9825,4.0007,,0.0
target_50pct,SENSEX,weekly,2025-11-20,PE,2025-11-14 13:45:00+05:30,286.2,2025-11-20 15:30:00+05:30,0.05,hold_to_end,-99.9825,4.0007,,0.0
target_75pct,SENSEX,weekly,2025-11-20,PE,2025-11-14 13:45:00+05:30,286.2,2025-11-20 15:30:00+05:30,0.05,hold_to_end,-99.9825,4.0007,,0.0
staggered_30_sl30_trail10,SENSEX,weekly,2025-12-04,CE,2025-11-21 12:25:00+05:30,983.0,2025-11-24 14:25:00+05:30,688.1,hard_sl,-30.0,5.7375,,1.0
target_30pct,SENSEX,weekly,2025-12-04,CE,2025-11-21 12:25:00+05:30,983.0,2025-12-04 15:30:00+05:30,0.05,hold_to_end,-99.9949,5.7375,,0.0
target_50pct,SENSEX,weekly,2025-12-04,CE,2025-11-21 12:25:00+05:30,983.0,2025-12-04 15:30:00+05:30,0.05,hold_to_end,-99.9949,5.7375,,0.0
target_75pct,SENSEX,weekly,2025-12-04,CE,2025-11-21 12:25:00+05:30,983.0,2025-12-04 15:30:00+05:30,0.05,hold_to_end,-99.9949,5.7375,,0.0
staggered_30_sl30_trail10,SENSEX,weekly,2025-12-04,PE,2025-11-21 09:20:00+05:30,547.55,2025-11-25 09:15:00+05:30,685.595,trail_stop,26.648,58.8439,30.0,0.7
target_30pct,SENSEX,weekly,2025-12-04,PE,2025-11-21 09:20:00+05:30,547.55,2025-11-24 15:30:00+05:30,711.815,target_30pct_hit,30.0,58.8439,,0.0
target_50pct,SENSEX,weekly,2025-12-04,PE,2025-11-21 09:20:00+05:30,547.55,2025-11-25 15:05:00+05:30,821.325,target_50pct_hit,50.0,58.8439,,0.0
target_75pct,SENSEX,weekly,2025-12-04,PE,2025-11-21 09:20:00+05:30,547.55,2025-12-04 15:30:00+05:30,34.15,hold_to_end,-93.7631,58.8439,,0.0
staggered_30_sl30_trail10,SENSEX,weekly,2025-12-04,PE,2025-11-25 10:45:00+05:30,646.05,2025-11-25 15:10:00+05:30,805.145,trail_stop,26.2381,34.6258,30.0,0.7
target_30pct,SENSEX,weekly,2025-12-04,PE,2025-11-25 10:45:00+05:30,646.05,2025-11-25 15:05:00+05:30,839.865,target_30pct_hit,30.0,34.6258,,0.0
target_50pct,SENSEX,weekly,2025-12-04,PE,2025-11-25 10:45:00+05:30,646.05,2025-12-04 15:30:00+05:30,34.15,hold_to_end,-94.714,34.6258,,0.0
target_75pct,SENSEX,weekly,2025-12-04,PE,2025-11-25 10:45:00+05:30,646.05,2025-12-04 15:30:00+05:30,34.15,hold_to_end,-94.714,34.6258,,0.0
staggered_30_sl30_trail10,SENSEX,weekly,2025-12-04,PE,2025-11-27 12:35:00+05:30,260.15,2025-11-27 13:25:00+05:30,316.835,trail_stop,24.2525,103.7286,30.0,0.7
target_30pct,SENSEX,weekly,2025-12-04,PE,2025-11-27 12:35:00+05:30,260.15,2025-11-27 13:25:00+05:30,338.195,target_30pct_hit,30.0,103.7286,,0.0
target_50pct,SENSEX,weekly,2025-12-04,PE,2025-11-27 12:35:00+05:30,260.15,2025-12-03 09:30:00+05:30,390.225,target_50pct_hit,50.0,103.7286,,0.0
target_75pct,SENSEX,weekly,2025-12-04,PE,2025-11-27 12:35:00+05:30,260.15,2025-12-03 09:35:00+05:30,455.2625,target_75pct_hit,75.0,103.7286,,0.0
staggered_30_sl30_trail10,SENSEX,weekly,2025-12-04,PE,2025-11-28 12:55:00+05:30,200.4,2025-12-01 09:15:00+05:30,140.28,hard_sl,-30.0,164.4711,,1.0
target_30pct,SENSEX,weekly,2025-12-04,PE,2025-11-28 12:55:00+05:30,200.4,2025-12-02 09:45:00+05:30,260.52,target_30pct_hit,30.0,164.4711,,0.0
target_50pct,SENSEX,weekly,2025-12-04,PE,2025-11-28 12:55:00+05:30,200.4,2025-12-02 10:10:00+05:30,300.6,target_50pct_hit,50.0,164.4711,,0.0
target_75pct,SENSEX,weekly,2025-12-04,PE,2025-11-28 12:55:00+05:30,200.4,2025-12-03 09:30:00+05:30,350.7,target_75pct_hit,75.0,164.4711,,0.0
staggered_30_sl30_trail10,SENSEX,weekly,2025-12-04,PE,2025-12-03 09:30:00+05:30,388.05,2025-12-03 10:05:00+05:30,469.795,trail_stop,23.7459,36.5803,30.0,0.7
target_30pct,SENSEX,weekly,2025-12-04,PE,2025-12-03 09:30:00+05:30,388.05,2025-12-03 10:05:00+05:30,504.465,target_30pct_hit,30.0,36.5803,,0.0
target_50pct,SENSEX,weekly,2025-12-04,PE,2025-12-03 09:30:00+05:30,388.05,2025-12-04 15:30:00+05:30,34.15,hold_to_end,-91.1996,36.5803,,0.0
target_75pct,SENSEX,weekly,2025-12-04,PE,2025-12-03 09:30:00+05:30,388.05,2025-12-04 15:30:00+05:30,34.15,hold_to_end,-91.1996,36.5803,,0.0
staggered_30_sl30_trail10,SENSEX,weekly,2025-12-04,PE,2025-12-03 12:55:00+05:30,450.7,2025-12-03 15:00:00+05:30,315.49,hard_sl,-30.0,11.8704,,1.0
target_30pct,SENSEX,weekly,2025-12-04,PE,2025-12-03 12:55:00+05:30,450.7,2025-12-04 15:30:00+05:30,34.15,hold_to_end,-92.4229,11.8704,,0.0
target_50pct,SENSEX,weekly,2025-12-04,PE,2025-12-03 12:55:00+05:30,450.7,2025-12-04 15:30:00+05:30,34.15,hold_to_end,-92.4229,11.8704,,0.0
target_75pct,SENSEX,weekly,2025-12-04,PE,2025-12-03 12:55:00+05:30,450.7,2025-12-04 15:30:00+05:30,34.15,hold_to_end,-92.4229,11.8704,,0.0
staggered_30_sl30_trail10,SENSEX,weekly,2025-12-11,CE,2025-11-28 09:30:00+05:30,927.3,2025-12-02 09:15:00+05:30,649.11,hard_sl,-30.0,9.6355,,1.0
target_30pct,SENSEX,weekly,2025-12-11,CE,2025-11-28 09:30:00+05:30,927.3,2025-12-11 15:30:00+05:30,0.05,hold_to_end,-99.9946,9.6355,,0.0
target_50pct,SENSEX,weekly,2025-12-11,CE,2025-11-28 09:30:00+05:30,927.3,2025-12-11 15:30:00+05:30,0.05,hold_to_end,-99.9946,9.6355,,0.0
target_75pct,SENSEX,weekly,2025-12-11,CE,2025-11-28 09:30:00+05:30,927.3,2025-12-11 15:30:00+05:30,0.05,hold_to_end,-99.9946,9.6355,,0.0
staggered_30_sl30_trail10,SENSEX,weekly,2025-12-11,PE,2025-11-27 11:55:00+05:30,503.65,2025-12-01 09:15:00+05:30,352.555,hard_sl,-30.0,182.8055,,1.0
target_30pct,SENSEX,weekly,2025-12-11,PE,2025-11-27 11:55:00+05:30,503.65,2025-12-02 14:40:00+05:30,654.745,target_30pct_hit,30.0,182.8055,,0.0
target_50pct,SENSEX,weekly,2025-12-11,PE,2025-11-27 11:55:00+05:30,503.65,2025-12-03 09:35:00+05:30,755.475,target_50pct_hit,50.0,182.8055,,0.0
target_75pct,SENSEX,weekly,2025-12-11,PE,2025-11-27 11:55:00+05:30,503.65,2025-12-09 09:20:00+05:30,881.3875,target_75pct_hit,75.0,182.8055,,0.0
staggered_30_sl30_trail10,SENSEX,weekly,2025-12-11,PE,2025-12-03 09:20:00+05:30,646.2,2025-12-03 10:25:00+05:30,809.83,trail_stop,26.7253,120.4194,30.0,0.7
target_30pct,SENSEX,weekly,2025-12-11,PE,2025-12-03 09:20:00+05:30,646.2,2025-12-03 10:05:00+05:30,840.06,target_30pct_hit,30.0,120.4194,,0.0
target_50pct,SENSEX,weekly,2025-12-11,PE,2025-12-03 09:20:00+05:30,646.2,2025-12-09 09:25:00+05:30,969.3,target_50pct_hit,50.0,120.4194,,0.0
target_75pct,SENSEX,weekly,2025-12-11,PE,2025-12-03 09:20:00+05:30,646.2,2025-12-09 09:55:00+05:30,1130.85,target_75pct_hit,75.0,120.4194,,0.0
staggered_30_sl30_trail10,SENSEX,weekly,2025-12-11,PE,2025-12-03 13:00:00+05:30,815.0,2025-12-04 10:10:00+05:30,570.5,hard_sl,-30.0,74.7669,,1.0
target_30pct,SENSEX,weekly,2025-12-11,PE,2025-12-03 13:00:00+05:30,815.0,2025-12-09 09:40:00+05:30,1059.5,target_30pct_hit,30.0,74.7669,,0.0
target_50pct,SENSEX,weekly,2025-12-11,PE,2025-12-03 13:00:00+05:30,815.0,2025-12-10 14:10:00+05:30,1222.5,target_50pct_hit,50.0,74.7669,,0.0
target_75pct,SENSEX,weekly,2025-12-11,PE,2025-12-03 13:00:00+05:30,815.0,2025-12-11 15:30:00+05:30,783.7,hold_to_end,-3.8405,74.7669,,0.0
staggered_30_sl30_trail10,SENSEX,weekly,2025-12-11,PE,2025-12-09 14:25:00+05:30,915.0,2025-12-10 10:15:00+05:30,640.5,hard_sl,-30.0,55.6667,,1.0
target_30pct,SENSEX,weekly,2025-12-11,PE,2025-12-09 14:25:00+05:30,915.0,2025-12-10 14:10:00+05:30,1189.5,target_30pct_hit,30.0,55.6667,,0.0
target_50pct,SENSEX,weekly,2025-12-11,PE,2025-12-09 14:25:00+05:30,915.0,2025-12-11 09:45:00+05:30,1372.5,target_50pct_hit,50.0,55.6667,,0.0
target_75pct,SENSEX,weekly,2025-12-11,PE,2025-12-09 14:25:00+05:30,915.0,2025-12-11 15:30:00+05:30,783.7,hold_to_end,-14.3497,55.6667,,0.0
staggered_30_sl30_trail10,SENSEX,weekly,2025-12-18,CE,2025-12-04 15:00:00+05:30,973.7,2025-12-05 14:00:00+05:30,1209.48,trail_stop,25.9504,34.2149,30.0,0.7
target_30pct,SENSEX,weekly,2025-12-18,CE,2025-12-04 15:00:00+05:30,973.7,2025-12-05 12:35:00+05:30,1265.81,target_30pct_hit,30.0,34.2149,,0.0
target_50pct,SENSEX,weekly,2025-12-18,CE,2025-12-04 15:00:00+05:30,973.7,2025-12-18 15:30:00+05:30,0.1,hold_to_end,-99.9897,34.2149,,0.0
target_75pct,SENSEX,weekly,2025-12-18,CE,2025-12-04 15:00:00+05:30,973.7,2025-12-18 15:30:00+05:30,0.1,hold_to_end,-99.9897,34.2149,,0.0
staggered_30_sl30_trail10,SENSEX,weekly,2025-12-18,CE,2025-12-05 15:20:00+05:30,1213.4,2025-12-08 13:25:00+05:30,849.38,hard_sl,-30.0,0.956,,1.0
target_30pct,SENSEX,weekly,2025-12-18,CE,2025-12-05 15:20:00+05:30,1213.4,2025-12-18 15:30:00+05:30,0.1,hold_to_end,-99.9918,0.956,,0.0
target_50pct,SENSEX,weekly,2025-12-18,CE,2025-12-05 15:20:00+05:30,1213.4,2025-12-18 15:30:00+05:30,0.1,hold_to_end,-99.9918,0.956,,0.0
target_75pct,SENSEX,weekly,2025-12-18,CE,2025-12-05 15:20:00+05:30,1213.4,2025-12-18 15:30:00+05:30,0.1,hold_to_end,-99.9918,0.956,,0.0
staggered_30_sl30_trail10,SENSEX,weekly,2025-12-18,PE,2025-12-04 12:25:00+05:30,447.05,2025-12-05 10:05:00+05:30,312.935,hard_sl,-30.0,102.4382,,1.0
target_30pct,SENSEX,weekly,2025-12-18,PE,2025-12-04 12:25:00+05:30,447.05,2025-12-09 09:15:00+05:30,581.165,target_30pct_hit,30.0,102.4382,,0.0
target_50pct,SENSEX,weekly,2025-12-18,PE,2025-12-04 12:25:00+05:30,447.05,2025-12-09 09:30:00+05:30,670.575,target_50pct_hit,50.0,102.4382,,0.0
target_75pct,SENSEX,weekly,2025-12-18,PE,2025-12-04 12:25:00+05:30,447.05,2025-12-10 14:30:00+05:30,782.3375,target_75pct_hit,75.0,102.4382,,0.0
staggered_30_sl30_trail10,SENSEX,weekly,2025-12-18,PE,2025-12-09 14:25:00+05:30,588.6,2025-12-10 10:15:00+05:30,412.02,hard_sl,-30.0,53.7547,,1.0
target_30pct,SENSEX,weekly,2025-12-18,PE,2025-12-09 14:25:00+05:30,588.6,2025-12-10 14:10:00+05:30,765.18,target_30pct_hit,30.0,53.7547,,0.0
target_50pct,SENSEX,weekly,2025-12-18,PE,2025-12-09 14:25:00+05:30,588.6,2025-12-11 09:45:00+05:30,882.9,target_50pct_hit,50.0,53.7547,,0.0
target_75pct,SENSEX,weekly,2025-12-18,PE,2025-12-09 14:25:00+05:30,588.6,2025-12-18 15:30:00+05:30,518.0,hold_to_end,-11.9946,53.7547,,0.0
staggered_30_sl30_trail10,SENSEX,weekly,2025-12-18,PE,2025-12-15 09:15:00+05:30,318.0,2025-12-15 09:45:00+05:30,386.2,trail_stop,24.0126,129.8428,30.0,0.7
target_30pct,SENSEX,weekly,2025-12-18,PE,2025-12-15 09:15:00+05:30,318.0,2025-12-15 09:45:00+05:30,413.4,target_30pct_hit,30.0,129.8428,,0.0
target_50pct,SENSEX,weekly,2025-12-18,PE,2025-12-15 09:15:00+05:30,318.0,2025-12-17 10:10:00+05:30,477.0,target_50pct_hit,50.0,129.8428,,0.0
target_75pct,SENSEX,weekly,2025-12-18,PE,2025-12-15 09:15:00+05:30,318.0,2025-12-17 12:30:00+05:30,556.5,target_75pct_hit,75.0,129.8428,,0.0
staggered_30_sl30_trail10,SENSEX,weekly,2025-12-18,PE,2025-12-16 09:15:00+05:30,324.4,2025-12-16 10:05:00+05:30,403.51,trail_stop,26.0706,125.3083,30.0,0.7
target_30pct,SENSEX,weekly,2025-12-18,PE,2025-12-16 09:15:00+05:30,324.4,2025-12-16 10:05:00+05:30,421.72,target_30pct_hit,30.0,125.3083,,0.0
target_50pct,SENSEX,weekly,2025-12-18,PE,2025-12-16 09:15:00+05:30,324.4,2025-12-17 10:25:00+05:30,486.6,target_50pct_hit,50.0,125.3083,,0.0
target_75pct,SENSEX,weekly,2025-12-18,PE,2025-12-16 09:15:00+05:30,324.4,2025-12-17 12:30:00+05:30,567.7,target_75pct_hit,75.0,125.3083,,0.0
staggered_30_sl30_trail10,SENSEX,weekly,2025-12-18,PE,2025-12-16 14:30:00+05:30,393.3,2025-12-17 09:35:00+05:30,275.31,hard_sl,-30.0,85.8378,,1.0
target_30pct,SENSEX,weekly,2025-12-18,PE,2025-12-16 14:30:00+05:30,393.3,2025-12-17 12:05:00+05:30,511.29,target_30pct_hit,30.0,85.8378,,0.0
target_50pct,SENSEX,weekly,2025-12-18,PE,2025-12-16 14:30:00+05:30,393.3,2025-12-18 09:15:00+05:30,589.95,target_50pct_hit,50.0,85.8378,,0.0
target_75pct,SENSEX,weekly,2025-12-18,PE,2025-12-16 14:30:00+05:30,393.3,2025-12-18 09:45:00+05:30,688.275,target_75pct_hit,75.0,85.8378,,0.0
staggered_30_sl30_trail10,SENSEX,weekly,2025-12-18,PE,2025-12-18 09:20:00+05:30,589.85,2025-12-18 10:25:00+05:30,412.895,hard_sl,-30.0,23.9129,,1.0
target_30pct,SENSEX,weekly,2025-12-18,PE,2025-12-18 09:20:00+05:30,589.85,2025-12-18 15:30:00+05:30,518.0,hold_to_end,-12.1811,23.9129,,0.0
target_50pct,SENSEX,weekly,2025-12-18,PE,2025-12-18 09:20:00+05:30,589.85,2025-12-18 15:30:00+05:30,518.0,hold_to_end,-12.1811,23.9129,,0.0
target_75pct,SENSEX,weekly,2025-12-18,PE,2025-12-18 09:20:00+05:30,589.85,2025-12-18 15:30:00+05:30,518.0,hold_to_end,-12.1811,23.9129,,0.0
staggered_30_sl30_trail10,SENSEX,weekly,2026-01-01,CE,2025-12-19 09:25:00+05:30,1348.6,2025-12-23 15:30:00+05:30,1713.64,trail_stop,27.9476,37.0681,30.0,0.7
target_30pct,SENSEX,weekly,2026-01-01,CE,2025-12-19 09:25:00+05:30,1348.6,2025-12-22 14:45:00+05:30,1753.18,target_30pct_hit,30.0,37.0681,,0.0
target_50pct,SENSEX,weekly,2026-01-01,CE,2025-12-19 09:25:00+05:30,1348.6,2026-01-01 15:30:00+05:30,1188.0,hold_to_end,-11.9086,37.0681,,0.0
target_75pct,SENSEX,weekly,2026-01-01,CE,2025-12-19 09:25:00+05:30,1348.6,2026-01-01 15:30:00+05:30,1188.0,hold_to_end,-11.9086,37.0681,,0.0
staggered_30_sl30_trail10,SENSEX,weekly,2026-01-01,CE,2025-12-23 10:10:00+05:30,1742.65,2025-12-26 12:35:00+05:30,1219.855,hard_sl,-30.0,6.0741,,1.0
target_30pct,SENSEX,weekly,2026-01-01,CE,2025-12-23 10:10:00+05:30,1742.65,2026-01-01 15:30:00+05:30,1188.0,hold_to_end,-31.828,6.0741,,0.0
target_50pct,SENSEX,weekly,2026-01-01,CE,2025-12-23 10:10:00+05:30,1742.65,2026-01-01 15:30:00+05:30,1188.0,hold_to_end,-31.828,6.0741,,0.0
target_75pct,SENSEX,weekly,2026-01-01,CE,2025-12-23 10:10:00+05:30,1742.65,2026-01-01 15:30:00+05:30,1188.0,hold_to_end,-31.828,6.0741,,0.0
staggered_30_sl30_trail10,SENSEX,weekly,2026-01-01,PE,2025-12-18 14:15:00+05:30,297.25,2025-12-19 09:20:00+05:30,208.075,hard_sl,-30.0,9.5038,,1.0
target_30pct,SENSEX,weekly,2026-01-01,PE,2025-12-18 14:15:00+05:30,297.25,2026-01-01 15:30:00+05:30,0.05,hold_to_end,-99.9832,9.5038,,0.0
target_50pct,SENSEX,weekly,2026-01-01,PE,2025-12-18 14:15:00+05:30,297.25,2026-01-01 15:30:00+05:30,0.05,hold_to_end,-99.9832,9.5038,,0.0
target_75pct,SENSEX,weekly,2026-01-01,PE,2025-12-18 14:15:00+05:30,297.25,2026-01-01 15:30:00+05:30,0.05,hold_to_end,-99.9832,9.5038,,0.0
staggered_30_sl30_trail10,SENSEX,weekly,2026-01-08,CE,2025-12-29 09:15:00+05:30,516.9,2025-12-29 11:05:00+05:30,361.83,hard_sl,-30.0,55.8232,,1.0
target_30pct,SENSEX,weekly,2026-01-08,CE,2025-12-29 09:15:00+05:30,516.9,2026-01-02 15:30:00+05:30,671.97,target_30pct_hit,30.0,55.8232,,0.0
target_50pct,SENSEX,weekly,2026-01-08,CE,2025-12-29 09:15:00+05:30,516.9,2026-01-05 09:15:00+05:30,775.35,target_50pct_hit,50.0,55.8232,,0.0
target_75pct,SENSEX,weekly,2026-01-08,CE,2025-12-29 09:15:00+05:30,516.9,2026-01-08 15:30:00+05:30,0.2,hold_to_end,-99.9613,55.8232,,0.0
staggered_30_sl30_trail10,SENSEX,weekly,2026-01-08,CE,2026-01-05 10:20:00+05:30,685.5,2026-01-05 13:30:00+05:30,479.85,hard_sl,-30.0,7.841,,1.0
target_30pct,SENSEX,weekly,2026-01-08,CE,2026-01-05 10:20:00+05:30,685.5,2026-01-08 15:30:00+05:30,0.2,hold_to_end,-99.9708,7.841,,0.0
target_50pct,SENSEX,weekly,2026-01-08,CE,2026-01-05 10:20:00+05:30,685.5,2026-01-08 15:30:00+05:30,0.2,hold_to_end,-99.9708,7.841,,0.0
target_75pct,SENSEX,weekly,2026-01-08,CE,2026-01-05 10:20:00+05:30,685.5,2026-01-08 15:30:00+05:30,0.2,hold_to_end,-99.9708,7.841,,0.0
staggered_30_sl30_trail10,SENSEX,weekly,2026-01-08,PE,2025-12-29 10:20:00+05:30,511.55,2025-12-29 13:40:00+05:30,648.845,trail_stop,27.7873,127.4362,30.0,0.7
target_30pct,SENSEX,weekly,2026-01-08,PE,2025-12-29 10:20:00+05:30,511.55,2025-12-29 13:40:00+05:30,665.015,target_30pct_hit,30.0,127.4362,,0.0
target_50pct,SENSEX,weekly,2026-01-08,PE,2025-12-29 10:20:00+05:30,511.55,2025-12-30 09:25:00+05:30,767.325,target_50pct_hit,50.0,127.4362,,0.0
target_75pct,SENSEX,weekly,2026-01-08,PE,2025-12-29 10:20:00+05:30,511.55,2026-01-08 12:05:00+05:30,895.2125,target_75pct_hit,75.0,127.4362,,0.0
staggered_30_sl30_trail10,SENSEX,weekly,2026-01-08,PE,2025-12-30 09:20:00+05:30,745.05,2025-12-31 09:20:00+05:30,521.535,hard_sl,-30.0,56.1573,,1.0
target_30pct,SENSEX,weekly,2026-01-08,PE,2025-12-30 09:20:00+05:30,745.05,2026-01-08 12:05:00+05:30,968.565,target_30pct_hit,30.0,56.1573,,0.0
target_50pct,SENSEX,weekly,2026-01-08,PE,2025-12-30 09:20:00+05:30,745.05,2026-01-08 15:05:00+05:30,1117.575,target_50pct_hit,50.0,56.1573,,0.0
target_75pct,SENSEX,weekly,2026-01-08,PE,2025-12-30 09:20:00+05:30,745.05,2026-01-08 15:30:00+05:30,1120.1,hold_to_end,50.3389,56.1573,,0.0
staggered_30_sl30_trail10,SENSEX,weekly,2026-01-14,CE,2026-01-02 09:30:00+05:30,950.45,2026-01-06 11:20:00+05:30,665.315,hard_sl,-30.0,29.6965,,1.0
target_30pct,SENSEX,weekly,2026-01-14,CE,2026-01-02 09:30:00+05:30,950.45,2026-01-14 15:30:00+05:30,0.05,hold_to_end,-99.9947,29.6965,,0.0
target_50pct,SENSEX,weekly,2026-01-14,CE,2026-01-02 09:30:00+05:30,950.45,2026-01-14 15:30:00+05:30,0.05,hold_to_end,-99.9947,29.6965,,0.0
target_75pct,SENSEX,weekly,2026-01-14,CE,2026-01-02 09:30:00+05:30,950.45,2026-01-14 15:30:00+05:30,0.05,hold_to_end,-99.9947,29.6965,,0.0
staggered_30_sl30_trail10,SENSEX,weekly,2026-01-14,PE,2026-01-01 12:15:00+05:30,302.8,2026-01-02 09:45:00+05:30,211.96,hard_sl,-30.0,543.7417,,1.0
target_30pct,SENSEX,weekly,2026-01-14,PE,2026-01-01 12:15:00+05:30,302.8,2026-01-08 10:20:00+05:30,393.64,target_30pct_hit,30.0,543.7417,,0.0
target_50pct,SENSEX,weekly,2026-01-14,PE,2026-01-01 12:15:00+05:30,302.8,2026-01-08 11:20:00+05:30,454.2,target_50pct_hit,50.0,543.7417,,0.0
target_75pct,SENSEX,weekly,2026-01-14,PE,2026-01-01 12:15:00+05:30,302.8,2026-01-08 11:50:00+05:30,529.9,target_75pct_hit,75.0,543.7417,,0.0
staggered_30_sl30_trail10,SENSEX,weekly,2026-01-14,PE,2026-01-08 14:55:00+05:30,623.5,2026-01-09 09:35:00+05:30,771.3,trail_stop,25.5934,212.6303,30.0,0.7
target_30pct,SENSEX,weekly,2026-01-14,PE,2026-01-08 14:55:00+05:30,623.5,2026-01-09 09:35:00+05:30,810.55,target_30pct_hit,30.0,212.6303,,0.0
target_50pct,SENSEX,weekly,2026-01-14,PE,2026-01-08 14:55:00+05:30,623.5,2026-01-09 11:20:00+05:30,935.25,target_50pct_hit,50.0,212.6303,,0.0
target_75pct,SENSEX,weekly,2026-01-14,PE,2026-01-08 14:55:00+05:30,623.5,2026-01-09 11:50:00+05:30,1091.125,target_75pct_hit,75.0,212.6303,,0.0
staggered_30_sl30_trail10,SENSEX,weekly,2026-01-14,PE,2026-01-13 10:00:00+05:30,1258.85,2026-01-14 15:30:00+05:30,1518.25,hold_to_end,20.6061,29.094,,1.0
target_30pct,SENSEX,weekly,2026-01-14,PE,2026-01-13 10:00:00+05:30,1258.85,2026-01-14 15:30:00+05:30,1518.25,hold_to_end,20.6061,29.094,,0.0
target_50pct,SENSEX,weekly,2026-01-14,PE,2026-01-13 10:00:00+05:30,1258.85,2026-01-14 15:30:00+05:30,1518.25,hold_to_end,20.6061,29.094,,0.0
target_75pct,SENSEX,weekly,2026-01-14,PE,2026-01-13 10:00:00+05:30,1258.85,2026-01-14 15:30:00+05:30,1518.25,hold_to_end,20.6061,29.094,,0.0
staggered_30_sl30_trail10,SENSEX,weekly,2026-01-22,CE,2026-01-09 15:30:00+05:30,270.25,2026-01-12 09:20:00+05:30,189.175,hard_sl,-30.0,35.0601,,1.0
target_30pct,SENSEX,weekly,2026-01-22,CE,2026-01-09 15:30:00+05:30,270.25,2026-01-13 09:20:00+05:30,351.325,target_30pct_hit,30.0,35.0601,,0.0
target_50pct,SENSEX,weekly,2026-01-22,CE,2026-01-09 15:30:00+05:30,270.25,2026-01-22 15:30:00+05:30,0.05,hold_to_end,-99.9815,35.0601,,0.0
target_75pct,SENSEX,weekly,2026-01-22,CE,2026-01-09 15:30:00+05:30,270.25,2026-01-22 15:30:00+05:30,0.05,hold_to_end,-99.9815,35.0601,,0.0
staggered_30_sl30_trail10,SENSEX,weekly,2026-01-22,CE,2026-01-13 11:40:00+05:30,292.4,2026-01-13 12:40:00+05:30,204.68,hard_sl,-30.0,1.2483,,1.0
target_30pct,SENSEX,weekly,2026-01-22,CE,2026-01-13 11:40:00+05:30,292.4,2026-01-22 15:30:00+05:30,0.05,hold_to_end,-99.9829,1.2483,,0.0
target_50pct,SENSEX,weekly,2026-01-22,CE,2026-01-13 11:40:00+05:30,292.4,2026-01-22 15:30:00+05:30,0.05,hold_to_end,-99.9829,1.2483,,0.0
target_75pct,SENSEX,weekly,2026-01-22,CE,2026-01-13 11:40:00+05:30,292.4,2026-01-22 15:30:00+05:30,0.05,hold_to_end,-99.9829,1.2483,,0.0
staggered_30_sl30_trail10,SENSEX,weekly,2026-01-22,PE,2026-01-13 10:00:00+05:30,1240.05,2026-01-16 10:20:00+05:30,868.035,hard_sl,-30.0,170.2673,,1.0
target_30pct,SENSEX,weekly,2026-01-22,PE,2026-01-13 10:00:00+05:30,1240.05,2026-01-19 09:30:00+05:30,1612.065,target_30pct_hit,30.0,170.2673,,0.0
target_50pct,SENSEX,weekly,2026-01-22,PE,2026-01-13 10:00:00+05:30,1240.05,2026-01-20 09:55:00+05:30,1860.075,target_50pct_hit,50.0,170.2673,,0.0
target_75pct,SENSEX,weekly,2026-01-22,PE,2026-01-13 10:00:00+05:30,1240.05,2026-01-20 15:05:00+05:30,2170.0875,target_75pct_hit,75.0,170.2673,,0.0
staggered_30_sl30_trail10,SENSEX,weekly,2026-01-22,PE,2026-01-20 09:20:00+05:30,1661.45,2026-01-20 15:05:00+05:30,2313.855,trail_stop,36.5603,101.7184,30.0|40.0,0.6
target_30pct,SENSEX,weekly,2026-01-22,PE,2026-01-20 09:20:00+05:30,1661.45,2026-01-20 15:05:00+05:30,2159.885,target_30pct_hit,30.0,101.7184,,0.0
target_50pct,SENSEX,weekly,2026-01-22,PE,2026-01-20 09:20:00+05:30,1661.45,2026-01-20 15:10:00+05:30,2492.175,target_50pct_hit,50.0,101.7184,,0.0
target_75pct,SENSEX,weekly,2026-01-22,PE,2026-01-20 09:20:00+05:30,1661.45,2026-01-21 10:25:00+05:30,2907.5375,target_75pct_hit,75.0,101.7184,,0.0
staggered_30_sl30_trail10,SENSEX,weekly,2026-01-22,PE,2026-01-21 14:40:00+05:30,2800.0,2026-01-22 15:30:00+05:30,2478.7,hold_to_end,-11.475,4.2857,,1.0
target_30pct,SENSEX,weekly,2026-01-22,PE,2026-01-21 14:40:00+05:30,2800.0,2026-01-22 15:30:00+05:30,2478.7,hold_to_end,-11.475,4.2857,,0.0
target_50pct,SENSEX,weekly,2026-01-22,PE,2026-01-21 14:40:00+05:30,2800.0,2026-01-22 15:30:00+05:30,2478.7,hold_to_end,-11.475,4.2857,,0.0
target_75pct,SENSEX,weekly,2026-01-22,PE,2026-01-21 14:40:00+05:30,2800.0,2026-01-22 15:30:00+05:30,2478.7,hold_to_end,-11.475,4.2857,,0.0
staggered_30_sl30_trail10,SENSEX,weekly,2026-02-05,CE,2026-01-22 14:40:00+05:30,1017.35,2026-01-23 13:30:00+05:30,712.145,hard_sl,-30.0,199.7297,,1.0
target_30pct,SENSEX,weekly,2026-02-05,CE,2026-01-22 14:40:00+05:30,1017.35,2026-02-03 09:15:00+05:30,1322.555,target_30pct_hit,30.0,199.7297,,0.0
target_50pct,SENSEX,weekly,2026-02-05,CE,2026-01-22 14:40:00+05:30,1017.35,2026-02-03 09:15:00+05:30,1526.025,target_50pct_hit,50.0,199.7297,,0.0
target_75pct,SENSEX,weekly,2026-02-05,CE,2026-01-22 14:40:00+05:30,1017.35,2026-02-03 09:15:00+05:30,1780.3625,target_75pct_hit,75.0,199.7297,,0.0
staggered_30_sl30_trail10,SENSEX,weekly,2026-02-05,CE,2026-02-04 13:25:00+05:30,1280.0,2026-02-05 09:55:00+05:30,896.0,hard_sl,-30.0,16.9531,,1.0
target_30pct,SENSEX,weekly,2026-02-05,CE,2026-02-04 13:25:00+05:30,1280.0,2026-02-05 15:30:00+05:30,815.35,hold_to_end,-36.3008,16.9531,,0.0
target_50pct,SENSEX,weekly,2026-02-05,CE,2026-02-04 13:25:00+05:30,1280.0,2026-02-05 15:30:00+05:30,815.35,hold_to_end,-36.3008,16.9531,,0.0
target_75pct,SENSEX,weekly,2026-02-05,CE,2026-02-04 13:25:00+05:30,1280.0,2026-02-05 15:30:00+05:30,815.35,hold_to_end,-36.3008,16.9531,,0.0
staggered_30_sl30_trail10,SENSEX,weekly,2026-02-05,PE,2026-01-23 10:20:00+05:30,967.8,2026-01-23 14:30:00+05:30,1253.22,trail_stop,29.6441,180.9206,30.0,0.7
target_30pct,SENSEX,weekly,2026-02-05,PE,2026-01-23 10:20:00+05:30,967.8,2026-01-23 13:35:00+05:30,1258.14,target_30pct_hit,30.0,180.9206,,0.0
target_50pct,SENSEX,weekly,2026-02-05,PE,2026-01-23 10:20:00+05:30,967.8,2026-01-27 09:20:00+05:30,1451.7,target_50pct_hit,50.0,180.9206,,0.0
target_75pct,SENSEX,weekly,2026-02-05,PE,2026-01-23 10:20:00+05:30,967.8,2026-02-01 12:30:00+05:30,1693.65,target_75pct_hit,75.0,180.9206,,0.0
staggered_30_sl30_trail10,SENSEX,weekly,2026-02-05,PE,2026-01-27 10:50:00+05:30,1450.0,2026-01-27 15:15:00+05:30,1015.0,hard_sl,-30.0,87.5,,1.0
target_30pct,SENSEX,weekly,2026-02-05,PE,2026-01-27 10:50:00+05:30,1450.0,2026-02-01 12:30:00+05:30,1885.0,target_30pct_hit,30.0,87.5,,0.0
target_50pct,SENSEX,weekly,2026-02-05,PE,2026-01-27 10:50:00+05:30,1450.0,2026-02-01 12:35:00+05:30,2175.0,target_50pct_hit,50.0,87.5,,0.0
target_75pct,SENSEX,weekly,2026-02-05,PE,2026-01-27 10:50:00+05:30,1450.0,2026-02-01 12:35:00+05:30,2537.5,target_75pct_hit,75.0,87.5,,0.0
staggered_30_sl30_trail10,SENSEX,weekly,2026-02-05,PE,2026-02-04 15:25:00+05:30,36.3,2026-02-05 09:15:00+05:30,25.41,hard_sl,-30.0,18.4573,,1.0
target_30pct,SENSEX,weekly,2026-02-05,PE,2026-02-04 15:25:00+05:30,36.3,2026-02-05 15:30:00+05:30,0.05,hold_to_end,-99.8623,18.4573,,0.0
target_50pct,SENSEX,weekly,2026-02-05,PE,2026-02-04 15:25:00+05:30,36.3,2026-02-05 15:30:00+05:30,0.05,hold_to_end,-99.8623,18.4573,,0.0
target_75pct,SENSEX,weekly,2026-02-05,PE,2026-02-04 15:25:00+05:30,36.3,2026-02-05 15:30:00+05:30,0.05,hold_to_end,-99.8623,18.4573,,0.0
staggered_30_sl30_trail10,SENSEX,weekly,2026-02-12,CE,2026-01-30 13:00:00+05:30,1102.85,2026-02-01 12:20:00+05:30,771.995,hard_sl,-30.0,117.287,,1.0
target_30pct,SENSEX,weekly,2026-02-12,CE,2026-01-30 13:00:00+05:30,1102.85,2026-02-03 09:15:00+05:30,1433.705,target_30pct_hit,30.0,117.287,,0.0
target_50pct,SENSEX,weekly,2026-02-12,CE,2026-01-30 13:00:00+05:30,1102.85,2026-02-03 09:15:00+05:30,1654.275,target_50pct_hit,50.0,117.287,,0.0
target_75pct,SENSEX,weekly,2026-02-12,CE,2026-01-30 13:00:00+05:30,1102.85,2026-02-03 09:15:00+05:30,1929.9875,target_75pct_hit,75.0,117.287,,0.0
staggered_30_sl30_trail10,SENSEX,weekly,2026-02-12,CE,2026-02-06 11:35:00+05:30,1322.2,2026-02-09 09:45:00+05:30,1915.63,trail_stop,40.441,77.7341,30.0|40.0|50.0,0.5
target_30pct,SENSEX,weekly,2026-02-12,CE,2026-02-06 11:35:00+05:30,1322.2,2026-02-09 09:15:00+05:30,1718.86,target_30pct_hit,30.0,77.7341,,0.0
target_50pct,SENSEX,weekly,2026-02-12,CE,2026-02-06 11:35:00+05:30,1322.2,2026-02-09 09:15:00+05:30,1983.3,target_50pct_hit,50.0,77.7341,,0.0
target_75pct,SENSEX,weekly,2026-02-12,CE,2026-02-06 11:35:00+05:30,1322.2,2026-02-10 11:10:00+05:30,2313.85,target_75pct_hit,75.0,77.7341,,0.0
staggered_30_sl30_trail10,SENSEX,weekly,2026-02-12,CE,2026-02-09 13:25:00+05:30,2025.0,2026-02-12 15:30:00+05:30,1485.0,hold_to_end,-26.6667,16.0494,,1.0
target_30pct,SENSEX,weekly,2026-02-12,CE,2026-02-09 13:25:00+05:30,2025.0,2026-02-12 15:30:00+05:30,1485.0,hold_to_end,-26.6667,16.0494,,0.0
target_50pct,SENSEX,weekly,2026-02-12,CE,2026-02-09 13:25:00+05:30,2025.0,2026-02-12 15:30:00+05:30,1485.0,hold_to_end,-26.6667,16.0494,,0.0
target_75pct,SENSEX,weekly,2026-02-12,CE,2026-02-09 13:25:00+05:30,2025.0,2026-02-12 15:30:00+05:30,1485.0,hold_to_end,-26.6667,16.0494,,0.0
staggered_30_sl30_trail10,SENSEX,weekly,2026-02-12,PE,2026-01-30 09:20:00+05:30,808.25,2026-02-01 12:20:00+05:30,1045.825,trail_stop,29.5756,140.5444,30.0,0.7
target_30pct,SENSEX,weekly,2026-02-12,PE,2026-01-30 09:20:00+05:30,808.25,2026-02-01 12:20:00+05:30,1050.725,target_30pct_hit,30.0,140.5444,,0.0
target_50pct,SENSEX,weekly,2026-02-12,PE,2026-01-30 09:20:00+05:30,808.25,2026-02-01 12:30:00+05:30,1212.375,target_50pct_hit,50.0,140.5444,,0.0
target_75pct,SENSEX,weekly,2026-02-12,PE,2026-01-30 09:20:00+05:30,808.25,2026-02-01 12:30:00+05:30,1414.4375,target_75pct_hit,75.0,140.5444,,0.0
staggered_30_sl30_trail10,SENSEX,weekly,2026-02-12,PE,2026-02-05 09:45:00+05:30,142.1,2026-02-06 13:55:00+05:30,99.47,hard_sl,-30.0,24.9472,,1.0
target_30pct,SENSEX,weekly,2026-02-12,PE,2026-02-05 09:45:00+05:30,142.1,2026-02-12 15:30:00+05:30,0.05,hold_to_end,-99.9648,24.9472,,0.0
target_50pct,SENSEX,weekly,2026-02-12,PE,2026-02-05 09:45:00+05:30,142.1,2026-02-12 15:30:00+05:30,0.05,hold_to_end,-99.9648,24.9472,,0.0
target_75pct,SENSEX,weekly,2026-02-12,PE,2026-02-05 09:45:00+05:30,142.1,2026-02-12 15:30:00+05:30,0.05,hold_to_end,-99.9648,24.9472,,0.0
staggered_30_sl30_trail10,SENSEX,weekly,2026-02-19,CE,2026-02-06 11:50:00+05:30,608.35,2026-02-09 09:15:00+05:30,907.665,trail_stop,42.6006,83.4635,30.0|40.0|50.0,0.5
target_30pct,SENSEX,weekly,2026-02-19,CE,2026-02-06 11:50:00+05:30,608.35,2026-02-09 09:15:00+05:30,790.855,target_30pct_hit,30.0,83.4635,,0.0
target_50pct,SENSEX,weekly,2026-02-19,CE,2026-02-06 11:50:00+05:30,608.35,2026-02-09 09:15:00+05:30,912.525,target_50pct_hit,50.0,83.4635,,0.0
target_75pct,SENSEX,weekly,2026-02-19,CE,2026-02-06 11:50:00+05:30,608.35,2026-02-10 09:50:00+05:30,1064.6125,target_75pct_hit,75.0,83.4635,,0.0
staggered_30_sl30_trail10,SENSEX,weekly,2026-02-19,CE,2026-02-09 13:15:00+05:30,890.0,2026-02-12 09:35:00+05:30,623.0,hard_sl,-30.0,25.4045,,1.0
target_30pct,SENSEX,weekly,2026-02-19,CE,2026-02-09 13:15:00+05:30,890.0,2026-02-19 15:30:00+05:30,0.05,hold_to_end,-99.9944,25.4045,,0.0
target_50pct,SENSEX,weekly,2026-02-19,CE,2026-02-09 13:15:00+05:30,890.0,2026-02-19 15:30:00+05:30,0.05,hold_to_end,-99.9944,25.4045,,0.0
target_75pct,SENSEX,weekly,2026-02-19,CE,2026-02-09 13:15:00+05:30,890.0,2026-02-19 15:30:00+05:30,0.05,hold_to_end,-99.9944,25.4045,,0.0
staggered_30_sl30_trail10,SENSEX,weekly,2026-02-19,PE,2026-02-06 13:05:00+05:30,880.15,2026-02-09 09:15:00+05:30,616.105,hard_sl,-30.0,50.8947,,1.0
target_30pct,SENSEX,weekly,2026-02-19,PE,2026-02-06 13:05:00+05:30,880.15,2026-02-13 15:10:00+05:30,1144.195,target_30pct_hit,30.0,50.8947,,0.0
target_50pct,SENSEX,weekly,2026-02-19,PE,2026-02-06 13:05:00+05:30,880.15,2026-02-16 09:15:00+05:30,1320.225,target_50pct_hit,50.0,50.8947,,0.0
target_75pct,SENSEX,weekly,2026-02-19,PE,2026-02-06 13:05:00+05:30,880.15,2026-02-19 15:30:00+05:30,1198.0,hold_to_end,36.1132,50.8947,,0.0
staggered_30_sl30_trail10,SENSEX,weekly,2026-02-19,PE,2026-02-17 14:15:00+05:30,536.1,2026-02-18 09:15:00+05:30,375.27,hard_sl,-30.0,131.3747,,1.0
target_30pct,SENSEX,weekly,2026-02-19,PE,2026-02-17 14:15:00+05:30,536.1,2026-02-19 12:15:00+05:30,696.93,target_30pct_hit,30.0,131.3747,,0.0
target_50pct,SENSEX,weekly,2026-02-19,PE,2026-02-17 14:15:00+05:30,536.1,2026-02-19 12:45:00+05:30,804.15,target_50pct_hit,50.0,131.3747,,0.0
target_75pct,SENSEX,weekly,2026-02-19,PE,2026-02-17 14:15:00+05:30,536.1,2026-02-19 14:45:00+05:30,938.175,target_75pct_hit,75.0,131.3747,,0.0
