name,dt,xdt,entry,entry_mid,o,w1_c,p0945,typ,rest_h,after_open_h,src,nb,helper,r_open,r_w1c,r_0945,r_typ,r_mid,unrev_day,unrev_rest,r_corr,zero
AUBANK,2025-06-26,2025-06-27,821.0,822.2,821.0,811.85,811.55,812.1666666666666,816.0,816.0,upstox_spot,13,0.0,0.0,-0.011144945188794164,-0.011510353227771053,-0.010759236703207553,-0.005572472594397082,True,True,-0.010759236703207553,True
AUBANK,2025-06-30,2025-07-01,819.85,819.9000000000001,820.0,823.7,823.7,824.2333333333332,840.0,840.0,upstox_spot,13,0.00018296029761533106,0.00018296029761533106,0.004695980972128977,0.004695980972128977,0.0053465064747615365,0.002439470634872265,False,False,0.00018296029761533106,False
AUBANK,2025-07-01,2025-07-02,837.6,838.8,840.0,826.8,827.1,831.5,831.15,831.15,upstox_spot,13,0.002865329512893977,0.002865329512893977,-0.012893982808023008,-0.012535816618911122,-0.007282712511938905,-0.005014326647564515,True,True,-0.007282712511938905,False
AUBANK,2025-07-04,2025-07-07,818.3,819.5999999999999,819.55,812.45,812.3,816.15,824.45,824.45,upstox_spot,13,0.0015275571306367919,0.0015275571306367919,-0.0071489673713796,-0.007332274227056068,-0.0026273982646950467,-0.002810705120371404,False,False,0.0015275571306367919,False
AUBANK,2025-07-08,2025-07-09,818.8,820.0,822.5,818.25,818.25,820.1666666666666,827.45,827.45,upstox_spot,13,0.00451880801172444,0.00451880801172444,-0.0006717147044454919,-0.0006717147044454919,0.0016691092655918283,0.001923546653639585,False,False,0.00451880801172444,False
AUBANK,2025-07-09,2025-07-10,826.4,826.5,825.8,827.85,827.85,827.1166666666667,829.55,829.55,upstox_spot,13,-0.0007260406582768608,-0.0007260406582768608,0.00175459825750246,0.00175459825750246,0.0008672152307196423,0.000514278799612855,False,False,-0.0007260406582768608,False
AUBANK,2025-07-10,2025-07-11,828.75,829.0,828.3,827.8,827.35,829.1833333333334,828.0,828.0,upstox_spot,13,-0.0005429864253394534,-0.0005429864253394534,-0.0011463046757165252,-0.0016892911010557565,0.0005228758169935066,-0.0008446455505279893,True,True,0.0005228758169935066,False
AUBANK,2025-07-23,2025-07-24,737.9,738.375,736.75,738.85,738.85,737.0500000000001,746.55,746.55,upstox_spot,13,-0.001558476758368288,-0.001558476758368288,0.0012874373221303248,0.0012874373221303248,-0.0011519176040112322,-0.00013551971811898156,False,False,-0.001558476758368288,False
AUBANK,2025-07-24,2025-07-25,744.0,745.25,743.1,746.55,746.85,743.35,747.4,747.4,upstox_spot,13,-0.0012096774193548487,-0.0012096774193548487,0.003427419354838701,0.0038306451612903913,-0.0008736559139784772,0.0011088709677420372,False,False,-0.0012096774193548487,False
AUBANK,2025-07-29,2025-07-30,740.25,740.725,739.5,751.4,751.3,745.9833333333332,754.1,754.1,upstox_spot,13,-0.0010131712259371373,-0.0010131712259371373,0.015062478892266196,0.014927389395474444,0.007745131149386353,0.00702465383316464,False,False,-0.0010131712259371373,False
AUBANK,2025-08-04,2025-08-05,752.75,753.625,754.0,748.05,748.35,750.2333333333332,749.25,749.25,upstox_spot,13,0.0016605778811025207,0.0016605778811025207,-0.006243772832945971,-0.005845234141481193,-0.003343296800620066,-0.0022915974759216695,True,True,-0.003343296800620066,False
AUBANK,2025-08-07,2025-08-08,744.1,745.05,800.0,758.0,758.0,769.3333333333334,760.9,760.9,upstox_spot,13,0.07512431124848806,0.07512431124848806,0.01868028490794238,0.01868028490794238,0.03391121265062935,0.04690229807821522,True,True,0.03391121265062935,False
AUBANK,2025-08-13,2025-08-14,740.0,740.475,744.0,750.0,749.65,747.1333333333333,752.55,752.55,upstox_spot,13,0.00540540540540535,0.00540540540540535,0.013513513513513598,0.01304054054054049,0.009639639639639652,0.009459459459459474,False,False,0.00540540540540535,False
AUBANK,2025-08-14,2025-08-18,749.8,750.95,755.0,754.5,754.5,755.7666666666668,773.35,773.35,upstox_spot,13,0.006935182715390731,0.006935182715390731,0.0062683382235262375,0.0062683382235262375,0.007957677602916435,0.006601760469458595,False,False,0.006935182715390731,False
AUBANK,2025-08-20,2025-08-21,759.9,759.9,759.6,756.15,756.05,757.4333333333334,759.5,759.5,upstox_spot,13,-0.00039478878799836803,-0.00039478878799836803,-0.004934859849980211,-0.005066456112646445,-0.0032460411457646554,-0.0026648243189892895,True,True,-0.0032460411457646554,False
AUBANK,2025-08-25,2025-08-26,750.0,750.25,750.0,742.95,743.1,744.9833333333332,750.9,750.9,upstox_spot,13,0.0,0.0,-0.009399999999999964,-0.009199999999999986,-0.006688888888888966,-0.0046999999999999265,False,False,0.0,True
AUBANK,2025-09-03,2025-09-04,714.65,714.825,716.0,712.5,712.55,713.9499999999999,714.8,714.8,upstox_spot,13,0.0018890365913384333,0.0018890365913384333,-0.003008465682501904,-0.002938501364304291,-0.000979500454768134,-0.0005597145455816799,True,True,-0.000979500454768134,False
AUBANK,2025-09-05,2025-09-08,696.6,698.25,696.55,699.65,699.65,698.25,703.8,703.8,upstox_spot,13,-7.177720356021933e-05,-7.177720356021933e-05,0.004378409417169049,0.004378409417169049,0.0023686477174849063,0.0021533161068043594,False,False,-7.177720356021933e-05,False
AUBANK,2025-09-10,2025-09-11,713.2,713.7,714.4,709.55,709.75,710.9833333333332,713.0,713.0,upstox_spot,13,0.0016825574873806648,0.0016825574873806648,-0.005117779024116809,-0.004837352776219883,-0.003108057580856416,-0.001717610768368072,True,True,-0.003108057580856416,False
AUBANK,2025-09-15,2025-09-16,714.0,714.5,716.5,714.65,714.7,715.2166666666667,720.5,720.5,upstox_spot,13,0.003501400560224077,0.003501400560224077,0.0009103641456582601,0.0009803921568627416,0.001704014939309051,0.0022058823529411686,False,False,0.003501400560224077,False
AUBANK,2025-09-18,2025-09-19,720.0,721.15,719.65,720.35,720.25,718.8166666666666,724.0,724.0,upstox_spot,13,-0.0004861111111111871,-0.0004861111111111871,0.0004861111111111871,0.0003472222222222765,-0.0016435185185186274,0.0,False,False,-0.0004861111111111871,False
AUBANK,2025-09-23,2025-09-24,731.65,732.325,730.0,738.5,739.0,734.9666666666667,743.4,743.4,upstox_spot,13,-0.002255176655504676,-0.002255176655504676,0.009362400054671038,0.010045786919975486,0.004533132873186352,0.0035536116995831257,False,False,-0.002255176655504676,False
AUBANK,2025-10-03,2025-10-06,740.5,741.75,748.05,751.85,751.85,750.9,764.4,764.4,upstox_spot,13,0.010195813639432671,0.010195813639432671,0.015327481431465229,0.015327481431465229,0.014044564483457034,0.012761647535449061,False,False,0.010195813639432671,False
AUBANK,2025-10-06,2025-10-07,764.4,764.4,765.5,761.9,761.9,762.5833333333334,765.5,765.5,upstox_spot,13,0.0014390371533228308,0.0014390371533228308,-0.0032705389848246558,-0.0032705389848246558,-0.0023765916623058603,-0.0009157509157508015,False,False,0.0014390371533228308,False
AUBANK,2025-10-14,2025-10-15,776.1,776.3,776.5,793.4,793.35,787.6500000000001,807.0,807.0,upstox_spot,13,0.0005153975003220346,0.0005153975003220346,0.02229094188893188,0.02222651720139157,0.014882102821801357,0.011403169694627069,False,False,0.0005153975003220346,False
AUBANK,2025-10-15,2025-10-16,801.25,803.125,801.25,811.2,811.2,806.9,811.75,811.75,upstox_spot,13,0.0,0.0,0.012418096723868954,0.012418096723868954,0.00705148205928241,0.006209048361934588,False,False,0.0,True
AUBANK,2025-10-17,2025-10-20,799.95,801.2,818.0,844.05,844.05,839.75,871.65,871.65,upstox_spot,13,0.022563910244390195,0.022563910244390195,0.05512844552784535,0.05512844552784535,0.049753109569347975,0.03884617788611777,False,False,0.022563910244390195,False
AUBANK,2025-10-20,2025-10-23,866.45,866.725,861.05,879.15,879.4,874.7333333333332,883.75,883.75,upstox_spot,13,-0.006232327312597485,-0.006232327312597485,0.014657510531479012,0.014946044203358433,0.009560082328274211,0.004212591609440652,False,False,-0.006232327312597485,False
AUBANK,2025-10-28,2025-10-29,880.0,880.7,886.0,875.2,875.2,878.7333333333332,885.2,885.2,upstox_spot,13,0.006818181818181834,0.006818181818181834,-0.005454545454545379,-0.005454545454545379,-0.0014393939393940736,0.0006818181818182278,True,True,-0.0014393939393940736,False
AUBANK,2025-11-04,2025-11-06,880.1,880.55,880.9,881.0,880.7,879.65,892.65,892.65,upstox_spot,13,0.0009089876150436549,0.0009089876150436549,0.0010226110669242505,0.0006817407112829077,-0.0005113055334621253,0.0009657993409839527,False,False,0.0009089876150436549,False
AUBANK,2025-11-07,2025-11-10,907.15,908.4,907.15,915.75,915.8,913.1166666666667,922.9,922.9,upstox_spot,13,0.0,0.0,0.009480240313068489,0.009535357989307158,0.006577376031159821,0.004740120156534244,False,False,0.0,True
AUBANK,2025-11-14,2025-11-17,891.9,892.45,895.0,906.15,906.1,902.6166666666667,919.4,919.4,upstox_spot,13,0.003475725978248745,0.003475725978248745,0.01597712748065927,0.015921067384236043,0.012015547333408039,0.009726426729454118,False,False,0.003475725978248745,False
AUBANK,2025-11-17,2025-11-18,914.0,914.15,912.65,922.65,922.85,918.8333333333334,929.9,929.9,upstox_spot,13,-0.0014770240700219261,-0.0014770240700219261,0.009463894967177255,0.009682713347921146,0.005288110867979645,0.003993435448577554,False,False,-0.0014770240700219261,False
AUBANK,2025-11-19,2025-11-20,924.0,925.05,925.65,924.5,924.5,925.4166666666666,926.0,926.0,upstox_spot,13,0.0017857142857142794,0.0017857142857142794,0.00054112554112562,0.00054112554112562,0.0015331890331888864,0.0011634199134200607,False,False,0.0017857142857142794,False
AUBANK,2025-11-25,2025-11-26,945.0,945.5,943.0,951.15,951.65,948.0500000000001,962.65,962.65,upstox_spot,13,-0.002116402116402072,-0.002116402116402072,0.006507936507936574,0.007037037037036953,0.0032275132275132457,0.0021957671957673064,False,False,-0.002116402116402072,False
AUBANK,2025-12-03,2025-12-04,952.0,952.2,949.0,949.75,949.75,949.6833333333334,950.7,950.7,upstox_spot,13,-0.0031512605042016695,-0.0031512605042016695,-0.002363445378151252,-0.002363445378151252,-0.0024334733893557337,-0.0027573529411765163,False,False,-0.0031512605042016695,False
AUBANK,2025-12-05,2025-12-08,960.9,961.65,962.85,956.7,956.5,958.4166666666666,958.5,958.5,upstox_spot,13,0.0020293474867312256,0.0020293474867312256,-0.004370902279113298,-0.004579040482880603,-0.0025843826967772987,-0.0011707773961909806,True,True,-0.0025843826967772987,False
AUBANK,2025-12-09,2025-12-10,971.0,971.825,981.0,995.5,995.2,994.5833333333334,1006.65,1006.65,upstox_spot,13,0.01029866117404743,0.01029866117404743,0.025231719876416037,0.024922760041194758,0.024287675935461772,0.017765190525231622,False,False,0.01029866117404743,False
AUBANK,2025-12-15,2025-12-16,980.6,981.05,976.0,978.05,977.8,978.6833333333334,983.0,983.0,upstox_spot,13,-0.004691005506832546,-0.004691005506832546,-0.002600448704874636,-0.002855394656332888,-0.0019545856278468943,-0.0036457271058536467,False,False,-0.004691005506832546,False
AUBANK,2025-12-19,2025-12-22,985.0,985.875,985.0,981.4,981.4,983.5,986.2,986.2,upstox_spot,13,0.0,0.0,-0.003654822335025454,-0.003654822335025454,-0.001522842639593902,-0.001827411167512616,False,False,0.0,True
AUBANK,2025-12-22,2025-12-23,986.0,986.1,975.0,981.85,982.0,980.9833333333332,984.5,984.5,upstox_spot,13,-0.011156186612576113,-0.011156186612576113,-0.004208924949290038,-0.0040567951318458695,-0.005087897227856741,-0.007682555780933131,False,False,-0.011156186612576113,False
AUBANK,2025-12-29,2025-12-30,987.9,988.2,985.0,983.2,983.2,983.7333333333332,1000.0,1000.0,upstox_spot,13,-0.00293551978945239,-0.00293551978945239,-0.004757566555319337,-0.004757566555319337,-0.004217700846914418,-0.0038465431723858634,False,False,-0.00293551978945239,False
AUBANK,2026-01-12,2026-01-13,1009.3,1009.55,1010.0,989.4,989.15,996.25,991.4,991.4,upstox_spot,13,0.0006935499851381532,0.0006935499851381532,-0.019716635291786355,-0.019964331715049966,-0.012929753294362412,-0.00951154265332399,True,True,-0.012929753294362412,False
AUBANK,2026-01-14,2026-01-16,980.8,980.8,975.5,987.2,987.0,983.2000000000002,1029.95,1029.95,upstox_spot,13,-0.005403752039151666,-0.005403752039151666,0.006525285481239873,0.006321370309951169,0.002446982055465119,0.0005607667210441036,False,False,-0.005403752039151666,False
AUBANK,2026-01-16,2026-01-19,1022.35,1024.1,1025.0,1014.8,1014.5,1016.85,1026.2,1026.2,upstox_spot,13,0.0025920672959358626,0.0025920672959358626,-0.007384946446911567,-0.0076783880275835825,-0.005379762312319625,-0.002396439575487852,False,False,0.0025920672959358626,False
AUBANK,2026-01-29,2026-01-30,990.0,990.75,968.25,983.5,983.4,977.8333333333334,995.65,995.65,upstox_spot,13,-0.021969696969696972,-0.021969696969696972,-0.006565656565656552,-0.00666666666666671,-0.01228956228956224,-0.014267676767676818,False,False,-0.021969696969696972,False
AUBANK,2026-02-06,2026-02-09,989.05,990.65,995.1,994.5,994.5,991.8333333333334,1009.4,1009.4,upstox_spot,13,0.006116980941307304,0.006116980941307304,0.005510338203326581,0.005510338203326581,0.002814148256744753,0.005813659572316832,False,False,0.006116980941307304,False
AUBANK,2026-02-09,2026-02-10,1002.5,1005.95,1011.9,1004.55,1004.7,1002.15,1004.75,1004.75,upstox_spot,13,0.009376558603491292,0.009376558603491292,0.0020448877805485655,0.0021945137157106664,-0.0003491271820449393,0.005710723192019929,True,True,-0.0003491271820449393,False
AUBANK,2026-02-12,2026-02-13,999.3,1000.3499999999999,998.1,993.95,993.5,994.1,1004.6,1004.6,upstox_spot,13,-0.0012008405884118556,-0.0012008405884118556,-0.005353747623336291,-0.005804062843990709,-0.005203642549784782,-0.0032772941058739624,False,False,-0.0012008405884118556,False
AUBANK,2026-02-16,2026-02-17,1009.7,1010.35,1014.4,1004.85,1004.85,1006.4833333333332,1010.0,1010.0,upstox_spot,13,0.0046548479746457705,0.0046548479746457705,-0.0048034069525602074,-0.0048034069525602074,-0.003185764748605324,-7.427948895710745e-05,True,True,-0.003185764748605324,False
AUBANK,2026-02-18,2026-02-19,1023.5,1023.8,1023.5,1033.2,1033.35,1028.6666666666667,1039.2,1039.2,upstox_spot,13,0.0,0.0,0.009477283829995242,0.0096238397655104,0.0050480377788635344,0.00473864191499751,False,False,0.0,True
AUBANK,2026-02-20,2026-02-23,1028.75,1029.375,993.0,954.4,954.4,968.3833333333333,977.5,977.5,upstox_spot,13,-0.034750911300121534,-0.034750911300121534,-0.07227217496962335,-0.07227217496962335,-0.05867962737950583,-0.053511543134872386,True,True,-0.05867962737950583,False
AUBANK,2026-02-24,2026-02-25,1005.0,1007.425,1003.8,993.55,993.55,997.65,1001.95,1001.95,upstox_spot,13,-0.0011940298507463476,-0.0011940298507463476,-0.01139303482587073,-0.01139303482587073,-0.0073134328358208656,-0.006293532338308538,True,True,-0.0073134328358208656,False
AUBANK,2026-03-02,2026-03-04,952.95,953.1500000000001,943.7,946.5,946.65,948.2833333333333,950.2,950.2,upstox_spot,13,-0.009706700246602695,-0.009706700246602695,-0.006768455847631083,-0.006611049897686239,-0.0048970739982860945,-0.008237578047116889,False,False,-0.009706700246602695,False
AUBANK,2026-03-05,2026-03-06,973.0,973.45,972.1,976.45,976.45,974.1,978.15,978.15,upstox_spot,13,-0.000924974306269255,-0.000924974306269255,0.0035457348406988665,0.0035457348406988665,0.0011305241521069043,0.0013103802672149722,False,False,-0.000924974306269255,False
AUBANK,2026-03-17,2026-03-18,903.0,903.475,910.0,914.65,914.35,910.8333333333334,932.0,932.0,upstox_spot,13,0.007751937984496138,0.007751937984496138,0.012901439645625734,0.01256921373200437,0.008674787744555212,0.010326688815061047,False,False,0.007751937984496138,False
AUBANK,2026-03-18,2026-03-19,931.8,931.9,919.8,906.2,906.1,909.5499999999998,909.0,909.0,upstox_spot,13,-0.012878300064391501,-0.012878300064391501,-0.02747370680403516,-0.02758102597123835,-0.02387851470272606,-0.02017600343421333,True,True,-0.02387851470272606,False
AUBANK,2026-03-24,2026-03-25,880.5,880.525,889.9,905.7,905.7,897.8333333333334,919.2,919.2,upstox_spot,13,0.010675752413401352,0.010675752413401352,0.028620102214650833,0.028620102214650833,0.019685784592087918,0.01964792731402598,False,False,0.010675752413401352,False
AUBANK,2026-03-25,2026-03-27,910.0,911.475,900.0,895.2,895.35,897.8166666666666,895.7,895.7,upstox_spot,13,-0.01098901098901095,-0.01098901098901095,-0.016263736263736228,-0.01609890109890111,-0.013388278388278496,-0.013626373626373645,True,True,-0.013388278388278496,False
AUBANK,2026-04-02,2026-04-06,869.95,870.2750000000001,880.95,870.6,870.9,870.4,886.4,886.4,upstox_spot,13,0.012644404850853386,0.012644404850853386,0.0007471693775504828,0.001092016782573646,0.0005172711075347447,0.006695787114201934,False,False,0.012644404850853386,False
AUBANK,2026-04-06,2026-04-07,883.45,884.925,869.95,868.45,868.5,868.85,890.7,890.7,upstox_spot,13,-0.015281000622559326,-0.015281000622559326,-0.016978889580621437,-0.01692229328201944,-0.01652611919180491,-0.01612994510159038,False,False,-0.015281000622559326,False
AUBANK,2026-04-07,2026-04-08,887.4,888.8,920.0,938.5,938.0,933.9666666666667,972.0,972.0,upstox_spot,13,0.03673653369393737,0.03673653369393737,0.05758395312147857,0.057020509353166604,0.05247539628878384,0.04716024340770786,False,False,0.03673653369393737,False
AUBANK,2026-04-08,2026-04-09,969.9,970.525,968.05,966.15,966.15,968.5666666666666,971.25,971.25,upstox_spot,13,-0.0019074131353747914,-0.0019074131353747914,-0.0038663779771110907,-0.0038663779771110907,-0.0013747121696394693,-0.0028868955562429965,False,False,-0.0019074131353747914,False
AUBANK,2026-04-13,2026-04-15,978.0,979.875,994.0,991.05,991.05,993.1833333333334,993.65,993.65,upstox_spot,13,0.01635991820040905,0.01635991820040905,0.013343558282208567,0.013343558282208567,0.015524880708929878,0.014851738241308698,True,True,0.015524880708929878,False
AUBANK,2026-04-21,2026-04-22,1038.0,1039.0,1037.0,1039.1,1038.65,1037.7166666666667,1054.4,1054.4,upstox_spot,13,-0.0009633911368015502,-0.0009633911368015502,0.0010597302504815609,0.0006262042389211242,-0.0002729608220937152,4.8169556839949834e-05,False,False,-0.0009633911368015502,False
AUBANK,2026-04-23,2026-04-24,1057.0,1057.25,1058.7,1064.3,1064.0,1067.0833333333333,1069.0,1069.0,upstox_spot,13,0.0016083254493850507,0.0016083254493850507,0.006906338694418146,0.0066225165562914245,0.009539577420372147,0.004257332071901709,False,False,0.0016083254493850507,False
AUBANK,2026-05-06,2026-05-07,1027.0,1027.45,1024.9,1023.9,1023.8,1025.0333333333333,1041.0,1041.0,upstox_spot,13,-0.0020447906523854975,-0.0020447906523854975,-0.0030185004868549248,-0.003115871470301901,-0.0019149626744563442,-0.0025316455696201556,False,False,-0.0020447906523854975,False
AUBANK,2026-05-07,2026-05-08,1037.0,1037.5,1032.4,1038.5,1038.5,1034.8666666666666,1052.3,1052.3,upstox_spot,13,-0.004435872709739552,-0.004435872709739552,0.0014464802314368974,0.0014464802314368974,-0.0020572163291546763,-0.0014946962391513274,False,False,-0.004435872709739552,False
AUBANK,2026-05-08,2026-05-11,1051.0,1051.65,1045.0,1027.5,1027.5,1033.1333333333334,1034.9,1034.9,upstox_spot,13,-0.0057088487155090295,-0.0057088487155090295,-0.022359657469077088,-0.022359657469077088,-0.016999682841737918,-0.014034253092293003,True,True,-0.016999682841737918,False
AUBANK,2026-05-14,2026-05-15,1007.0,1007.0,1009.9,1002.6,1002.6,1002.6999999999999,1005.6,1005.6,upstox_spot,13,0.0028798411122143985,0.0028798411122143985,-0.0043694141012909915,-0.0043694141012909915,-0.004270109235352648,-0.000744786494538241,True,True,-0.004270109235352648,False
AUBANK,2026-05-18,2026-05-19,982.0,982.2,980.0,976.1,976.4,975.8666666666667,980.3,980.3,upstox_spot,13,-0.0020366598778004397,-0.0020366598778004397,-0.006008146639511214,-0.00570264765784112,-0.006245756958587867,-0.004022403258655882,False,False,-0.0020366598778004397,False
AUBANK,2026-05-20,2026-05-21,972.3,975.5999999999999,982.0,974.7,974.7,977.8333333333334,976.7,976.7,upstox_spot,13,0.009976344749562882,0.009976344749562882,0.002468373958654846,0.002468373958654846,0.005690973293565271,0.006222359354108864,True,True,0.005690973293565271,False
AUBANK,2026-05-22,2026-05-25,982.0,982.0,987.0,1003.4,1003.3,999.0,1006.7,1006.7,upstox_spot,13,0.005091649694501044,0.005091649694501044,0.021792260692464316,0.02169042769857432,0.01731160896130346,0.01344195519348279,False,False,0.005091649694501044,False
AUBANK,2026-05-25,2026-05-26,1004.6,1004.8,1001.0,1005.9,1005.8,1003.9333333333334,1018.5,1018.5,upstox_spot,13,-0.0035835158271949608,-0.0035835158271949608,0.0012940473820426401,0.0011945052757316166,-0.0006636140420730463,-0.0011447342225761048,False,False,-0.0035835158271949608,False
AUBANK,2026-05-26,2026-05-27,1018.5,1018.5,1011.7,1017.6,1017.5,1018.0666666666666,1018.1,1018.1,upstox_spot,13,-0.006676485027000467,-0.006676485027000467,-0.0008836524300441795,-0.0009818360333824216,-0.00042546228113249374,-0.0037800687285222123,False,False,-0.006676485027000467,False
AUBANK,2026-06-02,2026-06-03,977.4,978.55,975.4,958.25,957.65,963.7333333333332,973.15,973.15,upstox_spot,13,-0.002046245140167824,-0.002046245140167824,-0.019592797217106606,-0.02020667075915694,-0.013982675124480037,-0.01081952117863716,True,True,-0.013982675124480037,False
AUBANK,2026-06-03,2026-06-04,970.0,971.575,967.85,961.95,962.2,962.1166666666668,968.25,968.25,upstox_spot,13,-0.0022164948453607947,-0.0022164948453607947,-0.008298969072164875,-0.008041237113401989,-0.00812714776632295,-0.005257731958762779,False,False,-0.0022164948453607947,False
AUBANK,2026-06-04,2026-06-05,964.7,966.475,962.45,967.05,966.9,965.7666666666668,982.0,982.0,upstox_spot,13,-0.002332331294703005,-0.002332331294703005,0.002435990463356408,0.0022805017103761926,0.0011056977989702954,5.182958432659035e-05,False,False,-0.002332331294703005,False
AUBANK,2026-06-09,2026-06-10,980.0,980.225,981.9,976.15,976.65,976.8166666666666,981.5,981.5,upstox_spot,13,0.0019387755102040494,0.0019387755102040494,-0.003928571428571503,-0.0034183673469387887,-0.003248299319727921,-0.000994897959183727,True,True,-0.003248299319727921,False
AUBANK,2026-06-11,2026-06-12,968.25,968.25,970.5,973.45,973.5,975.1166666666668,1019.45,1019.45,upstox_spot,13,0.0023237800154918276,0.0023237800154918276,0.005370513813581335,0.005422153369480931,0.007091832343575355,0.00384714691453647,False,False,0.0023237800154918276,False
AUBANK,2026-06-12,2026-06-15,1017.8,1018.625,1035.0,1030.6,1030.6,1038.05,1041.05,1041.05,upstox_spot,13,0.016899194340735058,0.016899194340735058,0.012576144625663144,0.012576144625663144,0.01989585380231862,0.0147376694831991,False,False,0.016899194340735058,False
AUBANK,2026-06-18,2026-06-19,1025.85,1026.3249999999998,1024.1,1025.6,1026.0,1023.5499999999998,1042.0,1042.0,upstox_spot,13,-0.0017059024223814445,-0.0017059024223814445,-0.0002437003460544762,0.00014622020763277455,-0.002242043183701359,-0.0009748013842180159,False,False,-0.0017059024223814445,False
AUBANK,2026-06-24,2026-06-25,1072.9,1072.95,1079.15,1061.55,1061.55,1067.3833333333334,1063.15,1063.15,upstox_spot,13,0.005825333209059647,0.005825333209059647,-0.0105788051076523,-0.0105788051076523,-0.005141827445863223,-0.002376735949296438,True,True,-0.005141827445863223,False
AUBANK,2026-06-29,2026-06-30,1034.8,1036.75,1035.0,1030.1,1030.3,1031.8333333333333,1043.8,1043.8,upstox_spot,13,0.0001932740626209295,0.0001932740626209295,-0.004541940471588735,-0.004348666408967916,-0.002866898595541789,-0.0021743332044840136,False,False,0.0001932740626209295,False
AUBANK,2026-07-09,2026-07-10,1047.2,1048.3000000000002,1052.0,1066.5,1066.4,1061.3,1079.9,1079.9,source_1minute_aggregate,13,0.004583651642475095,0.004583651642475095,0.01843009931245221,0.018334606569900824,0.013464476699770689,0.011506875477463652,False,False,0.004583651642475095,False
AUBANK,2026-07-24,2026-07-27,1013.1,1014.5,1021.0,1040.8,1040.3,1037.8,1062.0,1062.0,fyers,13,0.007797848188727752,0.007797848188727752,0.027341822130095617,0.026848287434606544,0.02438061395716118,0.017569835159411795,False,False,0.007797848188727752,False
AUBANK,2026-07-27,2026-07-28,1055.0,1055.2,1051.9,1053.1,1052.7,1052.1666666666665,1059.6,1059.6,fyers,13,-0.0029383886255923697,-0.0029383886255923697,-0.0018009478672986745,-0.0021800947867298692,-0.002685624012638388,-0.0023696682464454666,False,False,-0.0029383886255923697,False
AUBANK,2026-08-03,2026-08-04,1060.0,1060.0,1055.0,1049.8,1049.8,1048.8999999999999,1059.0,1059.0,fyers,20,-0.004716981132075526,-0.004716981132075526,-0.009622641509434038,-0.009622641509434038,-0.010471698113207695,-0.007169811320754671,False,False,-0.004716981132075526,False
AUBANK,2026-08-04,2026-08-05,1059.0,1059.0,1057.6,1051.7,1051.4,1051.4666666666665,1053.9,1053.9,fyers,13,-0.0013220018885742313,-0.0013220018885742313,-0.00689329556185081,-0.007176581680830907,-0.007113629209946626,-0.004107648725212409,True,True,-0.007113629209946626,False
AUBANK,2026-08-11,2026-08-12,1070.9,1070.9,1070.9,1066.7,1066.3,1068.8999999999999,1091.4,1091.4,upstox_spot,13,0.0,0.0,-0.00392193482117853,-0.004295452423195623,-0.0018675880100852416,-0.001960967410589154,False,False,0.0,True
AUBANK,2026-08-12,2026-08-13,1091.4,1091.4,1091.0,1086.4,1086.4,1087.1666666666667,1101.1,1101.1,upstox_spot,13,-0.00036650174088337373,-0.00036650174088337373,-0.004581271761040839,-0.004581271761040839,-0.0038788100910146506,-0.002473886750962162,False,False,-0.00036650174088337373,False
AUBANK,2026-08-13,2026-08-14,1098.0,1098.0,1098.0,1084.5,1084.5,1088.3666666666666,1089.0,1089.0,upstox_spot,13,0.0,0.0,-0.012295081967213073,-0.012295081967213073,-0.00877352762598671,-0.006147540983606592,True,True,-0.00877352762598671,True
AUBANK,2026-08-21,2026-08-24,1108.2,1108.2,1109.0,1105.2,1105.2,1105.7,1114.2,1114.2,upstox_spot,13,0.0007218913553510564,0.0007218913553510564,-0.002707092582566295,-0.002707092582566295,-0.0022559104854719125,-0.0009926006136077303,False,False,0.0007218913553510564,False
AUBANK,2026-08-24,2026-08-25,1114.0,1114.0,1114.0,1134.0,1134.4,1126.4333333333334,1144.1,1144.1,upstox_spot,13,0.0,0.0,0.01795332136445249,0.01831238779174149,0.011160981448234741,0.008976660682226134,False,False,0.0,True
FEDERALBNK,2025-06-26,2025-06-27,209.8,209.98000000000002,210.98,208.7,208.66,209.31000000000003,210.35,210.35,upstox_spot,13,0.005624404194470856,0.005624404194470856,-0.005243088655862871,-0.005433746425166919,-0.002335557673975086,0.00019065776930382583,True,True,-0.002335557673975086,False
FEDERALBNK,2025-07-01,2025-07-02,218.82,218.935,220.0,217.88,217.83,218.39666666666668,218.33,218.33,upstox_spot,13,0.005392560095055288,0.005392560095055288,-0.004295768211315276,-0.0045242665204277,-0.001934619017152528,0.0005483959418699502,True,True,-0.001934619017152528,False
FEDERALBNK,2025-07-09,2025-07-10,214.0,214.095,213.15,214.19,214.19,213.93999999999997,214.68,214.68,upstox_spot,13,-0.003971962616822422,-0.003971962616822422,0.0008878504672897858,0.0008878504672897858,-0.0002803738317758153,-0.0015420560747663181,False,False,-0.003971962616822422,False
FEDERALBNK,2025-07-14,2025-07-15,210.7,210.7,211.0,211.02,210.98,211.3033333333333,212.78,212.78,upstox_spot,13,0.0014238253440912452,0.0014238253440912452,0.0015187470336972542,0.0013289036544850141,0.002863470969783233,0.0014712861888941386,False,False,0.0014238253440912452,False
FEDERALBNK,2025-07-21,2025-07-22,212.74,212.87,213.25,212.8,212.78,213.02666666666664,214.0,214.0,upstox_spot,13,0.0023972924696813447,0.0023972924696813447,0.00028203440819773995,0.0001880229387984933,0.0013474977280560907,0.0013396634389395423,False,False,0.0023972924696813447,False
FEDERALBNK,2025-07-30,2025-07-31,204.8,204.845,203.0,204.08,204.09,203.84,204.73,204.73,upstox_spot,13,-0.0087890625,-0.0087890625,-0.003515625000000022,-0.0034667968750000666,-0.004687500000000067,-0.006152343749999956,False,False,-0.0087890625,False
FEDERALBNK,2025-08-04,2025-08-05,196.45,196.58499999999998,195.48,196.52,196.51,196.29666666666665,196.65,196.65,upstox_spot,13,-0.004937643166200045,-0.004937643166200045,0.0003563247645712586,0.00030542122677523764,-0.0007805209128701751,-0.0022906592008143933,False,False,-0.004937643166200045,False
FEDERALBNK,2025-08-06,2025-08-07,197.54,197.64999999999998,195.61,197.24,197.2,196.9,199.27,199.27,upstox_spot,13,-0.009770173129492687,-0.009770173129492687,-0.0015186797610610148,-0.0017211703958691649,-0.0032398501569301796,-0.005644426445276851,False,False,-0.009770173129492687,False
FEDERALBNK,2025-08-07,2025-08-08,198.93,199.10000000000002,198.6,199.15,199.09,198.74333333333334,199.37,199.37,upstox_spot,13,-0.0016588749811492498,-0.0016588749811492498,0.0011059166540994259,0.0008043030211632995,-0.0009383535246904051,-0.000276479163524912,False,False,-0.0016588749811492498,False
FEDERALBNK,2025-08-19,2025-08-20,200.05,200.3,200.5,200.85,200.9,200.44333333333336,201.24,201.24,upstox_spot,13,0.002249437640589713,0.002249437640589713,0.00399900024993749,0.004248937765558569,0.0019661751228861046,0.0031242189452636016,False,False,0.002249437640589713,False
FEDERALBNK,2025-08-28,2025-08-29,192.37,192.43,191.3,191.61,191.61,191.84,193.86,193.86,upstox_spot,13,-0.005562197847897243,-0.005562197847897243,-0.003950719966730687,-0.003950719966730687,-0.002755107345220109,-0.004756458907314021,False,False,-0.005562197847897243,False
FEDERALBNK,2025-09-05,2025-09-08,190.56,190.63,190.0,190.83,190.83,190.46666666666667,191.97,191.97,upstox_spot,13,-0.002938706968933724,-0.002938706968933724,0.0014168765743074463,0.0014168765743074463,-0.0004897844948222874,-0.000760915197313139,False,False,-0.002938706968933724,False
FEDERALBNK,2025-09-08,2025-09-09,191.06,191.06,190.99,190.9,190.85,190.76666666666665,192.05,192.05,upstox_spot,13,-0.00036637705432840395,-0.00036637705432840395,-0.0008374332670365581,-0.001099131162985545,-0.001535294322900449,-0.000601905160682592,False,False,-0.00036637705432840395,False
FEDERALBNK,2025-09-09,2025-09-10,191.7,191.875,192.0,193.15,193.17,192.72666666666666,196.9,196.9,upstox_spot,13,0.0015649452269170805,0.0015649452269170805,0.007563901930099259,0.007668231611893672,0.005355590332116078,0.004564423578508059,False,False,0.0015649452269170805,False
FEDERALBNK,2025-09-10,2025-09-11,196.1,196.20999999999998,196.08,196.01,196.01,196.0333333333333,198.2,198.2,upstox_spot,13,-0.00010198878123401922,-0.00010198878123401922,-0.00045894951555325303,-0.00045894951555325303,-0.00033996260411361945,-0.0002804691483935251,False,False,-0.00010198878123401922,False
FEDERALBNK,2025-09-15,2025-09-16,196.15,196.365,196.0,196.03,196.04,196.17999999999998,197.27,197.27,upstox_spot,13,-0.000764720876879954,-0.000764720876879954,-0.0006117767015039188,-0.0005607953097119811,0.00015294417537581317,-0.0006882487891920475,False,False,-0.000764720876879954,False
FEDERALBNK,2025-09-16,2025-09-17,196.83,196.91500000000002,197.0,197.37,197.36,197.45666666666668,199.5,199.5,upstox_spot,13,0.0008636894782299009,0.0008636894782299009,0.00274348422496562,0.0026926789615404623,0.0031837965079848374,0.0018035868515977604,False,False,0.0008636894782299009,False
FEDERALBNK,2025-09-17,2025-09-18,199.07,199.07,200.0,198.71,198.71,199.0533333333333,200.47,200.47,upstox_spot,13,0.004671723514341641,0.004671723514341641,-0.0018084091023257143,-0.0018084091023257143,-8.372264362621618e-05,0.001431657206008019,False,False,0.004671723514341641,False
FEDERALBNK,2025-09-23,2025-09-24,196.0,196.0,195.2,195.38,195.4,195.63333333333333,196.82,196.82,upstox_spot,13,-0.004081632653061273,-0.004081632653061273,-0.0031632653061224314,-0.003061224489795844,-0.0018707482993197688,-0.0036224489795918524,False,False,-0.004081632653061273,False
FEDERALBNK,2025-09-30,2025-10-01,193.49,193.745,193.0,193.92,193.85,193.60333333333332,194.06,194.06,upstox_spot,13,-0.002532430616569381,-0.002532430616569381,0.002222337071683178,0.0018605612693161078,0.0005857322514513097,-0.000155046772443157,False,False,-0.002532430616569381,False
FEDERALBNK,2025-10-06,2025-10-07,193.75,193.875,194.1,198.55,198.51,197.48333333333335,199.92,199.92,upstox_spot,13,0.0018064516129032704,0.0018064516129032704,0.02477419354838717,0.024567741935483722,0.01926881720430118,0.013290322580645109,False,False,0.0018064516129032704,False
FEDERALBNK,2025-10-07,2025-10-08,199.49,199.495,200.5,200.8,200.79,200.98000000000002,203.5,203.5,upstox_spot,13,0.005062910421574918,0.005062910421574918,0.006566745200260682,0.006516617374304312,0.007469046067472007,0.0058148278109178,False,False,0.005062910421574918,False
FEDERALBNK,2025-10-08,2025-10-09,202.38,202.5,203.5,203.91,203.91,203.51333333333332,207.91,207.91,upstox_spot,13,0.005534143690087978,0.005534143690087978,0.007560035576638091,0.007560035576638091,0.005600026353065113,0.006547089633363035,False,False,0.005534143690087978,False
FEDERALBNK,2025-10-09,2025-10-10,207.2,207.365,206.91,207.83,207.84,207.83666666666667,210.19,210.19,upstox_spot,13,-0.0013996138996138496,-0.0013996138996138496,0.0030405405405407038,0.003088803088803216,0.003072715572715712,0.0008204633204633716,False,False,-0.0013996138996138496,False
FEDERALBNK,2025-10-10,2025-10-13,209.0,209.25,208.1,210.2,210.23,209.47333333333336,213.5,213.5,upstox_spot,13,-0.0043062200956938135,-0.0043062200956938135,0.00574162679425827,0.005885167464114716,0.002264752791068636,0.0007177033492822282,False,False,-0.0043062200956938135,False
FEDERALBNK,2025-10-13,2025-10-14,212.5,212.9,212.94,215.0,215.0,214.03333333333333,216.0,216.0,upstox_spot,13,0.0020705882352940463,0.0020705882352940463,0.0117647058823529,0.0117647058823529,0.007215686274509858,0.006917647058823473,False,False,0.0020705882352940463,False
FEDERALBNK,2025-10-14,2025-10-15,215.28,215.54000000000002,215.1,215.35,215.31,215.38333333333333,217.18,217.18,upstox_spot,13,-0.0008361204013378476,-0.0008361204013378476,0.00032515793385345937,0.0001393534002229746,0.0004799950452123447,-0.0002554812337420831,False,False,-0.0008361204013378476,False
FEDERALBNK,2025-10-15,2025-10-16,216.5,216.5,216.5,215.1,215.1,215.45666666666668,216.11,216.11,upstox_spot,13,0.0,0.0,-0.006466512702078542,-0.006466512702078542,-0.004819091608929904,-0.0032332563510392154,True,True,-0.004819091608929904,True
FEDERALBNK,2025-10-20,2025-10-23,227.9,227.9,227.44,228.36,228.36,227.95000000000002,231.25,231.25,upstox_spot,13,-0.0020184291355858086,-0.0020184291355858086,0.0020184291355858086,0.0020184291355858086,0.00021939447125940426,0.0,False,False,-0.0020184291355858086,False
FEDERALBNK,2025-10-27,2025-10-28,233.82,234.16,234.0,234.37,234.37,234.17333333333332,236.63,236.63,upstox_spot,13,0.0007698229407235857,0.0007698229407235857,0.0023522367633221908,0.0023522367633221908,0.001511133920679697,0.0015610298520229993,False,False,0.0007698229407235857,False
FEDERALBNK,2025-10-31,2025-11-03,236.68,236.84,236.62,238.65,238.65,238.0533333333333,238.8,238.8,upstox_spot,13,-0.00025350684468483653,-0.00025350684468483653,0.008323474733817893,0.008323474733817893,0.005802490000563321,0.0040349839445663616,False,False,-0.00025350684468483653,False
FEDERALBNK,2025-11-07,2025-11-10,237.5,237.55,237.25,237.75,237.75,237.73333333333335,238.83,238.83,upstox_spot,13,-0.001052631578947416,-0.001052631578947416,0.001052631578947416,0.001052631578947416,0.0009824561403508625,0.0,False,False,-0.001052631578947416,False
FEDERALBNK,2025-11-12,2025-11-13,238.55,238.765,238.53,237.76,237.84,237.87333333333333,238.24,238.24,upstox_spot,13,-8.383986585625003e-05,-8.383986585625003e-05,-0.003311674701320544,-0.0029763152378956548,-0.002836582128135312,-0.0016977572835884525,True,True,-0.002836582128135312,False
FEDERALBNK,2025-11-17,2025-11-18,239.63,239.81,239.44,242.84,242.77,242.11666666666667,246.75,246.75,upstox_spot,13,-0.0007928890372658204,-0.0007928890372658204,0.013395651629595662,0.013103534615866108,0.01037710915439094,0.006301381296164976,False,False,-0.0007928890372658204,False
FEDERALBNK,2025-11-18,2025-11-19,244.61,244.79500000000002,245.3,246.41,246.41,246.12666666666667,248.5,248.5,upstox_spot,13,0.0028208168104328912,0.0028208168104328912,0.007358652548955513,0.007358652548955513,0.006200346129212386,0.005089734679694313,False,False,0.0028208168104328912,False
FEDERALBNK,2025-11-25,2025-11-26,256.0,256.45,255.5,255.07,255.05,254.87,258.8,258.8,upstox_spot,13,-0.001953125,-0.001953125,-0.0036328125000000266,-0.0037109374999999556,-0.004414062499999982,-0.0027929687500000133,False,False,-0.001953125,False
FEDERALBNK,2025-11-28,2025-12-01,257.7,257.91999999999996,259.7,257.75,257.85,258.15000000000003,258.8,258.8,upstox_spot,13,0.007760962359332657,0.007760962359332657,0.00019402405898327757,0.0005820721769500548,0.0017462165308499422,0.003977493209158078,True,True,0.0017462165308499422,False
FEDERALBNK,2025-12-03,2025-12-04,258.65,258.725,259.0,258.45,258.35,258.90000000000003,261.2,261.2,upstox_spot,13,0.0013531799729364913,0.0013531799729364913,-0.000773245698820757,-0.0011598685482310245,0.0009665571235262238,0.00028996713705797816,False,False,0.0013531799729364913,False
FEDERALBNK,2025-12-15,2025-12-16,265.45,265.67499999999995,265.4,264.35,264.35,264.6166666666667,264.45,264.45,upstox_spot,13,-0.00018835938971561994,-0.00018835938971561994,-0.0041439065737425285,-0.0041439065737425285,-0.003139323161926222,-0.002166132981729074,True,True,-0.003139323161926222,False
FEDERALBNK,2025-12-19,2025-12-22,268.0,268.125,267.85,269.5,269.5,269.34999999999997,271.1,271.1,upstox_spot,13,-0.0005597014925372568,-0.0005597014925372568,0.005597014925373234,0.005597014925373234,0.005037313432835644,0.002518656716417933,False,False,-0.0005597014925372568,False
FEDERALBNK,2025-12-29,2025-12-30,262.95,263.15,263.45,262.9,262.95,262.93333333333334,269.4,269.4,upstox_spot,13,0.0019015021867274662,0.0019015021867274662,-0.00019015021867274662,0.0,-6.338340622413785e-05,0.0008556759840272488,False,False,0.0019015021867274662,False
FEDERALBNK,2026-01-01,2026-01-02,267.0,267.2,267.5,268.3,268.3,267.8,268.7,268.7,upstox_spot,13,0.001872659176029856,0.001872659176029856,0.004868913857677848,0.004868913857677848,0.002996254681647992,0.003370786516853741,False,False,0.001872659176029856,False
FEDERALBNK,2026-01-07,2026-01-08,258.55,258.70000000000005,258.5,257.45,257.4,257.4166666666667,259.15,259.15,upstox_spot,13,-0.00019338619222586395,-0.00019338619222586395,-0.00425449622896934,-0.004447882421195204,-0.004383420357119805,-0.0022239412105975465,False,False,-0.00019338619222586395,False
FEDERALBNK,2026-01-14,2026-01-16,247.2,247.325,247.5,256.9,256.9,253.86666666666665,278.4,278.4,upstox_spot,13,0.0012135922330096527,0.0012135922330096527,0.03923948220064721,0.03923948220064721,0.026968716289104577,0.020226537216828433,False,False,0.0012135922330096527,False
FEDERALBNK,2026-01-16,2026-01-19,270.75,271.375,271.45,274.45,274.55,273.3833333333334,280.25,280.25,upstox_spot,13,0.002585410895660223,0.002585410895660223,0.013665743305632416,0.01403508771929829,0.009726069559864658,0.00812557710064632,False,False,0.002585410895660223,False
FEDERALBNK,2026-01-19,2026-01-20,279.0,279.6,278.0,276.45,276.6,277.4666666666667,277.9,277.9,upstox_spot,13,-0.0035842293906810374,-0.0035842293906810374,-0.009139784946236573,-0.008602150537634357,-0.005495818399044117,-0.006362007168458694,True,True,-0.005495818399044117,False
FEDERALBNK,2026-01-21,2026-01-22,275.9,276.2,280.05,285.45,285.5,283.3833333333334,287.2,287.2,upstox_spot,13,0.015041681768756865,0.015041681768756865,0.03461399057629588,0.034795215657847045,0.027123353872176237,0.024827836172526263,False,False,0.015041681768756865,False
FEDERALBNK,2026-01-27,2026-01-28,284.95,285.075,286.45,282.75,282.8,283.8,285.45,285.45,upstox_spot,13,0.005264081417792665,0.005264081417792665,-0.007720652746095791,-0.0075451833655026945,-0.004035795753640881,-0.0012282856641514517,True,True,-0.004035795753640881,False
FEDERALBNK,2026-01-30,2026-02-01,287.6,287.82500000000005,288.55,285.1,285.0,286.1333333333333,288.8,288.8,upstox_spot,13,0.003303198887343539,0.003303198887343539,-0.008692628650904033,-0.009040333796940248,-0.005099675475197185,-0.0026947148817801914,False,False,0.003303198887343539,False
FEDERALBNK,2026-02-04,2026-02-05,288.25,288.275,287.9,286.15,286.1,287.06666666666666,288.6,288.6,upstox_spot,13,-0.001214223764093747,-0.001214223764093747,-0.007285342584562038,-0.007458803122289637,-0.0041052327262214305,-0.004249783174327892,False,False,-0.001214223764093747,False
FEDERALBNK,2026-02-11,2026-02-12,290.2,290.525,292.6,287.8,287.9,289.5833333333333,289.65,289.65,upstox_spot,13,0.008270158511371584,0.008270158511371584,-0.008270158511371362,-0.007925568573397657,-0.0021249712841718837,2.220446049250313e-16,True,True,-0.0021249712841718837,False
FEDERALBNK,2026-02-16,2026-02-17,289.0,289.225,289.0,286.8,286.65,286.1333333333334,291.05,291.05,upstox_spot,13,0.0,0.0,-0.00761245674740485,-0.008131487889273425,-0.009919261822375791,-0.0038062283737024805,False,False,0.0,True
FEDERALBNK,2026-02-20,2026-02-23,292.0,292.35,293.9,292.85,292.95,291.98333333333335,296.6,296.6,upstox_spot,13,0.006506849315068397,0.006506849315068397,0.0029109589041096395,0.0032534246575341985,-5.707762557072282e-05,0.004708904109589129,False,False,0.006506849315068397,False
FEDERALBNK,2026-02-23,2026-02-24,296.45,296.475,296.45,296.25,296.2,296.1333333333333,300.0,300.0,upstox_spot,13,0.0,0.0,-0.0006746500252993171,-0.0008433125316241741,-0.0010681958733906871,-0.000337325012649603,False,False,0.0,True
FEDERALBNK,2026-02-25,2026-02-26,299.75,300.4,299.8,301.2,301.2,300.68333333333334,301.25,301.25,upstox_spot,13,0.00016680567139282232,0.00016680567139282232,0.004837364470391847,0.004837364470391847,0.00311370586599935,0.002502085070892335,False,False,0.00016680567139282232,False
FEDERALBNK,2026-03-12,2026-03-13,270.45,270.54999999999995,268.65,267.5,267.55,268.1333333333333,268.65,268.65,upstox_spot,13,-0.006655574043261225,-0.006655574043261225,-0.010907746348678082,-0.010722869291920789,-0.00856597029641959,-0.00878166019596971,False,False,-0.006655574043261225,False
FEDERALBNK,2026-03-17,2026-03-18,266.2,266.35,265.0,271.6,271.6,269.68333333333334,272.7,272.7,upstox_spot,13,-0.004507888805409421,-0.004507888805409421,0.020285499624342673,0.020285499624342673,0.013085399449035862,0.00788880540946657,False,False,-0.004507888805409421,False
FEDERALBNK,2026-03-18,2026-03-19,271.4,271.625,266.45,265.7,265.7,265.2166666666667,269.15,269.15,upstox_spot,13,-0.018238761974944673,-0.018238761974944673,-0.021002210759027196,-0.021002210759027196,-0.022783099975435817,-0.01962048636698599,False,False,-0.018238761974944673,False
FEDERALBNK,2026-03-24,2026-03-25,263.9,263.9,265.5,267.5,267.55,266.90000000000003,273.9,273.9,upstox_spot,13,0.0060629026146268306,0.0060629026146268306,0.013641530882910313,0.013830996589617506,0.011367942402425335,0.009852216748768461,False,False,0.0060629026146268306,False
FEDERALBNK,2026-03-27,2026-03-30,270.95,270.95,268.0,263.65,263.65,264.5,264.55,264.55,upstox_spot,13,-0.010887617641631264,-0.010887617641631264,-0.026942240265731776,-0.026942240265731776,-0.02380513009780394,-0.01891492895368152,True,True,-0.02380513009780394,False
FEDERALBNK,2026-04-02,2026-04-06,265.5,265.975,265.4,270.8,270.9,267.76666666666665,272.2,272.2,upstox_spot,13,-0.00037664783427504567,-0.00037664783427504567,0.019962335216572535,0.02033898305084736,0.008537350910232222,0.009792843691148967,False,False,-0.00037664783427504567,False
FEDERALBNK,2026-04-06,2026-04-07,271.25,271.625,270.0,267.85,267.9,268.1,276.9,276.9,upstox_spot,13,-0.004608294930875556,-0.004608294930875556,-0.01253456221198146,-0.012350230414746588,-0.011612903225806326,-0.008571428571428563,False,False,-0.004608294930875556,False
FEDERALBNK,2026-04-07,2026-04-08,275.65,276.275,286.35,284.6,284.75,285.31666666666666,286.35,286.35,upstox_spot,13,0.038817340830763714,0.038817340830763714,0.03246871032105947,0.03301287865046265,0.035068625672652676,0.0356430255759117,False,False,0.038817340830763714,False
FEDERALBNK,2026-04-10,2026-04-13,292.6,292.675,284.7,286.4,286.4,285.8666666666667,290.35,290.35,upstox_spot,13,-0.0269993164730008,-0.0269993164730008,-0.02118933697881087,-0.02118933697881087,-0.023012075643654595,-0.024094326725905946,False,False,-0.0269993164730008,False
FEDERALBNK,2026-04-17,2026-04-20,293.8,293.975,293.5,294.85,294.75,294.75000000000006,298.0,298.0,upstox_spot,13,-0.0010211027910143056,-0.0010211027910143056,0.0035738597685501805,0.003233492171545338,0.003233492171545338,0.0012763784887679375,False,False,-0.0010211027910143056,False
FEDERALBNK,2026-04-23,2026-04-24,295.65,295.775,296.0,296.6,296.55,296.6666666666667,296.7,296.7,upstox_spot,13,0.001183832234060711,0.001183832234060711,0.0032132589210216445,0.003044140030441511,0.003438750775128341,0.0021985455775410667,False,False,0.001183832234060711,False
FEDERALBNK,2026-04-30,2026-05-04,287.6,287.775,290.0,289.65,289.75,289.6,291.65,291.65,upstox_spot,13,0.008344923504867818,0.008344923504867818,0.007127955493741123,0.007475660639777448,0.006954102920723182,0.0077364394993044705,False,False,0.008344923504867818,False
FEDERALBNK,2026-05-07,2026-05-08,296.3,297.025,297.0,293.45,293.5,294.56666666666666,298.45,298.45,upstox_spot,13,0.0023624704691191933,0.0023624704691191933,-0.009618629767128017,-0.009449881876476551,-0.005849926875914124,-0.0036280796490043565,False,False,0.0023624704691191933,False
FEDERALBNK,2026-05-08,2026-05-11,297.4,297.92499999999995,295.0,294.2,294.2,294.75,295.0,295.0,upstox_spot,13,-0.008069939475453869,-0.008069939475453869,-0.010759919300605159,-0.010759919300605159,-0.008910558170813654,-0.009414929388029458,False,False,-0.008069939475453869,False
FEDERALBNK,2026-05-18,2026-05-19,283.55,284.025,284.8,285.95,285.9,285.5833333333333,287.8,287.8,upstox_spot,13,0.004408393581379011,0.004408393581379011,0.008464115676247497,0.008287779932992345,0.007170986892376385,0.006436254628813254,False,False,0.004408393581379011,False
FEDERALBNK,2026-05-19,2026-05-20,286.45,286.725,285.85,283.8,283.8,284.25,290.55,290.55,upstox_spot,13,-0.0020946063885494137,-0.0020946063885494137,-0.009251178216093447,-0.009251178216093447,-0.007680223424681443,-0.005672892302321375,False,False,-0.0020946063885494137,False
FEDERALBNK,2026-05-20,2026-05-21,289.25,289.9,290.5,287.85,287.65,289.35,290.1,290.1,upstox_spot,13,0.004321521175453702,0.004321521175453702,-0.004840103716508115,-0.005531547104580925,0.00034572169403634945,-0.00025929127052715106,True,True,0.00034572169403634945,False
FEDERALBNK,2026-05-22,2026-05-25,286.75,287.575,289.0,289.2,289.2,289.34999999999997,292.5,292.5,upstox_spot,13,0.007846556233652935,0.007846556233652935,0.008544027898866657,0.008544027898866657,0.009067131647776616,0.008195292066259796,False,False,0.007846556233652935,False
FEDERALBNK,2026-06-02,2026-06-03,293.8,293.8,293.95,293.45,293.45,293.8333333333333,302.85,302.85,upstox_spot,13,0.0005105513955070418,0.0005105513955070418,-0.0011912865895167268,-0.0011912865895167268,0.00011345586566813282,-0.00034036759700484254,False,False,0.0005105513955070418,False
FEDERALBNK,2026-06-03,2026-06-04,302.4,302.4,301.25,301.85,301.85,302.0166666666667,303.0,303.0,upstox_spot,13,-0.0038029100529100024,-0.0038029100529100024,-0.0018187830687829143,-0.0018187830687829143,-0.001267636684303186,-0.002810846560846403,False,False,-0.0038029100529100024,False
FEDERALBNK,2026-06-05,2026-06-08,304.8,305.1,302.5,304.8,304.7,304.1333333333334,310.0,310.0,upstox_spot,13,-0.007545931758530244,-0.007545931758530244,0.0,-0.00032808398950134876,-0.0021872265966752513,-0.003772965879265233,False,False,-0.007545931758530244,False
FEDERALBNK,2026-06-09,2026-06-10,315.7,315.79999999999995,315.1,313.5,313.4,314.43333333333334,315.0,315.0,upstox_spot,13,-0.001900538485904213,-0.001900538485904213,-0.006968641114982521,-0.0072853975293000195,-0.004012247914686906,-0.0044345898004434225,True,True,-0.004012247914686906,False
FEDERALBNK,2026-06-11,2026-06-12,310.8,310.875,315.0,314.45,314.45,313.76666666666665,318.35,318.35,upstox_spot,13,0.013513513513513375,0.013513513513513375,0.0117438867438866,0.0117438867438866,0.009545259545259421,0.01262870012870021,False,False,0.013513513513513375,False
FEDERALBNK,2026-06-16,2026-06-17,320.25,320.625,320.65,320.4,320.4,320.25,323.6,323.6,upstox_spot,13,0.0012490241998437401,0.0012490241998437401,0.0004683840749413193,0.0004683840749413193,0.0,0.0008587041373926407,False,False,0.0012490241998437401,False
FEDERALBNK,2026-06-19,2026-06-22,324.0,324.2,323.95,322.8,322.75,322.93333333333334,323.95,323.95,upstox_spot,13,-0.00015432098765433278,-0.00015432098765433278,-0.0037037037037036535,-0.0038580246913579863,-0.003292181069958877,-0.0019290123456789932,False,False,-0.00015432098765433278,False
FEDERALBNK,2026-06-22,2026-06-23,323.8,323.85,323.4,323.4,323.4,323.15,324.3,324.3,upstox_spot,13,-0.0012353304508957441,-0.0012353304508957441,-0.0012353304508957441,-0.0012353304508957441,-0.002007411982705487,-0.0012353304508957441,False,False,-0.0012353304508957441,False
FEDERALBNK,2026-06-24,2026-06-25,325.45,325.475,326.7,323.8,323.95,324.38333333333327,326.0,326.0,upstox_spot,13,0.0038408357658625825,0.0038408357658625825,-0.005069903210938587,-0.00460900291903521,-0.0032775131868696405,-0.0006145337225379466,True,True,-0.0032775131868696405,False
FEDERALBNK,2026-07-01,2026-07-02,330.85,331.175,331.75,331.75,331.7,331.1333333333334,332.3,332.3,upstox_spot,13,0.0027202659815626085,0.0027202659815626085,0.0027202659815626085,0.002569140093698019,0.000856380031232673,0.0027202659815626085,False,False,0.0027202659815626085,False
FEDERALBNK,2026-07-02,2026-07-03,331.5,331.75,332.4,333.6,333.8,333.18333333333334,334.3,334.3,upstox_spot,13,0.002714932126696823,0.002714932126696823,0.0063348416289592535,0.006938159879336325,0.005077928607340354,0.004524886877828038,False,False,0.002714932126696823,False
FEDERALBNK,2026-07-07,2026-07-08,331.2,331.6,330.45,330.1,330.0,329.56666666666666,330.55,330.55,upstox_spot,13,-0.0022644927536231707,-0.0022644927536231707,-0.003321256038647191,-0.0036231884057971175,-0.0049315619967793545,-0.002792874396135292,False,False,-0.0022644927536231707,False
FEDERALBNK,2026-07-16,2026-07-17,329.25,329.475,328.7,331.6,331.7,331.3666666666667,351.0,351.0,fyers,13,-0.001670463173880088,-0.001670463173880088,0.00713743356112384,0.007441154138192907,0.00642875221462913,0.0027334851936218207,False,False,-0.001670463173880088,False
FEDERALBNK,2026-07-17,2026-07-20,348.0,349.325,341.5,348.35,348.05,346.5333333333333,352.2,352.2,fyers,13,-0.01867816091954022,-0.01867816091954022,0.0010057471264368623,0.0001436781609196469,-0.004214559386973238,-0.008836206896551735,False,False,-0.01867816091954022,False
FEDERALBNK,2026-07-20,2026-07-21,351.5,351.5,351.05,352.9,352.9,353.2333333333333,356.75,356.75,fyers,13,-0.0012802275960170917,-0.0012802275960170917,0.003982930298719767,0.003982930298719767,0.004931247036510156,0.0013513513513514486,False,False,-0.0012802275960170917,False
FEDERALBNK,2026-07-21,2026-07-22,356.65,356.7,354.1,354.35,354.1,354.90000000000003,357.25,357.25,fyers,13,-0.0071498668162062184,-0.0071498668162062184,-0.006448899481284021,-0.0071498668162062184,-0.004906771344455163,-0.006799383148745175,False,False,-0.0071498668162062184,False
FEDERALBNK,2026-07-24,2026-07-27,354.6,354.6,355.05,356.9,356.9,356.4833333333333,357.0,357.0,fyers,13,0.0012690355329949554,0.0012690355329949554,0.006486181613085007,0.006486181613085007,0.00531114871216376,0.003877608573040092,False,False,0.0012690355329949554,False
FEDERALBNK,2026-07-27,2026-07-28,356.9,356.9,357.0,355.8,355.75,356.34999999999997,358.7,358.7,fyers,13,0.000280190529560187,0.000280190529560187,-0.0030820958251610575,-0.003222191089941151,-0.0015410479125805843,-0.0014009526478004908,False,False,0.000280190529560187,False
FEDERALBNK,2026-07-29,2026-07-30,359.5,359.575,359.05,356.05,356.25,357.15000000000003,356.85,356.85,fyers,13,-0.0012517385257301283,-0.0012517385257301283,-0.009596662030598058,-0.009040333796940248,-0.006536856745479769,-0.0054242002781640375,True,True,-0.006536856745479769,False
FEDERALBNK,2026-08-03,2026-08-04,371.7,371.7,364.55,360.5,360.55,361.4166666666667,362.45,362.45,fyers,13,-0.019235942964756503,-0.019235942964756503,-0.030131826741996215,-0.029997309658326587,-0.027665680208053045,-0.02468388485337636,True,True,-0.027665680208053045,False
FEDERALBNK,2026-08-10,2026-08-11,358.35,358.35,357.2,353.65,353.65,354.7,356.1,356.1,upstox_spot,13,-0.003209153062648351,-0.003209153062648351,-0.013115669038649469,-0.013115669038649469,-0.010185572764057627,-0.008162411050648966,True,True,-0.010185572764057627,False
FEDERALBNK,2026-08-12,2026-08-13,356.85,356.85,356.5,355.55,355.5,355.5333333333333,355.6,355.6,upstox_spot,13,-0.0009808042594928734,-0.0009808042594928734,-0.0036429872495447047,-0.003783102143757988,-0.003689692214282503,-0.0023118957545188445,True,True,-0.003689692214282503,False
FEDERALBNK,2026-08-18,2026-08-19,357.8,357.9,357.8,356.25,356.25,356.45,360.0,360.0,upstox_spot,13,0.0,0.0,-0.00433202906651764,-0.00433202906651764,-0.003773057574063765,-0.002166014533258931,False,False,0.0,True
FEDERALBNK,2026-08-19,2026-08-20,358.8,359.1,361.9,362.75,362.75,361.9666666666667,364.2,364.2,upstox_spot,13,0.008639910813823759,0.008639910813823759,0.011008918617614327,0.011008918617614327,0.008825715347454466,0.009824414715718932,False,False,0.008639910813823759,False
FEDERALBNK,2026-08-21,2026-08-24,361.0,361.0,360.45,360.15,360.15,359.7333333333333,361.25,361.25,upstox_spot,13,-0.0015235457063712543,-0.0015235457063712543,-0.002354570637119191,-0.002354570637119191,-0.0035087719298246833,-0.0019390581717453337,False,False,-0.0015235457063712543,False
ICICIBANK,2025-06-26,2025-06-27,1440.0,1440.45,1438.9,1441.6,1441.8,1441.4666666666665,1466.0,1466.0,upstox_spot,13,-0.0007638888888887863,-0.0007638888888887863,0.0011111111111110628,0.0012499999999999734,0.0010185185185183077,0.00017361111111102723,False,False,-0.0007638888888887863,False
ICICIBANK,2025-06-27,2025-06-30,1457.9,1461.95,1461.8,1458.5,1458.5,1458.0333333333335,1458.8,1458.8,upstox_spot,13,0.0026750805953767998,0.0026750805953767998,0.00041155086082711456,0.00041155086082711456,9.145574685054392e-05,0.0015433157281019572,True,True,9.145574685054392e-05,False
ICICIBANK,2025-07-04,2025-07-07,1443.0,1443.7,1437.0,1434.4,1434.2,1435.9666666666665,1437.0,1437.0,upstox_spot,13,-0.004158004158004158,-0.004158004158004158,-0.005959805959805942,-0.006098406098406062,-0.004874104874105001,-0.00505890505890505,False,False,-0.004158004158004158,False
ICICIBANK,2025-07-08,2025-07-09,1443.0,1443.85,1436.2,1427.3,1427.2,1431.0,1436.0,1436.0,upstox_spot,13,-0.004712404712404639,-0.004712404712404639,-0.010880110880110871,-0.010949410949410932,-0.008316008316008316,-0.007796257796257811,True,True,-0.008316008316008316,False
ICICIBANK,2025-07-15,2025-07-16,1432.0,1432.9,1426.0,1421.3,1421.0,1423.0,1429.2,1429.2,upstox_spot,13,-0.0041899441340782495,-0.0041899441340782495,-0.007472067039106189,-0.007681564245810013,-0.006284916201117263,-0.0058310055865921084,False,False,-0.0041899441340782495,False
ICICIBANK,2025-07-18,2025-07-21,1426.7,1427.85,1448.0,1453.2,1453.2,1448.6666666666667,1467.7,1467.7,upstox_spot,13,0.014929557720613884,0.014929557720613884,0.01857433237541173,0.01857433237541173,0.015396836522511226,0.016751945048012695,False,False,0.014929557720613884,False
ICICIBANK,2025-07-21,2025-07-22,1464.5,1465.7,1474.1,1477.3,1477.4,1475.7,1482.0,1482.0,upstox_spot,13,0.0065551382724478024,0.0065551382724478024,0.008740184363263959,0.008808467053601943,0.007647661317855992,0.0076476613178557695,False,False,0.0065551382724478024,False
ICICIBANK,2025-07-23,2025-07-24,1486.6,1487.75,1487.7,1484.9,1484.9,1485.3333333333333,1488.5,1488.5,upstox_spot,13,0.0007399434952239936,0.0007399434952239936,-0.0011435490380733437,-0.0011435490380733437,-0.0008520561460154674,-0.00020180277142456404,False,False,0.0007399434952239936,False
ICICIBANK,2025-08-11,2025-08-12,1437.3,1437.55,1431.0,1427.4,1427.5,1426.6666666666667,1433.8,1433.8,upstox_spot,13,-0.004383218534752653,-0.004383218534752653,-0.006887914840325471,-0.006818339942948559,-0.0073981307544237485,-0.005635566687539062,False,False,-0.004383218534752653,False
ICICIBANK,2025-08-14,2025-08-18,1427.6,1427.8,1450.0,1450.3,1450.7,1448.1000000000001,1451.8,1451.8,upstox_spot,13,0.015690669655365808,0.015690669655365808,0.015900812552535726,0.016181003082095913,0.014359764639955364,0.015795741103950878,False,False,0.015690669655365808,False
ICICIBANK,2025-08-19,2025-08-20,1436.9,1436.95,1432.6,1426.6,1426.4,1428.5,1433.8,1433.8,upstox_spot,13,-0.0029925534135988308,-0.0029925534135988308,-0.007168209339550535,-0.007307397870415455,-0.0058459182963324086,-0.0050803813765747385,False,False,-0.0029925534135988308,False
ICICIBANK,2025-08-21,2025-08-22,1444.7,1445.6,1444.3,1434.9,1434.8,1437.9666666666665,1441.5,1441.5,upstox_spot,13,-0.0002768740915068957,-0.0002768740915068957,-0.006783415241918722,-0.006852633764795502,-0.004660713873699485,-0.0035301446667128644,True,True,-0.004660713873699485,False
ICICIBANK,2025-09-01,2025-09-02,1411.0,1411.5,1413.9,1409.6,1409.6,1410.0333333333335,1412.4,1412.4,upstox_spot,13,0.002055279943302679,0.002055279943302679,-0.0009922041105600021,-0.0009922041105600021,-0.0006850933144341154,0.000531537916371283,True,True,-0.0006850933144341154,False
ICICIBANK,2025-09-03,2025-09-04,1396.6,1397.4,1409.9,1410.1,1410.1,1408.6333333333332,1415.1,1415.1,upstox_spot,13,0.009523127595589376,0.009523127595589376,0.009666332521838683,0.009666332521838683,0.008616163062675986,0.00959473005871403,False,False,0.009523127595589376,False
ICICIBANK,2025-09-12,2025-09-15,1417.5,1417.9,1422.0,1419.5,1419.6,1420.4333333333334,1426.8,1426.8,upstox_spot,13,0.0031746031746031633,0.0031746031746031633,0.001410934744268122,0.001481481481481417,0.002069370958259986,0.0022927689594356426,False,False,0.0031746031746031633,False
ICICIBANK,2025-09-16,2025-09-17,1422.4,1423.0500000000002,1420.1,1424.7,1424.6,1423.6333333333332,1425.4,1425.4,upstox_spot,13,-0.001616985376827973,-0.001616985376827973,0.001616985376827973,0.0015466816647917714,0.000867079115110414,0.0,False,False,-0.001616985376827973,False
ICICIBANK,2025-10-01,2025-10-03,1372.0,1372.5,1371.9,1364.5,1364.6,1365.8999999999999,1371.4,1371.4,upstox_spot,13,-7.288629737600694e-05,-7.288629737600694e-05,-0.0054664723032069595,-0.005393586005830953,-0.004446064139941752,-0.0027696793002914832,True,True,-0.004446064139941752,False
ICICIBANK,2025-10-09,2025-10-10,1374.0,1375.5,1370.3,1379.2,1379.3,1376.2666666666667,1385.0,1385.0,upstox_spot,13,-0.0026928675400291757,-0.0026928675400291757,0.0037845705967975984,0.0038573508005821378,0.0016496846191169645,0.0005458515283842669,False,False,-0.0026928675400291757,False
ICICIBANK,2025-10-10,2025-10-13,1380.4,1381.0500000000002,1373.1,1380.0,1380.0,1379.8333333333333,1383.5,1383.5,upstox_spot,13,-0.005288322225442066,-0.005288322225442066,-0.0002897710808461573,-0.0002897710808461573,-0.00041050903119876914,-0.002789046653144167,False,False,-0.005288322225442066,False
ICICIBANK,2025-10-14,2025-10-15,1384.8,1385.3,1386.5,1386.5,1386.5,1388.0,1400.4,1400.4,upstox_spot,13,0.0012276140958984438,0.0012276140958984438,0.0012276140958984438,0.0012276140958984438,0.0023108030040439598,0.0012276140958984438,False,False,0.0012276140958984438,False
ICICIBANK,2025-10-15,2025-10-16,1399.0,1399.7,1401.0,1402.2,1402.0,1403.8666666666668,1418.9,1418.9,upstox_spot,13,0.0014295925661187425,0.0014295925661187425,0.0022873481057898992,0.0021443888491778917,0.0034786752442221847,0.0018584703359540988,False,False,0.0014295925661187425,False
ICICIBANK,2025-10-16,2025-10-17,1417.4,1417.95,1412.0,1420.0,1419.8,1418.5,1439.6,1439.6,upstox_spot,13,-0.0038097925779596586,-0.0038097925779596586,0.001834344574572988,0.0016932411457597496,0.0007760688584732556,-0.0009877240016933353,False,False,-0.0038097925779596586,False
ICICIBANK,2025-10-17,2025-10-20,1436.6,1437.6999999999998,1442.0,1410.9,1411.0,1417.9000000000003,1411.6,1411.6,upstox_spot,13,0.003758875121815386,0.003758875121815386,-0.01788946122789903,-0.017819852429347027,-0.013016845329249294,-0.007065293053041821,True,True,-0.013016845329249294,False
ICICIBANK,2025-10-24,2025-10-27,1378.0,1378.75,1382.1,1381.1,1381.1,1382.2333333333333,1383.0,1383.0,upstox_spot,13,0.002975326560232139,0.002975326560232139,0.002249637155297357,0.002249637155297357,0.0030720851475567468,0.002612481857764859,False,False,0.002975326560232139,False
ICICIBANK,2025-10-29,2025-10-30,1371.6,1371.65,1362.4,1364.4,1364.4,1365.6666666666667,1367.9,1367.9,upstox_spot,13,-0.006707494896471156,-0.006707494896471156,-0.005249343832020914,-0.005249343832020914,-0.004325848157869072,-0.005978419364246035,False,False,-0.006707494896471156,False
ICICIBANK,2025-11-03,2025-11-04,1349.0,1349.5,1342.6,1342.3,1342.3,1344.4333333333334,1343.0,1343.0,upstox_spot,13,-0.004744255003706566,-0.004744255003706566,-0.004966641957005247,-0.004966641957005247,-0.0033852236224363175,-0.004855448480355906,False,False,-0.004744255003706566,False
ICICIBANK,2025-11-07,2025-11-10,1342.6,1343.4499999999998,1342.9,1345.6,1345.6,1345.2333333333333,1349.6,1349.6,upstox_spot,13,0.00022344704305088392,0.00022344704305088392,0.002234470430507951,0.002234470430507951,0.001961368489001414,0.0012289587367795285,False,False,0.00022344704305088392,False
ICICIBANK,2025-11-10,2025-11-11,1346.8,1347.75,1349.0,1353.4,1353.2,1351.5000000000002,1360.4,1360.4,upstox_spot,13,0.0016335016335016217,0.0016335016335016217,0.004900504900505087,0.004752004752004879,0.0034897534897537774,0.0032670032670032434,False,False,0.0016335016335016217,False
ICICIBANK,2025-11-11,2025-11-12,1359.0,1359.15,1370.0,1359.1,1359.2,1362.5,1367.2,1367.2,upstox_spot,13,0.008094186902133815,0.008094186902133815,7.358351729203072e-05,0.00014716703458428348,0.002575423105224406,0.004083885209712923,True,True,0.002575423105224406,False
ICICIBANK,2025-11-13,2025-11-14,1385.4,1386.45,1374.0,1377.7,1377.7,1377.6333333333332,1378.5,1378.5,upstox_spot,13,-0.008228670420095341,-0.008228670420095341,-0.0055579615995380305,-0.0055579615995380305,-0.005606082479187924,-0.006893316009816797,False,False,-0.008228670420095341,False
ICICIBANK,2025-11-19,2025-11-20,1383.1,1383.55,1380.1,1376.4,1376.5,1377.9666666666665,1388.3,1388.3,upstox_spot,13,-0.0021690405610584884,-0.0021690405610584884,-0.004844190586363872,-0.004771889234328586,-0.003711469404477974,-0.003506615573711125,False,False,-0.0021690405610584884,False
ICICIBANK,2025-11-26,2025-11-27,1375.0,1375.4,1379.0,1383.7,1383.7,1382.5333333333335,1394.0,1394.0,upstox_spot,13,0.0029090909090909722,0.0029090909090909722,0.006327272727272737,0.006327272727272737,0.005478787878788083,0.004618181818181855,False,False,0.0029090909090909722,False
ICICIBANK,2025-11-27,2025-11-28,1393.9,1393.95,1392.0,1394.0,1394.0,1393.8333333333333,1396.0,1396.0,upstox_spot,13,-0.0013630820001435673,-0.0013630820001435673,7.174115790231639e-05,7.174115790231639e-05,-4.782743860165528e-05,-0.0006456704211206254,False,False,-0.0013630820001435673,False
ICICIBANK,2025-12-03,2025-12-04,1392.0,1393.1,1387.0,1389.8,1389.7,1387.9666666666665,1391.5,1391.5,upstox_spot,13,-0.0035919540229885083,-0.0035919540229885083,-0.0015804597701150058,-0.0016522988505747183,-0.0028975095785441773,-0.002586206896551646,False,False,-0.0035919540229885083,False
ICICIBANK,2025-12-05,2025-12-08,1392.5,1392.85,1387.0,1385.7,1385.6,1386.2333333333333,1394.9,1394.9,upstox_spot,13,-0.003949730700179566,-0.003949730700179566,-0.004883303411131079,-0.004955116696588879,-0.0045002992220227744,-0.004416517055655378,False,False,-0.003949730700179566,False
ICICIBANK,2025-12-16,2025-12-17,1366.6,1366.8,1365.0,1349.0,1349.0,1354.2,1354.9,1354.9,upstox_spot,13,-0.001170788818966706,-0.001170788818966706,-0.012878677008634543,-0.012878677008634543,-0.009073613346992415,-0.007024732913800569,True,True,-0.009073613346992415,False
ICICIBANK,2025-12-22,2025-12-23,1367.5,1368.25,1361.1,1360.4,1360.4,1361.8,1364.8,1364.8,upstox_spot,13,-0.004680073126142714,-0.004680073126142714,-0.005191956124314334,-0.005191956124314334,-0.004168190127970761,-0.004936014625228524,False,False,-0.004680073126142714,False
ICICIBANK,2025-12-23,2025-12-24,1362.4,1363.35,1363.8,1367.0,1367.1,1364.8999999999999,1368.2,1368.2,upstox_spot,13,0.0010275983558425406,0.0010275983558425406,0.003376394597768506,0.0034497944803286718,0.0018349970640045843,0.0022019964768056344,False,False,0.0010275983558425406,False
ICICIBANK,2025-12-30,2025-12-31,1347.0,1347.05,1342.8,1344.1,1343.7,1344.6,1350.0,1350.0,upstox_spot,13,-0.003118040089086893,-0.003118040089086893,-0.002152932442464839,-0.0024498886414253684,-0.0017817371937639548,-0.0026354862657759215,False,False,-0.003118040089086893,False
ICICIBANK,2026-01-02,2026-01-05,1355.1,1356.0,1354.2,1367.3,1367.4,1363.1666666666667,1375.5,1375.5,upstox_spot,13,-0.0006641576267433225,-0.0006641576267433225,0.00900302560696642,0.009076820898826776,0.005952820210070708,0.004169433990111493,False,False,-0.0006641576267433225,False
ICICIBANK,2026-01-05,2026-01-06,1372.0,1372.4,1372.0,1403.9,1403.8,1393.6000000000001,1413.6,1413.6,upstox_spot,13,0.0,0.0,0.023250728862973746,0.02317784256559774,0.01574344023323615,0.011625364431486984,False,False,0.0,True
ICICIBANK,2026-01-06,2026-01-07,1409.9,1411.0,1408.0,1414.5,1414.5,1411.8999999999999,1429.9,1429.9,upstox_spot,13,-0.0013476133059082684,-0.0013476133059082684,0.0032626427406199365,0.0032626427406199365,0.001418540322008388,0.000957514717355723,False,False,-0.0013476133059082684,False
ICICIBANK,2026-01-07,2026-01-08,1425.6,1427.5,1429.0,1439.7,1439.7,1434.5,1442.2,1442.2,upstox_spot,13,0.0023849607182941934,0.0023849607182941934,0.00989057239057245,0.00989057239057245,0.00624298540965218,0.0061377665544333215,False,False,0.0023849607182941934,False
ICICIBANK,2026-01-12,2026-01-13,1420.0,1420.0,1420.0,1415.7,1415.3,1416.6000000000001,1441.8,1441.8,upstox_spot,13,0.0,0.0,-0.0030281690140844253,-0.0033098591549296508,-0.002394366197183029,-0.0015140845070422682,False,False,0.0,True
ICICIBANK,2026-01-13,2026-01-14,1436.5,1437.1,1425.6,1433.9,1433.9,1434.3,1435.0,1435.0,upstox_spot,13,-0.007587887225896317,-0.007587887225896317,-0.0018099547511311043,-0.0018099547511311043,-0.0015315001740341394,-0.004698920988513766,False,False,-0.007587887225896317,False
ICICIBANK,2026-01-27,2026-01-28,1367.1,1368.1,1362.6,1374.4,1374.4,1372.4666666666665,1376.8,1376.8,upstox_spot,13,-0.003291639236339683,-0.003291639236339683,0.005339770316729053,0.005339770316729053,0.003925584570745766,0.0010240655401947407,False,False,-0.003291639236339683,False
ICICIBANK,2026-01-29,2026-01-30,1385.0,1385.5,1368.2,1376.7,1376.3,1375.6000000000001,1378.3,1378.3,upstox_spot,13,-0.012129963898916962,-0.012129963898916962,-0.00599277978339352,-0.0062815884476534745,-0.0067870036101082,-0.009061371841155186,False,False,-0.012129963898916962,False
ICICIBANK,2026-02-02,2026-02-03,1351.0,1352.7,1412.0,1392.5,1392.7,1394.3,1399.6,1399.6,upstox_spot,13,0.04515173945225759,0.04515173945225759,0.030717986676535913,0.030866025166543354,0.032050333086602434,0.03793486306439675,True,True,0.032050333086602434,False
ICICIBANK,2026-02-04,2026-02-05,1406.1,1409.25,1414.0,1410.8,1410.8,1409.0,1411.0,1411.0,upstox_spot,13,0.005618377071332059,0.005618377071332059,0.0033425787639571602,0.0033425787639571602,0.0020624422160586686,0.00448047791764461,True,True,0.0020624422160586686,False
ICICIBANK,2026-02-06,2026-02-09,1408.0,1409.25,1413.5,1401.1,1401.1,1405.0333333333335,1403.9,1403.9,upstox_spot,13,0.00390625,0.00390625,-0.004900568181818277,-0.004900568181818277,-0.002107007575757436,-0.0004971590909090828,True,True,-0.002107007575757436,False
ICICIBANK,2026-02-11,2026-02-12,1409.0,1409.0,1406.1,1423.5,1423.5,1418.9333333333334,1433.0,1433.0,upstox_spot,13,-0.0020581973030519007,-0.0020581973030519007,0.010290986515258949,0.010290986515258949,0.007049917198959088,0.0041163946061035794,False,False,-0.0020581973030519007,False
ICICIBANK,2026-02-12,2026-02-13,1432.0,1432.0,1425.3,1425.7,1425.6,1428.3666666666668,1429.3,1429.3,upstox_spot,13,-0.00467877094972069,-0.00467877094972069,-0.004399441340782073,-0.004469273743016866,-0.0025372439478583697,-0.004539106145251437,False,False,-0.00467877094972069,False
ICICIBANK,2026-02-16,2026-02-17,1413.0,1413.5,1406.2,1397.4,1397.4,1401.5333333333335,1410.4,1410.4,upstox_spot,13,-0.0048124557678697055,-0.0048124557678697055,-0.011040339702759971,-0.011040339702759971,-0.008115121490917532,-0.007926397735314783,False,False,-0.0048124557678697055,False
ICICIBANK,2026-03-02,2026-03-04,1374.8,1377.0,1326.0,1349.7,1349.7,1344.6666666666667,1376.0,1376.0,upstox_spot,13,-0.035496072155949965,-0.035496072155949965,-0.01825720104742501,-0.01825720104742501,-0.021918339637280515,-0.026876636601687598,False,False,-0.035496072155949965,False
ICICIBANK,2026-03-04,2026-03-05,1368.5,1368.5,1368.9,1361.5,1361.7,1361.8,1370.8,1370.8,upstox_spot,13,0.000292290829375208,0.000292290829375208,-0.005115089514066473,-0.004968944099378869,-0.004895871392035067,-0.002411399342345577,False,False,0.000292290829375208,False
ICICIBANK,2026-03-09,2026-03-10,1275.0,1277.05,1287.6,1293.8,1293.8,1292.9666666666665,1315.0,1315.0,upstox_spot,13,0.009882352941176453,0.009882352941176453,0.014745098039215643,0.014745098039215643,0.014091503267973593,0.012313725490195937,False,False,0.009882352941176453,False
ICICIBANK,2026-03-10,2026-03-11,1312.8,1313.9,1300.0,1300.3,1300.3,1301.2666666666667,1304.1,1304.1,upstox_spot,13,-0.009750152346130414,-0.009750152346130414,-0.009521633150518016,-0.009521633150518016,-0.00878529352021118,-0.009635892748324104,False,False,-0.009750152346130414,False
ICICIBANK,2026-03-16,2026-03-17,1267.6,1271.65,1278.9,1284.4,1284.4,1280.9,1294.4,1294.4,upstox_spot,13,0.008914484064373784,0.008914484064373784,0.013253392237299044,0.013253392237299044,0.010492268854528364,0.011083938150836303,False,False,0.008914484064373784,False
ICICIBANK,2026-03-18,2026-03-19,1292.0,1293.55,1267.6,1261.7,1261.5,1267.9333333333334,1272.9,1272.9,upstox_spot,13,-0.018885448916408754,-0.018885448916408754,-0.023452012383900933,-0.023606811145510886,-0.01862745098039209,-0.021168730650154677,False,False,-0.018885448916408754,False
ICICIBANK,2026-03-24,2026-03-25,1252.6,1253.05,1258.9,1262.8,1262.6,1261.5666666666666,1272.9,1272.9,upstox_spot,13,0.005029538559795821,0.005029538559795821,0.008143062430145287,0.007983394539358146,0.0071584437702911785,0.006586300494970443,False,False,0.005029538559795821,False
ICICIBANK,2026-04-02,2026-04-06,1216.5,1219.3,1213.0,1205.6,1205.6,1207.0333333333333,1234.4,1234.4,upstox_spot,13,-0.0028771064529387047,-0.0028771064529387047,-0.008960131524866521,-0.008960131524866521,-0.007781887929853459,-0.005918618988902669,False,False,-0.0028771064529387047,False
ICICIBANK,2026-04-06,2026-04-07,1228.6,1231.5,1229.0,1218.9,1218.9,1221.5,1250.4,1250.4,upstox_spot,13,0.0003255738238645556,0.0003255738238645556,-0.007895165228715473,-0.007895165228715473,-0.0057789353735958615,-0.003784795702425403,False,False,0.0003255738238645556,False
ICICIBANK,2026-04-07,2026-04-08,1248.5,1249.45,1310.0,1302.8,1303.2,1309.5666666666666,1314.5,1314.5,upstox_spot,13,0.04925911093311974,0.04925911093311974,0.043492190628754424,0.04381257509010816,0.048912027766653265,0.046375650780937194,False,False,0.04925911093311974,False
ICICIBANK,2026-04-10,2026-04-13,1322.8,1323.3,1304.9,1305.7,1305.7,1303.1000000000001,1357.0,1357.0,upstox_spot,13,-0.013531902026005294,-0.013531902026005294,-0.012927124281826408,-0.012927124281826408,-0.01489265195040812,-0.01322951315391574,False,False,-0.013531902026005294,False
ICICIBANK,2026-04-13,2026-04-15,1347.0,1349.35,1358.0,1348.7,1348.5,1353.3999999999999,1352.4,1352.4,upstox_spot,13,0.008166295471417895,0.008166295471417895,0.001262063845582917,0.00111358574610243,0.00475129918337025,0.004714179658500406,True,True,0.00475129918337025,False
ICICIBANK,2026-04-17,2026-04-20,1352.8,1352.85,1364.7,1370.4,1370.4,1367.3,1375.0,1375.0,upstox_spot,13,0.00879657007687773,0.00879657007687773,0.013010053222945128,0.013010053222945128,0.010718509757539962,0.01090331164991154,False,False,0.00879657007687773,False
ICICIBANK,2026-04-21,2026-04-22,1385.6,1388.25,1380.0,1368.3,1368.5,1372.1333333333332,1373.2,1373.2,upstox_spot,13,-0.004041570438799047,-0.004041570438799047,-0.012485565819861377,-0.012341224018475705,-0.009719014626635936,-0.008263568129330157,True,True,-0.009719014626635936,False
ICICIBANK,2026-05-06,2026-05-07,1279.6,1279.8,1284.7,1288.0,1288.0,1284.7,1294.0,1294.0,upstox_spot,13,0.003985620506408383,0.003985620506408383,0.006564551422319598,0.006564551422319598,0.003985620506408383,0.005275085964363768,False,False,0.003985620506408383,False
ICICIBANK,2026-05-18,2026-05-19,1251.7,1252.65,1251.1,1244.8,1244.8,1247.6333333333332,1248.7,1248.7,upstox_spot,13,-0.00047934808660232697,-0.00047934808660232697,-0.00551250299592565,-0.00551250299592565,-0.003248914809192982,-0.002995925541264044,True,True,-0.003248914809192982,False
ICICIBANK,2026-05-20,2026-05-21,1236.5,1238.1,1245.3,1245.7,1245.7,1244.3,1248.3,1248.3,upstox_spot,13,0.007116862110796651,0.007116862110796651,0.0074403558431055394,0.0074403558431055394,0.00630812778002432,0.007278608976950984,False,False,0.007116862110796651,False
ICICIBANK,2026-05-21,2026-05-22,1244.4,1244.45,1242.0,1262.7,1262.3,1256.5,1270.8,1270.8,upstox_spot,13,-0.0019286403085825299,-0.0019286403085825299,0.014705882352941124,0.014384442301510703,0.00972356155576981,0.006388621022179297,False,False,-0.0019286403085825299,False
ICICIBANK,2026-05-22,2026-05-25,1267.2,1268.0500000000002,1271.0,1281.3,1281.3,1278.8333333333333,1293.5,1293.5,upstox_spot,13,0.002998737373737237,0.002998737373737237,0.011126893939393812,0.011126893939393812,0.009180345117844935,0.007062815656565746,False,False,0.002998737373737237,False
ICICIBANK,2026-05-25,2026-05-26,1293.5,1293.5,1290.0,1299.7,1299.9,1294.8,1299.9,1299.9,upstox_spot,13,-0.0027058368766911256,-0.0027058368766911256,0.004793196752995721,0.0049478160030924645,0.0010050251256281673,0.0010436799381521311,False,False,-0.0027058368766911256,False
ICICIBANK,2026-06-03,2026-06-04,1243.4,1243.7,1232.2,1243.0,1243.1,1239.6333333333334,1262.3,1262.3,upstox_spot,13,-0.009007559916358376,-0.009007559916358376,-0.00032169856844144196,-0.00024127392633122025,-0.0030293281861561994,-0.004664629242399965,False,False,-0.009007559916358376,False
ICICIBANK,2026-06-04,2026-06-05,1253.0,1253.35,1257.0,1256.4,1256.4,1258.0333333333333,1265.0,1265.0,upstox_spot,13,0.0031923383878691425,0.0031923383878691425,0.0027134876296888155,0.0027134876296888155,0.004017025804735175,0.002952913008778868,False,False,0.0031923383878691425,False
ICICIBANK,2026-06-05,2026-06-08,1261.0,1262.45,1246.4,1248.8,1248.8,1248.7,1254.0,1254.0,upstox_spot,13,-0.011578112609040403,-0.011578112609040403,-0.00967486122125305,-0.00967486122125305,-0.00975416336241075,-0.010626486915146782,False,False,-0.011578112609040403,False
ICICIBANK,2026-06-09,2026-06-10,1276.0,1276.25,1271.3,1287.6,1287.6,1282.4999999999998,1306.0,1306.0,upstox_spot,13,-0.003683385579937304,-0.003683385579937304,0.009090909090909038,0.009090909090909038,0.005094043887147182,0.0027037617554857007,False,False,-0.003683385579937304,False
ICICIBANK,2026-06-12,2026-06-15,1340.0,1341.0,1354.6,1346.2,1346.3,1351.3,1352.0,1352.0,upstox_spot,13,0.010895522388059575,0.010895522388059575,0.004626865671641722,0.004701492537313445,0.008432835820895379,0.00776119402985076,True,True,0.008432835820895379,False
ICICIBANK,2026-06-16,2026-06-17,1335.5,1336.3,1342.0,1342.5,1342.5,1340.8666666666666,1346.0,1346.0,upstox_spot,13,0.004867090977162203,0.004867090977162203,0.0052414825907900475,0.0052414825907900475,0.0040184699862721995,0.005054286783976014,False,False,0.004867090977162203,False
ICICIBANK,2026-06-19,2026-06-22,1347.8,1348.35,1353.0,1354.8,1355.0,1353.8666666666668,1362.7,1362.7,upstox_spot,13,0.0038581391897907213,0.0038581391897907213,0.005193648909333826,0.005342038878171973,0.004501162388089286,0.0045258940495622735,False,False,0.0038581391897907213,False
ICICIBANK,2026-06-24,2026-06-25,1373.0,1373.95,1381.9,1386.7,1386.7,1385.7666666666667,1404.0,1404.0,upstox_spot,13,0.0064821558630736575,0.0064821558630736575,0.009978150036416666,0.009978150036416666,0.00929837339159989,0.008230152949745273,False,False,0.0064821558630736575,False
ICICIBANK,2026-07-02,2026-07-03,1401.0,1401.7,1414.0,1413.0,1413.0,1412.9666666666665,1415.8,1415.8,upstox_spot,13,0.009279086366880795,0.009279086366880795,0.008565310492505418,0.008565310492505418,0.008541517963359446,0.008922198429692996,False,False,0.009279086366880795,False
ICICIBANK,2026-07-06,2026-07-07,1426.5,1427.35,1431.6,1429.0,1429.0,1427.8,1429.8,1429.8,upstox_spot,13,0.0035751840168243287,0.0035751840168243287,0.001752541184717904,0.001752541184717904,0.0009113214160532124,0.0026638626007711164,True,True,0.0009113214160532124,False
ICICIBANK,2026-07-13,2026-07-14,1407.8,1409.0,1400.0,1395.1,1395.1,1396.7333333333333,1411.8,1411.8,fyers,13,-0.005540559738599238,-0.005540559738599238,-0.009021167779514117,-0.009021167779514117,-0.007860965099209083,-0.007280863759056677,False,False,-0.005540559738599238,False
ICICIBANK,2026-07-14,2026-07-15,1406.4,1407.75,1412.9,1424.3,1424.2,1420.4333333333334,1428.0,1428.0,fyers,13,0.004621729237770156,0.004621729237770156,0.012727531285551708,0.012656427758816813,0.009978194918467853,0.008674630261660932,False,False,0.004621729237770156,False
ICICIBANK,2026-07-17,2026-07-20,1454.0,1454.55,1444.5,1452.1,1444.3,1457.2,1465.7,1465.7,fyers,25,-0.006533700137551612,-0.006533700137551612,-0.0013067400275104113,-0.006671251719394755,0.0022008253094911723,-0.003920220082531012,False,False,-0.006533700137551612,False
ICICIBANK,2026-07-24,2026-07-27,1436.0,1436.1,1435.7,1432.5,1432.5,1433.7666666666667,1449.0,1449.0,fyers,13,-0.0002089136490250887,-0.0002089136490250887,-0.0024373259052924423,-0.0024373259052924423,-0.0015552460538532653,-0.001323119777158821,False,False,-0.0002089136490250887,False
ICICIBANK,2026-07-27,2026-07-28,1445.5,1446.65,1442.3,1441.3,1441.8,1442.2,1443.5,1445.9,fyers,25,-0.002213766862677269,-0.002213766862677269,-0.0029055690072639084,-0.002559667934970644,-0.002282947077135944,-0.002559667934970644,False,False,-0.002213766862677269,False
ICICIBANK,2026-08-03,2026-08-04,1460.0,1460.0,1452.0,1451.3,1452.1,1449.2666666666667,1454.6,1454.6,fyers,25,-0.005479452054794498,-0.005479452054794498,-0.005958904109589103,-0.005410958904109697,-0.007351598173515939,-0.005719178082191689,False,False,-0.005479452054794498,False
ICICIBANK,2026-08-04,2026-08-05,1454.6,1454.6,1454.6,1450.0,1449.9,1449.6333333333332,1451.9,1451.9,fyers,13,0.0,0.0,-0.003162381410697024,-0.0032311288326686283,-0.0034144552912599435,-0.0015811907053485674,True,True,-0.0034144552912599435,True
ICICIBANK,2026-08-05,2026-08-06,1450.1,1450.1,1460.0,1453.0,1453.0,1453.8666666666668,1460.0,1460.0,fyers,13,0.00682711537135372,0.00682711537135372,0.0019998620784773546,0.0019998620784773546,0.0025975220099765384,0.0044134887249156485,False,False,0.00682711537135372,False
ICICIBANK,2026-08-06,2026-08-07,1457.5,1457.5,1451.0,1453.7,1453.4,1452.8333333333333,1454.4,1454.4,fyers,25,-0.004459691252144071,-0.004459691252144071,-0.002607204116638062,-0.0028130360205831373,-0.0032018296169240568,-0.0035334476843911222,False,False,-0.004459691252144071,False
ICICIBANK,2026-08-11,2026-08-12,1429.6,1429.6,1429.4,1430.0,1430.0,1426.8333333333333,1435.0,1435.0,upstox_spot,13,-0.00013989927252366918,-0.00013989927252366918,0.0002797985450475604,0.0002797985450475604,-0.0019352732699122743,6.994963626194561e-05,False,False,-0.00013989927252366918,False
ICICIBANK,2026-08-12,2026-08-13,1431.7,1431.7,1429.0,1416.9,1416.8,1420.0,1418.7,1418.7,upstox_spot,13,-0.0018858699448208727,-0.0018858699448208727,-0.010337361179017956,-0.01040720821401142,-0.00817210309422367,-0.006111615561919415,True,True,-0.00817210309422367,False
ICICIBANK,2026-08-14,2026-08-17,1417.0,1417.0,1418.0,1416.7,1416.7,1416.2,1423.6,1423.6,upstox_spot,13,0.0007057163020465218,0.0007057163020465218,-0.00021171489061388993,-0.00021171489061388993,-0.0005645730416372619,0.0002470007057162604,False,False,0.0007057163020465218,False
ICICIBANK,2026-08-20,2026-08-21,1411.9,1411.9,1417.0,1415.4,1415.0,1414.5333333333335,1420.0,1420.0,upstox_spot,13,0.00361215383525737,0.00361215383525737,0.0024789291026277027,0.002195622919470175,0.0018650990391200217,0.0030455414689425364,False,False,0.00361215383525737,False
ICICIBANK,2026-08-21,2026-08-24,1420.0,1420.0,1420.5,1424.4,1424.2,1421.3666666666668,1425.5,1425.5,upstox_spot,13,0.00035211267605639307,0.00035211267605639307,0.003098591549295815,0.0029577464788732577,0.0009624413145541411,0.001725352112676104,False,False,0.00035211267605639307,False
ICICIBANK,2026-08-25,2026-08-26,1422.7,1422.7,1423.1,1442.0,1441.7,1437.0333333333335,1443.2,1443.2,upstox_spot,13,0.0002811555493076323,0.0002811555493076323,0.013565755254094203,0.013354888592113534,0.01007474051685775,0.006923455401701029,False,False,0.0002811555493076323,False
SBIN,2025-06-30,2025-07-01,819.85,820.425,820.0,817.45,817.4,818.4500000000002,824.9,824.9,upstox_spot,13,0.00018296029761533106,0.00018296029761533106,-0.002927364761846629,-0.0029883515277185912,-0.0017076294444103857,-0.001372202232115649,False,False,0.00018296029761533106,False
SBIN,2025-07-04,2025-07-07,811.25,811.925,811.2,808.95,808.8,809.0666666666666,812.65,812.65,upstox_spot,13,-6.163328197217322e-05,-6.163328197217322e-05,-0.0028351309707241867,-0.0030200308166410395,-0.0026913199794555975,-0.0014483821263481245,False,False,-6.163328197217322e-05,False
SBIN,2025-07-08,2025-07-09,812.25,812.9,810.0,811.0,811.05,810.6666666666666,812.45,812.45,upstox_spot,13,-0.0027700831024930483,-0.0027700831024930483,-0.0015389350569405824,-0.001477377654663048,-0.0019493177387914784,-0.0021545090797168154,False,False,-0.0027700831024930483,False
SBIN,2025-07-16,2025-07-17,830.5,831.675,838.4,832.65,832.8,833.8166666666666,842.5,842.5,upstox_spot,13,0.009512341962673032,0.009512341962673032,0.0025888019265503104,0.002769416014449133,0.003993578165763623,0.00605057194461156,False,False,0.009512341962673032,False
SBIN,2025-07-21,2025-07-22,824.6,824.6500000000001,827.5,822.25,822.3,823.9333333333334,823.55,823.55,upstox_spot,13,0.0035168566577734595,0.0035168566577734595,-0.0028498666019888264,-0.0027892311423721727,-0.0008084727948903803,0.00033349502789237206,True,True,-0.0008084727948903803,False
SBIN,2025-07-23,2025-07-24,820.05,820.95,820.0,817.35,817.3,818.5833333333334,819.9,819.9,upstox_spot,13,-6.097189195775066e-05,-6.097189195775066e-05,-0.003292482165721533,-0.0033534540576793948,-0.0017885088307622032,-0.0016767270288396974,True,True,-0.0017885088307622032,False
SBIN,2025-07-29,2025-07-30,798.85,799.425,798.95,798.95,798.95,798.1833333333334,803.4,803.4,upstox_spot,13,0.00012517994617256,0.00012517994617256,0.00012517994617256,0.00012517994617256,-0.0008345329744841035,0.00012517994617256,False,False,0.00012517994617256,False
SBIN,2025-08-04,2025-08-05,796.8,796.95,798.0,800.3,800.3,799.4333333333334,804.05,804.05,upstox_spot,13,0.001506024096385561,0.001506024096385561,0.004392570281124497,0.004392570281124497,0.003304886211512814,0.002949297188755029,False,False,0.001506024096385561,False
SBIN,2025-08-07,2025-08-08,805.6,806.125,805.0,803.1,803.1,804.5999999999999,807.7,807.7,upstox_spot,13,-0.000744786494538241,-0.000744786494538241,-0.003103277060576004,-0.003103277060576004,-0.0012413108242305126,-0.001924031777557178,False,False,-0.000744786494538241,False
SBIN,2025-08-08,2025-08-11,802.5,803.775,808.0,822.65,822.5,817.8333333333334,825.0,825.0,upstox_spot,13,0.006853582554517068,0.006853582554517068,0.025109034267912778,0.024922118380062308,0.019106957424714466,0.015981308411215034,False,False,0.006853582554517068,False
SBIN,2025-08-11,2025-08-12,820.8,822.775,824.95,824.9,824.9,824.3000000000001,825.4,825.4,upstox_spot,13,0.005056042884990397,0.005056042884990397,0.004995126705652941,0.004995126705652941,0.004264132553606359,0.005025584795321558,False,False,0.005056042884990397,False
SBIN,2025-08-14,2025-08-18,825.5,826.45,836.0,831.85,831.75,833.2833333333333,832.75,832.75,upstox_spot,13,0.012719563900666309,0.012719563900666309,0.007692307692307665,0.007571168988491861,0.009428629113668485,0.010205935796486987,True,True,0.009428629113668485,False
SBIN,2025-08-19,2025-08-20,829.15,829.9,828.7,829.5,829.5,828.9666666666667,831.9,831.9,upstox_spot,13,-0.0005427244768738682,-0.0005427244768738682,0.00042211903756861346,0.00042211903756861346,-0.00022110997205970762,-6.0302719652627346e-05,False,False,-0.0005427244768738682,False
SBIN,2025-09-03,2025-09-04,813.0,813.15,814.65,813.2,813.25,814.3833333333333,814.4,814.4,upstox_spot,13,0.00202952029520298,0.00202952029520298,0.0002460024600245969,0.00030750307503080165,0.0017015170151701842,0.0011377613776137885,True,True,0.0017015170151701842,False
SBIN,2025-09-11,2025-09-12,824.6,824.8,824.1,821.5,821.55,822.3666666666667,824.8,824.8,upstox_spot,13,-0.0006063545961678685,-0.0006063545961678685,-0.003759398496240629,-0.0036987630366238644,-0.002708383862883079,-0.0021828765462043043,False,False,-0.0006063545961678685,False
SBIN,2025-09-16,2025-09-17,832.65,832.825,834.3,832.15,832.15,832.6,858.15,858.15,upstox_spot,13,0.00198162493244447,0.00198162493244447,-0.0006004924037711357,-0.0006004924037711357,-6.0049240377058055e-05,0.0006905662643366117,False,False,0.00198162493244447,False
SBIN,2025-09-17,2025-09-18,856.9,857.525,858.65,857.55,857.6,857.15,860.0,860.0,upstox_spot,13,0.002042245302835699,0.002042245302835699,0.0007585482553389422,0.0008168981211342796,0.000291749328976465,0.0014003967790874317,False,False,0.002042245302835699,False
SBIN,2025-09-19,2025-09-22,862.55,863.5,862.0,866.2,866.2,864.1833333333334,867.75,867.75,upstox_spot,13,-0.0006376441945393774,-0.0006376441945393774,0.00423163874558008,0.00423163874558008,0.0018936100322688443,0.0017969972755202956,False,False,-0.0006376441945393774,False
SBIN,2025-09-23,2025-09-24,869.6,870.875,876.0,872.35,872.35,874.7333333333332,880.1,880.1,upstox_spot,13,0.007359705611775569,0.007359705611775569,0.003162373505059879,0.003162373505059879,0.005903097209444708,0.005261039558417613,False,False,0.007359705611775569,False
SBIN,2025-09-29,2025-09-30,870.25,871.875,869.95,876.0,875.95,873.2833333333333,877.6,877.6,upstox_spot,13,-0.0003447285262855315,-0.0003447285262855315,0.006607296753806446,0.006549841999425432,0.003485588432442732,0.003131284113760513,False,False,-0.0003447285262855315,False
SBIN,2025-09-30,2025-10-01,873.7,873.75,872.3,872.3,872.3,873.0166666666668,873.35,873.35,upstox_spot,13,-0.001602380679867288,-0.001602380679867288,-0.001602380679867288,-0.001602380679867288,-0.0007821143794589647,-0.001602380679867288,False,False,-0.001602380679867288,False
SBIN,2025-10-06,2025-10-07,873.8,874.25,874.15,871.2,871.35,872.3000000000001,872.9,872.9,upstox_spot,13,0.00040054932478827965,0.00040054932478827965,-0.0029755092698556806,-0.0028038452735178465,-0.0017166399633782303,-0.001287479972533756,True,True,-0.0017166399633782303,False
SBIN,2025-10-10,2025-10-13,881.25,881.45,879.0,881.6,881.5,879.8166666666666,888.1,888.1,upstox_spot,13,-0.002553191489361728,-0.002553191489361728,0.0003971631205674786,0.00028368794326238955,-0.0016264775413712407,-0.0010780141843972357,False,False,-0.002553191489361728,False
SBIN,2025-10-13,2025-10-14,884.0,884.0,883.0,880.0,880.0,881.2166666666667,880.8,880.8,upstox_spot,13,-0.0011312217194570096,-0.0011312217194570096,-0.004524886877828038,-0.004524886877828038,-0.0031485671191553433,-0.002828054298642524,True,True,-0.0031485671191553433,False
SBIN,2025-10-15,2025-10-16,886.9,887.2,888.3,886.0,886.05,885.9833333333332,891.85,891.85,upstox_spot,13,0.0015785319652723562,0.0015785319652723562,-0.001014770549103594,-0.0009583944074867956,-0.0010335625963093786,0.00028188070808443655,False,False,0.0015785319652723562,False
SBIN,2025-10-20,2025-10-23,907.0,907.875,912.0,909.6,909.7,908.8333333333334,918.0,918.0,upstox_spot,13,0.005512679162072764,0.005512679162072764,0.002866593164277953,0.0029768467475193017,0.002021315692759984,0.004189636163175248,False,False,0.005512679162072764,False
SBIN,2025-10-27,2025-10-28,926.9,927.45,927.1,930.2,930.2,930.9833333333332,932.05,932.05,upstox_spot,13,0.00021577300679687106,0.00021577300679687106,0.0035602546121480394,0.0035602546121480394,0.004405365555435692,0.0018880138094725663,False,False,0.00021577300679687106,False
SBIN,2025-10-28,2025-10-29,930.5,931.275,933.9,934.9,934.9,934.65,942.05,942.05,upstox_spot,13,0.0036539494895218017,0.0036539494895218017,0.004728640515851756,0.004728640515851756,0.004459967759269157,0.004191295002686779,False,False,0.0036539494895218017,False
SBIN,2025-10-29,2025-10-30,939.0,939.9,939.45,939.05,939.0,939.2833333333334,944.9,944.9,upstox_spot,13,0.0004792332268370725,0.0004792332268370725,5.324813631513159e-05,0.0,0.00030173943911981915,0.00026624068157610203,False,False,0.0004792332268370725,False
SBIN,2025-11-03,2025-11-04,948.6,950.1500000000001,951.0,945.7,945.7,947.3333333333334,959.3,959.3,upstox_spot,13,0.0025300442757747454,0.0025300442757747454,-0.003057136833227836,-0.003057136833227836,-0.001335301145547807,-0.0002635462787264897,False,False,0.0025300442757747454,False
SBIN,2025-11-04,2025-11-06,954.6,956.675,969.65,964.7,964.7,965.8333333333334,965.8,965.8,upstox_spot,13,0.015765765765765716,0.015765765765765716,0.010580347789650224,0.010580347789650224,0.01176758153502333,0.01317305677770797,True,True,0.01176758153502333,False
SBIN,2025-11-11,2025-11-12,954.0,954.3,957.7,960.4,960.35,959.2833333333333,961.55,961.55,upstox_spot,13,0.0038784067085955165,0.0038784067085955165,0.006708595387840743,0.006656184486373284,0.005538085255066383,0.005293501048218019,False,False,0.0038784067085955165,False
SBIN,2025-11-14,2025-11-17,967.95,968.5,971.0,974.3,974.3,972.8333333333334,976.0,976.0,upstox_spot,13,0.0031509892039878196,0.0031509892039878196,0.0065602562115811835,0.0065602562115811835,0.005045026430428479,0.0048556227077845016,False,False,0.0031509892039878196,False
SBIN,2025-11-17,2025-11-18,973.0,973.25,975.6,972.8,972.8,972.7833333333334,974.4,974.4,upstox_spot,13,0.002672147995889107,0.002672147995889107,-0.00020554984583764924,-0.00020554984583764924,-0.00022267899965733307,0.0012332990750256734,True,True,-0.00022267899965733307,False
SBIN,2025-11-19,2025-11-20,980.5,982.05,986.0,982.4,982.4,983.5333333333333,983.8,983.8,upstox_spot,13,0.005609382967873611,0.005609382967873611,0.0019377868434471424,0.0019377868434471424,0.0030936596974333597,0.0037735849056603765,True,True,0.0030936596974333597,False
SBIN,2025-11-25,2025-11-26,983.5,985.7,986.6,993.0,992.95,990.8666666666667,999.0,999.0,upstox_spot,13,0.003152008134214457,0.003152008134214457,0.009659379766141285,0.009608540925266862,0.007490255888832342,0.006405693950177982,False,False,0.003152008134214457,False
SBIN,2025-12-05,2025-12-08,971.7,971.85,970.85,968.15,968.15,969.2333333333332,968.15,968.15,upstox_spot,13,-0.0008747555829988762,-0.0008747555829988762,-0.0036533909642894047,-0.0036533909642894047,-0.002538506397722351,-0.002264073273644196,True,True,-0.002538506397722351,False
SBIN,2025-12-09,2025-12-10,960.5,960.75,960.1,963.15,963.15,961.4833333333335,963.4,963.4,upstox_spot,13,-0.00041644976574695125,-0.00041644976574695125,0.0027589796980738157,0.0027589796980738157,0.0010237723407948707,0.0011712649661634877,False,False,-0.00041644976574695125,False
SBIN,2025-12-15,2025-12-16,966.1,966.825,966.05,968.35,968.3,967.5,968.65,968.65,upstox_spot,13,-5.175447676231126e-05,-5.175447676231126e-05,0.002328951454300787,0.002277196977538587,0.001449125349342717,0.0011385984887692935,False,False,-5.175447676231126e-05,False
SBIN,2025-12-17,2025-12-18,976.35,976.425,977.9,974.8,974.8,976.9500000000002,980.4,980.4,upstox_spot,13,0.0015875454498899266,0.0015875454498899266,-0.0015875454498899266,-0.0015875454498899266,0.0006145337225380576,-1.1102230246251565e-16,False,False,0.0015875454498899266,False
SBIN,2025-12-30,2025-12-31,973.1,973.8,975.25,975.8,975.8,976.0666666666666,985.65,985.65,upstox_spot,13,0.002209433768369129,0.002209433768369129,0.0027746377556263635,0.0027746377556263635,0.003048676052478161,0.0024920357619977462,False,False,0.002209433768369129,False
SBIN,2025-12-31,2026-01-01,982.4,982.95,983.2,982.6,982.55,982.5166666666668,987.65,987.65,upstox_spot,13,0.0008143322475571146,0.0008143322475571146,0.00020358306188938968,0.00015268729641682022,0.00011875678610229201,0.0005089576547232522,False,False,0.0008143322475571146,False
SBIN,2026-01-02,2026-01-05,1005.65,1007.575,1000.0,1007.25,1007.25,1005.3333333333334,1015.5,1015.5,upstox_spot,13,-0.005618256848804237,-0.005618256848804237,0.0015910107890420022,0.0015910107890420022,-0.00031488755199782226,-0.002013623029881173,False,False,-0.005618256848804237,False
SBIN,2026-01-06,2026-01-07,1018.05,1018.65,1022.7,1010.65,1010.65,1014.4499999999999,1016.3,1016.3,upstox_spot,13,0.004567555621040276,0.004567555621040276,-0.00726879819262316,-0.00726879819262316,-0.0035361720937086005,-0.0013506212857914424,True,True,-0.0035361720937086005,False
SBIN,2026-01-12,2026-01-13,1014.5,1015.2,1022.8,1025.5,1025.75,1023.0,1029.5,1029.5,upstox_spot,13,0.00818137013307041,0.00818137013307041,0.010842779694430815,0.011089206505667804,0.008378511582060044,0.009512074913750723,False,False,0.00818137013307041,False
SBIN,2026-01-13,2026-01-14,1028.5,1028.9,1030.0,1024.85,1024.85,1026.3333333333333,1030.4,1030.4,upstox_spot,13,0.001458434613514914,0.001458434613514914,-0.0035488575595528093,-0.0035488575595528093,-0.0021066277750770857,-0.0010452114730190587,False,False,0.001458434613514914,False
SBIN,2026-01-14,2026-01-16,1030.0,1030.025,1032.0,1034.35,1034.35,1032.4833333333333,1047.45,1047.45,upstox_spot,13,0.001941747572815622,0.001941747572815622,0.004223300970873645,0.004223300970873645,0.002411003236245879,0.0030825242718446333,False,False,0.001941747572815622,False
SBIN,2026-01-16,2026-01-19,1040.6,1041.85,1035.0,1039.0,1039.0,1038.4833333333333,1043.6,1043.6,upstox_spot,13,-0.0053815106669228285,-0.0053815106669228285,-0.0015375744762635701,-0.0015375744762635701,-0.002034082900890355,-0.0034595425715931993,False,False,-0.0053815106669228285,False
SBIN,2026-01-22,2026-01-23,1050.2,1050.85,1051.9,1044.75,1044.75,1047.2833333333333,1051.9,1051.9,upstox_spot,13,0.0016187392877546891,0.0016187392877546891,-0.005189487716625418,-0.005189487716625418,-0.002777248778010555,-0.0017853742144353646,False,False,0.0016187392877546891,False
SBIN,2026-01-27,2026-01-28,1053.0,1054.0,1059.4,1052.35,1052.35,1051.9666666666667,1065.6,1065.6,upstox_spot,13,0.006077872744539414,0.006077872744539414,-0.0006172839506173311,-0.0006172839506173311,-0.0009813232035453812,0.0027302943969611526,False,False,0.006077872744539414,False
SBIN,2026-01-28,2026-01-29,1062.65,1063.9250000000002,1063.0,1068.65,1068.65,1066.5666666666668,1075.0,1075.0,upstox_spot,13,0.00032936526608007277,0.00032936526608007277,0.005646261704229882,0.005646261704229882,0.003685754168039068,0.0029878134851550886,False,False,0.00032936526608007277,False
SBIN,2026-01-30,2026-02-01,1077.0,1077.625,1076.0,1077.6,1078.0,1075.8,1083.6,1083.6,upstox_spot,13,-0.0009285051067781103,-0.0009285051067781103,0.0005571030640667551,0.0009285051067779992,-0.0011142061281337323,-0.00018570102135562205,False,False,-0.0009285051067781103,False
SBIN,2026-02-02,2026-02-03,1026.5,1028.35,1087.0,1043.8,1044.1,1058.8666666666668,1068.2,1068.2,upstox_spot,13,0.05893813930832925,0.05893813930832925,0.016853385289819833,0.01714564052605927,0.031531092709855546,0.03789576229907454,True,True,0.031531092709855546,False
SBIN,2026-02-06,2026-02-09,1066.0,1067.35,1120.0,1128.2,1127.7,1121.8999999999999,1150.0,1150.0,upstox_spot,13,0.05065666041275807,0.05065666041275807,0.058348968105065735,0.057879924953095685,0.05243902439024373,0.05450281425891168,False,False,0.05065666041275807,False
SBIN,2026-02-09,2026-02-10,1147.8,1148.9,1151.0,1143.0,1142.9,1145.9333333333334,1146.6,1146.6,upstox_spot,13,0.0027879421502003954,0.0027879421502003954,-0.004181913225300482,-0.00426903641749421,-0.0016262995876168418,-0.0006969855375500433,True,True,-0.0016262995876168418,False
SBIN,2026-02-11,2026-02-12,1181.1,1182.9,1183.0,1191.6,1191.6,1188.0666666666666,1203.7,1203.7,upstox_spot,13,0.0016086698840065417,0.0016086698840065417,0.008890017780035508,0.008890017780035508,0.005898456241356875,0.005249343832021136,False,False,0.0016086698840065417,False
SBIN,2026-02-13,2026-02-16,1196.3,1198.65,1194.0,1193.0,1193.5,1192.5666666666666,1212.3,1212.3,upstox_spot,13,-0.0019225946668894878,-0.0019225946668894878,-0.002758505391624144,-0.002340550029256816,-0.0031207333723425323,-0.002340550029256816,False,False,-0.0019225946668894878,False
SBIN,2026-02-16,2026-02-17,1210.7,1211.5,1206.1,1210.7,1210.5,1208.9333333333334,1225.5,1225.5,upstox_spot,13,-0.003799454860824447,-0.003799454860824447,0.0,-0.00016519368960110636,-0.0014592109248092733,-0.0018997274304121126,False,False,-0.003799454860824447,False
SBIN,2026-02-20,2026-02-23,1216.2,1217.1,1222.0,1224.6,1224.6,1223.5666666666666,1231.1,1231.1,upstox_spot,13,0.004768952474921928,0.004768952474921928,0.00690675875678326,0.00690675875678326,0.006057117798607514,0.005837855615852483,False,False,0.004768952474921928,False
SBIN,2026-02-23,2026-02-24,1228.9,1228.95,1232.0,1229.7,1229.9,1229.5333333333335,1234.7,1234.7,upstox_spot,13,0.0025225811701521383,0.0025225811701521383,0.0006509886890715411,0.0008137358613393708,0.0005153660455150533,0.0015867849296116177,False,False,0.0025225811701521383,False
SBIN,2026-02-26,2026-02-27,1210.5,1211.6,1207.0,1206.2,1206.0,1207.3666666666666,1208.3,1208.3,upstox_spot,13,-0.0028913672036348093,-0.0028913672036348093,-0.003552251135894191,-0.0037174721189591198,-0.0025884620680161063,-0.0032218091697646667,False,False,-0.0028913672036348093,False
SBIN,2026-03-09,2026-03-10,1101.6,1101.8,1111.1,1110.0,1110.0,1111.4666666666667,1118.9,1118.9,upstox_spot,13,0.008623819898329721,0.008623819898329721,0.007625272331154731,0.007625272331154731,0.008956669087388125,0.008124546114742337,False,False,0.008623819898329721,False
SBIN,2026-03-16,2026-03-17,1063.9,1066.45,1073.9,1059.1,1059.5,1062.6,1070.0,1070.0,upstox_spot,13,0.009399379640943728,0.009399379640943728,-0.00451170222765318,-0.004135727042015258,-0.0012219193533228312,0.0024438387066452183,True,True,-0.0012219193533228312,False
SBIN,2026-03-25,2026-03-27,1062.6,1062.9499999999998,1051.3,1043.1,1042.9,1045.6333333333334,1048.4,1048.4,upstox_spot,13,-0.010634293242988813,-0.010634293242988813,-0.018351214003387906,-0.018539431582909716,-0.01596712466277661,-0.01449275362318847,True,True,-0.01596712466277661,False
SBIN,2026-04-02,2026-04-06,1018.0,1020.275,1020.0,1020.95,1021.15,1020.3166666666666,1035.7,1035.7,upstox_spot,13,0.0019646365422396617,0.0019646365422396617,0.002897838899803551,0.0030943025540275393,0.002275703994760958,0.0024312377210216063,False,False,0.0019646365422396617,False
SBIN,2026-04-06,2026-04-07,1033.4,1034.4,1025.0,1021.85,1021.8,1019.6166666666667,1033.7,1033.7,upstox_spot,13,-0.008128507838204069,-0.008128507838204069,-0.011176698277530539,-0.011225082252757979,-0.013337849171021321,-0.009652603057867415,False,False,-0.008128507838204069,False
SBIN,2026-04-07,2026-04-08,1028.0,1030.0,1074.0,1072.0,1071.95,1072.5666666666666,1077.8,1077.8,upstox_spot,13,0.04474708171206232,0.04474708171206232,0.04280155642023353,0.04275291828793781,0.04335278858625147,0.043774319066147926,False,False,0.04474708171206232,False
SBIN,2026-04-10,2026-04-13,1066.0,1066.725,1042.0,1038.45,1038.45,1038.2333333333333,1067.25,1067.25,upstox_spot,13,-0.022514071294559068,-0.022514071294559068,-0.025844277673545912,-0.025844277673545912,-0.026047529706066275,-0.0241791744840526,False,False,-0.022514071294559068,False
SBIN,2026-04-13,2026-04-15,1062.0,1063.65,1076.0,1080.1,1080.1,1081.0333333333333,1082.0,1082.0,upstox_spot,13,0.013182674199623268,0.013182674199623268,0.01704331450094143,0.01704331450094143,0.01792215944758313,0.01511299435028235,False,False,0.013182674199623268,False
SBIN,2026-04-17,2026-04-20,1080.3,1080.65,1080.3,1103.0,1103.0,1094.9333333333334,1120.95,1120.95,upstox_spot,13,0.0,0.0,0.021012681662501143,0.021012681662501143,0.013545620043815099,0.010506340831250682,False,False,0.0,True
SBIN,2026-04-24,2026-04-27,1100.95,1101.975,1110.95,1108.7,1108.7,1110.05,1114.8,1114.8,upstox_spot,13,0.009083064626004722,0.009083064626004722,0.007039375085153621,0.007039375085153621,0.008265588809664326,0.008061219855579171,False,False,0.009083064626004722,False
SBIN,2026-04-27,2026-04-28,1112.0,1112.825,1102.3,1103.15,1103.45,1101.8,1110.5,1110.5,upstox_spot,13,-0.008723021582733859,-0.008723021582733859,-0.00795863309352507,-0.0076888489208633,-0.009172661870503585,-0.008340827338129575,False,False,-0.008723021582733859,False
SBIN,2026-05-06,2026-05-07,1099.0,1100.05,1106.0,1099.1,1099.2,1099.8666666666666,1103.5,1103.5,upstox_spot,13,0.006369426751592355,0.006369426751592355,9.099181073701779e-05,0.00018198362147403557,0.0007885956930542282,0.0032302092811646865,True,True,0.0007885956930542282,False
SBIN,2026-05-12,2026-05-13,976.1,976.75,978.0,964.0,964.0,969.4,980.6,980.6,upstox_spot,13,0.0019465218727590106,0.0019465218727590106,-0.01239627087388595,-0.01239627087388595,-0.0068640508144657275,-0.0052248745005635255,False,False,0.0019465218727590106,False
SBIN,2026-05-14,2026-05-15,982.3,982.4,971.2,969.6,969.6,966.3333333333334,972.5,972.5,upstox_spot,13,-0.011300010180189224,-0.011300010180189224,-0.012928840476432835,-0.012928840476432835,-0.01625436899792998,-0.012114425328310974,False,False,-0.011300010180189224,False
SBIN,2026-05-20,2026-05-21,950.0,950.95,957.0,954.6,954.8,956.1666666666666,958.0,958.0,upstox_spot,13,0.007368421052631469,0.007368421052631469,0.004842105263157981,0.00505263157894742,0.006491228070175437,0.006105263157894614,False,False,0.007368421052631469,False
SBIN,2026-05-25,2026-05-26,972.3,972.4,969.9,976.3,976.3,974.2333333333332,978.8,978.8,upstox_spot,13,-0.002468373958654735,-0.002468373958654735,0.0041139565977579284,0.0041139565977579284,0.0019884123555828914,0.0008227913195515413,False,False,-0.002468373958654735,False
SBIN,2026-06-02,2026-06-03,960.0,960.2,953.75,944.25,944.3,947.7666666666668,974.0,974.0,upstox_spot,13,-0.00651041666666663,-0.00651041666666663,-0.016406249999999956,-0.01635416666666667,-0.012743055555555438,-0.011458333333333348,False,False,-0.00651041666666663,False
SBIN,2026-06-03,2026-06-04,971.5,972.75,969.9,974.0,974.25,970.0333333333333,985.8,985.8,upstox_spot,13,-0.00164693772516733,-0.00164693772516733,0.00257334019557387,0.002830674215131168,-0.0015096929147366822,0.00046320123520326995,False,False,-0.00164693772516733,False
SBIN,2026-06-04,2026-06-05,979.25,980.5,980.0,987.5,987.55,984.3166666666666,992.6,992.6,upstox_spot,13,0.0007658922644881994,0.0007658922644881994,0.008424814909369305,0.008475874393668592,0.005174027742319787,0.004595353586928752,False,False,0.0007658922644881994,False
SBIN,2026-06-09,2026-06-10,1004.1,1004.55,1002.7,1010.3,1010.3,1007.65,1012.4,1012.4,upstox_spot,13,-0.0013942834379045976,-0.0013942834379045976,0.006174683796434488,0.006174683796434488,0.0035355044318294837,0.0023902001792650562,False,False,-0.0013942834379045976,False
SBIN,2026-06-12,2026-06-15,1016.4,1017.125,1034.0,1025.05,1025.2,1027.75,1031.55,1031.55,upstox_spot,13,0.017316017316017396,0.017316017316017396,0.008510428964974448,0.008658008658008809,0.011166863439590724,0.012913223140496033,True,True,0.011166863439590724,False
SBIN,2026-06-17,2026-06-18,1026.5,1027.3,1027.9,1028.4,1028.7,1028.3833333333334,1045.7,1045.7,upstox_spot,13,0.001363857769118404,0.001363857769118404,0.001850949829517834,0.002143205065757492,0.0018347134275045196,0.001607403799318119,False,False,0.001363857769118404,False
SBIN,2026-06-18,2026-06-19,1042.5,1043.725,1042.0,1036.15,1036.15,1037.8833333333334,1037.05,1037.05,upstox_spot,13,-0.0004796163069544779,-0.0004796163069544779,-0.0060911270983212695,-0.0060911270983212695,-0.0044284572342124795,-0.0032853717026378737,True,True,-0.0044284572342124795,False
SBIN,2026-06-22,2026-06-23,1041.0,1041.5,1041.0,1041.0,1041.4,1041.4333333333334,1042.95,1042.95,upstox_spot,13,0.0,0.0,0.0,0.00038424591738728253,0.0004162664105027414,0.0,False,False,0.0,True
SBIN,2026-07-01,2026-07-02,1043.5,1046.15,1050.9,1056.4,1056.4,1053.9333333333334,1059.8,1059.8,upstox_spot,13,0.007091518926689133,0.007091518926689133,0.012362242453282324,0.012362242453282324,0.009998402811052687,0.009726880689985729,False,False,0.007091518926689133,False
SBIN,2026-07-15,2026-07-16,1030.8,1031.65,1030.1,1030.0,1030.0,1029.5666666666666,1036.0,1036.0,fyers,13,-0.0006790842064416935,-0.0006790842064416935,-0.0007760962359332213,-0.0007760962359332213,-0.001196481697063767,-0.0007275902211874019,False,False,-0.0006790842064416935,False
SBIN,2026-07-17,2026-07-20,1043.2,1043.95,1041.6,1044.0,1040.7,1046.5666666666666,1065.0,1065.0,fyers,25,-0.0015337423312884457,-0.0015337423312884457,0.0007668711656441118,-0.0023964723926380715,0.003227249488752415,-0.00038343558282216694,False,False,-0.0015337423312884457,False
SBIN,2026-07-20,2026-07-21,1061.0,1061.35,1057.0,1056.4,1061.5,1059.3,1061.6,1063.2,fyers,25,-0.0037700282752121117,-0.0037700282752121117,-0.0043355325164937675,0.00047125353440158335,-0.001602262016965117,-0.004052780395852884,False,False,-0.0037700282752121117,False
SBIN,2026-07-24,2026-07-27,1012.0,1014.9,1020.3,1019.2,1019.5,1020.4666666666667,1022.8,1022.8,fyers,13,0.008201581027667881,0.008201581027667881,0.007114624505928813,0.007411067193675791,0.00836627140974966,0.007658102766798347,False,False,0.008201581027667881,False
SBIN,2026-07-30,2026-07-31,1024.0,1025.35,1028.1,1026.9,1027.2,1029.2,1032.8,1032.8,fyers,12,0.004003906249999911,0.004003906249999911,0.002832031250000089,0.0031250000000000444,0.005078125000000044,0.00341796875,False,False,0.004003906249999911,False
SBIN,2026-08-03,2026-08-04,1045.0,1045.0,1047.6,1038.5,1036.2,1040.0333333333333,1043.7,1043.7,fyers,25,0.0024880382775118726,0.0024880382775118726,-0.0062200956937799035,-0.008421052631578885,-0.00475279106858062,-0.0018660287081340154,True,True,-0.00475279106858062,False
SBIN,2026-08-04,2026-08-05,1042.7,1042.7,1043.0,1047.3,1047.3,1045.7,1055.0,1055.0,fyers,16,0.00028771458712961717,0.00028771458712961717,0.0044116236693199085,0.0044116236693199085,0.0028771458712957276,0.002349669128224763,False,False,0.00028771458712961717,False
SBIN,2026-08-05,2026-08-06,1055.0,1055.0,1052.5,1063.2,1063.7,1060.0333333333335,1088.1,1088.1,fyers,13,-0.0023696682464454666,-0.0023696682464454666,0.007772511848341379,0.008246445497630317,0.004770932069510403,0.0027014218009477897,False,False,-0.0023696682464454666,False
SBIN,2026-08-06,2026-08-07,1085.0,1085.3,1080.1,1086.9,1083.6,1083.5333333333333,1124.5,1124.5,fyers,25,-0.004516129032258176,-0.004516129032258176,0.0017511520737327757,-0.001290322580645209,-0.0013517665130569068,-0.0013824884792627001,False,False,-0.004516129032258176,False
SBIN,2026-08-12,2026-08-13,1082.0,1082.0,1083.0,1081.7,1081.7,1079.2333333333333,1086.8,1086.8,upstox_spot,13,0.0009242144177448175,0.0009242144177448175,-0.00027726432532337864,-0.00027726432532337864,-0.0025569932224276393,0.0003234750462106639,False,False,0.0009242144177448175,False
SBIN,2026-08-13,2026-08-14,1083.0,1083.0,1082.0,1072.0,1072.0,1074.7333333333333,1075.4,1075.4,upstox_spot,13,-0.0009233610341643494,-0.0009233610341643494,-0.010156971375807955,-0.010156971375807955,-0.007633117882425378,-0.005540166204986097,True,True,-0.007633117882425378,False
SBIN,2026-08-25,2026-08-26,1048.0,1048.0,1051.4,1060.2,1060.4,1057.7666666666667,1062.3,1062.3,upstox_spot,13,0.0032442748091603413,0.0032442748091603413,0.011641221374045774,0.011832061068702382,0.009319338422391743,0.0074427480916032795,False,False,0.0032442748091603413,False
