bars_to_max,chosen_variant_key,entry_macd,entry_price,entry_rsi,entry_time,exit_price,exit_reason,exit_strategy,exit_time,expiry,expiry_day_only,expiry_kind,holding_bars,holding_minutes,max_possible_price,max_possible_return_pct,option_type,return_pct,rsi_filter,series_id,spot_at_series_start,strike,symbol,timeframe,train_consistency_score,underlying,walkforward_group,walkforward_window
115,series|10m|macd_only|hold_to_expiry,2.718141,250.0,68.7621,2025-04-07T15:30:00+05:30,836.95,hold_to_end,hold_to_expiry,2025-04-15 15:30:00+05:30,2025-04-15,False,weekly,152,1520,935.7,274.28,CE,234.78,macd_only,SENSEX|weekly|2025-04-15|ITM2,76088.08,76100.0,SENSEX 75900 CE 15 APR 25,10m,280.266107,SENSEX,weekly_series,1
221,series|10m|macd_only|hold_to_expiry,0.745004,85.05,68.2384,2025-04-07T15:30:00+05:30,751.45,hold_to_end,hold_to_expiry,2025-04-17 15:30:00+05:30,2025-04-17,False,weekly,228,2280,771.1,806.6432,CE,783.5391,macd_only,NIFTY|weekly|2025-04-17|ITM2,23192.2,23200.0,NIFTY 23100 CE 17 APR 25,10m,323.448568,NIFTY,weekly_series,2
65,series|10m|macd_only|hold_to_expiry,0.025234,218.3,51.507,2025-04-03T14:40:00+05:30,0.1,hold_to_end,hold_to_expiry,2025-04-17 15:30:00+05:30,2025-04-17,False,weekly,309,3090,1490.05,582.5699,PE,-99.9542,macd_only,NIFTY|weekly|2025-04-17|ITM2,23192.2,23200.0,NIFTY 23300 PE 17 APR 25,10m,323.448568,NIFTY,weekly_series,2
35,series|30m|rsi_55|macd_reversal,16.579372,1070.0,61.56,2025-04-28T12:30:00+05:30,815.25,macd_reversal,macd_reversal,2025-05-02 14:30:00+05:30,2025-05-06,False,weekly,43,1290,1633.65,52.6776,CE,-23.8084,rsi_55,SENSEX|weekly|2025-05-06|ITM2,79623.9,80000.0,SENSEX 79800 CE 06 MAY 25,30m,397.496602,SENSEX,weekly_series,5
2,series|30m|rsi_55|macd_reversal,0.424938,1232.2,56.1009,2025-05-05T10:00:00+05:30,891.75,macd_reversal,macd_reversal,2025-05-06 09:30:00+05:30,2025-05-06,False,weekly,12,360,1286.85,4.4352,CE,-27.6294,rsi_55,SENSEX|weekly|2025-05-06|ITM2,79623.9,80000.0,SENSEX 79800 CE 06 MAY 25,30m,397.496602,SENSEX,weekly_series,5
34,series|30m|rsi_55|hold_to_expiry,1.243548,373.65,62.3849,2025-04-28T13:00:00+05:30,73.8,hold_to_end,hold_to_expiry,2025-05-08 15:30:00+05:30,2025-05-08,False,weekly,96,2880,519.0,38.9,CE,-80.2489,rsi_55,NIFTY|weekly|2025-05-08|ITM2,24279.15,24300.0,NIFTY 24200 CE 08 MAY 25,30m,188.723635,NIFTY,weekly_series,6
11,series|30m|rsi_55|hold_to_expiry,7.814421,1400.05,78.7392,2025-05-12T10:00:00+05:30,746.15,hold_to_end,hold_to_expiry,2025-05-13 15:30:00+05:30,2025-05-13,False,weekly,24,720,2249.0,60.6371,CE,-46.7055,rsi_55,SENSEX|weekly|2025-05-13|ITM2,80586.33,80600.0,SENSEX 80400 CE 13 MAY 25,30m,85.454667,SENSEX,weekly_series,7
2,series|30m|rsi_55|hold_to_expiry,1.616017,1044.45,73.3071,2025-05-08T15:00:00+05:30,0.05,hold_to_end,hold_to_expiry,2025-05-13 15:30:00+05:30,2025-05-13,False,weekly,40,1200,1683.95,61.2284,PE,-99.9952,rsi_55,SENSEX|weekly|2025-05-13|ITM2,80586.33,80600.0,SENSEX 80800 PE 13 MAY 25,30m,85.454667,SENSEX,weekly_series,7
688,series|5m|macd_only|trail_after_30pct_dd15pct,0.348081,332.85,53.6885,2025-05-02T14:10:00+05:30,538.29,trail_after_30pct_dd15pct,trail_after_30pct_dd15pct,2025-05-13 09:20:00+05:30,2025-05-15,False,weekly,474,2370,776.3,133.2282,CE,61.7215,macd_only,NIFTY|weekly|2025-05-15|ITM2,24431.25,24450.0,NIFTY 24350 CE 15 MAY 25,5m,66.628662,NIFTY,weekly_series,8
134,series|5m|macd_only|trail_after_30pct_dd15pct,2.663494,353.8,57.3709,2025-05-14T09:40:00+05:30,371.8,trail_after_30pct_dd15pct,trail_after_30pct_dd15pct,2025-05-15 10:50:00+05:30,2025-05-15,False,weekly,90,450,776.3,119.4178,CE,5.0876,macd_only,NIFTY|weekly|2025-05-15|ITM2,24431.25,24450.0,NIFTY 24350 CE 15 MAY 25,5m,66.628662,NIFTY,weekly_series,8
328,series|5m|macd_only|trail_after_30pct_dd15pct,1.193455,422.5,63.4206,2025-05-02T14:30:00+05:30,497.15,trail_after_30pct_dd15pct,trail_after_30pct_dd15pct,2025-05-09 09:20:00+05:30,2025-05-15,False,weekly,318,1590,668.2,58.1538,PE,17.6686,macd_only,NIFTY|weekly|2025-05-15|ITM2,24431.25,24450.0,NIFTY 24550 PE 15 MAY 25,5m,66.628662,NIFTY,weekly_series,8
10,series|5m|macd_only|trail_after_30pct_dd15pct,0.815147,105.0,56.0427,2025-05-13T09:45:00+05:30,117.3,trail_after_30pct_dd15pct,trail_after_30pct_dd15pct,2025-05-13 09:55:00+05:30,2025-05-15,False,weekly,2,10,172.6,64.381,PE,11.7143,macd_only,NIFTY|weekly|2025-05-15|ITM2,24431.25,24450.0,NIFTY 24550 PE 15 MAY 25,5m,66.628662,NIFTY,weekly_series,8
3,series|5m|macd_only|trail_after_30pct_dd15pct,0.796855,129.25,55.7987,2025-05-13T12:45:00+05:30,0.05,hold_to_end_trail_after_30pct_dd15pct,trail_after_30pct_dd15pct,2025-05-15 15:30:00+05:30,2025-05-15,False,weekly,185,925,166.65,28.9362,PE,-99.9613,macd_only,NIFTY|weekly|2025-05-15|ITM2,24431.25,24450.0,NIFTY 24550 PE 15 MAY 25,5m,66.628662,NIFTY,weekly_series,8
23,series|15m|rsi_60|target_30pct,30.90505,1327.45,82.4442,2025-05-12T09:45:00+05:30,1725.685,target_30pct_hit,target_30pct,2025-05-12 10:30:00+05:30,2025-05-20,False,weekly,3,45,2445.6,84.2329,CE,30.0,rsi_60,SENSEX|weekly|2025-05-20|ITM2,80736.0,80600.0,SENSEX 80400 CE 20 MAY 25,15m,64.384083,SENSEX,weekly_series,9
4,series|15m|rsi_60|target_30pct,42.841914,1846.9,67.3189,2025-05-15T13:15:00+05:30,785.6,hold_to_end_target_30pct_not_hit,target_30pct,2025-05-20 15:30:00+05:30,2025-05-20,False,weekly,85,1275,2400.0,29.9475,CE,-57.4639,rsi_60,SENSEX|weekly|2025-05-20|ITM2,80736.0,80600.0,SENSEX 80400 CE 20 MAY 25,15m,64.384083,SENSEX,weekly_series,9
288,series|5m|rsi_60|trail_after_20pct_dd10pct,14.108243,357.35,88.3343,2025-05-12T09:15:00+05:30,644.5,trail_after_20pct_dd10pct,trail_after_20pct_dd10pct,2025-05-13 09:20:00+05:30,2025-05-22,False,weekly,77,385,796.15,122.7928,CE,80.3554,rsi_60,NIFTY|weekly|2025-05-22|ITM2,24437.25,24450.0,NIFTY 24350 CE 22 MAY 25,5m,65.200403,NIFTY,weekly_series,10
44,series|5m|rsi_60|trail_after_20pct_dd10pct,1.447253,501.7,70.8152,2025-05-15T10:40:00+05:30,714.0,trail_after_20pct_dd10pct,trail_after_20pct_dd10pct,2025-05-15 15:15:00+05:30,2025-05-22,False,weekly,55,275,796.15,58.6905,CE,42.3161,rsi_60,NIFTY|weekly|2025-05-22|ITM2,24437.25,24450.0,NIFTY 24350 CE 22 MAY 25,5m,65.200403,NIFTY,weekly_series,10
11,series|5m|rsi_60|trail_after_20pct_dd10pct,0.043262,492.6,70.8588,2025-05-21T09:45:00+05:30,570.29,trail_after_20pct_dd10pct,trail_after_20pct_dd10pct,2025-05-21 11:05:00+05:30,2025-05-22,False,weekly,16,80,640.0,29.9229,CE,15.7714,rsi_60,NIFTY|weekly|2025-05-22|ITM2,24437.25,24450.0,NIFTY 24350 CE 22 MAY 25,5m,65.200403,NIFTY,weekly_series,10
1,series|5m|rsi_60|trail_after_20pct_dd10pct,1.289978,248.55,64.3615,2025-05-22T14:55:00+05:30,263.0,trail_after_20pct_dd10pct,trail_after_20pct_dd10pct,2025-05-22 15:00:00+05:30,2025-05-22,False,weekly,1,5,299.25,20.3983,CE,5.8137,rsi_60,NIFTY|weekly|2025-05-22|ITM2,24437.25,24450.0,NIFTY 24350 CE 22 MAY 25,5m,65.200403,NIFTY,weekly_series,10
38,series|5m|rsi_60|trail_after_20pct_dd10pct,0.229008,343.45,70.3166,2025-05-08T13:15:00+05:30,585.0,trail_after_20pct_dd10pct,trail_after_20pct_dd10pct,2025-05-09 10:20:00+05:30,2025-05-22,False,weekly,41,205,682.05,98.5879,PE,70.3305,rsi_60,NIFTY|weekly|2025-05-22|ITM2,24437.25,24450.0,NIFTY 24550 PE 22 MAY 25,5m,65.200403,NIFTY,weekly_series,10
57,series|5m|rsi_60|trail_after_20pct_dd10pct,0.017686,176.55,61.169,2025-05-13T09:35:00+05:30,188.8,trail_after_20pct_dd10pct,trail_after_20pct_dd10pct,2025-05-13 09:55:00+05:30,2025-05-22,False,weekly,4,20,257.25,45.7094,PE,6.9385,rsi_60,NIFTY|weekly|2025-05-22|ITM2,24437.25,24450.0,NIFTY 24550 PE 22 MAY 25,5m,65.200403,NIFTY,weekly_series,10
1,series|5m|rsi_60|trail_after_20pct_dd10pct,0.417296,207.8,62.884,2025-05-15T09:45:00+05:30,0.05,hold_to_end_trail_after_20pct_dd10pct,trail_after_20pct_dd10pct,2025-05-22 15:30:00+05:30,2025-05-22,False,weekly,449,2245,217.0,4.4273,PE,-99.9759,rsi_60,NIFTY|weekly|2025-05-22|ITM2,24437.25,24450.0,NIFTY 24550 PE 22 MAY 25,5m,65.200403,NIFTY,weekly_series,10
162,series|5m|rsi_60|trail_after_20pct_dd10pct,0.178445,975.7,60.071,2025-05-21T15:05:00+05:30,1206.45,trail_after_20pct_dd10pct,trail_after_20pct_dd10pct,2025-05-26 10:20:00+05:30,2025-06-03,False,weekly,168,840,1369.15,40.3249,CE,23.6497,rsi_60,SENSEX|weekly|2025-06-03|ITM2,82077.91,82000.0,SENSEX 81800 CE 03 JUN 25,5m,67.013605,SENSEX,weekly_series,11
2,series|5m|rsi_60|trail_after_20pct_dd10pct,9.884937,1125.45,65.5343,2025-05-27T11:25:00+05:30,0.05,hold_to_end_trail_after_20pct_dd10pct,trail_after_20pct_dd10pct,2025-06-03 15:30:00+05:30,2025-06-03,False,weekly,429,2145,1307.7,16.1935,CE,-99.9956,rsi_60,SENSEX|weekly|2025-06-03|ITM2,82077.91,82000.0,SENSEX 81800 CE 03 JUN 25,5m,67.013605,SENSEX,weekly_series,11
96,series|5m|rsi_60|trail_after_20pct_dd10pct,0.816451,1248.05,71.8371,2025-05-21T12:10:00+05:30,1161.75,trail_after_20pct_dd10pct,trail_after_20pct_dd10pct,2025-05-23 10:40:00+05:30,2025-06-03,False,weekly,111,555,1800.7,44.2811,PE,-6.9148,rsi_60,SENSEX|weekly|2025-06-03|ITM2,82077.91,82000.0,SENSEX 82200 PE 03 JUN 25,5m,67.013605,SENSEX,weekly_series,11
423,series|5m|rsi_60|trail_after_20pct_dd10pct,5.77918,1070.0,71.9854,2025-05-27T09:15:00+05:30,1311.3,trail_after_20pct_dd10pct,trail_after_20pct_dd10pct,2025-05-27 09:35:00+05:30,2025-06-03,False,weekly,4,20,1694.1,58.3271,PE,22.5514,rsi_60,SENSEX|weekly|2025-06-03|ITM2,82077.91,82000.0,SENSEX 82200 PE 03 JUN 25,5m,67.013605,SENSEX,weekly_series,11
345,series|5m|rsi_60|trail_after_20pct_dd10pct,0.022361,1413.2,61.3112,2025-05-28T09:30:00+05:30,1465.9,hold_to_end_trail_after_20pct_dd10pct,trail_after_20pct_dd10pct,2025-06-03 15:30:00+05:30,2025-06-03,False,weekly,376,1880,1694.1,19.8769,PE,3.7291,rsi_60,SENSEX|weekly|2025-06-03|ITM2,82077.91,82000.0,SENSEX 82200 PE 03 JUN 25,5m,67.013605,SENSEX,weekly_series,11
187,series|5m|macd_only|target_30pct,0.423129,325.0,61.6384,2025-05-22T15:00:00+05:30,422.5,target_30pct_hit,target_30pct,2025-05-23 09:45:00+05:30,2025-06-05,False,weekly,13,65,649.5,99.8462,CE,30.0,macd_only,NIFTY|weekly|2025-06-05|ITM2,24704.65,24700.0,NIFTY 24600 CE 05 JUN 25,5m,65.340052,NIFTY,weekly_series,12
104,series|5m|macd_only|target_30pct,0.35282,570.0,72.5891,2025-05-26T09:15:00+05:30,150.55,hold_to_end_target_30pct_not_hit,target_30pct,2025-06-05 15:30:00+05:30,2025-06-05,False,weekly,683,3415,649.5,13.9474,CE,-73.5877,macd_only,NIFTY|weekly|2025-06-05|ITM2,24704.65,24700.0,NIFTY 24600 CE 05 JUN 25,5m,65.340052,NIFTY,weekly_series,12
28,series|5m|macd_only|target_30pct,0.712372,386.45,62.1908,2025-05-22T12:20:00+05:30,48.95,hold_to_end_target_30pct_not_hit,target_30pct,2025-06-05 15:30:00+05:30,2025-06-05,False,weekly,798,3990,444.0,14.892,PE,-87.3334,macd_only,NIFTY|weekly|2025-06-05|ITM2,24704.65,24700.0,NIFTY 24800 PE 05 JUN 25,5m,65.340052,NIFTY,weekly_series,12
0,series|5m|macd_only|target_30pct,2.78161,1128.85,66.1166,2025-05-28T13:05:00+05:30,789.4,hold_to_end_target_30pct_not_hit,target_30pct,2025-06-10 15:30:00+05:30,2025-06-10,False,weekly,713,3565,1128.85,0.0,CE,-30.0704,macd_only,SENSEX|weekly|2025-06-10|ITM2,81772.52,81800.0,SENSEX 81600 CE 10 JUN 25,5m,62.575695,SENSEX,weekly_series,13
377,series|5m|macd_only|target_30pct,1.955664,1325.05,61.0012,2025-05-27T13:10:00+05:30,1722.565,target_30pct_hit,target_30pct,2025-06-03 12:55:00+05:30,2025-06-10,False,weekly,374,1870,1736.7,31.0668,PE,30.0,macd_only,SENSEX|weekly|2025-06-10|ITM2,81772.52,81800.0,SENSEX 82000 PE 10 JUN 25,5m,62.575695,SENSEX,weekly_series,13
31,series|5m|macd_only|target_30pct,3.239944,835.6,55.778,2025-06-05T13:50:00+05:30,0.05,hold_to_end_target_30pct_not_hit,target_30pct,2025-06-10 15:30:00+05:30,2025-06-10,False,weekly,248,1240,1031.3,23.4203,PE,-99.994,macd_only,SENSEX|weekly|2025-06-10|ITM2,81772.52,81800.0,SENSEX 82000 PE 10 JUN 25,5m,62.575695,SENSEX,weekly_series,13
670,series|5m|macd_only|target_30pct,0.307259,322.7,51.9474,2025-05-29T13:35:00+05:30,419.51,target_30pct_hit,target_30pct,2025-06-11 11:55:00+05:30,2025-06-12,False,weekly,664,3320,433.85,34.4438,CE,30.0,macd_only,NIFTY|weekly|2025-06-12|ITM2,24884.5,24900.0,NIFTY 24800 CE 12 JUN 25,5m,60.490295,NIFTY,weekly_series,14
213,series|5m|macd_only|target_30pct,0.300155,425.5,58.2609,2025-05-29T14:10:00+05:30,553.15,target_30pct_hit,target_30pct,2025-06-02 09:20:00+05:30,2025-06-12,False,weekly,94,470,589.55,38.5546,PE,30.0,macd_only,NIFTY|weekly|2025-06-12|ITM2,24884.5,24900.0,NIFTY 25000 PE 12 JUN 25,5m,60.490295,NIFTY,weekly_series,14
54,series|5m|macd_only|target_30pct,0.877947,471.45,57.2529,2025-06-02T14:45:00+05:30,111.75,hold_to_end_target_30pct_not_hit,target_30pct,2025-06-12 15:30:00+05:30,2025-06-12,False,weekly,617,3085,589.55,25.0504,PE,-76.2965,macd_only,NIFTY|weekly|2025-06-12|ITM2,24884.5,24900.0,NIFTY 25000 PE 12 JUN 25,5m,60.490295,NIFTY,weekly_series,14
173,series|5m|macd_only|target_30pct,0.160034,886.35,72.354,2025-06-04T13:50:00+05:30,1152.255,target_30pct_hit,target_30pct,2025-06-05 12:05:00+05:30,2025-06-17,False,weekly,55,275,1666.0,87.9619,CE,30.0,macd_only,SENSEX|weekly|2025-06-17|ITM2,81406.4,81400.0,SENSEX 81200 CE 17 JUN 25,5m,60.846781,SENSEX,weekly_series,15
61,series|5m|macd_only|target_30pct,7.022018,1144.6,66.0498,2025-06-06T10:35:00+05:30,1487.98,target_30pct_hit,target_30pct,2025-06-06 11:50:00+05:30,2025-06-17,False,weekly,15,75,1666.0,45.553,CE,30.0,macd_only,SENSEX|weekly|2025-06-17|ITM2,81406.4,81400.0,SENSEX 81200 CE 17 JUN 25,5m,60.846781,SENSEX,weekly_series,15
16,series|5m|macd_only|target_30pct,1.275659,1420.0,58.8501,2025-06-06T14:20:00+05:30,383.3,hold_to_end_target_30pct_not_hit,target_30pct,2025-06-17 15:30:00+05:30,2025-06-17,False,weekly,540,2700,1666.0,17.3239,CE,-73.007,macd_only,SENSEX|weekly|2025-06-17|ITM2,81406.4,81400.0,SENSEX 81200 CE 17 JUN 25,5m,60.846781,SENSEX,weekly_series,15
399,series|5m|macd_only|target_30pct,0.610895,838.5,55.2587,2025-06-05T13:55:00+05:30,1090.05,target_30pct_hit,target_30pct,2025-06-13 09:15:00+05:30,2025-06-17,False,weekly,399,1995,1301.55,55.2236,PE,30.0,macd_only,SENSEX|weekly|2025-06-17|ITM2,81406.4,81400.0,SENSEX 81600 PE 17 JUN 25,5m,60.846781,SENSEX,weekly_series,15
1,series|5m|macd_only|target_30pct,6.90463,849.4,65.0037,2025-06-13T14:55:00+05:30,16.8,hold_to_end_target_30pct_not_hit,target_30pct,2025-06-17 15:30:00+05:30,2025-06-17,False,weekly,159,795,914.75,7.6937,PE,-98.0221,macd_only,SENSEX|weekly|2025-06-17|ITM2,81406.4,81400.0,SENSEX 81600 PE 17 JUN 25,5m,60.846781,SENSEX,weekly_series,15
300,series|5m|macd_only|target_30pct,4.533258,479.9,74.0977,2025-06-05T12:05:00+05:30,623.87,target_30pct_hit,target_30pct,2025-06-06 11:55:00+05:30,2025-06-19,False,weekly,74,370,728.8,51.865,CE,30.0,macd_only,NIFTY|weekly|2025-06-19|ITM2,24661.6,24650.0,NIFTY 24550 CE 19 JUN 25,5m,60.405015,NIFTY,weekly_series,16
108,series|5m|macd_only|target_30pct,0.14454,661.9,76.2652,2025-06-10T09:20:00+05:30,242.8,hold_to_end_target_30pct_not_hit,target_30pct,2025-06-19 15:30:00+05:30,2025-06-19,False,weekly,598,2990,728.8,10.1073,CE,-63.3177,macd_only,NIFTY|weekly|2025-06-19|ITM2,24661.6,24650.0,NIFTY 24550 CE 19 JUN 25,5m,60.405015,NIFTY,weekly_series,16
400,series|5m|macd_only|target_30pct,0.820664,245.6,57.1627,2025-06-05T13:55:00+05:30,319.28,target_30pct_hit,target_30pct,2025-06-13 09:15:00+05:30,2025-06-19,False,weekly,400,2000,337.25,37.3168,PE,30.0,macd_only,NIFTY|weekly|2025-06-19|ITM2,24661.6,24650.0,NIFTY 24750 PE 19 JUN 25,5m,60.405015,NIFTY,weekly_series,16
1,series|5m|macd_only|target_30pct,1.608754,227.3,66.3882,2025-06-13T14:55:00+05:30,0.05,hold_to_end_target_30pct_not_hit,target_30pct,2025-06-19 15:30:00+05:30,2025-06-19,False,weekly,311,1555,247.1,8.711,PE,-99.978,macd_only,NIFTY|weekly|2025-06-19|ITM2,24661.6,24650.0,NIFTY 24750 PE 19 JUN 25,5m,60.405015,NIFTY,weekly_series,16
577,series|5m|macd_only|target_30pct,2.060318,881.15,77.9171,2025-06-17T15:00:00+05:30,1145.495,target_30pct_hit,target_30pct,2025-06-20 15:10:00+05:30,2025-07-01,False,weekly,224,1120,2371.45,169.1312,CE,30.0,macd_only,SENSEX|weekly|2025-07-01|ITM2,81868.05,81900.0,SENSEX 81700 CE 01 JUL 25,5m,59.255313,SENSEX,weekly_series,17
300,series|5m|macd_only|target_30pct,7.247407,853.75,70.1762,2025-06-23T13:20:00+05:30,1109.875,target_30pct_hit,target_30pct,2025-06-24 09:15:00+05:30,2025-07-01,False,weekly,27,135,2371.45,177.7687,CE,30.0,macd_only,SENSEX|weekly|2025-07-01|ITM2,81868.05,81900.0,SENSEX 81700 CE 01 JUL 25,5m,59.255313,SENSEX,weekly_series,17
192,series|5m|macd_only|target_30pct,2.65777,1084.35,61.8837,2025-06-25T09:40:00+05:30,1409.655,target_30pct_hit,target_30pct,2025-06-26 09:30:00+05:30,2025-07-01,False,weekly,74,370,2371.45,118.6978,CE,30.0,macd_only,SENSEX|weekly|2025-07-01|ITM2,81868.05,81900.0,SENSEX 81700 CE 01 JUL 25,5m,59.255313,SENSEX,weekly_series,17
0,series|5m|macd_only|target_30pct,7.704495,2063.0,80.0107,2025-07-01T10:50:00+05:30,1990.05,hold_to_end_target_30pct_not_hit,target_30pct,2025-07-01 15:30:00+05:30,2025-07-01,False,weekly,56,280,2063.0,0.0,CE,-3.5361,macd_only,SENSEX|weekly|2025-07-01|ITM2,81868.05,81900.0,SENSEX 81700 CE 01 JUL 25,5m,59.255313,SENSEX,weekly_series,17
54,series|5m|macd_only|target_30pct,3.793705,1084.9,66.95,2025-06-18T11:05:00+05:30,0.05,hold_to_end_target_30pct_not_hit,target_30pct,2025-07-01 15:30:00+05:30,2025-07-01,False,weekly,735,3675,1235.65,13.8953,PE,-99.9954,macd_only,SENSEX|weekly|2025-07-01|ITM2,81868.05,81900.0,SENSEX 82100 PE 01 JUL 25,5m,59.255313,SENSEX,weekly_series,17
458,series|5m|macd_only|target_30pct,0.338199,368.1,66.8661,2025-06-19T14:00:00+05:30,478.53,target_30pct_hit,target_30pct,2025-06-20 10:30:00+05:30,2025-07-03,False,weekly,34,170,983.45,167.1692,CE,30.0,macd_only,NIFTY|weekly|2025-07-03|ITM2,24783.9,24800.0,NIFTY 24700 CE 03 JUL 25,5m,59.713983,NIFTY,weekly_series,18
324,series|5m|macd_only|target_30pct,0.330481,399.5,52.4806,2025-06-23T12:30:00+05:30,519.35,target_30pct_hit,target_30pct,2025-06-24 09:15:00+05:30,2025-07-03,False,weekly,37,185,983.45,146.1702,CE,30.0,macd_only,NIFTY|weekly|2025-07-03|ITM2,24783.9,24800.0,NIFTY 24700 CE 03 JUL 25,5m,59.713983,NIFTY,weekly_series,18
206,series|5m|macd_only|target_30pct,2.704708,551.5,63.6534,2025-06-25T09:40:00+05:30,716.95,target_30pct_hit,target_30pct,2025-06-26 09:35:00+05:30,2025-07-03,False,weekly,75,375,983.45,78.3228,CE,30.0,macd_only,NIFTY|weekly|2025-07-03|ITM2,24783.9,24800.0,NIFTY 24700 CE 03 JUL 25,5m,59.713983,NIFTY,weekly_series,18
6,series|5m|macd_only|target_30pct,0.575941,838.0,57.6006,2025-07-01T09:20:00+05:30,706.0,hold_to_end_target_30pct_not_hit,target_30pct,2025-07-03 15:30:00+05:30,2025-07-03,False,weekly,224,1120,898.5,7.2196,CE,-15.7518,macd_only,NIFTY|weekly|2025-07-03|ITM2,24783.9,24800.0,NIFTY 24700 CE 03 JUL 25,5m,59.713983,NIFTY,weekly_series,18
5,series|5m|macd_only|target_30pct,0.139314,297.6,55.5003,2025-06-19T15:05:00+05:30,0.05,hold_to_end_target_30pct_not_hit,target_30pct,2025-07-03 15:30:00+05:30,2025-07-03,False,weekly,765,3825,324.5,9.039,PE,-99.9832,macd_only,NIFTY|weekly|2025-07-03|ITM2,24783.9,24800.0,NIFTY 24900 PE 03 JUL 25,5m,59.713983,NIFTY,weekly_series,18
222,series|5m|macd_only|target_30pct,0.297647,870.0,55.6709,2025-06-25T09:55:00+05:30,1131.0,target_30pct_hit,target_30pct,2025-06-26 09:30:00+05:30,2025-07-08,False,weekly,71,355,1831.65,110.5345,CE,30.0,macd_only,SENSEX|weekly|2025-07-08|ITM2,82786.27,82700.0,SENSEX 82500 CE 08 JUL 25,5m,60.040919,SENSEX,weekly_series,19
0,series|5m|macd_only|target_30pct,4.37561,1831.65,60.3766,2025-06-30T09:30:00+05:30,1208.65,hold_to_end_target_30pct_not_hit,target_30pct,2025-07-08 15:30:00+05:30,2025-07-08,False,weekly,527,2635,1831.65,0.0,CE,-34.013,macd_only,SENSEX|weekly|2025-07-08|ITM2,82786.27,82700.0,SENSEX 82500 CE 08 JUL 25,5m,60.040919,SENSEX,weekly_series,19
185,series|5m|macd_only|target_30pct,0.066976,273.1,55.5739,2025-06-30T10:45:00+05:30,0.05,hold_to_end_target_30pct_not_hit,target_30pct,2025-07-08 15:30:00+05:30,2025-07-08,False,weekly,513,2565,355.0,29.989,PE,-99.9817,macd_only,SENSEX|weekly|2025-07-08|ITM2,82786.27,82700.0,SENSEX 82900 PE 08 JUL 25,5m,60.040919,SENSEX,weekly_series,19
83,series|5m|macd_only|target_30pct,0.247859,392.6,60.6562,2025-06-26T12:10:00+05:30,510.38,target_30pct_hit,target_30pct,2025-06-27 09:15:00+05:30,2025-07-10,False,weekly,41,205,580.75,47.9241,CE,30.0,macd_only,NIFTY|weekly|2025-07-10|ITM2,25282.35,25300.0,NIFTY 25200 CE 10 JUL 25,5m,58.616047,NIFTY,weekly_series,20
5,series|5m|macd_only|target_30pct,1.006891,467.45,64.7412,2025-07-01T09:25:00+05:30,155.0,hold_to_end_target_30pct_not_hit,target_30pct,2025-07-10 15:30:00+05:30,2025-07-10,False,weekly,605,3025,485.0,3.7544,CE,-66.8414,macd_only,NIFTY|weekly|2025-07-10|ITM2,25282.35,25300.0,NIFTY 25200 CE 10 JUL 25,5m,58.616047,NIFTY,weekly_series,20
327,series|5m|macd_only|target_30pct,0.665597,127.1,60.3294,2025-06-30T09:55:00+05:30,165.23,target_30pct_hit,target_30pct,2025-06-30 13:15:00+05:30,2025-07-10,False,weekly,40,200,179.7,41.3847,PE,30.0,macd_only,NIFTY|weekly|2025-07-10|ITM2,25282.35,25300.0,NIFTY 25400 PE 10 JUL 25,5m,58.616047,NIFTY,weekly_series,20
169,series|5m|macd_only|target_30pct,0.424124,115.65,58.3301,2025-07-02T10:25:00+05:30,150.345,target_30pct_hit,target_30pct,2025-07-02 13:30:00+05:30,2025-07-10,False,weekly,37,185,179.7,55.3826,PE,30.0,macd_only,NIFTY|weekly|2025-07-10|ITM2,25282.35,25300.0,NIFTY 25400 PE 10 JUL 25,5m,58.616047,NIFTY,weekly_series,20
69,series|5m|macd_only|target_30pct,0.26046,106.35,55.53,2025-07-03T12:25:00+05:30,138.255,target_30pct_hit,target_30pct,2025-07-03 14:35:00+05:30,2025-07-10,False,weekly,26,130,179.7,68.9704,PE,30.0,macd_only,NIFTY|weekly|2025-07-10|ITM2,25282.35,25300.0,NIFTY 25400 PE 10 JUL 25,5m,58.616047,NIFTY,weekly_series,20
3,series|5m|macd_only|target_30pct,0.290651,142.7,58.4444,2025-07-04T11:35:00+05:30,44.6,hold_to_end_target_30pct_not_hit,target_30pct,2025-07-10 15:30:00+05:30,2025-07-10,False,weekly,351,1755,179.7,25.9285,PE,-68.7456,macd_only,NIFTY|weekly|2025-07-10|ITM2,25282.35,25300.0,NIFTY 25400 PE 10 JUL 25,5m,58.616047,NIFTY,weekly_series,20
0,series|5m|macd_only|target_30pct,0.29108,831.1,51.988,2025-07-03T14:05:00+05:30,0.05,hold_to_end_target_30pct_not_hit,target_30pct,2025-07-15 15:30:00+05:30,2025-07-15,False,weekly,624,3120,831.1,0.0,CE,-99.994,macd_only,SENSEX|weekly|2025-07-15|ITM2,83624.92,83600.0,SENSEX 83400 CE 15 JUL 25,5m,59.574846,SENSEX,weekly_series,21
537,series|5m|macd_only|target_30pct,1.152316,727.55,55.5204,2025-07-03T12:35:00+05:30,945.815,target_30pct_hit,target_30pct,2025-07-04 11:40:00+05:30,2025-07-15,False,weekly,64,320,1729.55,137.7225,PE,30.0,macd_only,SENSEX|weekly|2025-07-15|ITM2,83624.92,83600.0,SENSEX 83800 PE 15 JUL 25,5m,59.574846,SENSEX,weekly_series,21
389,series|5m|macd_only|target_30pct,0.089779,798.75,62.508,2025-07-07T12:20:00+05:30,1038.375,target_30pct_hit,target_30pct,2025-07-11 10:35:00+05:30,2025-07-15,False,weekly,282,1410,1729.55,116.5321,PE,30.0,macd_only,SENSEX|weekly|2025-07-15|ITM2,83624.92,83600.0,SENSEX 83800 PE 15 JUL 25,5m,59.574846,SENSEX,weekly_series,21
14,series|5m|macd_only|target_30pct,0.716558,1211.2,54.961,2025-07-15T13:50:00+05:30,1230.7,hold_to_end_target_30pct_not_hit,target_30pct,2025-07-15 15:30:00+05:30,2025-07-15,False,weekly,20,100,1333.1,10.0644,PE,1.61,macd_only,SENSEX|weekly|2025-07-15|ITM2,83624.92,83600.0,SENSEX 83800 PE 15 JUL 25,5m,59.574846,SENSEX,weekly_series,21
1,series|5m|macd_only|target_30pct,2.007229,352.7,68.6978,2025-07-03T13:40:00+05:30,0.05,hold_to_end_target_30pct_not_hit,target_30pct,2025-07-17 15:30:00+05:30,2025-07-17,False,weekly,782,3910,362.0,2.6368,CE,-99.9858,macd_only,NIFTY|weekly|2025-07-17|ITM2,25486.2,25500.0,NIFTY 25400 CE 17 JUL 25,5m,60.216221,NIFTY,weekly_series,22
543,series|5m|macd_only|target_30pct,0.455102,251.15,54.8289,2025-07-03T12:15:00+05:30,326.495,target_30pct_hit,target_30pct,2025-07-04 09:40:00+05:30,2025-07-17,False,weekly,45,225,574.45,128.7279,PE,30.0,macd_only,NIFTY|weekly|2025-07-17|ITM2,25486.2,25500.0,NIFTY 25600 PE 17 JUL 25,5m,60.216221,NIFTY,weekly_series,22
476,series|5m|macd_only|target_30pct,0.281283,295.3,52.2745,2025-07-04T11:30:00+05:30,383.89,target_30pct_hit,target_30pct,2025-07-11 10:45:00+05:30,2025-07-17,False,weekly,371,1855,574.45,94.531,PE,30.0,macd_only,NIFTY|weekly|2025-07-17|ITM2,25486.2,25500.0,NIFTY 25600 PE 17 JUL 25,5m,60.216221,NIFTY,weekly_series,22
51,series|5m|macd_only|target_30pct,0.566514,430.2,54.909,2025-07-11T15:15:00+05:30,559.26,target_30pct_hit,target_30pct,2025-07-14 13:10:00+05:30,2025-07-17,False,weekly,51,255,574.45,33.5309,PE,30.0,macd_only,NIFTY|weekly|2025-07-17|ITM2,25486.2,25500.0,NIFTY 25600 PE 17 JUL 25,5m,60.216221,NIFTY,weekly_series,22
168,series|5m|macd_only|target_30pct,0.515123,397.6,55.1982,2025-07-15T13:45:00+05:30,488.95,hold_to_end_target_30pct_not_hit,target_30pct,2025-07-17 15:30:00+05:30,2025-07-17,False,weekly,173,865,495.1,24.5221,PE,22.9754,macd_only,NIFTY|weekly|2025-07-17|ITM2,25486.2,25500.0,NIFTY 25600 PE 17 JUL 25,5m,60.216221,NIFTY,weekly_series,22
34,series|5m|macd_only|target_30pct,1.147878,917.15,62.9154,2025-07-08T12:45:00+05:30,0.05,hold_to_end_target_30pct_not_hit,target_30pct,2025-07-22 15:30:00+05:30,2025-07-22,False,weekly,732,3660,967.55,5.4953,CE,-99.9945,macd_only,SENSEX|weekly|2025-07-22|ITM2,83431.57,83500.0,SENSEX 83300 CE 22 JUL 25,5m,61.716417,SENSEX,weekly_series,23
532,series|5m|macd_only|target_30pct,4.092751,632.25,73.1094,2025-07-09T14:30:00+05:30,821.925,target_30pct_hit,target_30pct,2025-07-10 11:05:00+05:30,2025-07-22,False,weekly,34,170,2193.45,246.9276,PE,30.0,macd_only,SENSEX|weekly|2025-07-22|ITM2,83431.57,83500.0,SENSEX 83700 PE 22 JUL 25,5m,61.716417,SENSEX,weekly_series,23
450,series|5m|macd_only|target_30pct,4.85082,820.0,66.8831,2025-07-10T15:05:00+05:30,1066.0,target_30pct_hit,target_30pct,2025-07-11 10:45:00+05:30,2025-07-22,False,weekly,22,110,2193.45,167.4939,PE,30.0,macd_only,SENSEX|weekly|2025-07-22|ITM2,83431.57,83500.0,SENSEX 83700 PE 22 JUL 25,5m,61.716417,SENSEX,weekly_series,23
371,series|5m|macd_only|target_30pct,2.865785,1228.15,88.2998,2025-07-11T15:30:00+05:30,1596.595,target_30pct_hit,target_30pct,2025-07-18 09:55:00+05:30,2025-07-22,False,weekly,302,1510,2193.45,78.5979,PE,30.0,macd_only,SENSEX|weekly|2025-07-22|ITM2,83431.57,83500.0,SENSEX 83700 PE 22 JUL 25,5m,61.716417,SENSEX,weekly_series,23
1,series|5m|macd_only|target_30pct,15.061049,2132.9,87.34,2025-07-21T09:30:00+05:30,1510.0,hold_to_end_target_30pct_not_hit,target_30pct,2025-07-22 15:30:00+05:30,2025-07-22,False,weekly,148,740,2193.45,2.8389,PE,-29.2044,macd_only,SENSEX|weekly|2025-07-22|ITM2,83431.57,83500.0,SENSEX 83700 PE 22 JUL 25,5m,61.716417,SENSEX,weekly_series,23
32,series|5m|macd_only|target_30pct,0.434929,78.5,66.0577,2025-07-14T14:55:00+05:30,102.05,target_30pct_hit,target_30pct,2025-07-15 11:05:00+05:30,2025-07-24,False,weekly,30,150,119.2,51.8471,CE,30.0,macd_only,NIFTY|weekly|2025-07-24|ITM2,25483.0,25500.0,NIFTY 25400 CE 24 JUL 25,5m,61.881679,NIFTY,weekly_series,24
26,series|5m|macd_only|target_30pct,0.001044,69.55,61.8754,2025-07-16T12:10:00+05:30,0.05,hold_to_end_target_30pct_not_hit,target_30pct,2025-07-24 15:30:00+05:30,2025-07-24,False,weekly,496,2480,87.75,26.1682,CE,-99.9281,macd_only,NIFTY|weekly|2025-07-24|ITM2,25483.0,25500.0,NIFTY 25400 CE 24 JUL 25,5m,61.881679,NIFTY,weekly_series,24
481,series|5m|macd_only|target_30pct,0.791163,312.7,61.5258,2025-07-10T13:45:00+05:30,406.51,target_30pct_hit,target_30pct,2025-07-11 10:45:00+05:30,2025-07-24,False,weekly,40,200,703.0,124.8161,PE,30.0,macd_only,NIFTY|weekly|2025-07-24|ITM2,25483.0,25500.0,NIFTY 25600 PE 24 JUL 25,5m,61.881679,NIFTY,weekly_series,24
387,series|5m|macd_only|target_30pct,0.466163,449.05,56.7098,2025-07-11T15:15:00+05:30,583.765,target_30pct_hit,target_30pct,2025-07-18 10:20:00+05:30,2025-07-24,False,weekly,320,1600,703.0,56.5527,PE,30.0,macd_only,NIFTY|weekly|2025-07-24|ITM2,25483.0,25500.0,NIFTY 25600 PE 24 JUL 25,5m,61.881679,NIFTY,weekly_series,24
3,series|5m|macd_only|target_30pct,2.192421,645.25,68.6684,2025-07-21T09:20:00+05:30,538.95,hold_to_end_target_30pct_not_hit,target_30pct,2025-07-24 15:30:00+05:30,2025-07-24,False,weekly,302,1510,703.0,8.95,PE,-16.4742,macd_only,NIFTY|weekly|2025-07-24|ITM2,25483.0,25500.0,NIFTY 25600 PE 24 JUL 25,5m,61.881679,NIFTY,weekly_series,24
1,series|5m|macd_only|target_30pct,1.000753,326.9,57.9534,2025-07-28T10:25:00+05:30,0.05,hold_to_end_target_30pct_not_hit,target_30pct,2025-08-05 15:30:00+05:30,2025-08-05,False,weekly,517,2585,339.8,3.9462,CE,-99.9847,macd_only,SENSEX|weekly|2025-08-05|ITM2,82449.31,82400.0,SENSEX 82200 CE 05 AUG 25,5m,62.164537,SENSEX,weekly_series,25
509,series|5m|macd_only|target_30pct,2.409095,505.0,66.8371,2025-07-24T09:55:00+05:30,656.5,target_30pct_hit,target_30pct,2025-07-24 12:00:00+05:30,2025-08-05,False,weekly,25,125,2051.4,306.2178,PE,30.0,macd_only,SENSEX|weekly|2025-08-05|ITM2,82449.31,82400.0,SENSEX 82600 PE 05 AUG 25,5m,62.164537,SENSEX,weekly_series,25
441,series|5m|macd_only|target_30pct,11.301254,828.9,77.9166,2025-07-25T09:30:00+05:30,1077.57,target_30pct_hit,target_30pct,2025-07-25 10:50:00+05:30,2025-08-05,False,weekly,16,80,2051.4,147.4846,PE,30.0,macd_only,SENSEX|weekly|2025-08-05|ITM2,82449.31,82400.0,SENSEX 82600 PE 05 AUG 25,5m,62.164537,SENSEX,weekly_series,25
353,series|5m|macd_only|target_30pct,4.848682,1315.0,66.4394,2025-07-28T10:50:00+05:30,1709.5,target_30pct_hit,target_30pct,2025-07-29 10:25:00+05:30,2025-08-05,False,weekly,68,340,2051.4,56.0,PE,30.0,macd_only,SENSEX|weekly|2025-08-05|ITM2,82449.31,82400.0,SENSEX 82600 PE 05 AUG 25,5m,62.164537,SENSEX,weekly_series,25
147,series|5m|macd_only|target_30pct,51.142086,1773.3,89.837,2025-07-31T09:20:00+05:30,1888.0,hold_to_end_target_30pct_not_hit,target_30pct,2025-08-05 15:30:00+05:30,2025-08-05,False,weekly,300,1500,2051.4,15.6826,PE,6.4682,macd_only,SENSEX|weekly|2025-08-05|ITM2,82449.31,82400.0,SENSEX 82600 PE 05 AUG 25,5m,62.164537,SENSEX,weekly_series,25
2,series|5m|macd_only|target_30pct,0.524677,118.0,62.3922,2025-07-28T10:15:00+05:30,0.05,hold_to_end_target_30pct_not_hit,target_30pct,2025-08-07 15:30:00+05:30,2025-08-07,False,weekly,671,3355,123.05,4.2797,CE,-99.9576,macd_only,NIFTY|weekly|2025-08-07|ITM2,25219.5,25200.0,NIFTY 25100 CE 07 AUG 25,5m,63.36477,NIFTY,weekly_series,26
738,series|5m|macd_only|target_30pct,0.488996,282.8,55.0172,2025-07-24T15:20:00+05:30,367.64,target_30pct_hit,target_30pct,2025-07-25 09:20:00+05:30,2025-08-07,False,weekly,4,20,956.65,238.2779,PE,30.0,macd_only,NIFTY|weekly|2025-08-07|ITM2,25219.5,25200.0,NIFTY 25300 PE 07 AUG 25,5m,63.36477,NIFTY,weekly_series,26
637,series|5m|macd_only|target_30pct,0.767305,478.85,54.277,2025-07-28T11:05:00+05:30,622.505,target_30pct_hit,target_30pct,2025-07-28 14:15:00+05:30,2025-08-07,False,weekly,38,190,956.65,99.7807,PE,30.0,macd_only,NIFTY|weekly|2025-08-07|ITM2,25219.5,25200.0,NIFTY 25300 PE 07 AUG 25,5m,63.36477,NIFTY,weekly_series,26
571,series|5m|macd_only|target_30pct,1.031056,613.0,57.8153,2025-07-29T10:15:00+05:30,796.9,target_30pct_hit,target_30pct,2025-08-07 09:20:00+05:30,2025-08-07,False,weekly,520,2600,956.65,56.0604,PE,30.0,macd_only,NIFTY|weekly|2025-08-07|ITM2,25219.5,25200.0,NIFTY 25300 PE 07 AUG 25,5m,63.36477,NIFTY,weekly_series,26
27,series|5m|macd_only|target_30pct,1.541004,1044.0,56.1008,2025-07-31T11:25:00+05:30,1357.2,target_30pct_hit,target_30pct,2025-07-31 13:00:00+05:30,2025-08-12,False,weekly,19,95,1558.55,49.2864,CE,30.0,macd_only,SENSEX|weekly|2025-08-12|ITM2,80725.74,80800.0,SENSEX 80600 CE 12 AUG 25,5m,64.085466,SENSEX,weekly_series,27
36,series|5m|macd_only|target_30pct,3.605854,809.0,57.9373,2025-08-04T11:15:00+05:30,0.05,hold_to_end_target_30pct_not_hit,target_30pct,2025-08-12 15:30:00+05:30,2025-08-12,False,weekly,507,2535,910.15,12.5031,CE,-99.9938,macd_only,SENSEX|weekly|2025-08-12|ITM2,80725.74,80800.0,SENSEX 80600 CE 12 AUG 25,5m,64.085466,SENSEX,weekly_series,27
432,series|5m|macd_only|target_30pct,17.629958,591.1,88.3816,2025-07-31T09:15:00+05:30,768.43,target_30pct_hit,target_30pct,2025-08-01 15:10:00+05:30,2025-08-12,False,weekly,147,735,1204.55,103.7811,PE,30.0,macd_only,SENSEX|weekly|2025-08-12|ITM2,80725.74,80800.0,SENSEX 81000 PE 12 AUG 25,5m,64.085466,SENSEX,weekly_series,27
274,series|5m|macd_only|target_30pct,3.492288,730.45,56.2025,2025-08-04T09:45:00+05:30,949.585,target_30pct_hit,target_30pct,2025-08-07 10:30:00+05:30,2025-08-12,False,weekly,237,1185,1204.55,64.9052,PE,30.0,macd_only,SENSEX|weekly|2025-08-12|ITM2,80725.74,80800.0,SENSEX 81000 PE 12 AUG 25,5m,64.085466,SENSEX,weekly_series,27
66,series|5m|macd_only|target_30pct,1.022487,881.55,61.0276,2025-08-08T10:05:00+05:30,1146.015,target_30pct_hit,target_30pct,2025-08-08 15:15:00+05:30,2025-08-12,False,weekly,62,310,1161.5,31.7566,PE,30.0,macd_only,SENSEX|weekly|2025-08-12|ITM2,80725.74,80800.0,SENSEX 81000 PE 12 AUG 25,5m,64.085466,SENSEX,weekly_series,27
47,series|5m|macd_only|target_30pct,11.193016,554.75,64.4579,2025-08-12T11:10:00+05:30,721.175,target_30pct_hit,target_30pct,2025-08-12 14:50:00+05:30,2025-08-12,False,weekly,44,220,840.0,51.4196,PE,30.0,macd_only,SENSEX|weekly|2025-08-12|ITM2,80725.74,80800.0,SENSEX 81000 PE 12 AUG 25,5m,64.085466,SENSEX,weekly_series,27
39,series|5m|macd_only|target_30pct,0.014253,240.8,50.684,2025-08-04T10:35:00+05:30,31.2,hold_to_end_target_30pct_not_hit,target_30pct,2025-08-14 15:30:00+05:30,2025-08-14,False,weekly,667,3335,295.5,22.7159,CE,-87.0432,macd_only,NIFTY|weekly|2025-08-14|ITM2,24699.1,24700.0,NIFTY 24600 CE 14 AUG 25,5m,65.959879,NIFTY,weekly_series,28
362,series|5m|macd_only|target_30pct,2.302021,193.25,66.372,2025-07-31T15:05:00+05:30,251.225,target_30pct_hit,target_30pct,2025-08-01 09:15:00+05:30,2025-08-14,False,weekly,6,30,456.0,135.9638,PE,30.0,macd_only,NIFTY|weekly|2025-08-14|ITM2,24699.1,24700.0,NIFTY 24800 PE 14 AUG 25,5m,65.959879,NIFTY,weekly_series,28
200,series|5m|macd_only|target_30pct,0.593384,238.6,61.8421,2025-08-05T09:35:00+05:30,310.18,target_30pct_hit,target_30pct,2025-08-07 09:15:00+05:30,2025-08-14,False,weekly,148,740,456.0,91.1148,PE,30.0,macd_only,NIFTY|weekly|2025-08-14|ITM2,24699.1,24700.0,NIFTY 24800 PE 14 AUG 25,5m,65.959879,NIFTY,weekly_series,28
62,series|5m|macd_only|target_30pct,0.690823,353.55,62.0071,2025-08-08T10:05:00+05:30,168.15,hold_to_end_target_30pct_not_hit,target_30pct,2025-08-14 15:30:00+05:30,2025-08-14,False,weekly,369,1845,446.95,26.4178,PE,-52.4395,macd_only,NIFTY|weekly|2025-08-14|ITM2,24699.1,24700.0,NIFTY 24800 PE 14 AUG 25,5m,65.959879,NIFTY,weekly_series,28
499,series|5m|macd_only|target_30pct,4.272878,1158.0,69.9364,2025-08-06T12:30:00+05:30,1505.4,target_30pct_hit,target_30pct,2025-08-18 09:15:00+05:30,2025-08-19,False,weekly,492,2460,1827.0,57.772,CE,30.0,macd_only,SENSEX|weekly|2025-08-19|ITM2,80923.2,80200.0,SENSEX 80000 CE 19 AUG 25,5m,65.387767,SENSEX,weekly_series,29
65,series|5m|macd_only|target_30pct,2.578949,1600.0,60.4592,2025-08-18T13:20:00+05:30,1645.1,hold_to_end_target_30pct_not_hit,target_30pct,2025-08-19 15:30:00+05:30,2025-08-19,False,weekly,102,510,1750.0,9.375,CE,2.8187,macd_only,SENSEX|weekly|2025-08-19|ITM2,80923.2,80200.0,SENSEX 80000 CE 19 AUG 25,5m,65.387767,SENSEX,weekly_series,29
110,series|5m|macd_only|target_30pct,0.544,510.5,64.437,2025-08-06T10:45:00+05:30,663.65,target_30pct_hit,target_30pct,2025-08-07 10:40:00+05:30,2025-08-19,False,weekly,75,375,813.75,59.4025,PE,30.0,macd_only,SENSEX|weekly|2025-08-19|ITM2,80923.2,80200.0,SENSEX 80400 PE 19 AUG 25,5m,65.387767,SENSEX,weekly_series,29
60,series|5m|macd_only|target_30pct,4.910952,590.75,59.3233,2025-08-08T10:15:00+05:30,767.975,target_30pct_hit,target_30pct,2025-08-08 15:15:00+05:30,2025-08-19,False,weekly,60,300,786.0,33.0512,PE,30.0,macd_only,SENSEX|weekly|2025-08-19|ITM2,80923.2,80200.0,SENSEX 80400 PE 19 AUG 25,5m,65.387767,SENSEX,weekly_series,29
52,series|5m|macd_only|target_30pct,2.483557,378.6,63.2406,2025-08-12T11:10:00+05:30,0.05,hold_to_end_target_30pct_not_hit,target_30pct,2025-08-19 15:30:00+05:30,2025-08-19,False,weekly,356,1780,460.0,21.5003,PE,-99.9868,macd_only,SENSEX|weekly|2025-08-19|ITM2,80923.2,80200.0,SENSEX 80400 PE 19 AUG 25,5m,65.387767,SENSEX,weekly_series,29
682,series|5m|macd_only|target_30pct,0.982993,255.0,61.523,2025-08-07T14:25:00+05:30,331.5,target_30pct_hit,target_30pct,2025-08-07 15:05:00+05:30,2025-08-21,False,weekly,8,40,749.0,193.7255,CE,30.0,macd_only,NIFTY|weekly|2025-08-21|ITM2,24501.7,24500.0,NIFTY 24400 CE 21 AUG 25,5m,66.385461,NIFTY,weekly_series,30
578,series|5m|macd_only|target_30pct,0.085907,229.3,58.2529,2025-08-11T10:25:00+05:30,298.09,target_30pct_hit,target_30pct,2025-08-11 14:35:00+05:30,2025-08-21,False,weekly,50,250,749.0,226.6463,CE,30.0,macd_only,NIFTY|weekly|2025-08-21|ITM2,24501.7,24500.0,NIFTY 24400 CE 21 AUG 25,5m,66.385461,NIFTY,weekly_series,30
477,series|5m|macd_only|target_30pct,0.858715,326.0,59.7995,2025-08-12T12:30:00+05:30,423.8,target_30pct_hit,target_30pct,2025-08-18 09:15:00+05:30,2025-08-21,False,weekly,189,945,749.0,129.7546,CE,30.0,macd_only,NIFTY|weekly|2025-08-21|ITM2,24501.7,24500.0,NIFTY 24400 CE 21 AUG 25,5m,66.385461,NIFTY,weekly_series,30
239,series|5m|macd_only|target_30pct,1.181383,585.0,60.0462,2025-08-18T13:20:00+05:30,682.75,hold_to_end_target_30pct_not_hit,target_30pct,2025-08-21 15:30:00+05:30,2025-08-21,False,weekly,253,1265,749.0,28.0342,CE,16.7094,macd_only,NIFTY|weekly|2025-08-21|ITM2,24501.7,24500.0,NIFTY 24400 CE 21 AUG 25,5m,66.385461,NIFTY,weekly_series,30
61,series|5m|macd_only|target_30pct,1.381178,238.0,58.9501,2025-08-08T10:10:00+05:30,309.4,target_30pct_hit,target_30pct,2025-08-08 15:15:00+05:30,2025-08-21,False,weekly,61,305,313.5,31.7227,PE,30.0,macd_only,NIFTY|weekly|2025-08-21|ITM2,24501.7,24500.0,NIFTY 24600 PE 21 AUG 25,5m,66.385461,NIFTY,weekly_series,30
48,series|5m|macd_only|target_30pct,0.191481,167.4,61.5313,2025-08-12T11:05:00+05:30,0.05,hold_to_end_target_30pct_not_hit,target_30pct,2025-08-21 15:30:00+05:30,2025-08-21,False,weekly,509,2545,196.3,17.264,PE,-99.9701,macd_only,NIFTY|weekly|2025-08-21|ITM2,24501.7,24500.0,NIFTY 24600 PE 21 AUG 25,5m,66.385461,NIFTY,weekly_series,30
18,series|5m|macd_only|target_30pct,1.945973,882.95,56.1776,2025-08-21T12:50:00+05:30,0.05,hold_to_end_target_30pct_not_hit,target_30pct,2025-09-04 15:30:00+05:30,2025-09-04,False,weekly,716,3580,895.0,1.3647,CE,-99.9943,macd_only,SENSEX|weekly|2025-09-04|ITM2,82051.04,82100.0,SENSEX 81900 CE 04 SEP 25,5m,67.983329,SENSEX,weekly_series,31
249,series|5m|macd_only|target_30pct,0.558602,661.3,67.5443,2025-08-21T13:40:00+05:30,859.69,target_30pct_hit,target_30pct,2025-08-22 09:35:00+05:30,2025-09-04,False,weekly,26,130,2074.0,213.6247,PE,30.0,macd_only,SENSEX|weekly|2025-09-04|ITM2,82051.04,82100.0,SENSEX 82300 PE 04 SEP 25,5m,67.983329,SENSEX,weekly_series,31
163,series|5m|macd_only|target_30pct,4.706131,1010.0,73.064,2025-08-22T14:35:00+05:30,1313.0,target_30pct_hit,target_30pct,2025-08-26 15:05:00+05:30,2025-09-04,False,weekly,152,760,2074.0,105.3465,PE,30.0,macd_only,SENSEX|weekly|2025-09-04|ITM2,82051.04,82100.0,SENSEX 82300 PE 04 SEP 25,5m,67.983329,SENSEX,weekly_series,31
70,series|5m|macd_only|target_30pct,27.127719,2062.3,98.3676,2025-08-28T15:30:00+05:30,1579.95,hold_to_end_target_30pct_not_hit,target_30pct,2025-09-04 15:30:00+05:30,2025-09-04,False,weekly,169,845,2070.0,0.3734,PE,-23.3889,macd_only,SENSEX|weekly|2025-09-04|ITM2,82051.04,82100.0,SENSEX 82300 PE 04 SEP 25,5m,67.983329,SENSEX,weekly_series,31
542,series|5m|macd_only|target_30pct,2.850263,661.05,58.1949,2025-09-01T09:45:00+05:30,859.365,target_30pct_hit,target_30pct,2025-09-02 10:05:00+05:30,2025-09-11,False,weekly,80,400,1368.25,106.9813,CE,30.0,macd_only,SENSEX|weekly|2025-09-11|ITM2,80416.2,80500.0,SENSEX 80300 CE 11 SEP 25,5m,67.540591,SENSEX,weekly_series,32
360,series|5m|macd_only|target_30pct,2.123438,543.6,62.1365,2025-09-03T12:15:00+05:30,706.68,target_30pct_hit,target_30pct,2025-09-03 15:10:00+05:30,2025-09-11,False,weekly,35,175,1368.25,151.7016,CE,30.0,macd_only,SENSEX|weekly|2025-09-11|ITM2,80416.2,80500.0,SENSEX 80300 CE 11 SEP 25,5m,67.540591,SENSEX,weekly_series,32
274,series|5m|macd_only|target_30pct,4.271908,1000.05,59.0706,2025-09-04T13:05:00+05:30,1300.065,target_30pct_hit,target_30pct,2025-09-10 10:25:00+05:30,2025-09-11,False,weekly,272,1360,1368.25,36.8182,CE,30.0,macd_only,SENSEX|weekly|2025-09-11|ITM2,80416.2,80500.0,SENSEX 80300 CE 11 SEP 25,5m,67.540591,SENSEX,weekly_series,32
57,series|5m|macd_only|target_30pct,0.180073,1226.35,61.9453,2025-09-10T15:20:00+05:30,1247.75,hold_to_end_target_30pct_not_hit,target_30pct,2025-09-11 15:30:00+05:30,2025-09-11,False,weekly,78,390,1305.0,6.4133,CE,1.745,macd_only,SENSEX|weekly|2025-09-11|ITM2,80416.2,80500.0,SENSEX 80300 CE 11 SEP 25,5m,67.540591,SENSEX,weekly_series,32
22,series|5m|macd_only|target_30pct,0.979105,778.85,69.1872,2025-08-29T13:25:00+05:30,0.05,hold_to_end_target_30pct_not_hit,target_30pct,2025-09-11 15:30:00+05:30,2025-09-11,False,weekly,709,3545,1011.7,29.8966,PE,-99.9936,macd_only,SENSEX|weekly|2025-09-11|ITM2,80416.2,80500.0,SENSEX 80700 PE 11 SEP 25,5m,67.540591,SENSEX,weekly_series,32
579,series|5m|macd_only|target_30pct,1.202781,657.25,57.7207,2025-09-08T11:40:00+05:30,854.425,target_30pct_hit,target_30pct,2025-09-10 09:20:00+05:30,2025-09-18,False,weekly,124,620,2190.0,233.2065,CE,30.0,macd_only,SENSEX|weekly|2025-09-18|ITM2,81092.25,81100.0,SENSEX 80900 CE 18 SEP 25,5m,68.432573,SENSEX,weekly_series,33
379,series|5m|macd_only|target_30pct,1.068148,950.0,60.3438,2025-09-11T09:20:00+05:30,1235.0,target_30pct_hit,target_30pct,2025-09-16 10:00:00+05:30,2025-09-18,False,weekly,235,1175,2190.0,130.5263,CE,30.0,macd_only,SENSEX|weekly|2025-09-18|ITM2,81092.25,81100.0,SENSEX 80900 CE 18 SEP 25,5m,68.432573,SENSEX,weekly_series,33
6,series|5m|macd_only|target_30pct,2.385989,1884.45,66.3575,2025-09-17T15:15:00+05:30,2117.85,hold_to_end_target_30pct_not_hit,target_30pct,2025-09-18 15:30:00+05:30,2025-09-18,False,weekly,78,390,2190.0,16.2143,CE,12.3856,macd_only,SENSEX|weekly|2025-09-18|ITM2,81092.25,81100.0,SENSEX 80900 CE 18 SEP 25,5m,68.432573,SENSEX,weekly_series,33
3,series|5m|macd_only|target_30pct,1.796095,626.8,67.2862,2025-09-08T15:00:00+05:30,0.05,hold_to_end_target_30pct_not_hit,target_30pct,2025-09-18 15:30:00+05:30,2025-09-18,False,weekly,614,3070,692.85,10.5377,PE,-99.992,macd_only,SENSEX|weekly|2025-09-18|ITM2,81092.25,81100.0,SENSEX 81300 PE 18 SEP 25,5m,68.432573,SENSEX,weekly_series,33
9,series|5m|macd_only|target_30pct,2.863764,838.6,68.0496,2025-09-19T13:20:00+05:30,0.05,hold_to_end_target_30pct_not_hit,target_30pct,2025-10-01 15:30:00+05:30,2025-10-01,False,weekly,633,3165,884.0,5.4138,CE,-99.994,macd_only,SENSEX|weekly|2025-10-01|ITM2,82582.41,82600.0,SENSEX 82400 CE 01 OCT 25,5m,68.861949,SENSEX,weekly_series,34
637,series|5m|macd_only|target_30pct,1.241748,376.2,82.8004,2025-09-18T12:50:00+05:30,489.06,target_30pct_hit,target_30pct,2025-09-19 09:40:00+05:30,2025-10-01,False,weekly,37,185,2467.0,555.7682,PE,30.0,macd_only,SENSEX|weekly|2025-10-01|ITM2,82582.41,82600.0,SENSEX 82800 PE 01 OCT 25,5m,68.861949,SENSEX,weekly_series,34
529,series|5m|macd_only|target_30pct,6.88538,595.4,75.3139,2025-09-22T09:15:00+05:30,774.02,target_30pct_hit,target_30pct,2025-09-23 09:40:00+05:30,2025-10-01,False,weekly,80,400,2467.0,314.3433,PE,30.0,macd_only,SENSEX|weekly|2025-10-01|ITM2,82582.41,82600.0,SENSEX 82800 PE 01 OCT 25,5m,68.861949,SENSEX,weekly_series,34
378,series|5m|macd_only|target_30pct,11.943835,835.0,75.6601,2025-09-24T09:15:00+05:30,1085.5,target_30pct_hit,target_30pct,2025-09-25 09:20:00+05:30,2025-10-01,False,weekly,76,380,2467.0,195.4491,PE,30.0,macd_only,SENSEX|weekly|2025-10-01|ITM2,82582.41,82600.0,SENSEX 82800 PE 01 OCT 25,5m,68.861949,SENSEX,weekly_series,34
120,series|5m|macd_only|target_30pct,6.213771,2160.0,68.7587,2025-09-29T11:50:00+05:30,1817.5,hold_to_end_target_30pct_not_hit,target_30pct,2025-10-01 15:30:00+05:30,2025-10-01,False,weekly,184,920,2467.0,14.213,PE,-15.8565,macd_only,SENSEX|weekly|2025-10-01|ITM2,82582.41,82600.0,SENSEX 82800 PE 01 OCT 25,5m,68.861949,SENSEX,weekly_series,34
428,series|5m|macd_only|target_30pct,1.210866,410.05,59.2318,2025-09-29T09:40:00+05:30,533.065,target_30pct_hit,target_30pct,2025-10-06 11:30:00+05:30,2025-10-09,False,weekly,325,1625,1061.65,158.9075,CE,30.0,macd_only,SENSEX|weekly|2025-10-09|ITM2,81517.12,81500.0,SENSEX 81300 CE 09 OCT 25,5m,68.978869,SENSEX,weekly_series,35
19,series|5m|macd_only|target_30pct,1.383125,926.5,58.8066,2025-10-07T12:10:00+05:30,873.55,hold_to_end_target_30pct_not_hit,target_30pct,2025-10-09 15:30:00+05:30,2025-10-09,False,weekly,192,960,1061.65,14.5872,CE,-5.7151,macd_only,SENSEX|weekly|2025-10-09|ITM2,81517.12,81500.0,SENSEX 81300 CE 09 OCT 25,5m,68.978869,SENSEX,weekly_series,35
155,series|5m|macd_only|target_30pct,19.014877,1270.0,92.6092,2025-09-26T14:05:00+05:30,0.1,hold_to_end_target_30pct_not_hit,target_30pct,2025-10-09 15:30:00+05:30,2025-10-09,False,weekly,623,3115,1344.2,5.8425,PE,-99.9921,macd_only,SENSEX|weekly|2025-10-09|ITM2,81517.12,81500.0,SENSEX 81700 PE 09 OCT 25,5m,68.978869,SENSEX,weekly_series,35
489,series|5m|macd_only|target_30pct,0.412946,944.1,69.6621,2025-10-03T14:40:00+05:30,1227.33,target_30pct_hit,target_30pct,2025-10-06 11:30:00+05:30,2025-10-16,False,weekly,37,185,2767.1,193.094,CE,30.0,macd_only,SENSEX|weekly|2025-10-16|ITM2,80874.82,80900.0,SENSEX 80700 CE 16 OCT 25,5m,68.214989,SENSEX,weekly_series,36
290,series|5m|macd_only|target_30pct,11.423228,1555.0,94.2549,2025-10-09T13:20:00+05:30,2021.5,target_30pct_hit,target_30pct,2025-10-10 10:20:00+05:30,2025-10-16,False,weekly,36,180,2767.1,77.9486,CE,30.0,macd_only,SENSEX|weekly|2025-10-16|ITM2,80874.82,80900.0,SENSEX 80700 CE 16 OCT 25,5m,68.214989,SENSEX,weekly_series,36
115,series|5m|macd_only|target_30pct,3.171132,1650.75,94.2918,2025-10-14T11:10:00+05:30,2145.975,target_30pct_hit,target_30pct,2025-10-16 10:15:00+05:30,2025-10-16,False,weekly,53,265,2767.1,67.6268,CE,30.0,macd_only,SENSEX|weekly|2025-10-16|ITM2,80874.82,80900.0,SENSEX 80700 CE 16 OCT 25,5m,68.214989,SENSEX,weekly_series,36
43,series|5m|macd_only|target_30pct,0.778114,120.9,61.3378,2025-10-07T15:10:00+05:30,157.17,target_30pct_hit,target_30pct,2025-10-08 11:15:00+05:30,2025-10-16,False,weekly,29,145,195.0,61.2903,PE,30.0,macd_only,SENSEX|weekly|2025-10-16|ITM2,80874.82,80900.0,SENSEX 81100 PE 16 OCT 25,5m,68.214989,SENSEX,weekly_series,36
23,series|5m|macd_only|target_30pct,0.075106,133.95,50.8807,2025-10-08T14:40:00+05:30,0.05,hold_to_end_target_30pct_not_hit,target_30pct,2025-10-16 15:30:00+05:30,2025-10-16,False,weekly,466,2330,161.85,20.8287,PE,-99.9627,macd_only,SENSEX|weekly|2025-10-16|ITM2,80874.82,80900.0,SENSEX 81100 PE 16 OCT 25,5m,68.214989,SENSEX,weekly_series,36
578,series|5m|macd_only|target_30pct,6.165916,1070.3,92.0781,2025-10-09T11:40:00+05:30,1391.39,target_30pct_hit,target_30pct,2025-10-10 14:50:00+05:30,2025-10-23,False,weekly,114,570,3570.5,233.5981,CE,30.0,macd_only,SENSEX|weekly|2025-10-23|ITM2,81787.82,81800.0,SENSEX 81600 CE 23 OCT 25,5m,69.208707,SENSEX,weekly_series,37
402,series|5m|macd_only|target_30pct,0.303424,1055.45,54.0695,2025-10-13T13:45:00+05:30,1372.085,target_30pct_hit,target_30pct,2025-10-16 09:20:00+05:30,2025-10-23,False,weekly,173,865,3570.5,238.2917,CE,30.0,macd_only,SENSEX|weekly|2025-10-23|ITM2,81787.82,81800.0,SENSEX 81600 CE 23 OCT 25,5m,69.208707,SENSEX,weekly_series,37
123,series|5m|macd_only|target_30pct,5.035223,309.05,78.6034,2025-10-13T09:15:00+05:30,401.765,target_30pct_hit,target_30pct,2025-10-13 09:35:00+05:30,2025-10-23,False,weekly,4,20,567.5,83.6272,PE,30.0,macd_only,SENSEX|weekly|2025-10-23|ITM2,81787.82,81800.0,SENSEX 82000 PE 23 OCT 25,5m,69.208707,SENSEX,weekly_series,37
72,series|5m|macd_only|target_30pct,0.141298,375.0,51.5127,2025-10-13T13:30:00+05:30,487.5,target_30pct_hit,target_30pct,2025-10-14 12:10:00+05:30,2025-10-23,False,weekly,60,300,567.5,51.3333,PE,30.0,macd_only,SENSEX|weekly|2025-10-23|ITM2,81787.82,81800.0,SENSEX 82000 PE 23 OCT 25,5m,69.208707,SENSEX,weekly_series,37
8,series|5m|macd_only|target_30pct,0.758822,67.9,67.2614,2025-10-17T12:55:00+05:30,0.1,hold_to_end_target_30pct_not_hit,target_30pct,2025-10-23 15:30:00+05:30,2025-10-23,False,weekly,196,980,84.5,24.4477,PE,-99.8527,macd_only,SENSEX|weekly|2025-10-23|ITM2,81787.82,81800.0,SENSEX 82000 PE 23 OCT 25,5m,69.208707,SENSEX,weekly_series,37
33,series|5m|macd_only|target_30pct,1.872802,588.0,68.3424,2025-10-27T09:15:00+05:30,764.4,target_30pct_hit,target_30pct,2025-10-27 09:40:00+05:30,2025-11-06,False,weekly,5,25,945.0,60.7143,CE,30.0,macd_only,SENSEX|weekly|2025-11-06|ITM2,84959.71,85000.0,SENSEX 84800 CE 06 NOV 25,5m,70.175813,SENSEX,weekly_series,38
17,series|5m|macd_only|target_30pct,0.243457,830.0,52.0065,2025-10-27T14:40:00+05:30,0.05,hold_to_end_target_30pct_not_hit,target_30pct,2025-11-06 15:30:00+05:30,2025-11-06,False,weekly,542,2710,940.0,13.253,CE,-99.994,macd_only,SENSEX|weekly|2025-11-06|ITM2,84959.71,85000.0,SENSEX 84800 CE 06 NOV 25,5m,70.175813,SENSEX,weekly_series,38
636,series|5m|macd_only|target_30pct,5.457373,1040.0,64.3567,2025-10-24T12:55:00+05:30,1352.0,target_30pct_hit,target_30pct,2025-11-03 09:20:00+05:30,2025-11-06,False,weekly,412,2060,1915.45,84.1779,PE,30.0,macd_only,SENSEX|weekly|2025-11-06|ITM2,84959.71,85000.0,SENSEX 85200 PE 06 NOV 25,5m,70.175813,SENSEX,weekly_series,38
195,series|5m|macd_only|target_30pct,2.008114,1257.25,58.6018,2025-11-03T11:45:00+05:30,1634.425,target_30pct_hit,target_30pct,2025-11-04 14:20:00+05:30,2025-11-06,False,weekly,107,535,1915.45,52.3524,PE,30.0,macd_only,SENSEX|weekly|2025-11-06|ITM2,84959.71,85000.0,SENSEX 85200 PE 06 NOV 25,5m,70.175813,SENSEX,weekly_series,38
66,series|5m|macd_only|target_30pct,0.073974,1580.95,51.3734,2025-11-06T09:50:00+05:30,1890.0,hold_to_end_target_30pct_not_hit,target_30pct,2025-11-06 15:30:00+05:30,2025-11-06,False,weekly,68,340,1915.45,21.1582,PE,19.5484,macd_only,SENSEX|weekly|2025-11-06|ITM2,84959.71,85000.0,SENSEX 85200 PE 06 NOV 25,5m,70.175813,SENSEX,weekly_series,38
0,series|5m|macd_only|target_30pct,1.417987,880.0,56.5358,2025-10-31T09:40:00+05:30,0.05,hold_to_end_target_30pct_not_hit,target_30pct,2025-11-13 15:30:00+05:30,2025-11-13,False,weekly,677,3385,909.95,3.4034,CE,-99.9943,macd_only,SENSEX|weekly|2025-11-13|ITM2,84782.47,84800.0,SENSEX 84600 CE 13 NOV 25,5m,71.044159,SENSEX,weekly_series,39
343,series|5m|macd_only|target_30pct,0.326692,821.45,53.6965,2025-10-30T12:35:00+05:30,1067.885,target_30pct_hit,target_30pct,2025-10-31 11:05:00+05:30,2025-11-13,False,weekly,58,290,2231.4,171.6416,PE,30.0,macd_only,SENSEX|weekly|2025-11-13|ITM2,84782.47,84800.0,SENSEX 85000 PE 13 NOV 25,5m,71.044159,SENSEX,weekly_series,39
200,series|5m|macd_only|target_30pct,3.887577,1185.0,58.2514,2025-11-03T11:50:00+05:30,1540.5,target_30pct_hit,target_30pct,2025-11-06 10:20:00+05:30,2025-11-13,False,weekly,133,665,2231.4,88.3038,PE,30.0,macd_only,SENSEX|weekly|2025-11-13|ITM2,84782.47,84800.0,SENSEX 85000 PE 13 NOV 25,5m,71.044159,SENSEX,weekly_series,39
24,series|5m|macd_only|target_30pct,7.54428,1592.05,67.6458,2025-11-06T13:55:00+05:30,2069.665,target_30pct_hit,target_30pct,2025-11-07 09:20:00+05:30,2025-11-13,False,weekly,21,105,2231.4,40.1589,PE,30.0,macd_only,SENSEX|weekly|2025-11-13|ITM2,84782.47,84800.0,SENSEX 85000 PE 13 NOV 25,5m,71.044159,SENSEX,weekly_series,39
38,series|5m|macd_only|target_30pct,6.227862,1370.0,60.962,2025-11-10T14:00:00+05:30,1781.0,target_30pct_hit,target_30pct,2025-11-11 10:40:00+05:30,2025-11-13,False,weekly,36,180,1800.0,31.3869,PE,30.0,macd_only,SENSEX|weekly|2025-11-13|ITM2,84782.47,84800.0,SENSEX 85000 PE 13 NOV 25,5m,71.044159,SENSEX,weekly_series,39
5,series|5m|macd_only|target_30pct,0.381156,513.15,55.4399,2025-11-12T15:20:00+05:30,667.095,target_30pct_hit,target_30pct,2025-11-13 09:15:00+05:30,2025-11-13,False,weekly,3,15,735.0,43.233,PE,30.0,macd_only,SENSEX|weekly|2025-11-13|ITM2,84782.47,84800.0,SENSEX 85000 PE 13 NOV 25,5m,71.044159,SENSEX,weekly_series,39
11,series|5m|macd_only|target_30pct,17.39094,506.35,70.4589,2025-11-13T14:10:00+05:30,520.7,hold_to_end_target_30pct_not_hit,target_30pct,2025-11-13 15:30:00+05:30,2025-11-13,False,weekly,16,80,595.7,17.6459,PE,2.834,macd_only,SENSEX|weekly|2025-11-13|ITM2,84782.47,84800.0,SENSEX 85000 PE 13 NOV 25,5m,71.044159,SENSEX,weekly_series,39
715,series|5m|macd_only|target_30pct,1.461232,582.25,57.2996,2025-11-07T11:45:00+05:30,756.925,target_30pct_hit,target_30pct,2025-11-10 09:15:00+05:30,2025-11-20,False,weekly,46,230,2300.0,295.0193,CE,30.0,macd_only,SENSEX|weekly|2025-11-20|ITM2,83733.23,83700.0,SENSEX 83500 CE 20 NOV 25,5m,72.650994,SENSEX,weekly_series,40
606,series|5m|macd_only|target_30pct,0.472903,835.0,56.7574,2025-11-10T14:30:00+05:30,1085.5,target_30pct_hit,target_30pct,2025-11-12 09:15:00+05:30,2025-11-20,False,weekly,89,445,2300.0,175.4491,CE,30.0,macd_only,SENSEX|weekly|2025-11-20|ITM2,83733.23,83700.0,SENSEX 83500 CE 20 NOV 25,5m,72.650994,SENSEX,weekly_series,40
427,series|5m|macd_only|target_30pct,2.481511,1383.35,55.6258,2025-11-13T10:25:00+05:30,1798.355,target_30pct_hit,target_30pct,2025-11-20 09:20:00+05:30,2025-11-20,False,weekly,366,1830,2300.0,66.2631,CE,30.0,macd_only,SENSEX|weekly|2025-11-20|ITM2,83733.23,83700.0,SENSEX 83500 CE 20 NOV 25,5m,72.650994,SENSEX,weekly_series,40
47,series|5m|macd_only|target_30pct,0.054238,635.0,54.1282,2025-11-10T14:00:00+05:30,825.5,target_30pct_hit,target_30pct,2025-11-11 09:35:00+05:30,2025-11-20,False,weekly,23,115,917.05,44.4173,PE,30.0,macd_only,SENSEX|weekly|2025-11-20|ITM2,83733.23,83700.0,SENSEX 83900 PE 20 NOV 25,5m,72.650994,SENSEX,weekly_series,40
94,series|5m|macd_only|target_30pct,2.603111,277.8,71.5627,2025-11-13T09:15:00+05:30,361.14,target_30pct_hit,target_30pct,2025-11-14 09:15:00+05:30,2025-11-20,False,weekly,76,380,410.3,47.6962,PE,30.0,macd_only,SENSEX|weekly|2025-11-20|ITM2,83733.23,83700.0,SENSEX 83900 PE 20 NOV 25,5m,72.650994,SENSEX,weekly_series,40
2,series|5m|macd_only|target_30pct,5.048537,356.25,66.6024,2025-11-14T13:45:00+05:30,0.05,hold_to_end_target_30pct_not_hit,target_30pct,2025-11-20 15:30:00+05:30,2025-11-20,False,weekly,325,1625,371.7,4.3368,PE,-99.986,macd_only,SENSEX|weekly|2025-11-20|ITM2,83733.23,83700.0,SENSEX 83900 PE 20 NOV 25,5m,72.650994,SENSEX,weekly_series,40
288,series|5m|macd_only|target_30pct,5.174024,1084.95,64.3089,2025-11-21T12:25:00+05:30,165.8,hold_to_end_target_30pct_not_hit,target_30pct,2025-12-04 15:30:00+05:30,2025-12-04,False,weekly,720,3600,1175.0,8.2999,CE,-84.7182,macd_only,SENSEX|weekly|2025-12-04|ITM2,85375.28,85300.0,SENSEX 85100 CE 04 DEC 25,5m,73.921736,SENSEX,weekly_series,41
221,series|5m|macd_only|target_30pct,2.769097,624.5,64.8543,2025-11-21T09:20:00+05:30,811.85,target_30pct_hit,target_30pct,2025-11-24 15:30:00+05:30,2025-12-04,False,weekly,150,750,996.45,59.5596,PE,30.0,macd_only,SENSEX|weekly|2025-12-04|ITM2,85375.28,85300.0,SENSEX 85500 PE 04 DEC 25,5m,73.921736,SENSEX,weekly_series,41
5,series|5m|macd_only|target_30pct,6.897545,862.0,65.8734,2025-11-25T14:40:00+05:30,233.85,hold_to_end_target_30pct_not_hit,target_30pct,2025-12-04 15:30:00+05:30,2025-12-04,False,weekly,541,2705,996.45,15.5974,PE,-72.8712,macd_only,SENSEX|weekly|2025-12-04|ITM2,85375.28,85300.0,SENSEX 85500 PE 04 DEC 25,5m,73.921736,SENSEX,weekly_series,41
4,series|5m|macd_only|target_30pct,11.661995,1150.15,85.7334,2025-12-01T09:20:00+05:30,0.05,hold_to_end_target_30pct_not_hit,target_30pct,2025-12-11 15:30:00+05:30,2025-12-11,False,weekly,682,3410,1165.05,1.2955,CE,-99.9957,macd_only,SENSEX|weekly|2025-12-11|ITM2,85715.76,85600.0,SENSEX 85400 CE 11 DEC 25,5m,72.906917,SENSEX,weekly_series,42
650,series|5m|macd_only|target_30pct,0.901163,526.4,53.0083,2025-11-28T12:20:00+05:30,684.32,target_30pct_hit,target_30pct,2025-12-02 09:45:00+05:30,2025-12-11,False,weekly,121,605,1618.25,207.4183,PE,30.0,macd_only,SENSEX|weekly|2025-12-11|ITM2,85715.76,85600.0,SENSEX 85800 PE 11 DEC 25,5m,72.906917,SENSEX,weekly_series,42
458,series|5m|macd_only|target_30pct,4.120484,795.0,63.6828,2025-12-03T09:25:00+05:30,1033.5,target_30pct_hit,target_30pct,2025-12-09 09:20:00+05:30,2025-12-11,False,weekly,302,1510,1618.25,103.5535,PE,30.0,macd_only,SENSEX|weekly|2025-12-11|ITM2,85715.76,85600.0,SENSEX 85800 PE 11 DEC 25,5m,72.906917,SENSEX,weekly_series,42
95,series|5m|macd_only|target_30pct,7.716038,1100.25,65.2628,2025-12-09T14:25:00+05:30,1430.325,target_30pct_hit,target_30pct,2025-12-10 14:30:00+05:30,2025-12-11,False,weekly,77,385,1618.25,47.0802,PE,30.0,macd_only,SENSEX|weekly|2025-12-11|ITM2,85715.76,85600.0,SENSEX 85800 PE 11 DEC 25,5m,72.906917,SENSEX,weekly_series,42
196,series|5m|macd_only|target_30pct,0.446787,695.0,56.3328,2025-12-09T12:15:00+05:30,0.15,hold_to_end_target_30pct_not_hit,target_30pct,2025-12-18 15:30:00+05:30,2025-12-18,False,weekly,571,2855,816.5,17.482,CE,-99.9784,macd_only,SENSEX|weekly|2025-12-18|ITM2,85010.36,85000.0,SENSEX 84800 CE 18 DEC 25,5m,73.33038,SENSEX,weekly_series,43
242,series|5m|macd_only|target_30pct,0.417076,304.6,53.8969,2025-12-05T14:55:00+05:30,395.98,target_30pct_hit,target_30pct,2025-12-08 12:30:00+05:30,2025-12-18,False,weekly,47,235,1042.85,242.367,PE,30.0,macd_only,SENSEX|weekly|2025-12-18|ITM2,85010.36,85000.0,SENSEX 85200 PE 18 DEC 25,5m,73.33038,SENSEX,weekly_series,43
96,series|5m|macd_only|target_30pct,5.238968,710.0,65.2267,2025-12-09T14:25:00+05:30,923.0,target_30pct_hit,target_30pct,2025-12-10 14:30:00+05:30,2025-12-18,False,weekly,77,385,1042.85,46.8803,PE,30.0,macd_only,SENSEX|weekly|2025-12-18|ITM2,85010.36,85000.0,SENSEX 85200 PE 18 DEC 25,5m,73.33038,SENSEX,weekly_series,43
235,series|5m|macd_only|target_30pct,2.160705,416.25,70.6315,2025-12-15T09:15:00+05:30,541.125,target_30pct_hit,target_30pct,2025-12-16 10:05:00+05:30,2025-12-18,False,weekly,86,430,928.4,123.039,PE,30.0,macd_only,SENSEX|weekly|2025-12-18|ITM2,85010.36,85000.0,SENSEX 85200 PE 18 DEC 25,5m,73.33038,SENSEX,weekly_series,43
97,series|5m|macd_only|target_30pct,0.887706,542.55,60.971,2025-12-16T14:25:00+05:30,705.315,target_30pct_hit,target_30pct,2025-12-17 12:05:00+05:30,2025-12-18,False,weekly,48,240,928.4,71.1179,PE,30.0,macd_only,SENSEX|weekly|2025-12-18|ITM2,85010.36,85000.0,SENSEX 85200 PE 18 DEC 25,5m,73.33038,SENSEX,weekly_series,43
6,series|5m|macd_only|target_30pct,6.444203,786.45,65.3749,2025-12-18T09:20:00+05:30,718.55,hold_to_end_target_30pct_not_hit,target_30pct,2025-12-18 15:30:00+05:30,2025-12-18,False,weekly,74,370,928.4,18.0495,PE,-8.6337,macd_only,SENSEX|weekly|2025-12-18|ITM2,85010.36,85000.0,SENSEX 85200 PE 18 DEC 25,5m,73.33038,SENSEX,weekly_series,43
138,series|5m|macd_only|target_30pct,0.05285,1098.84,59.1687,2025-12-30T10:25:00+05:30,1428.492,target_30pct_hit,target_30pct,2025-12-31 12:50:00+05:30,2026-01-01,False,weekly,105,525,1580.0,43.788,CE,30.0,macd_only,SENSEX|weekly|2026-01-01|ITM2,84445.59,84000.0,SENSEX 83800 CE 01 JAN 26,5m,73.825559,SENSEX,weekly_series,44
0,series|5m|macd_only|target_30pct,1.914154,1461.3,71.4488,2026-01-01T14:50:00+05:30,1383.55,hold_to_end_target_30pct_not_hit,target_30pct,2026-01-01 15:30:00+05:30,2026-01-01,False,weekly,8,40,1461.3,0.0,CE,-5.3206,macd_only,SENSEX|weekly|2026-01-01|ITM2,84445.59,84000.0,SENSEX 83800 CE 01 JAN 26,5m,73.825559,SENSEX,weekly_series,44
67,series|5m|macd_only|target_30pct,4.031974,618.1,60.437,2025-12-29T10:15:00+05:30,803.53,target_30pct_hit,target_30pct,2025-12-29 13:15:00+05:30,2026-01-01,False,weekly,36,180,1041.15,68.4436,PE,30.0,macd_only,SENSEX|weekly|2026-01-01|ITM2,84445.59,84000.0,SENSEX 85600 PE 01 JAN 26,5m,73.825559,SENSEX,weekly_series,44
25,series|5m|macd_only|target_30pct,0.058906,876.0,51.7679,2025-12-30T11:05:00+05:30,411.8,hold_to_end_target_30pct_not_hit,target_30pct,2026-01-01 15:30:00+05:30,2026-01-01,False,weekly,205,1025,1027.4,17.2831,PE,-52.9909,macd_only,SENSEX|weekly|2026-01-01|ITM2,84445.59,84000.0,SENSEX 85600 PE 01 JAN 26,5m,73.825559,SENSEX,weekly_series,44
289,series|5m|macd_only|target_30pct,1.717002,425.2,58.535,2025-12-30T10:30:00+05:30,552.76,target_30pct_hit,target_30pct,2025-12-31 12:50:00+05:30,2026-01-08,False,weekly,104,520,1000.0,135.1834,CE,30.0,macd_only,SENSEX|weekly|2026-01-08|ITM2,85280.45,85300.0,SENSEX 85100 CE 08 JAN 26,5m,73.782942,SENSEX,weekly_series,45
91,series|5m|macd_only|target_30pct,0.139553,540.0,60.2404,2026-01-01T14:20:00+05:30,702.0,target_30pct_hit,target_30pct,2026-01-02 09:55:00+05:30,2026-01-08,False,weekly,23,115,1000.0,85.1852,CE,30.0,macd_only,SENSEX|weekly|2026-01-08|ITM2,85280.45,85300.0,SENSEX 85100 CE 08 JAN 26,5m,73.782942,SENSEX,weekly_series,45
5,series|5m|macd_only|target_30pct,3.552788,800.3,65.1683,2026-01-02T15:10:00+05:30,0.25,hold_to_end_target_30pct_not_hit,target_30pct,2026-01-08 15:30:00+05:30,2026-01-08,False,weekly,308,1540,1000.0,24.9531,CE,-99.9688,macd_only,SENSEX|weekly|2026-01-08|ITM2,85280.45,85300.0,SENSEX 85100 CE 08 JAN 26,5m,73.782942,SENSEX,weekly_series,45
580,series|5m|macd_only|target_30pct,1.443376,820.3,53.1036,2025-12-30T11:05:00+05:30,1066.39,target_30pct_hit,target_30pct,2026-01-08 12:05:00+05:30,2026-01-08,False,weekly,544,2720,1366.5,66.5854,PE,30.0,macd_only,SENSEX|weekly|2026-01-08|ITM2,85280.45,85300.0,SENSEX 85500 PE 08 JAN 26,5m,73.782942,SENSEX,weekly_series,45
5,series|5m|macd_only|target_30pct,1.002976,605.0,59.5521,2026-01-07T15:05:00+05:30,0.05,hold_to_end_target_30pct_not_hit,target_30pct,2026-01-14 15:30:00+05:30,2026-01-14,False,weekly,385,1925,640.0,5.7851,CE,-99.9917,macd_only,SENSEX|weekly|2026-01-14|ITM2,84869.83,84900.0,SENSEX 84700 CE 14 JAN 26,5m,74.182761,SENSEX,weekly_series,46
368,series|5m|macd_only|target_30pct,2.132943,244.3,65.0813,2026-01-05T13:15:00+05:30,317.59,target_30pct_hit,target_30pct,2026-01-05 14:05:00+05:30,2026-01-14,False,weekly,10,50,2141.1,776.4224,PE,30.0,macd_only,SENSEX|weekly|2026-01-14|ITM2,84869.83,84900.0,SENSEX 85100 PE 14 JAN 26,5m,74.182761,SENSEX,weekly_series,46
263,series|5m|macd_only|target_30pct,0.094644,406.3,60.5437,2026-01-07T09:25:00+05:30,528.19,target_30pct_hit,target_30pct,2026-01-08 10:55:00+05:30,2026-01-14,False,weekly,94,470,2141.1,426.9751,PE,30.0,macd_only,SENSEX|weekly|2026-01-14|ITM2,84869.83,84900.0,SENSEX 85100 PE 14 JAN 26,5m,74.182761,SENSEX,weekly_series,46
121,series|5m|macd_only|target_30pct,1.621029,770.0,54.1478,2026-01-08T14:55:00+05:30,1001.0,target_30pct_hit,target_30pct,2026-01-09 10:55:00+05:30,2026-01-14,False,weekly,28,140,2141.1,178.0649,PE,30.0,macd_only,SENSEX|weekly|2026-01-14|ITM2,84869.83,84900.0,SENSEX 85100 PE 14 JAN 26,5m,74.182761,SENSEX,weekly_series,46
130,series|5m|macd_only|target_30pct,12.937958,1452.95,60.5189,2026-01-13T10:00:00+05:30,1715.5,hold_to_end_target_30pct_not_hit,target_30pct,2026-01-14 15:30:00+05:30,2026-01-14,False,weekly,142,710,1826.2,25.6891,PE,18.0701,macd_only,SENSEX|weekly|2026-01-14|ITM2,84869.83,84900.0,SENSEX 85100 PE 14 JAN 26,5m,74.182761,SENSEX,weekly_series,46
78,series|5m|macd_only|target_30pct,0.425569,318.35,59.1242,2026-01-09T15:30:00+05:30,413.855,target_30pct_hit,target_30pct,2026-01-12 15:00:00+05:30,2026-01-22,False,weekly,70,350,449.75,41.2753,CE,30.0,macd_only,SENSEX|weekly|2026-01-22|ITM2,84842.83,84800.0,SENSEX 84600 CE 22 JAN 26,5m,74.879223,SENSEX,weekly_series,47
2,series|5m|macd_only|target_30pct,0.555448,364.45,57.1211,2026-01-13T11:35:00+05:30,0.05,hold_to_end_target_30pct_not_hit,target_30pct,2026-01-22 15:30:00+05:30,2026-01-22,False,weekly,503,2515,368.0,0.9741,CE,-99.9863,macd_only,SENSEX|weekly|2026-01-22|ITM2,84842.83,84800.0,SENSEX 84600 CE 22 JAN 26,5m,74.879223,SENSEX,weekly_series,47
557,series|5m|macd_only|target_30pct,1.075786,885.05,67.089,2026-01-08T15:05:00+05:30,1150.565,target_30pct_hit,target_30pct,2026-01-09 11:50:00+05:30,2026-01-22,False,weekly,37,185,3824.25,332.0942,PE,30.0,macd_only,SENSEX|weekly|2026-01-22|ITM2,84842.83,84800.0,SENSEX 85000 PE 22 JAN 26,5m,74.879223,SENSEX,weekly_series,47
391,series|5m|macd_only|target_30pct,10.173116,1359.8,62.8894,2026-01-13T10:00:00+05:30,1767.74,target_30pct_hit,target_30pct,2026-01-19 09:15:00+05:30,2026-01-22,False,weekly,219,1095,3824.25,181.2362,PE,30.0,macd_only,SENSEX|weekly|2026-01-22|ITM2,84842.83,84800.0,SENSEX 85000 PE 22 JAN 26,5m,74.879223,SENSEX,weekly_series,47
124,series|5m|macd_only|target_30pct,0.293985,1898.65,51.2721,2026-01-19T13:15:00+05:30,2468.245,target_30pct_hit,target_30pct,2026-01-20 14:55:00+05:30,2026-01-22,False,weekly,96,480,3824.25,101.4194,PE,30.0,macd_only,SENSEX|weekly|2026-01-22|ITM2,84842.83,84800.0,SENSEX 85000 PE 22 JAN 26,5m,74.879223,SENSEX,weekly_series,47
14,series|5m|macd_only|target_30pct,4.272129,3078.65,57.2379,2026-01-21T14:15:00+05:30,2690.95,hold_to_end_target_30pct_not_hit,target_30pct,2026-01-22 15:30:00+05:30,2026-01-22,False,weekly,90,450,3160.0,2.6424,PE,-12.5932,macd_only,SENSEX|weekly|2026-01-22|ITM2,84842.83,84800.0,SENSEX 85000 PE 22 JAN 26,5m,74.879223,SENSEX,weekly_series,47
448,series|5m|macd_only|target_30pct,4.021054,852.55,57.9854,2026-01-27T09:55:00+05:30,1108.315,target_30pct_hit,target_30pct,2026-02-03 09:15:00+05:30,2026-02-05,False,weekly,448,2240,2907.1,240.9888,CE,30.0,macd_only,SENSEX|weekly|2026-02-05|ITM2,82488.15,82500.0,SENSEX 82300 CE 05 FEB 26,5m,75.317487,SENSEX,weekly_series,48
20,series|5m|macd_only|target_30pct,3.098887,1460.65,59.3924,2026-02-04T12:45:00+05:30,1015.0,hold_to_end_target_30pct_not_hit,target_30pct,2026-02-05 15:30:00+05:30,2026-02-05,False,weekly,108,540,1685.0,15.3596,CE,-30.5104,macd_only,SENSEX|weekly|2026-02-05|ITM2,82488.15,82500.0,SENSEX 82300 CE 05 FEB 26,5m,75.317487,SENSEX,weekly_series,48
324,series|5m|macd_only|target_30pct,1.755358,1580.0,62.8186,2026-01-27T10:50:00+05:30,2054.0,target_30pct_hit,target_30pct,2026-02-01 12:30:00+05:30,2026-02-05,False,weekly,323,1615,2855.25,80.712,PE,30.0,macd_only,SENSEX|weekly|2026-02-05|ITM2,82488.15,82500.0,SENSEX 82700 PE 05 FEB 26,5m,75.317487,SENSEX,weekly_series,48
0,series|5m|macd_only|target_30pct,0.494839,46.15,68.0525,2026-02-04T15:30:00+05:30,0.05,hold_to_end_target_30pct_not_hit,target_30pct,2026-02-05 15:30:00+05:30,2026-02-05,False,weekly,76,380,52.9,14.6262,PE,-99.8917,macd_only,SENSEX|weekly|2026-02-05|ITM2,82488.15,82500.0,SENSEX 82700 PE 05 FEB 26,5m,75.317487,SENSEX,weekly_series,48
202,series|5m|macd_only|target_30pct,4.34834,1300.0,67.0013,2026-01-30T13:55:00+05:30,1690.0,target_30pct_hit,target_30pct,2026-02-03 09:15:00+05:30,2026-02-12,False,weekly,172,860,2529.9,94.6077,CE,30.0,macd_only,SENSEX|weekly|2026-02-12|ITM2,82089.42,82100.0,SENSEX 81900 CE 12 FEB 26,5m,74.91618,SENSEX,weekly_series,49
121,series|5m|macd_only|target_30pct,7.092595,1528.15,64.0555,2026-02-06T11:40:00+05:30,1986.595,target_30pct_hit,target_30pct,2026-02-09 09:25:00+05:30,2026-02-12,False,weekly,47,235,2508.45,64.1495,CE,30.0,macd_only,SENSEX|weekly|2026-02-12|ITM2,82089.42,82100.0,SENSEX 81900 CE 12 FEB 26,5m,74.91618,SENSEX,weekly_series,49
21,series|5m|macd_only|target_30pct,0.192086,2194.45,52.3362,2026-02-09T13:50:00+05:30,1684.6,hold_to_end_target_30pct_not_hit,target_30pct,2026-02-12 15:30:00+05:30,2026-02-12,False,weekly,152,760,2508.45,14.3088,CE,-23.2336,macd_only,SENSEX|weekly|2026-02-12|ITM2,82089.42,82100.0,SENSEX 81900 CE 12 FEB 26,5m,74.91618,SENSEX,weekly_series,49
115,series|5m|macd_only|target_30pct,1.491066,886.65,76.1944,2026-01-30T09:20:00+05:30,1152.645,target_30pct_hit,target_30pct,2026-02-01 12:20:00+05:30,2026-02-12,False,weekly,112,560,2440.3,175.227,PE,30.0,macd_only,SENSEX|weekly|2026-02-12|ITM2,82089.42,82100.0,SENSEX 82300 PE 12 FEB 26,5m,74.91618,SENSEX,weekly_series,49
18,series|5m|macd_only|target_30pct,1.386645,200.5,65.1817,2026-02-06T09:15:00+05:30,0.05,hold_to_end_target_30pct_not_hit,target_30pct,2026-02-12 15:30:00+05:30,2026-02-12,False,weekly,379,1895,222.6,11.0224,PE,-99.9751,macd_only,SENSEX|weekly|2026-02-12|ITM2,82089.42,82100.0,SENSEX 82300 PE 12 FEB 26,5m,74.91618,SENSEX,weekly_series,49
169,series|5m|macd_only|target_30pct,0.864353,614.45,53.7184,2026-02-06T11:30:00+05:30,798.785,target_30pct_hit,target_30pct,2026-02-09 09:15:00+05:30,2026-02-19,False,weekly,49,245,1275.0,107.5026,CE,30.0,macd_only,SENSEX|weekly|2026-02-19|ITM2,83733.42,83700.0,SENSEX 83500 CE 19 FEB 26,5m,74.934312,SENSEX,weekly_series,50
71,series|5m|macd_only|target_30pct,0.496643,1021.2,53.0463,2026-02-09T13:20:00+05:30,0.1,hold_to_end_target_30pct_not_hit,target_30pct,2026-02-19 15:30:00+05:30,2026-02-19,False,weekly,633,3165,1275.0,24.8531,CE,-99.9902,macd_only,SENSEX|weekly|2026-02-19|ITM2,83733.42,83700.0,SENSEX 83500 CE 19 FEB 26,5m,74.934312,SENSEX,weekly_series,50
710,series|5m|macd_only|target_30pct,0.906443,976.4,54.3212,2026-02-06T13:05:00+05:30,1269.32,target_30pct_hit,target_30pct,2026-02-13 15:00:00+05:30,2026-02-19,False,weekly,403,2015,1441.5,47.6342,PE,30.0,macd_only,SENSEX|weekly|2026-02-19|ITM2,83733.42,83700.0,SENSEX 83900 PE 19 FEB 26,5m,74.934312,SENSEX,weekly_series,50
165,series|5m|macd_only|target_30pct,5.152608,677.25,64.6104,2026-02-17T14:15:00+05:30,880.425,target_30pct_hit,target_30pct,2026-02-19 12:15:00+05:30,2026-02-19,False,weekly,128,640,1441.5,112.8461,PE,30.0,macd_only,SENSEX|weekly|2026-02-19|ITM2,83733.42,83700.0,SENSEX 83900 PE 19 FEB 26,5m,74.934312,SENSEX,weekly_series,50
11,expiry_day|1m|macd_only|target_20pct,0.451218,895.9,57.841,2025-04-15T09:41:00+05:30,836.95,hold_to_end_target_20pct_not_hit,target_20pct,2025-04-15 15:29:00+05:30,2025-04-15,True,weekly,348,348,920.4,2.7347,CE,-6.58,macd_only,SENSEX|weekly|2025-04-15|ITM2,76088.08,76100.0,SENSEX 75900 CE 15 APR 25,1m,22.643736,SENSEX,weekly_series_expiry_day,1
1,expiry_day|1m|macd_only|target_20pct,0.164034,29.0,63.1438,2025-04-15T11:13:00+05:30,0.05,hold_to_end_target_20pct_not_hit,target_20pct,2025-04-15 15:29:00+05:30,2025-04-15,True,weekly,256,256,29.9,3.1034,PE,-99.8276,macd_only,SENSEX|weekly|2025-04-15|ITM2,76088.08,76100.0,SENSEX 76300 PE 15 APR 25,1m,22.643736,SENSEX,weekly_series_expiry_day,1
225,expiry_day|1m|macd_only|target_20pct,1.745346,285.3,62.9131,2025-04-17T10:27:00+05:30,342.36,target_20pct_hit,target_20pct,2025-04-17 11:15:00+05:30,2025-04-17,True,weekly,48,48,771.1,170.2769,CE,20.0,macd_only,NIFTY|weekly|2025-04-17|ITM2,23192.2,23200.0,NIFTY 23100 CE 17 APR 25,1m,16.789585,NIFTY,weekly_series_expiry_day,2
34,expiry_day|1m|macd_only|target_20pct,0.426917,750.25,55.8602,2025-04-17T14:26:00+05:30,751.45,hold_to_end_target_20pct_not_hit,target_20pct,2025-04-17 15:29:00+05:30,2025-04-17,True,weekly,63,63,764.95,1.9593,CE,0.1599,macd_only,NIFTY|weekly|2025-04-17|ITM2,23192.2,23200.0,NIFTY 23100 CE 17 APR 25,1m,16.789585,NIFTY,weekly_series_expiry_day,2
9,expiry_day|1m|macd_only|target_20pct,0.009547,32.0,70.201,2025-04-17T10:11:00+05:30,38.4,target_20pct_hit,target_20pct,2025-04-17 10:20:00+05:30,2025-04-17,True,weekly,9,9,43.65,36.4062,PE,20.0,macd_only,NIFTY|weekly|2025-04-17|ITM2,23192.2,23200.0,NIFTY 23300 PE 17 APR 25,1m,16.789585,NIFTY,weekly_series_expiry_day,2
0,expiry_day|1m|macd_only|target_20pct,0.343201,31.0,71.0855,2025-04-17T11:03:00+05:30,0.1,hold_to_end_target_20pct_not_hit,target_20pct,2025-04-17 15:29:00+05:30,2025-04-17,True,weekly,266,266,33.9,9.3548,PE,-99.6774,macd_only,NIFTY|weekly|2025-04-17|ITM2,23192.2,23200.0,NIFTY 23300 PE 17 APR 25,1m,16.789585,NIFTY,weekly_series_expiry_day,2
34,expiry_day|1m|macd_only|target_20pct,0.013325,1.4,63.8394,2025-04-22T12:04:00+05:30,1.68,target_20pct_hit,target_20pct,2025-04-22 12:20:00+05:30,2025-04-22,True,weekly,16,16,2.0,42.8571,PE,20.0,macd_only,SENSEX|weekly|2025-04-22|ITM2,73994.41,74000.0,SENSEX 74200 PE 22 APR 25,1m,19.17429,SENSEX,weekly_series_expiry_day,3
7,expiry_day|1m|macd_only|target_20pct,0.015737,1.2,66.3176,2025-04-22T13:53:00+05:30,0.05,hold_to_end_target_20pct_not_hit,target_20pct,2025-04-22 15:29:00+05:30,2025-04-22,True,weekly,96,96,1.35,12.5,PE,-95.8333,macd_only,SENSEX|weekly|2025-04-22|ITM2,73994.41,74000.0,SENSEX 74200 PE 22 APR 25,1m,19.17429,SENSEX,weekly_series_expiry_day,3
12,expiry_day|1m|macd_only|target_20pct,0.12655,1686.65,59.9911,2025-04-24T10:13:00+05:30,1648.0,hold_to_end_target_20pct_not_hit,target_20pct,2025-04-24 15:29:00+05:30,2025-04-24,True,weekly,316,316,1704.55,1.0613,CE,-2.2915,macd_only,NIFTY|weekly|2025-04-24|ITM2,22715.95,22700.0,NIFTY 22600 CE 24 APR 25,1m,17.979381,NIFTY,weekly_series_expiry_day,4
20,expiry_day|1m|macd_only|target_20pct,0.003042,1.14,56.8692,2025-04-24T10:42:00+05:30,1.368,target_20pct_hit,target_20pct,2025-04-24 10:49:00+05:30,2025-04-24,True,weekly,7,7,1.5,31.5789,PE,20.0,macd_only,NIFTY|weekly|2025-04-24|ITM2,22715.95,22700.0,NIFTY 22800 PE 24 APR 25,1m,17.979381,NIFTY,weekly_series_expiry_day,4
0,expiry_day|1m|macd_only|target_20pct,0.000565,0.25,52.9488,2025-04-24T13:51:00+05:30,0.05,hold_to_end_target_20pct_not_hit,target_20pct,2025-04-24 15:29:00+05:30,2025-04-24,True,weekly,98,98,0.25,0.0,PE,-80.0,macd_only,NIFTY|weekly|2025-04-24|ITM2,22715.95,22700.0,NIFTY 22800 PE 24 APR 25,1m,17.979381,NIFTY,weekly_series_expiry_day,4
196,expiry_day|1m|rsi_55|target_10pct,1.478741,830.0,59.2578,2025-05-06T10:44:00+05:30,842.4,hold_to_end_target_10pct_not_hit,target_10pct,2025-05-06 15:29:00+05:30,2025-05-06,True,weekly,285,285,910.1,9.6506,CE,1.494,rsi_55,SENSEX|weekly|2025-05-06|ITM2,79623.9,80000.0,SENSEX 79800 CE 06 MAY 25,1m,11.349148,SENSEX,weekly_series_expiry_day,5
1,expiry_day|1m|rsi_55|target_10pct,0.330723,29.75,56.5066,2025-05-06T10:00:00+05:30,32.725,target_10pct_hit,target_10pct,2025-05-06 10:01:00+05:30,2025-05-06,True,weekly,1,1,34.45,15.7983,PE,10.0,rsi_55,SENSEX|weekly|2025-05-06|ITM2,79623.9,80000.0,SENSEX 80200 PE 06 MAY 25,1m,11.349148,SENSEX,weekly_series_expiry_day,5
0,expiry_day|1m|rsi_55|target_10pct,0.190187,27.85,55.243,2025-05-06T10:15:00+05:30,0.05,hold_to_end_target_10pct_not_hit,target_10pct,2025-05-06 15:29:00+05:30,2025-05-06,True,weekly,314,314,29.9,7.3609,PE,-99.8205,rsi_55,SENSEX|weekly|2025-05-06|ITM2,79623.9,80000.0,SENSEX 80200 PE 06 MAY 25,1m,11.349148,SENSEX,weekly_series_expiry_day,5
66,expiry_day|1m|rsi_55|target_10pct,0.086271,191.65,58.7698,2025-05-08T11:10:00+05:30,73.8,hold_to_end_target_10pct_not_hit,target_10pct,2025-05-08 15:29:00+05:30,2025-05-08,True,weekly,259,259,207.7,8.3746,CE,-61.4923,rsi_55,NIFTY|weekly|2025-05-08|ITM2,24279.15,24300.0,NIFTY 24200 CE 08 MAY 25,1m,9.898011,NIFTY,weekly_series_expiry_day,6
129,expiry_day|1m|rsi_55|target_10pct,0.081607,11.65,58.0995,2025-05-08T12:46:00+05:30,12.815,target_10pct_hit,target_10pct,2025-05-08 13:07:00+05:30,2025-05-08,True,weekly,21,21,141.85,1117.5966,PE,10.0,rsi_55,NIFTY|weekly|2025-05-08|ITM2,24279.15,24300.0,NIFTY 24400 PE 08 MAY 25,1m,9.898011,NIFTY,weekly_series_expiry_day,6
10,expiry_day|1m|rsi_55|target_10pct,0.53047,61.0,63.3306,2025-05-08T14:45:00+05:30,67.1,target_10pct_hit,target_10pct,2025-05-08 14:46:00+05:30,2025-05-08,True,weekly,1,1,141.85,132.541,PE,10.0,rsi_55,NIFTY|weekly|2025-05-08|ITM2,24279.15,24300.0,NIFTY 24400 PE 08 MAY 25,1m,9.898011,NIFTY,weekly_series_expiry_day,6
251,expiry_day|1m|macd_only|target_20pct,0.991719,227.05,60.5878,2025-05-15T10:16:00+05:30,272.46,target_20pct_hit,target_20pct,2025-05-15 10:32:00+05:30,2025-05-15,True,weekly,16,16,776.3,241.9071,CE,20.0,macd_only,NIFTY|weekly|2025-05-15|ITM2,24431.25,24450.0,NIFTY 24350 CE 15 MAY 25,1m,22.595943,NIFTY,weekly_series_expiry_day,8
142,expiry_day|1m|macd_only|target_20pct,0.568709,294.25,57.1977,2025-05-15T12:05:00+05:30,353.1,target_20pct_hit,target_20pct,2025-05-15 12:08:00+05:30,2025-05-15,True,weekly,3,3,776.3,163.8233,CE,20.0,macd_only,NIFTY|weekly|2025-05-15|ITM2,24431.25,24450.0,NIFTY 24350 CE 15 MAY 25,1m,22.595943,NIFTY,weekly_series_expiry_day,8
109,expiry_day|1m|macd_only|target_20pct,1.900891,329.45,58.764,2025-05-15T12:38:00+05:30,395.34,target_20pct_hit,target_20pct,2025-05-15 13:01:00+05:30,2025-05-15,True,weekly,23,23,776.3,135.6351,CE,20.0,macd_only,NIFTY|weekly|2025-05-15|ITM2,24431.25,24450.0,NIFTY 24350 CE 15 MAY 25,1m,22.595943,NIFTY,weekly_series_expiry_day,8
1,expiry_day|1m|macd_only|target_20pct,0.236153,730.35,54.7677,2025-05-15T15:07:00+05:30,713.8,hold_to_end_target_20pct_not_hit,target_20pct,2025-05-15 15:29:00+05:30,2025-05-15,True,weekly,22,22,734.45,0.5614,CE,-2.266,macd_only,NIFTY|weekly|2025-05-15|ITM2,24431.25,24450.0,NIFTY 24350 CE 15 MAY 25,1m,22.595943,NIFTY,weekly_series_expiry_day,8
23,expiry_day|1m|macd_only|target_20pct,0.873649,64.8,70.1842,2025-05-15T11:13:00+05:30,0.05,hold_to_end_target_20pct_not_hit,target_20pct,2025-05-15 15:29:00+05:30,2025-05-15,True,weekly,256,256,73.55,13.5031,PE,-99.9228,macd_only,NIFTY|weekly|2025-05-15|ITM2,24431.25,24450.0,NIFTY 24550 PE 15 MAY 25,1m,22.595943,NIFTY,weekly_series_expiry_day,8
0,expiry_day|1m|macd_only|target_20pct,0.100817,1357.05,56.6052,2025-05-20T12:20:00+05:30,785.6,hold_to_end_target_20pct_not_hit,target_20pct,2025-05-20 15:29:00+05:30,2025-05-20,True,weekly,189,189,1357.05,0.0,CE,-42.1097,macd_only,SENSEX|weekly|2025-05-20|ITM2,80736.0,80600.0,SENSEX 80400 CE 20 MAY 25,1m,23.710433,SENSEX,weekly_series_expiry_day,9
191,expiry_day|1m|macd_only|target_20pct,0.106667,13.15,58.0851,2025-05-20T09:47:00+05:30,15.78,target_20pct_hit,target_20pct,2025-05-20 09:50:00+05:30,2025-05-20,True,weekly,3,3,33.0,150.9506,PE,20.0,macd_only,SENSEX|weekly|2025-05-20|ITM2,80736.0,80600.0,SENSEX 80800 PE 20 MAY 25,1m,23.710433,SENSEX,weekly_series_expiry_day,9
120,expiry_day|1m|macd_only|target_20pct,0.026357,12.25,59.5411,2025-05-20T10:58:00+05:30,14.7,target_20pct_hit,target_20pct,2025-05-20 11:10:00+05:30,2025-05-20,True,weekly,12,12,33.0,169.3878,PE,20.0,macd_only,SENSEX|weekly|2025-05-20|ITM2,80736.0,80600.0,SENSEX 80800 PE 20 MAY 25,1m,23.710433,SENSEX,weekly_series_expiry_day,9
12,expiry_day|1m|macd_only|target_20pct,0.066967,7.4,61.8828,2025-05-20T12:46:00+05:30,8.88,target_20pct_hit,target_20pct,2025-05-20 12:48:00+05:30,2025-05-20,True,weekly,2,2,33.0,345.9459,PE,20.0,macd_only,SENSEX|weekly|2025-05-20|ITM2,80736.0,80600.0,SENSEX 80800 PE 20 MAY 25,1m,23.710433,SENSEX,weekly_series_expiry_day,9
0,expiry_day|1m|macd_only|target_20pct,0.213916,14.0,63.4264,2025-05-20T14:06:00+05:30,0.05,hold_to_end_target_20pct_not_hit,target_20pct,2025-05-20 15:29:00+05:30,2025-05-20,True,weekly,83,83,14.7,5.0,PE,-99.6429,macd_only,SENSEX|weekly|2025-05-20|ITM2,80736.0,80600.0,SENSEX 80800 PE 20 MAY 25,1m,23.710433,SENSEX,weekly_series_expiry_day,9
299,expiry_day|1m|macd_only|target_20pct,2.295344,265.6,58.9587,2025-05-22T10:00:00+05:30,259.64,hold_to_end_target_20pct_not_hit,target_20pct,2025-05-22 15:29:00+05:30,2025-05-22,True,weekly,329,329,299.25,12.6694,CE,-2.244,macd_only,NIFTY|weekly|2025-05-22|ITM2,24437.25,24450.0,NIFTY 24350 CE 22 MAY 25,1m,24.043187,NIFTY,weekly_series_expiry_day,10
192,expiry_day|1m|macd_only|target_20pct,0.295941,22.35,62.2161,2025-05-22T11:24:00+05:30,26.82,target_20pct_hit,target_20pct,2025-05-22 11:27:00+05:30,2025-05-22,True,weekly,3,3,105.95,374.0492,PE,20.0,macd_only,NIFTY|weekly|2025-05-22|ITM2,24437.25,24450.0,NIFTY 24550 PE 22 MAY 25,1m,24.043187,NIFTY,weekly_series_expiry_day,10
140,expiry_day|1m|macd_only|target_20pct,0.057264,31.2,55.3042,2025-05-22T12:16:00+05:30,37.44,target_20pct_hit,target_20pct,2025-05-22 12:18:00+05:30,2025-05-22,True,weekly,2,2,105.95,239.5833,PE,20.0,macd_only,NIFTY|weekly|2025-05-22|ITM2,24437.25,24450.0,NIFTY 24550 PE 22 MAY 25,1m,24.043187,NIFTY,weekly_series_expiry_day,10
110,expiry_day|1m|macd_only|target_20pct,0.091679,45.7,62.2064,2025-05-22T12:46:00+05:30,54.84,target_20pct_hit,target_20pct,2025-05-22 12:48:00+05:30,2025-05-22,True,weekly,2,2,105.95,131.8381,PE,20.0,macd_only,NIFTY|weekly|2025-05-22|ITM2,24437.25,24450.0,NIFTY 24550 PE 22 MAY 25,1m,24.043187,NIFTY,weekly_series_expiry_day,10
53,expiry_day|1m|macd_only|target_20pct,0.564467,50.7,62.9162,2025-05-22T13:43:00+05:30,60.84,target_20pct_hit,target_20pct,2025-05-22 14:16:00+05:30,2025-05-22,True,weekly,33,33,105.95,108.9744,PE,20.0,macd_only,NIFTY|weekly|2025-05-22|ITM2,24437.25,24450.0,NIFTY 24550 PE 22 MAY 25,1m,24.043187,NIFTY,weekly_series_expiry_day,10
31,expiry_day|1m|macd_only|target_20pct,1.183703,273.35,49.5392,2025-06-03T09:51:00+05:30,328.02,target_20pct_hit,target_20pct,2025-06-03 10:20:00+05:30,2025-06-03,True,weekly,29,29,409.25,49.7165,CE,20.0,macd_only,SENSEX|weekly|2025-06-03|ITM2,82077.91,82000.0,SENSEX 81800 CE 03 JUN 25,1m,27.666618,SENSEX,weekly_series_expiry_day,11
1,expiry_day|1m|macd_only|target_20pct,1.41036,189.65,70.5791,2025-06-03T11:33:00+05:30,0.05,hold_to_end_target_20pct_not_hit,target_20pct,2025-06-03 15:29:00+05:30,2025-06-03,True,weekly,236,236,222.0,17.0577,CE,-99.9736,macd_only,SENSEX|weekly|2025-06-03|ITM2,82077.91,82000.0,SENSEX 81800 CE 03 JUN 25,1m,27.666618,SENSEX,weekly_series_expiry_day,11
174,expiry_day|1m|macd_only|target_20pct,0.530182,1204.6,56.5612,2025-06-03T09:58:00+05:30,1445.52,target_20pct_hit,target_20pct,2025-06-03 11:15:00+05:30,2025-06-03,True,weekly,77,77,1694.1,40.6359,PE,20.0,macd_only,SENSEX|weekly|2025-06-03|ITM2,82077.91,82000.0,SENSEX 82200 PE 03 JUN 25,1m,27.666618,SENSEX,weekly_series_expiry_day,11
70,expiry_day|1m|macd_only|target_20pct,9.870087,1383.7,65.4752,2025-06-03T11:42:00+05:30,1660.44,target_20pct_hit,target_20pct,2025-06-03 12:52:00+05:30,2025-06-03,True,weekly,70,70,1694.1,22.4326,PE,20.0,macd_only,SENSEX|weekly|2025-06-03|ITM2,82077.91,82000.0,SENSEX 82200 PE 03 JUN 25,1m,27.666618,SENSEX,weekly_series_expiry_day,11
16,expiry_day|1m|macd_only|target_20pct,0.201253,1395.0,69.7758,2025-06-03T14:50:00+05:30,1465.9,hold_to_end_target_20pct_not_hit,target_20pct,2025-06-03 15:29:00+05:30,2025-06-03,True,weekly,39,39,1484.6,6.4229,PE,5.0824,macd_only,SENSEX|weekly|2025-06-03|ITM2,82077.91,82000.0,SENSEX 82200 PE 03 JUN 25,1m,27.666618,SENSEX,weekly_series_expiry_day,11
61,expiry_day|1m|rsi_55|target_20pct,0.053012,111.3,55.2524,2025-06-05T11:15:00+05:30,133.56,target_20pct_hit,target_20pct,2025-06-05 11:22:00+05:30,2025-06-05,True,weekly,7,7,318.85,186.478,CE,20.0,rsi_55,NIFTY|weekly|2025-06-05|ITM2,24704.65,24700.0,NIFTY 24600 CE 05 JUN 25,1m,29.296392,NIFTY,weekly_series_expiry_day,12
17,expiry_day|1m|rsi_55|target_20pct,0.658134,138.8,65.0362,2025-06-05T11:59:00+05:30,166.56,target_20pct_hit,target_20pct,2025-06-05 12:03:00+05:30,2025-06-05,True,weekly,4,4,318.85,129.719,CE,20.0,rsi_55,NIFTY|weekly|2025-06-05|ITM2,24704.65,24700.0,NIFTY 24600 CE 05 JUN 25,1m,29.296392,NIFTY,weekly_series_expiry_day,12
23,expiry_day|1m|rsi_55|target_20pct,1.47312,144.25,67.7659,2025-06-05T14:27:00+05:30,173.1,target_20pct_hit,target_20pct,2025-06-05 14:46:00+05:30,2025-06-05,True,weekly,19,19,187.8,30.1906,CE,20.0,rsi_55,NIFTY|weekly|2025-06-05|ITM2,24704.65,24700.0,NIFTY 24600 CE 05 JUN 25,1m,29.296392,NIFTY,weekly_series_expiry_day,12
35,expiry_day|1m|rsi_55|target_20pct,1.060614,106.55,64.8458,2025-06-05T10:18:00+05:30,127.86,target_20pct_hit,target_20pct,2025-06-05 10:52:00+05:30,2025-06-05,True,weekly,34,34,135.0,26.7011,PE,20.0,rsi_55,NIFTY|weekly|2025-06-05|ITM2,24704.65,24700.0,NIFTY 24800 PE 05 JUN 25,1m,29.296392,NIFTY,weekly_series_expiry_day,12
143,expiry_day|1m|rsi_55|target_20pct,0.401794,107.65,65.3011,2025-06-05T11:48:00+05:30,129.18,target_20pct_hit,target_20pct,2025-06-05 14:02:00+05:30,2025-06-05,True,weekly,134,134,130.0,20.7617,PE,20.0,rsi_55,NIFTY|weekly|2025-06-05|ITM2,24704.65,24700.0,NIFTY 24800 PE 05 JUN 25,1m,29.296392,NIFTY,weekly_series_expiry_day,12
28,expiry_day|1m|macd_only|target_20pct,0.767864,893.55,53.4675,2025-06-10T09:52:00+05:30,789.4,hold_to_end_target_20pct_not_hit,target_20pct,2025-06-10 15:29:00+05:30,2025-06-10,True,weekly,337,337,1000.0,11.9132,CE,-11.6558,macd_only,SENSEX|weekly|2025-06-10|ITM2,81772.52,81800.0,SENSEX 81600 CE 10 JUN 25,1m,33.965231,SENSEX,weekly_series_expiry_day,13
3,expiry_day|1m|macd_only|target_20pct,0.016648,44.5,69.398,2025-06-10T10:51:00+05:30,53.4,target_20pct_hit,target_20pct,2025-06-10 10:54:00+05:30,2025-06-10,True,weekly,3,3,62.25,39.8876,PE,20.0,macd_only,SENSEX|weekly|2025-06-10|ITM2,81772.52,81800.0,SENSEX 82000 PE 10 JUN 25,1m,33.965231,SENSEX,weekly_series_expiry_day,13
14,expiry_day|1m|macd_only|target_20pct,0.01708,14.7,62.9837,2025-06-10T12:15:00+05:30,0.05,hold_to_end_target_20pct_not_hit,target_20pct,2025-06-10 15:29:00+05:30,2025-06-10,True,weekly,194,194,16.45,11.9048,PE,-99.6599,macd_only,SENSEX|weekly|2025-06-10|ITM2,81772.52,81800.0,SENSEX 82000 PE 10 JUN 25,1m,33.965231,SENSEX,weekly_series_expiry_day,13
1,expiry_day|1m|macd_only|target_20pct,0.237718,293.85,52.2684,2025-06-12T10:29:00+05:30,88.0,hold_to_end_target_20pct_not_hit,target_20pct,2025-06-12 15:29:00+05:30,2025-06-12,True,weekly,300,300,307.05,4.4921,CE,-70.0527,macd_only,NIFTY|weekly|2025-06-12|ITM2,24884.5,24900.0,NIFTY 24800 CE 12 JUN 25,1m,32.523765,NIFTY,weekly_series_expiry_day,14
203,expiry_day|1m|macd_only|target_20pct,0.9392,35.25,71.3515,2025-06-12T10:43:00+05:30,42.3,target_20pct_hit,target_20pct,2025-06-12 10:44:00+05:30,2025-06-12,True,weekly,1,1,195.4,454.3262,PE,20.0,macd_only,NIFTY|weekly|2025-06-12|ITM2,24884.5,24900.0,NIFTY 25000 PE 12 JUN 25,1m,32.523765,NIFTY,weekly_series_expiry_day,14
148,expiry_day|1m|macd_only|target_20pct,0.937632,41.45,76.4691,2025-06-12T11:38:00+05:30,49.74,target_20pct_hit,target_20pct,2025-06-12 12:04:00+05:30,2025-06-12,True,weekly,26,26,195.4,371.4113,PE,20.0,macd_only,NIFTY|weekly|2025-06-12|ITM2,24884.5,24900.0,NIFTY 25000 PE 12 JUN 25,1m,32.523765,NIFTY,weekly_series_expiry_day,14
109,expiry_day|1m|macd_only|target_20pct,0.184713,36.45,54.5449,2025-06-12T12:17:00+05:30,43.74,target_20pct_hit,target_20pct,2025-06-12 13:27:00+05:30,2025-06-12,True,weekly,70,70,195.4,436.0768,PE,20.0,macd_only,NIFTY|weekly|2025-06-12|ITM2,24884.5,24900.0,NIFTY 25000 PE 12 JUN 25,1m,32.523765,NIFTY,weekly_series_expiry_day,14
0,expiry_day|1m|macd_only|target_20pct,0.975667,163.5,60.221,2025-06-12T14:26:00+05:30,111.75,hold_to_end_target_20pct_not_hit,target_20pct,2025-06-12 15:29:00+05:30,2025-06-12,True,weekly,63,63,166.0,1.5291,PE,-31.6514,macd_only,NIFTY|weekly|2025-06-12|ITM2,24884.5,24900.0,NIFTY 25000 PE 12 JUN 25,1m,32.523765,NIFTY,weekly_series_expiry_day,14
19,expiry_day|1m|macd_only|target_20pct,1.816782,401.4,60.0796,2025-06-17T10:19:00+05:30,383.3,hold_to_end_target_20pct_not_hit,target_20pct,2025-06-17 15:29:00+05:30,2025-06-17,True,weekly,310,310,476.85,18.7967,CE,-4.5092,macd_only,SENSEX|weekly|2025-06-17|ITM2,81406.4,81400.0,SENSEX 81200 CE 17 JUN 25,1m,32.814651,SENSEX,weekly_series_expiry_day,15
8,expiry_day|1m|macd_only|target_20pct,0.519907,214.35,54.9206,2025-06-17T09:55:00+05:30,16.8,hold_to_end_target_20pct_not_hit,target_20pct,2025-06-17 15:29:00+05:30,2025-06-17,True,weekly,334,334,232.75,8.5841,PE,-92.1624,macd_only,SENSEX|weekly|2025-06-17|ITM2,81406.4,81400.0,SENSEX 81600 PE 17 JUN 25,1m,32.814651,SENSEX,weekly_series_expiry_day,15
116,expiry_day|1m|rsi_55|target_20pct,0.433271,282.3,66.4819,2025-06-19T12:05:00+05:30,242.8,hold_to_end_target_20pct_not_hit,target_20pct,2025-06-19 15:29:00+05:30,2025-06-19,True,weekly,204,204,302.4,7.1201,CE,-13.9922,rsi_55,NIFTY|weekly|2025-06-19|ITM2,24661.6,24650.0,NIFTY 24550 CE 19 JUN 25,1m,33.671172,NIFTY,weekly_series_expiry_day,16
1,expiry_day|1m|rsi_55|target_20pct,0.005609,15.35,65.5827,2025-06-19T10:33:00+05:30,18.42,target_20pct_hit,target_20pct,2025-06-19 10:34:00+05:30,2025-06-19,True,weekly,1,1,18.75,22.1498,PE,20.0,rsi_55,NIFTY|weekly|2025-06-19|ITM2,24661.6,24650.0,NIFTY 24750 PE 19 JUN 25,1m,33.671172,NIFTY,weekly_series_expiry_day,16
20,expiry_day|1m|rsi_55|target_20pct,0.086676,14.25,59.8333,2025-06-19T11:06:00+05:30,17.1,target_20pct_hit,target_20pct,2025-06-19 11:25:00+05:30,2025-06-19,True,weekly,19,19,17.4,22.1053,PE,20.0,rsi_55,NIFTY|weekly|2025-06-19|ITM2,24661.6,24650.0,NIFTY 24750 PE 19 JUN 25,1m,33.671172,NIFTY,weekly_series_expiry_day,16
6,expiry_day|1m|rsi_55|target_20pct,0.103247,12.9,72.689,2025-06-19T12:40:00+05:30,15.48,target_20pct_hit,target_20pct,2025-06-19 12:46:00+05:30,2025-06-19,True,weekly,6,6,15.5,20.155,PE,20.0,rsi_55,NIFTY|weekly|2025-06-19|ITM2,24661.6,24650.0,NIFTY 24750 PE 19 JUN 25,1m,33.671172,NIFTY,weekly_series_expiry_day,16
0,expiry_day|1m|rsi_55|target_20pct,3.482987,2050.25,87.8582,2025-07-01T12:27:00+05:30,1990.05,hold_to_end_target_20pct_not_hit,target_20pct,2025-07-01 15:29:00+05:30,2025-07-01,True,weekly,182,182,2050.25,0.0,CE,-2.9362,rsi_55,SENSEX|weekly|2025-07-01|ITM2,81868.05,81900.0,SENSEX 81700 CE 01 JUL 25,1m,35.294558,SENSEX,weekly_series_expiry_day,17
1,expiry_day|1m|rsi_55|target_20pct,0.003635,3.05,57.5726,2025-07-01T11:03:00+05:30,0.05,hold_to_end_target_20pct_not_hit,target_20pct,2025-07-01 15:29:00+05:30,2025-07-01,True,weekly,266,266,3.4,11.4754,PE,-98.3607,rsi_55,SENSEX|weekly|2025-07-01|ITM2,81868.05,81900.0,SENSEX 82100 PE 01 JUL 25,1m,35.294558,SENSEX,weekly_series_expiry_day,17
235,expiry_day|1m|rsi_55|target_20pct,1.587052,806.65,65.577,2025-07-03T09:46:00+05:30,706.0,hold_to_end_target_20pct_not_hit,target_20pct,2025-07-03 15:29:00+05:30,2025-07-03,True,weekly,343,343,898.0,11.3246,CE,-12.4775,rsi_55,NIFTY|weekly|2025-07-03|ITM2,24783.9,24800.0,NIFTY 24700 CE 03 JUL 25,1m,33.438258,NIFTY,weekly_series_expiry_day,18
0,expiry_day|1m|rsi_55|target_20pct,0.001638,0.6,55.5412,2025-07-03T11:06:00+05:30,0.05,hold_to_end_target_20pct_not_hit,target_20pct,2025-07-03 15:29:00+05:30,2025-07-03,True,weekly,263,263,0.6,0.0,PE,-91.6667,rsi_55,NIFTY|weekly|2025-07-03|ITM2,24783.9,24800.0,NIFTY 24900 PE 03 JUL 25,1m,33.438258,NIFTY,weekly_series_expiry_day,18
255,expiry_day|1m|rsi_55|target_20pct,1.218921,953.9,60.1249,2025-07-08T10:59:00+05:30,1144.68,target_20pct_hit,target_20pct,2025-07-08 15:05:00+05:30,2025-07-08,True,weekly,246,246,1226.15,28.5407,CE,20.0,rsi_55,SENSEX|weekly|2025-07-08|ITM2,82786.27,82700.0,SENSEX 82500 CE 08 JUL 25,1m,31.689387,SENSEX,weekly_series_expiry_day,19
1,expiry_day|1m|rsi_55|target_20pct,0.014419,3.65,55.5413,2025-07-08T13:35:00+05:30,0.05,hold_to_end_target_20pct_not_hit,target_20pct,2025-07-08 15:29:00+05:30,2025-07-08,True,weekly,114,114,3.85,5.4795,PE,-98.6301,rsi_55,SENSEX|weekly|2025-07-08|ITM2,82786.27,82700.0,SENSEX 82900 PE 08 JUL 25,1m,31.689387,SENSEX,weekly_series_expiry_day,19
215,expiry_day|1m|rsi_55|target_20pct,0.116564,241.05,55.3796,2025-07-10T10:31:00+05:30,155.0,hold_to_end_target_20pct_not_hit,target_20pct,2025-07-10 15:29:00+05:30,2025-07-10,True,weekly,298,298,249.35,3.4433,CE,-35.698,rsi_55,NIFTY|weekly|2025-07-10|ITM2,25282.35,25300.0,NIFTY 25200 CE 10 JUL 25,1m,31.018387,NIFTY,weekly_series_expiry_day,20
252,expiry_day|1m|rsi_55|target_20pct,0.18917,38.3,57.7595,2025-07-10T10:48:00+05:30,45.96,target_20pct_hit,target_20pct,2025-07-10 10:50:00+05:30,2025-07-10,True,weekly,2,2,60.0,56.658,PE,20.0,rsi_55,NIFTY|weekly|2025-07-10|ITM2,25282.35,25300.0,NIFTY 25400 PE 10 JUL 25,1m,31.018387,NIFTY,weekly_series_expiry_day,20
218,expiry_day|1m|rsi_55|target_20pct,0.169108,47.15,55.552,2025-07-10T11:22:00+05:30,56.58,target_20pct_hit,target_20pct,2025-07-10 11:23:00+05:30,2025-07-10,True,weekly,1,1,60.0,27.2534,PE,20.0,rsi_55,NIFTY|weekly|2025-07-10|ITM2,25282.35,25300.0,NIFTY 25400 PE 10 JUL 25,1m,31.018387,NIFTY,weekly_series_expiry_day,20
179,expiry_day|1m|rsi_55|target_20pct,0.103268,51.0,60.3845,2025-07-10T12:01:00+05:30,44.6,hold_to_end_target_20pct_not_hit,target_20pct,2025-07-10 15:29:00+05:30,2025-07-10,True,weekly,208,208,60.0,17.6471,PE,-12.549,rsi_55,NIFTY|weekly|2025-07-10|ITM2,25282.35,25300.0,NIFTY 25400 PE 10 JUL 25,1m,31.018387,NIFTY,weekly_series_expiry_day,20
52,expiry_day|1m|rsi_55|target_20pct,0.023433,5.1,55.2976,2025-07-15T10:15:00+05:30,6.12,target_20pct_hit,target_20pct,2025-07-15 10:51:00+05:30,2025-07-15,True,weekly,36,36,18.2,256.8627,CE,20.0,rsi_55,SENSEX|weekly|2025-07-15|ITM2,83624.92,83600.0,SENSEX 83400 CE 15 JUL 25,1m,31.33002,SENSEX,weekly_series_expiry_day,21
4,expiry_day|1m|rsi_55|target_20pct,0.027217,5.15,59.563,2025-07-15T12:33:00+05:30,0.05,hold_to_end_target_20pct_not_hit,target_20pct,2025-07-15 15:29:00+05:30,2025-07-15,True,weekly,176,176,5.85,13.5922,CE,-99.0291,rsi_55,SENSEX|weekly|2025-07-15|ITM2,83624.92,83600.0,SENSEX 83400 CE 15 JUL 25,1m,31.33002,SENSEX,weekly_series_expiry_day,21
185,expiry_day|1m|rsi_55|target_20pct,1.257176,1153.75,70.3256,2025-07-15T11:51:00+05:30,1230.7,hold_to_end_target_20pct_not_hit,target_20pct,2025-07-15 15:29:00+05:30,2025-07-15,True,weekly,218,218,1333.1,15.545,PE,6.6696,rsi_55,SENSEX|weekly|2025-07-15|ITM2,83624.92,83600.0,SENSEX 83800 PE 15 JUL 25,1m,31.33002,SENSEX,weekly_series_expiry_day,21
22,expiry_day|1m|rsi_55|target_20pct,0.012685,3.8,58.6615,2025-07-17T10:50:00+05:30,0.05,hold_to_end_target_20pct_not_hit,target_20pct,2025-07-17 15:29:00+05:30,2025-07-17,True,weekly,279,279,4.25,11.8421,CE,-98.6842,rsi_55,NIFTY|weekly|2025-07-17|ITM2,25486.2,25500.0,NIFTY 25400 CE 17 JUL 25,1m,31.202396,NIFTY,weekly_series_expiry_day,22
233,expiry_day|1m|rsi_55|target_20pct,0.225544,440.0,59.942,2025-07-17T11:10:00+05:30,488.95,hold_to_end_target_20pct_not_hit,target_20pct,2025-07-17 15:29:00+05:30,2025-07-17,True,weekly,259,259,495.1,12.5227,PE,11.125,rsi_55,NIFTY|weekly|2025-07-17|ITM2,25486.2,25500.0,NIFTY 25600 PE 17 JUL 25,1m,31.202396,NIFTY,weekly_series_expiry_day,22
57,expiry_day|1m|rsi_55|target_20pct,0.004241,3.65,55.6317,2025-07-22T10:51:00+05:30,0.05,hold_to_end_target_20pct_not_hit,target_20pct,2025-07-22 15:29:00+05:30,2025-07-22,True,weekly,278,278,3.75,2.7397,CE,-98.6301,rsi_55,SENSEX|weekly|2025-07-22|ITM2,83431.57,83500.0,SENSEX 83300 CE 22 JUL 25,1m,30.535032,SENSEX,weekly_series_expiry_day,23
97,expiry_day|1m|rsi_55|target_20pct,6.026488,1431.7,76.3882,2025-07-22T09:42:00+05:30,1510.0,hold_to_end_target_20pct_not_hit,target_20pct,2025-07-22 15:29:00+05:30,2025-07-22,True,weekly,347,347,1556.35,8.7064,PE,5.469,rsi_55,SENSEX|weekly|2025-07-22|ITM2,83431.57,83500.0,SENSEX 83700 PE 22 JUL 25,1m,30.535032,SENSEX,weekly_series_expiry_day,23
1,expiry_day|1m|rsi_55|target_20pct,0.015908,2.75,66.2054,2025-07-24T10:26:00+05:30,0.05,hold_to_end_target_20pct_not_hit,target_20pct,2025-07-24 15:29:00+05:30,2025-07-24,True,weekly,303,303,2.85,3.6364,CE,-98.1818,rsi_55,NIFTY|weekly|2025-07-24|ITM2,25483.0,25500.0,NIFTY 25400 CE 24 JUL 25,1m,29.844832,NIFTY,weekly_series_expiry_day,24
82,expiry_day|1m|rsi_55|target_20pct,0.102384,426.0,56.686,2025-07-24T10:43:00+05:30,511.2,target_20pct_hit,target_20pct,2025-07-24 11:56:00+05:30,2025-07-24,True,weekly,73,73,587.9,38.0047,PE,20.0,rsi_55,NIFTY|weekly|2025-07-24|ITM2,25483.0,25500.0,NIFTY 25600 PE 24 JUL 25,1m,29.844832,NIFTY,weekly_series_expiry_day,24
122,expiry_day|1m|rsi_55|target_20pct,0.42214,532.95,58.2922,2025-07-24T12:58:00+05:30,538.95,hold_to_end_target_20pct_not_hit,target_20pct,2025-07-24 15:29:00+05:30,2025-07-24,True,weekly,151,151,554.35,4.0154,PE,1.1258,rsi_55,NIFTY|weekly|2025-07-24|ITM2,25483.0,25500.0,NIFTY 25600 PE 24 JUL 25,1m,29.844832,NIFTY,weekly_series_expiry_day,24
23,expiry_day|1m|rsi_55|target_20pct,0.000397,3.1,56.5949,2025-08-05T11:31:00+05:30,0.05,hold_to_end_target_20pct_not_hit,target_20pct,2025-08-05 15:29:00+05:30,2025-08-05,True,weekly,238,238,3.7,19.3548,CE,-98.3871,rsi_55,SENSEX|weekly|2025-08-05|ITM2,82449.31,82400.0,SENSEX 82200 CE 05 AUG 25,1m,29.725797,SENSEX,weekly_series_expiry_day,25
84,expiry_day|1m|rsi_55|target_20pct,8.805691,1990.3,99.7618,2025-08-05T13:33:00+05:30,1888.0,hold_to_end_target_20pct_not_hit,target_20pct,2025-08-05 15:29:00+05:30,2025-08-05,True,weekly,116,116,2013.7,1.1757,PE,-5.1399,rsi_55,SENSEX|weekly|2025-08-05|ITM2,82449.31,82400.0,SENSEX 82600 PE 05 AUG 25,1m,29.725797,SENSEX,weekly_series_expiry_day,25
6,expiry_day|1m|rsi_55|target_20pct,0.002834,0.7,60.4662,2025-08-07T13:17:00+05:30,0.05,hold_to_end_target_20pct_not_hit,target_20pct,2025-08-07 15:29:00+05:30,2025-08-07,True,weekly,132,132,0.8,14.2857,CE,-92.8571,rsi_55,NIFTY|weekly|2025-08-07|ITM2,25219.5,25200.0,NIFTY 25100 CE 07 AUG 25,1m,28.469785,NIFTY,weekly_series_expiry_day,26
232,expiry_day|1m|rsi_55|target_20pct,0.298749,795.0,56.1425,2025-08-07T09:42:00+05:30,954.0,target_20pct_hit,target_20pct,2025-08-07 13:34:00+05:30,2025-08-07,True,weekly,232,232,956.65,20.3333,PE,20.0,rsi_55,NIFTY|weekly|2025-08-07|ITM2,25219.5,25200.0,NIFTY 25300 PE 07 AUG 25,1m,28.469785,NIFTY,weekly_series_expiry_day,26
23,expiry_day|1m|rsi_55|target_20pct,2.557925,116.95,66.4776,2025-08-12T12:17:00+05:30,140.34,target_20pct_hit,target_20pct,2025-08-12 12:19:00+05:30,2025-08-12,True,weekly,2,2,272.1,132.6635,CE,20.0,rsi_55,SENSEX|weekly|2025-08-12|ITM2,80725.74,80800.0,SENSEX 80600 CE 12 AUG 25,1m,28.063392,SENSEX,weekly_series_expiry_day,27
1,expiry_day|1m|rsi_55|target_20pct,5.68512,145.65,76.2427,2025-08-12T13:58:00+05:30,0.05,hold_to_end_target_20pct_not_hit,target_20pct,2025-08-12 15:29:00+05:30,2025-08-12,True,weekly,91,91,149.55,2.6777,CE,-99.9657,rsi_55,SENSEX|weekly|2025-08-12|ITM2,80725.74,80800.0,SENSEX 80600 CE 12 AUG 25,1m,28.063392,SENSEX,weekly_series_expiry_day,27
283,expiry_day|1m|rsi_55|target_20pct,0.986582,252.3,62.235,2025-08-12T10:20:00+05:30,302.76,target_20pct_hit,target_20pct,2025-08-12 10:28:00+05:30,2025-08-12,True,weekly,8,8,840.0,232.937,PE,20.0,rsi_55,SENSEX|weekly|2025-08-12|ITM2,80725.74,80800.0,SENSEX 81000 PE 12 AUG 25,1m,28.063392,SENSEX,weekly_series_expiry_day,27
216,expiry_day|1m|rsi_55|target_20pct,0.988068,505.6,55.0845,2025-08-12T11:27:00+05:30,606.72,target_20pct_hit,target_20pct,2025-08-12 11:50:00+05:30,2025-08-12,True,weekly,23,23,840.0,66.1392,PE,20.0,rsi_55,SENSEX|weekly|2025-08-12|ITM2,80725.74,80800.0,SENSEX 81000 PE 12 AUG 25,1m,28.063392,SENSEX,weekly_series_expiry_day,27
129,expiry_day|1m|rsi_55|target_20pct,1.865113,370.9,60.6284,2025-08-12T12:54:00+05:30,445.08,target_20pct_hit,target_20pct,2025-08-12 13:15:00+05:30,2025-08-12,True,weekly,21,21,840.0,126.4761,PE,20.0,rsi_55,SENSEX|weekly|2025-08-12|ITM2,80725.74,80800.0,SENSEX 81000 PE 12 AUG 25,1m,28.063392,SENSEX,weekly_series_expiry_day,27
57,expiry_day|1m|rsi_55|target_20pct,4.109727,503.1,60.249,2025-08-12T14:06:00+05:30,603.72,target_20pct_hit,target_20pct,2025-08-12 14:16:00+05:30,2025-08-12,True,weekly,10,10,840.0,66.9648,PE,20.0,rsi_55,SENSEX|weekly|2025-08-12|ITM2,80725.74,80800.0,SENSEX 81000 PE 12 AUG 25,1m,28.063392,SENSEX,weekly_series_expiry_day,27
4,expiry_day|1m|rsi_55|target_20pct,1.312797,89.4,64.0632,2025-08-14T09:43:00+05:30,31.2,hold_to_end_target_20pct_not_hit,target_20pct,2025-08-14 15:29:00+05:30,2025-08-14,True,weekly,346,346,102.0,14.094,CE,-65.1007,rsi_55,NIFTY|weekly|2025-08-14|ITM2,24699.1,24700.0,NIFTY 24600 CE 14 AUG 25,1m,29.763531,NIFTY,weekly_series_expiry_day,28
270,expiry_day|1m|rsi_55|target_20pct,0.666364,171.75,61.9359,2025-08-14T10:01:00+05:30,168.15,hold_to_end_target_20pct_not_hit,target_20pct,2025-08-14 15:29:00+05:30,2025-08-14,True,weekly,328,328,206.0,19.9418,PE,-2.0961,rsi_55,NIFTY|weekly|2025-08-14|ITM2,24699.1,24700.0,NIFTY 24800 PE 14 AUG 25,1m,29.763531,NIFTY,weekly_series_expiry_day,28
145,expiry_day|1m|rsi_55|target_20pct,1.319714,1422.45,57.639,2025-08-19T09:57:00+05:30,1706.94,target_20pct_hit,target_20pct,2025-08-19 12:20:00+05:30,2025-08-19,True,weekly,143,143,1750.0,23.0272,CE,20.0,rsi_55,SENSEX|weekly|2025-08-19|ITM2,80923.2,80200.0,SENSEX 80000 CE 19 AUG 25,1m,28.928526,SENSEX,weekly_series_expiry_day,29
0,expiry_day|1m|rsi_55|target_20pct,1.007312,1694.7,70.4445,2025-08-19T13:22:00+05:30,1645.1,hold_to_end_target_20pct_not_hit,target_20pct,2025-08-19 15:29:00+05:30,2025-08-19,True,weekly,127,127,1694.7,0.0,CE,-2.9268,rsi_55,SENSEX|weekly|2025-08-19|ITM2,80923.2,80200.0,SENSEX 80000 CE 19 AUG 25,1m,28.928526,SENSEX,weekly_series_expiry_day,29
135,expiry_day|1m|rsi_55|target_20pct,0.001199,3.75,58.4166,2025-08-19T11:25:00+05:30,4.5,target_20pct_hit,target_20pct,2025-08-19 12:20:00+05:30,2025-08-19,True,weekly,55,55,4.9,30.6667,PE,20.0,rsi_55,SENSEX|weekly|2025-08-19|ITM2,80923.2,80200.0,SENSEX 80400 PE 19 AUG 25,1m,28.928526,SENSEX,weekly_series_expiry_day,29
56,expiry_day|1m|rsi_55|target_20pct,0.008777,4.15,56.4863,2025-08-19T12:44:00+05:30,0.05,hold_to_end_target_20pct_not_hit,target_20pct,2025-08-19 15:29:00+05:30,2025-08-19,True,weekly,165,165,4.9,18.0723,PE,-98.7952,rsi_55,SENSEX|weekly|2025-08-19|ITM2,80923.2,80200.0,SENSEX 80400 PE 19 AUG 25,1m,28.928526,SENSEX,weekly_series_expiry_day,29
266,expiry_day|1m|rsi_55|target_20pct,0.435653,686.9,65.6878,2025-08-21T09:51:00+05:30,682.75,hold_to_end_target_20pct_not_hit,target_20pct,2025-08-21 15:29:00+05:30,2025-08-21,True,weekly,338,338,749.0,9.0406,CE,-0.6042,rsi_55,NIFTY|weekly|2025-08-21|ITM2,24501.7,24500.0,NIFTY 24400 CE 21 AUG 25,1m,28.872437,NIFTY,weekly_series_expiry_day,30
7,expiry_day|1m|rsi_55|target_20pct,0.00426,1.3,59.1403,2025-08-21T09:56:00+05:30,0.05,hold_to_end_target_20pct_not_hit,target_20pct,2025-08-21 15:29:00+05:30,2025-08-21,True,weekly,333,333,1.55,19.2308,PE,-96.1538,rsi_55,NIFTY|weekly|2025-08-21|ITM2,24501.7,24500.0,NIFTY 24600 PE 21 AUG 25,1m,28.872437,NIFTY,weekly_series_expiry_day,30
35,expiry_day|1m|rsi_55|target_20pct,0.034853,10.9,56.5869,2025-09-04T11:30:00+05:30,13.08,target_20pct_hit,target_20pct,2025-09-04 12:05:00+05:30,2025-09-04,True,weekly,35,35,15.35,40.8257,CE,20.0,rsi_55,SENSEX|weekly|2025-09-04|ITM2,82051.04,82100.0,SENSEX 81900 CE 04 SEP 25,1m,27.87691,SENSEX,weekly_series_expiry_day,31
1,expiry_day|1m|rsi_55|target_20pct,0.054192,8.55,58.8055,2025-09-04T12:45:00+05:30,0.05,hold_to_end_target_20pct_not_hit,target_20pct,2025-09-04 15:29:00+05:30,2025-09-04,True,weekly,164,164,9.1,6.4327,CE,-99.4152,rsi_55,SENSEX|weekly|2025-09-04|ITM2,82051.04,82100.0,SENSEX 81900 CE 04 SEP 25,1m,27.87691,SENSEX,weekly_series_expiry_day,31
312,expiry_day|1m|rsi_55|target_20pct,0.101423,1130.0,61.5583,2025-09-04T10:08:00+05:30,1356.0,target_20pct_hit,target_20pct,2025-09-04 10:41:00+05:30,2025-09-04,True,weekly,33,33,1593.1,40.9823,PE,20.0,rsi_55,SENSEX|weekly|2025-09-04|ITM2,82051.04,82100.0,SENSEX 82300 PE 04 SEP 25,1m,27.87691,SENSEX,weekly_series_expiry_day,31
248,expiry_day|1m|rsi_55|target_20pct,4.095497,1346.0,64.9343,2025-09-04T11:12:00+05:30,1579.95,hold_to_end_target_20pct_not_hit,target_20pct,2025-09-04 15:29:00+05:30,2025-09-04,True,weekly,257,257,1593.1,18.3581,PE,17.3811,rsi_55,SENSEX|weekly|2025-09-04|ITM2,82051.04,82100.0,SENSEX 82300 PE 04 SEP 25,1m,27.87691,SENSEX,weekly_series_expiry_day,31
199,expiry_day|1m|rsi_55|target_20pct,0.573684,1164.95,62.9114,2025-09-11T10:26:00+05:30,1247.75,hold_to_end_target_20pct_not_hit,target_20pct,2025-09-11 15:29:00+05:30,2025-09-11,True,weekly,303,303,1305.0,12.022,CE,7.1076,rsi_55,SENSEX|weekly|2025-09-11|ITM2,80416.2,80500.0,SENSEX 80300 CE 11 SEP 25,1m,28.449609,SENSEX,weekly_series_expiry_day,32
9,expiry_day|1m|rsi_55|target_20pct,0.015487,5.5,60.4542,2025-09-11T11:29:00+05:30,6.6,target_20pct_hit,target_20pct,2025-09-11 11:38:00+05:30,2025-09-11,True,weekly,9,9,6.8,23.6364,PE,20.0,rsi_55,SENSEX|weekly|2025-09-11|ITM2,80416.2,80500.0,SENSEX 80700 PE 11 SEP 25,1m,28.449609,SENSEX,weekly_series_expiry_day,32
0,expiry_day|1m|rsi_55|target_20pct,0.016668,5.35,57.0926,2025-09-11T12:46:00+05:30,0.05,hold_to_end_target_20pct_not_hit,target_20pct,2025-09-11 15:29:00+05:30,2025-09-11,True,weekly,163,163,5.4,0.9346,PE,-99.0654,rsi_55,SENSEX|weekly|2025-09-11|ITM2,80416.2,80500.0,SENSEX 80700 PE 11 SEP 25,1m,28.449609,SENSEX,weekly_series_expiry_day,32
0,expiry_day|1m|rsi_55|target_20pct,14.34141,2117.85,99.1874,2025-09-18T15:05:00+05:30,2117.85,hold_to_end_target_20pct_not_hit,target_20pct,2025-09-18 15:29:00+05:30,2025-09-18,True,weekly,24,24,2117.85,0.0,CE,0.0,rsi_55,SENSEX|weekly|2025-09-18|ITM2,81092.25,81100.0,SENSEX 80900 CE 18 SEP 25,1m,28.452712,SENSEX,weekly_series_expiry_day,33
62,expiry_day|1m|rsi_55|target_20pct,0.006461,3.35,58.4836,2025-09-18T10:09:00+05:30,0.05,hold_to_end_target_20pct_not_hit,target_20pct,2025-09-18 15:29:00+05:30,2025-09-18,True,weekly,320,320,3.65,8.9552,PE,-98.5075,rsi_55,SENSEX|weekly|2025-09-18|ITM2,81092.25,81100.0,SENSEX 81300 PE 18 SEP 25,1m,28.452712,SENSEX,weekly_series_expiry_day,33
16,expiry_day|1m|rsi_55|target_20pct,0.003984,1.15,57.5205,2025-10-01T11:58:00+05:30,1.38,target_20pct_hit,target_20pct,2025-10-01 12:14:00+05:30,2025-10-01,True,weekly,16,16,1.4,21.7391,CE,20.0,rsi_55,SENSEX|weekly|2025-10-01|ITM2,82582.41,82600.0,SENSEX 82400 CE 01 OCT 25,1m,27.535672,SENSEX,weekly_series_expiry_day,34
0,expiry_day|1m|rsi_55|target_20pct,0.007748,1.15,59.5281,2025-10-01T12:59:00+05:30,0.05,hold_to_end_target_20pct_not_hit,target_20pct,2025-10-01 15:29:00+05:30,2025-10-01,True,weekly,150,150,1.15,0.0,CE,-95.6522,rsi_55,SENSEX|weekly|2025-10-01|ITM2,82582.41,82600.0,SENSEX 82400 CE 01 OCT 25,1m,27.535672,SENSEX,weekly_series_expiry_day,34
0,expiry_day|1m|rsi_55|target_20pct,1.344439,1925.0,99.3449,2025-10-01T13:39:00+05:30,1817.5,hold_to_end_target_20pct_not_hit,target_20pct,2025-10-01 15:29:00+05:30,2025-10-01,True,weekly,110,110,1925.0,0.0,PE,-5.5844,rsi_55,SENSEX|weekly|2025-10-01|ITM2,82582.41,82600.0,SENSEX 82800 PE 01 OCT 25,1m,27.535672,SENSEX,weekly_series_expiry_day,34
279,expiry_day|1m|rsi_55|target_20pct,3.077893,573.9,61.5297,2025-10-09T10:24:00+05:30,688.68,target_20pct_hit,target_20pct,2025-10-09 10:38:00+05:30,2025-10-09,True,weekly,14,14,902.0,57.1702,CE,20.0,rsi_55,SENSEX|weekly|2025-10-09|ITM2,81517.12,81500.0,SENSEX 81300 CE 09 OCT 25,1m,24.575035,SENSEX,weekly_series_expiry_day,35
166,expiry_day|1m|rsi_55|target_20pct,3.235184,828.25,60.3591,2025-10-09T12:17:00+05:30,873.55,hold_to_end_target_20pct_not_hit,target_20pct,2025-10-09 15:29:00+05:30,2025-10-09,True,weekly,192,192,902.0,8.9043,CE,5.4694,rsi_55,SENSEX|weekly|2025-10-09|ITM2,81517.12,81500.0,SENSEX 81300 CE 09 OCT 25,1m,24.575035,SENSEX,weekly_series_expiry_day,35
15,expiry_day|1m|rsi_55|target_20pct,0.784799,99.1,58.8397,2025-10-09T09:46:00+05:30,118.92,target_20pct_hit,target_20pct,2025-10-09 09:51:00+05:30,2025-10-09,True,weekly,5,5,150.0,51.3623,PE,20.0,rsi_55,SENSEX|weekly|2025-10-09|ITM2,81517.12,81500.0,SENSEX 81700 PE 09 OCT 25,1m,24.575035,SENSEX,weekly_series_expiry_day,35
10,expiry_day|1m|rsi_55|target_20pct,0.011098,25.45,56.7959,2025-10-09T11:57:00+05:30,30.54,target_20pct_hit,target_20pct,2025-10-09 12:06:00+05:30,2025-10-09,True,weekly,9,9,31.15,22.3969,PE,20.0,rsi_55,SENSEX|weekly|2025-10-09|ITM2,81517.12,81500.0,SENSEX 81700 PE 09 OCT 25,1m,24.575035,SENSEX,weekly_series_expiry_day,35
1,expiry_day|1m|rsi_55|target_20pct,0.195623,23.9,62.6792,2025-10-09T12:40:00+05:30,0.1,hold_to_end_target_20pct_not_hit,target_20pct,2025-10-09 15:29:00+05:30,2025-10-09,True,weekly,169,169,26.45,10.6695,PE,-99.5816,rsi_55,SENSEX|weekly|2025-10-09|ITM2,81517.12,81500.0,SENSEX 81700 PE 09 OCT 25,1m,24.575035,SENSEX,weekly_series_expiry_day,35
190,expiry_day|1m|rsi_55|target_20pct,0.011365,3.9,60.923,2025-10-16T09:44:00+05:30,4.68,target_20pct_hit,target_20pct,2025-10-16 10:46:00+05:30,2025-10-16,True,weekly,62,62,5.0,28.2051,PE,20.0,rsi_55,SENSEX|weekly|2025-10-16|ITM2,80874.82,80900.0,SENSEX 81100 PE 16 OCT 25,1m,28.006915,SENSEX,weekly_series_expiry_day,36
109,expiry_day|1m|rsi_55|target_20pct,0.00165,4.35,55.1665,2025-10-16T11:05:00+05:30,0.05,hold_to_end_target_20pct_not_hit,target_20pct,2025-10-16 15:29:00+05:30,2025-10-16,True,weekly,264,264,5.0,14.9425,PE,-98.8506,rsi_55,SENSEX|weekly|2025-10-16|ITM2,80874.82,80900.0,SENSEX 81100 PE 16 OCT 25,1m,28.006915,SENSEX,weekly_series_expiry_day,36
1,expiry_day|1m|rsi_55|target_20pct,0.012526,2.85,67.4412,2025-10-23T10:11:00+05:30,0.1,hold_to_end_target_20pct_not_hit,target_20pct,2025-10-23 15:29:00+05:30,2025-10-23,True,weekly,318,318,2.9,1.7544,PE,-96.4912,rsi_55,SENSEX|weekly|2025-10-23|ITM2,81787.82,81800.0,SENSEX 82000 PE 23 OCT 25,1m,27.682398,SENSEX,weekly_series_expiry_day,37
0,expiry_day|1m|rsi_55|target_20pct,0.024746,3.25,63.192,2025-11-06T10:16:00+05:30,0.05,hold_to_end_target_20pct_not_hit,target_20pct,2025-11-06 15:29:00+05:30,2025-11-06,True,weekly,313,313,3.4,4.6154,CE,-98.4615,rsi_55,SENSEX|weekly|2025-11-06|ITM2,84959.71,85000.0,SENSEX 84800 CE 06 NOV 25,1m,24.385306,SENSEX,weekly_series_expiry_day,38
306,expiry_day|1m|rsi_55|target_20pct,6.597376,1749.15,83.0645,2025-11-06T10:10:00+05:30,1890.0,hold_to_end_target_20pct_not_hit,target_20pct,2025-11-06 15:29:00+05:30,2025-11-06,True,weekly,319,319,1915.45,9.5075,PE,8.0525,rsi_55,SENSEX|weekly|2025-11-06|ITM2,84959.71,85000.0,SENSEX 85200 PE 06 NOV 25,1m,24.385306,SENSEX,weekly_series_expiry_day,38
40,expiry_day|1m|rsi_60|target_10pct,2.465844,238.15,62.9566,2025-11-13T13:01:00+05:30,261.965,target_10pct_hit,target_10pct,2025-11-13 13:02:00+05:30,2025-11-13,True,weekly,1,1,348.4,46.2944,CE,10.0,rsi_60,SENSEX|weekly|2025-11-13|ITM2,84782.47,84800.0,SENSEX 84600 CE 13 NOV 25,1m,17.553062,SENSEX,weekly_series_expiry_day,39
149,expiry_day|1m|rsi_60|target_10pct,2.068372,256.1,67.0796,2025-11-13T12:32:00+05:30,281.71,target_10pct_hit,target_10pct,2025-11-13 12:35:00+05:30,2025-11-13,True,weekly,3,3,595.7,132.6045,PE,10.0,rsi_60,SENSEX|weekly|2025-11-13|ITM2,84782.47,84800.0,SENSEX 85000 PE 13 NOV 25,1m,17.553062,SENSEX,weekly_series_expiry_day,39
67,expiry_day|1m|rsi_60|target_10pct,0.934799,216.85,62.5605,2025-11-13T13:54:00+05:30,238.535,target_10pct_hit,target_10pct,2025-11-13 13:56:00+05:30,2025-11-13,True,weekly,2,2,595.7,174.706,PE,10.0,rsi_60,SENSEX|weekly|2025-11-13|ITM2,84782.47,84800.0,SENSEX 85000 PE 13 NOV 25,1m,17.553062,SENSEX,weekly_series_expiry_day,39
252,expiry_day|1m|rsi_55|target_20pct,2.851013,1847.75,64.3031,2025-11-20T10:09:00+05:30,2217.3,target_20pct_hit,target_20pct,2025-11-20 13:39:00+05:30,2025-11-20,True,weekly,210,210,2300.0,24.4757,CE,20.0,rsi_55,SENSEX|weekly|2025-11-20|ITM2,83733.23,83700.0,SENSEX 83500 CE 20 NOV 25,1m,28.679231,SENSEX,weekly_series_expiry_day,40
185,expiry_day|1m|rsi_55|target_20pct,0.014847,4.05,63.7258,2025-11-20T10:30:00+05:30,4.86,target_20pct_hit,target_20pct,2025-11-20 12:46:00+05:30,2025-11-20,True,weekly,136,136,6.65,64.1975,PE,20.0,rsi_55,SENSEX|weekly|2025-11-20|ITM2,83733.23,83700.0,SENSEX 83900 PE 20 NOV 25,1m,28.679231,SENSEX,weekly_series_expiry_day,40
10,expiry_day|1m|rsi_55|target_20pct,0.004809,4.8,61.699,2025-11-20T13:25:00+05:30,5.76,target_20pct_hit,target_20pct,2025-11-20 13:31:00+05:30,2025-11-20,True,weekly,6,6,6.65,38.5417,PE,20.0,rsi_55,SENSEX|weekly|2025-11-20|ITM2,83733.23,83700.0,SENSEX 83900 PE 20 NOV 25,1m,28.679231,SENSEX,weekly_series_expiry_day,40
98,expiry_day|1m|rsi_55|target_20pct,0.68642,140.45,63.0366,2025-12-04T13:23:00+05:30,168.54,target_20pct_hit,target_20pct,2025-12-04 13:30:00+05:30,2025-12-04,True,weekly,7,7,245.65,74.9021,CE,20.0,rsi_55,SENSEX|weekly|2025-12-04|ITM2,85375.28,85300.0,SENSEX 85100 CE 04 DEC 25,1m,29.904196,SENSEX,weekly_series_expiry_day,41
52,expiry_day|1m|rsi_55|target_20pct,0.335677,77.8,55.6195,2025-12-04T14:09:00+05:30,93.36,target_20pct_hit,target_20pct,2025-12-04 14:10:00+05:30,2025-12-04,True,weekly,1,1,245.65,215.7455,CE,20.0,rsi_55,SENSEX|weekly|2025-12-04|ITM2,85375.28,85300.0,SENSEX 85100 CE 04 DEC 25,1m,29.904196,SENSEX,weekly_series_expiry_day,41
9,expiry_day|1m|rsi_55|target_20pct,1.703699,135.2,65.0368,2025-12-04T14:52:00+05:30,162.24,target_20pct_hit,target_20pct,2025-12-04 14:56:00+05:30,2025-12-04,True,weekly,4,4,245.65,81.6938,CE,20.0,rsi_55,SENSEX|weekly|2025-12-04|ITM2,85375.28,85300.0,SENSEX 85100 CE 04 DEC 25,1m,29.904196,SENSEX,weekly_series_expiry_day,41
149,expiry_day|1m|rsi_55|target_20pct,0.942148,178.75,57.4904,2025-12-04T11:12:00+05:30,214.5,target_20pct_hit,target_20pct,2025-12-04 11:38:00+05:30,2025-12-04,True,weekly,26,26,489.0,173.5664,PE,20.0,rsi_55,SENSEX|weekly|2025-12-04|ITM2,85375.28,85300.0,SENSEX 85500 PE 04 DEC 25,1m,29.904196,SENSEX,weekly_series_expiry_day,41
90,expiry_day|1m|rsi_55|target_20pct,1.797115,312.8,58.0422,2025-12-04T12:11:00+05:30,375.36,target_20pct_hit,target_20pct,2025-12-04 12:45:00+05:30,2025-12-04,True,weekly,34,34,489.0,56.3299,PE,20.0,rsi_55,SENSEX|weekly|2025-12-04|ITM2,85375.28,85300.0,SENSEX 85500 PE 04 DEC 25,1m,29.904196,SENSEX,weekly_series_expiry_day,41
6,expiry_day|1m|rsi_55|target_20pct,0.178718,412.45,67.9348,2025-12-04T13:35:00+05:30,233.85,hold_to_end_target_20pct_not_hit,target_20pct,2025-12-04 15:29:00+05:30,2025-12-04,True,weekly,114,114,489.0,18.5598,PE,-43.3022,rsi_55,SENSEX|weekly|2025-12-04|ITM2,85375.28,85300.0,SENSEX 85500 PE 04 DEC 25,1m,29.904196,SENSEX,weekly_series_expiry_day,41
1,expiry_day|1m|rsi_55|target_20pct,0.162307,10.35,66.591,2025-12-11T10:14:00+05:30,0.05,hold_to_end_target_20pct_not_hit,target_20pct,2025-12-11 15:29:00+05:30,2025-12-11,True,weekly,315,315,12.25,18.3575,CE,-99.5169,rsi_55,SENSEX|weekly|2025-12-11|ITM2,85715.76,85600.0,SENSEX 85400 CE 11 DEC 25,1m,31.522751,SENSEX,weekly_series_expiry_day,42
5,expiry_day|1m|rsi_55|target_20pct,4.594013,1325.75,74.2637,2025-12-11T10:59:00+05:30,981.3,hold_to_end_target_20pct_not_hit,target_20pct,2025-12-11 15:29:00+05:30,2025-12-11,True,weekly,270,270,1424.55,7.4524,PE,-25.9815,rsi_55,SENSEX|weekly|2025-12-11|ITM2,85715.76,85600.0,SENSEX 85800 PE 11 DEC 25,1m,31.522751,SENSEX,weekly_series_expiry_day,42
32,expiry_day|1m|rsi_55|target_20pct,0.856966,37.45,77.1835,2025-12-18T10:11:00+05:30,44.94,target_20pct_hit,target_20pct,2025-12-18 10:17:00+05:30,2025-12-18,True,weekly,6,6,95.0,153.6716,CE,20.0,rsi_55,SENSEX|weekly|2025-12-18|ITM2,85010.36,85000.0,SENSEX 84800 CE 18 DEC 25,1m,30.537997,SENSEX,weekly_series_expiry_day,43
73,expiry_day|1m|rsi_55|target_20pct,0.183482,64.15,65.0551,2025-12-18T11:25:00+05:30,76.98,target_20pct_hit,target_20pct,2025-12-18 12:37:00+05:30,2025-12-18,True,weekly,72,72,83.85,30.7093,CE,20.0,rsi_55,SENSEX|weekly|2025-12-18|ITM2,85010.36,85000.0,SENSEX 84800 CE 18 DEC 25,1m,30.537997,SENSEX,weekly_series_expiry_day,43
229,expiry_day|1m|rsi_55|target_20pct,1.92963,630.35,59.7478,2025-12-18T11:04:00+05:30,756.42,target_20pct_hit,target_20pct,2025-12-18 14:16:00+05:30,2025-12-18,True,weekly,192,192,823.65,30.6655,PE,20.0,rsi_55,SENSEX|weekly|2025-12-18|ITM2,85010.36,85000.0,SENSEX 85200 PE 18 DEC 25,1m,30.537997,SENSEX,weekly_series_expiry_day,43
107,expiry_day|1m|rsi_55|target_20pct,4.710342,1455.15,97.8804,2026-01-01T13:02:00+05:30,1383.55,hold_to_end_target_20pct_not_hit,target_20pct,2026-01-01 15:29:00+05:30,2026-01-01,True,weekly,147,147,1461.3,0.4226,CE,-4.9205,rsi_55,SENSEX|weekly|2026-01-01|ITM2,84445.59,84000.0,SENSEX 83800 CE 01 JAN 26,1m,31.684214,SENSEX,weekly_series_expiry_day,44
139,expiry_day|1m|rsi_55|target_20pct,2.481831,315.75,64.1233,2026-01-01T09:59:00+05:30,378.9,target_20pct_hit,target_20pct,2026-01-01 10:19:00+05:30,2026-01-01,True,weekly,20,20,455.75,44.3389,PE,20.0,rsi_55,SENSEX|weekly|2026-01-01|ITM2,84445.59,84000.0,SENSEX 85600 PE 01 JAN 26,1m,31.684214,SENSEX,weekly_series_expiry_day,44
68,expiry_day|1m|rsi_55|target_20pct,1.04769,287.55,57.4249,2026-01-01T11:10:00+05:30,345.06,target_20pct_hit,target_20pct,2026-01-01 11:43:00+05:30,2026-01-01,True,weekly,33,33,455.75,58.4942,PE,20.0,rsi_55,SENSEX|weekly|2026-01-01|ITM2,84445.59,84000.0,SENSEX 85600 PE 01 JAN 26,1m,31.684214,SENSEX,weekly_series_expiry_day,44
157,expiry_day|1m|rsi_55|target_20pct,1.111495,396.1,59.157,2026-01-01T12:41:00+05:30,411.8,hold_to_end_target_20pct_not_hit,target_20pct,2026-01-01 15:29:00+05:30,2026-01-01,True,weekly,168,168,426.2,7.5991,PE,3.9636,rsi_55,SENSEX|weekly|2026-01-01|ITM2,84445.59,84000.0,SENSEX 85600 PE 01 JAN 26,1m,31.684214,SENSEX,weekly_series_expiry_day,44
2,expiry_day|1m|rsi_55|target_20pct,0.012655,12.15,64.3148,2026-01-08T12:03:00+05:30,0.25,hold_to_end_target_20pct_not_hit,target_20pct,2026-01-08 15:29:00+05:30,2026-01-08,True,weekly,206,206,13.0,6.9959,CE,-97.9424,rsi_55,SENSEX|weekly|2026-01-08|ITM2,85280.45,85300.0,SENSEX 85100 CE 08 JAN 26,1m,32.584486,SENSEX,weekly_series_expiry_day,45
304,expiry_day|1m|rsi_55|target_20pct,0.00761,709.05,55.7243,2026-01-08T10:01:00+05:30,850.86,target_20pct_hit,target_20pct,2026-01-08 10:53:00+05:30,2026-01-08,True,weekly,52,52,1366.5,92.7227,PE,20.0,rsi_55,SENSEX|weekly|2026-01-08|ITM2,85280.45,85300.0,SENSEX 85500 PE 08 JAN 26,1m,32.584486,SENSEX,weekly_series_expiry_day,45
36,expiry_day|1m|rsi_55|target_20pct,1.326552,1164.2,58.4369,2026-01-08T14:29:00+05:30,1316.3,hold_to_end_target_20pct_not_hit,target_20pct,2026-01-08 15:29:00+05:30,2026-01-08,True,weekly,60,60,1366.5,17.3767,PE,13.0648,rsi_55,SENSEX|weekly|2026-01-08|ITM2,85280.45,85300.0,SENSEX 85500 PE 08 JAN 26,1m,32.584486,SENSEX,weekly_series_expiry_day,45
153,expiry_day|1m|rsi_55|target_20pct,0.006806,2.5,65.0433,2026-01-14T11:30:00+05:30,0.05,hold_to_end_target_20pct_not_hit,target_20pct,2026-01-14 15:29:00+05:30,2026-01-14,True,weekly,239,239,2.85,14.0,CE,-98.0,rsi_55,SENSEX|weekly|2026-01-14|ITM2,84869.83,84900.0,SENSEX 84700 CE 14 JAN 26,1m,32.581418,SENSEX,weekly_series_expiry_day,46
281,expiry_day|1m|rsi_55|target_20pct,0.223615,1669.95,76.032,2026-01-14T09:48:00+05:30,1715.5,hold_to_end_target_20pct_not_hit,target_20pct,2026-01-14 15:29:00+05:30,2026-01-14,True,weekly,341,341,1826.2,9.3566,PE,2.7276,rsi_55,SENSEX|weekly|2026-01-14|ITM2,84869.83,84900.0,SENSEX 85100 PE 14 JAN 26,1m,32.581418,SENSEX,weekly_series_expiry_day,46
168,expiry_day|1m|rsi_55|target_20pct,0.010222,2.55,61.6782,2026-01-22T11:15:00+05:30,3.06,target_20pct_hit,target_20pct,2026-01-22 12:18:00+05:30,2026-01-22,True,weekly,63,63,3.3,29.4118,CE,20.0,rsi_55,SENSEX|weekly|2026-01-22|ITM2,84842.83,84800.0,SENSEX 84600 CE 22 JAN 26,1m,32.155416,SENSEX,weekly_series_expiry_day,47
29,expiry_day|1m|rsi_55|target_20pct,0.010308,2.5,55.2513,2026-01-22T13:34:00+05:30,3.0,target_20pct_hit,target_20pct,2026-01-22 13:52:00+05:30,2026-01-22,True,weekly,18,18,3.3,32.0,CE,20.0,rsi_55,SENSEX|weekly|2026-01-22|ITM2,84842.83,84800.0,SENSEX 84600 CE 22 JAN 26,1m,32.155416,SENSEX,weekly_series_expiry_day,47
4,expiry_day|1m|rsi_55|target_20pct,0.006975,2.8,56.3147,2026-01-22T14:23:00+05:30,0.05,hold_to_end_target_20pct_not_hit,target_20pct,2026-01-22 15:29:00+05:30,2026-01-22,True,weekly,66,66,3.05,8.9286,CE,-98.2143,rsi_55,SENSEX|weekly|2026-01-22|ITM2,84842.83,84800.0,SENSEX 84600 CE 22 JAN 26,1m,32.155416,SENSEX,weekly_series_expiry_day,47
193,expiry_day|1m|rsi_55|target_20pct,1.872514,2422.5,64.0228,2026-01-22T10:04:00+05:30,2907.0,target_20pct_hit,target_20pct,2026-01-22 11:02:00+05:30,2026-01-22,True,weekly,58,58,3090.0,27.5542,PE,20.0,rsi_55,SENSEX|weekly|2026-01-22|ITM2,84842.83,84800.0,SENSEX 85000 PE 22 JAN 26,1m,32.155416,SENSEX,weekly_series_expiry_day,47
94,expiry_day|1m|rsi_55|target_20pct,3.021254,2972.55,71.0754,2026-01-22T11:43:00+05:30,2690.95,hold_to_end_target_20pct_not_hit,target_20pct,2026-01-22 15:29:00+05:30,2026-01-22,True,weekly,226,226,3090.0,3.9512,PE,-9.4733,rsi_55,SENSEX|weekly|2026-01-22|ITM2,84842.83,84800.0,SENSEX 85000 PE 22 JAN 26,1m,32.155416,SENSEX,weekly_series_expiry_day,47
11,expiry_day|1m|rsi_55|target_20pct,0.571947,1186.6,57.5546,2026-02-05T10:13:00+05:30,1015.0,hold_to_end_target_20pct_not_hit,target_20pct,2026-02-05 15:29:00+05:30,2026-02-05,True,weekly,316,316,1296.5,9.2618,CE,-14.4615,rsi_55,SENSEX|weekly|2026-02-05|ITM2,82488.15,82500.0,SENSEX 82300 CE 05 FEB 26,1m,32.406681,SENSEX,weekly_series_expiry_day,48
17,expiry_day|1m|rsi_55|target_20pct,0.099771,15.7,57.4835,2026-02-05T10:40:00+05:30,18.84,target_20pct_hit,target_20pct,2026-02-05 10:57:00+05:30,2026-02-05,True,weekly,17,17,19.15,21.9745,PE,20.0,rsi_55,SENSEX|weekly|2026-02-05|ITM2,82488.15,82500.0,SENSEX 82700 PE 05 FEB 26,1m,32.406681,SENSEX,weekly_series_expiry_day,48
32,expiry_day|1m|rsi_55|target_20pct,0.021445,10.4,58.6989,2026-02-05T11:50:00+05:30,12.48,target_20pct_hit,target_20pct,2026-02-05 12:17:00+05:30,2026-02-05,True,weekly,27,27,14.7,41.3462,PE,20.0,rsi_55,SENSEX|weekly|2026-02-05|ITM2,82488.15,82500.0,SENSEX 82700 PE 05 FEB 26,1m,32.406681,SENSEX,weekly_series_expiry_day,48
0,expiry_day|1m|rsi_55|target_20pct,0.166648,13.1,59.4127,2026-02-05T12:33:00+05:30,0.05,hold_to_end_target_20pct_not_hit,target_20pct,2026-02-05 15:29:00+05:30,2026-02-05,True,weekly,176,176,13.55,3.4351,PE,-99.6183,rsi_55,SENSEX|weekly|2026-02-05|ITM2,82488.15,82500.0,SENSEX 82700 PE 05 FEB 26,1m,32.406681,SENSEX,weekly_series_expiry_day,48
22,expiry_day|1m|rsi_55|target_20pct,0.013733,3.15,59.1532,2026-02-12T09:55:00+05:30,3.78,target_20pct_hit,target_20pct,2026-02-12 10:16:00+05:30,2026-02-12,True,weekly,21,21,3.95,25.3968,PE,20.0,rsi_55,SENSEX|weekly|2026-02-12|ITM2,82089.42,82100.0,SENSEX 82300 PE 12 FEB 26,1m,32.268555,SENSEX,weekly_series_expiry_day,49
129,expiry_day|1m|rsi_55|target_20pct,0.014935,3.3,60.0519,2026-02-12T10:58:00+05:30,0.05,hold_to_end_target_20pct_not_hit,target_20pct,2026-02-12 15:29:00+05:30,2026-02-12,True,weekly,271,271,3.55,7.5758,PE,-98.4848,rsi_55,SENSEX|weekly|2026-02-12|ITM2,82089.42,82100.0,SENSEX 82300 PE 12 FEB 26,1m,32.268555,SENSEX,weekly_series_expiry_day,49
0,expiry_day|1m|rsi_55|target_20pct,0.210898,23.0,65.7383,2026-02-19T13:09:00+05:30,0.1,hold_to_end_target_20pct_not_hit,target_20pct,2026-02-19 15:29:00+05:30,2026-02-19,True,weekly,140,140,25.9,12.6087,CE,-99.5652,rsi_55,SENSEX|weekly|2026-02-19|ITM2,83733.42,83700.0,SENSEX 83500 CE 19 FEB 26,1m,31.972377,SENSEX,weekly_series_expiry_day,50
246,expiry_day|1m|rsi_55|target_20pct,1.964157,515.0,62.316,2026-02-19T11:13:00+05:30,618.0,target_20pct_hit,target_20pct,2026-02-19 11:23:00+05:30,2026-02-19,True,weekly,10,10,1441.5,179.9029,PE,20.0,rsi_55,SENSEX|weekly|2026-02-19|ITM2,83733.42,83700.0,SENSEX 83900 PE 19 FEB 26,1m,31.972377,SENSEX,weekly_series_expiry_day,50
108,expiry_day|1m|rsi_55|target_20pct,2.049904,930.95,60.5153,2026-02-19T13:31:00+05:30,1117.14,target_20pct_hit,target_20pct,2026-02-19 14:06:00+05:30,2026-02-19,True,weekly,35,35,1441.5,54.8418,PE,20.0,rsi_55,SENSEX|weekly|2026-02-19|ITM2,83733.42,83700.0,SENSEX 83900 PE 19 FEB 26,1m,31.972377,SENSEX,weekly_series_expiry_day,50
52,expiry_day|1m|rsi_55|target_20pct,2.646394,1058.75,60.0929,2026-02-19T14:27:00+05:30,1270.5,target_20pct_hit,target_20pct,2026-02-19 14:48:00+05:30,2026-02-19,True,weekly,21,21,1441.5,36.1511,PE,20.0,rsi_55,SENSEX|weekly|2026-02-19|ITM2,83733.42,83700.0,SENSEX 83900 PE 19 FEB 26,1m,31.972377,SENSEX,weekly_series_expiry_day,50
62,series|5m|macd_only|target_30pct,10.939193,2370.3,96.8124,2025-05-22T10:25:00+05:30,957.9,hold_to_end_target_30pct_not_hit,target_30pct,2025-06-24 15:30:00+05:30,2025-06-24,False,monthly,1304,6520,2430.0,2.5187,CE,-59.5874,macd_only,SENSEX|monthly|2025-06-24|ITM2,81978.6,81300.0,SENSEX 81100 CE 24 JUN 25,5m,34.676956,SENSEX,monthly_series,1
413,series|5m|macd_only|target_30pct,12.763533,1180.0,100.0,2025-05-19T14:15:00+05:30,1534.0,target_30pct_hit,target_30pct,2025-05-28 09:20:00+05:30,2025-06-24,False,monthly,353,1765,2044.0,73.2203,PE,30.0,macd_only,SENSEX|monthly|2025-06-24|ITM2,81978.6,81300.0,SENSEX 81500 PE 24 JUN 25,5m,34.676956,SENSEX,monthly_series,1
19,series|5m|macd_only|target_30pct,2.724346,1380.05,70.3288,2025-05-28T12:45:00+05:30,1794.065,target_30pct_hit,target_30pct,2025-05-28 14:20:00+05:30,2025-06-24,False,monthly,19,95,2044.0,48.1106,PE,30.0,macd_only,SENSEX|monthly|2025-06-24|ITM2,81978.6,81300.0,SENSEX 81500 PE 24 JUN 25,5m,34.676956,SENSEX,monthly_series,1
2,series|5m|macd_only|target_30pct,0.769143,1360.7,52.5488,2025-05-28T14:45:00+05:30,1768.91,target_30pct_hit,target_30pct,2025-05-28 14:55:00+05:30,2025-06-24,False,monthly,2,10,2044.0,50.2168,PE,30.0,macd_only,SENSEX|monthly|2025-06-24|ITM2,81978.6,81300.0,SENSEX 81500 PE 24 JUN 25,5m,34.676956,SENSEX,monthly_series,1
125,series|5m|macd_only|target_30pct,1.179703,1283.05,57.118,2025-05-29T11:40:00+05:30,0.05,hold_to_end_target_30pct_not_hit,target_30pct,2025-06-24 15:30:00+05:30,2025-06-24,False,monthly,1402,7010,1615.4,25.9031,PE,-99.9961,macd_only,SENSEX|monthly|2025-06-24|ITM2,81978.6,81300.0,SENSEX 81500 PE 24 JUN 25,5m,34.676956,SENSEX,monthly_series,1
1165,series|10m|rsi_60|target_30pct,2.776539,820.85,62.8744,2025-05-15T10:50:00+05:30,1067.105,target_30pct_hit,target_30pct,2025-05-15 14:00:00+05:30,2025-06-26,False,monthly,19,190,1156.7,40.9149,CE,30.0,rsi_60,NIFTY|monthly|2025-06-26|ITM2,24514.05,24500.0,NIFTY 24400 CE 26 JUN 25,10m,40.60159,NIFTY,monthly_series,2
1018,series|10m|rsi_60|target_30pct,3.035629,918.5,68.7602,2025-05-21T10:30:00+05:30,1149.1,hold_to_end_target_30pct_not_hit,target_30pct,2025-06-26 15:30:00+05:30,2025-06-26,False,monthly,1018,10180,1156.7,25.9336,CE,25.1062,rsi_60,NIFTY|monthly|2025-06-26|ITM2,24514.05,24500.0,NIFTY 24400 CE 26 JUN 25,10m,40.60159,NIFTY,monthly_series,2
32,series|10m|rsi_60|target_30pct,1.220737,409.6,63.1926,2025-05-13T10:00:00+05:30,0.05,hold_to_end_target_30pct_not_hit,target_30pct,2025-06-26 15:30:00+05:30,2025-06-26,False,monthly,1249,12490,469.2,14.5508,PE,-99.9878,rsi_60,NIFTY|monthly|2025-06-26|ITM2,24514.05,24500.0,NIFTY 24600 PE 26 JUN 25,10m,40.60159,NIFTY,monthly_series,2
0,series|10m|rsi_60|target_30pct,6.494288,1828.05,82.1805,2025-07-24T09:30:00+05:30,536.3,hold_to_end_target_30pct_not_hit,target_30pct,2025-07-29 15:30:00+05:30,2025-07-29,False,monthly,150,1500,1828.55,0.0274,CE,-70.6627,rsi_60,SENSEX|monthly|2025-07-29|ITM2,81564.68,81000.0,SENSEX 80800 CE 29 JUL 25,10m,41.322349,SENSEX,monthly_series,3
305,series|10m|rsi_60|target_30pct,0.407362,174.6,61.2885,2025-07-17T10:40:00+05:30,226.98,target_30pct_hit,target_30pct,2025-07-18 10:10:00+05:30,2025-07-29,False,monthly,35,350,589.75,237.7721,PE,30.0,rsi_60,SENSEX|monthly|2025-07-29|ITM2,81564.68,81000.0,SENSEX 81200 PE 29 JUL 25,10m,41.322349,SENSEX,monthly_series,3
109,series|10m|rsi_60|target_30pct,0.412493,49.95,69.9573,2025-07-24T11:40:00+05:30,64.935,target_30pct_hit,target_30pct,2025-07-24 12:00:00+05:30,2025-07-29,False,monthly,2,20,589.75,1080.6807,PE,30.0,rsi_60,SENSEX|monthly|2025-07-29|ITM2,81564.68,81000.0,SENSEX 81200 PE 29 JUL 25,10m,41.322349,SENSEX,monthly_series,3
85,series|10m|rsi_60|target_30pct,3.475547,106.65,73.3592,2025-07-25T09:20:00+05:30,138.645,target_30pct_hit,target_30pct,2025-07-25 10:20:00+05:30,2025-07-29,False,monthly,6,60,589.75,452.977,PE,30.0,rsi_60,SENSEX|monthly|2025-07-29|ITM2,81564.68,81000.0,SENSEX 81200 PE 29 JUL 25,10m,41.322349,SENSEX,monthly_series,3
284,series|10m|rsi_60|target_30pct,2.260114,840.0,65.6115,2025-06-18T09:50:00+05:30,1092.0,target_30pct_hit,target_30pct,2025-06-26 09:40:00+05:30,2025-07-31,False,monthly,227,2270,1327.35,58.0179,CE,30.0,rsi_60,NIFTY|monthly|2025-07-31|ITM2,24767.55,24750.0,NIFTY 24500 CE 31 JUL 25,10m,45.454578,NIFTY,monthly_series,4
4,series|10m|rsi_60|target_30pct,0.667567,367.25,75.0344,2025-06-23T09:30:00+05:30,81.4,hold_to_end_target_30pct_not_hit,target_30pct,2025-07-31 15:30:00+05:30,2025-07-31,False,monthly,1100,11000,402.75,9.6664,PE,-77.8353,rsi_60,NIFTY|monthly|2025-07-31|ITM2,24767.55,24750.0,NIFTY 24850 PE 31 JUL 25,10m,45.454578,NIFTY,monthly_series,4
78,series|10m|rsi_60|target_30pct,4.458255,917.25,72.0866,2025-07-29T13:50:00+05:30,0.05,hold_to_end_target_30pct_not_hit,target_30pct,2025-08-26 15:30:00+05:30,2025-08-26,False,monthly,727,7270,1125.2,22.671,CE,-99.9945,rsi_60,SENSEX|monthly|2025-08-26|ITM2,82409.19,81900.0,SENSEX 81700 CE 26 AUG 25,10m,44.354201,SENSEX,monthly_series,5
402,series|10m|rsi_60|target_30pct,29.727066,1158.75,100.0,2025-07-18T11:50:00+05:30,1506.375,target_30pct_hit,target_30pct,2025-07-29 10:30:00+05:30,2025-08-26,False,monthly,234,2340,2260.0,95.0378,PE,30.0,rsi_60,SENSEX|monthly|2025-08-26|ITM2,82409.19,81900.0,SENSEX 82100 PE 26 AUG 25,10m,44.354201,SENSEX,monthly_series,5
110,series|10m|rsi_60|target_30pct,20.510758,1375.2,84.0486,2025-07-31T09:40:00+05:30,1787.76,target_30pct_hit,target_30pct,2025-08-06 15:10:00+05:30,2025-08-26,False,monthly,110,1100,2260.0,64.3397,PE,30.0,rsi_60,SENSEX|monthly|2025-08-26|ITM2,82409.19,81900.0,SENSEX 82100 PE 26 AUG 25,10m,44.354201,SENSEX,monthly_series,5
6,series|10m|rsi_60|target_30pct,1.944096,1374.5,74.3599,2025-08-13T14:40:00+05:30,1313.1,hold_to_end_target_30pct_not_hit,target_30pct,2025-08-26 15:30:00+05:30,2025-08-26,False,monthly,303,3030,1430.0,4.0378,PE,-4.4671,rsi_60,SENSEX|monthly|2025-08-26|ITM2,82409.19,81900.0,SENSEX 82100 PE 26 AUG 25,10m,44.354201,SENSEX,monthly_series,5
76,series|5m|macd_only|target_30pct,44.814543,2083.9,99.7357,2025-09-05T09:30:00+05:30,2709.07,target_30pct_hit,target_30pct,2025-09-18 09:25:00+05:30,2025-09-25,False,monthly,73,365,3885.7,86.4629,CE,30.0,macd_only,SENSEX|monthly|2025-09-25|ITM2,79991.67,79500.0,SENSEX 79300 CE 25 SEP 25,5m,44.549682,SENSEX,monthly_series,6
50,series|5m|macd_only|target_30pct,0.78407,301.25,71.4281,2025-09-04T12:30:00+05:30,391.625,target_30pct_hit,target_30pct,2025-09-05 10:15:00+05:30,2025-09-25,False,monthly,48,240,418.6,38.9544,PE,30.0,macd_only,SENSEX|monthly|2025-09-25|ITM2,79991.67,79500.0,SENSEX 79700 PE 25 SEP 25,5m,44.549682,SENSEX,monthly_series,6
4,series|5m|macd_only|target_30pct,1.124246,219.05,59.9309,2025-09-08T15:00:00+05:30,0.05,hold_to_end_target_30pct_not_hit,target_30pct,2025-09-25 15:30:00+05:30,2025-09-25,False,monthly,906,4530,229.65,4.8391,PE,-99.9772,macd_only,SENSEX|monthly|2025-09-25|ITM2,79991.67,79500.0,SENSEX 79700 PE 25 SEP 25,5m,44.549682,SENSEX,monthly_series,6
1235,series|5m|macd_only|target_30pct,12.904796,1532.0,89.5607,2025-09-24T13:30:00+05:30,1991.6,target_30pct_hit,target_30pct,2025-10-17 09:50:00+05:30,2025-10-30,False,monthly,1129,5645,3670.0,139.5561,CE,30.0,macd_only,SENSEX|monthly|2025-10-30|ITM2,81954.53,82000.0,SENSEX 81800 CE 30 OCT 25,5m,45.227347,SENSEX,monthly_series,7
37,series|5m|macd_only|target_30pct,80.478474,3529.2,97.7483,2025-10-23T09:30:00+05:30,2600.0,hold_to_end_target_30pct_not_hit,target_30pct,2025-10-30 15:30:00+05:30,2025-10-30,False,monthly,221,1105,3670.0,3.9896,CE,-26.3289,macd_only,SENSEX|monthly|2025-10-30|ITM2,81954.53,82000.0,SENSEX 81800 CE 30 OCT 25,5m,45.227347,SENSEX,monthly_series,7
164,series|5m|macd_only|target_30pct,7.244148,898.0,85.7834,2025-09-24T09:20:00+05:30,1167.4,target_30pct_hit,target_30pct,2025-09-26 14:00:00+05:30,2025-10-30,False,monthly,149,745,1757.1,95.6682,PE,30.0,macd_only,SENSEX|monthly|2025-10-30|ITM2,81954.53,82000.0,SENSEX 82200 PE 30 OCT 25,5m,45.227347,SENSEX,monthly_series,7
82,series|5m|macd_only|target_30pct,0.873532,688.7,59.9281,2025-10-07T11:50:00+05:30,0.05,hold_to_end_target_30pct_not_hit,target_30pct,2025-10-30 15:30:00+05:30,2025-10-30,False,monthly,1188,5940,837.2,21.5624,PE,-99.9927,macd_only,SENSEX|monthly|2025-10-30|ITM2,81954.53,82000.0,SENSEX 82200 PE 30 OCT 25,5m,45.227347,SENSEX,monthly_series,7
670,series|5m|macd_only|target_30pct,0.306935,1755.55,52.1242,2025-11-07T12:15:00+05:30,2282.215,target_30pct_hit,target_30pct,2025-11-11 14:50:00+05:30,2025-11-27,False,monthly,172,860,4000.0,127.8488,CE,30.0,macd_only,SENSEX|monthly|2025-11-27|ITM2,82088.92,82500.0,SENSEX 82000 CE 27 NOV 25,5m,44.68158,SENSEX,monthly_series,8
383,series|5m|macd_only|target_30pct,2.353599,3080.0,76.3301,2025-11-17T11:25:00+05:30,3736.3,hold_to_end_target_30pct_not_hit,target_30pct,2025-11-27 15:30:00+05:30,2025-11-27,False,monthly,434,2170,4000.0,29.8701,CE,21.3084,macd_only,SENSEX|monthly|2025-11-27|ITM2,82088.92,82500.0,SENSEX 82000 CE 27 NOV 25,5m,44.68158,SENSEX,monthly_series,8
649,series|5m|macd_only|target_30pct,1.579487,345.7,100.0,2025-10-23T13:35:00+05:30,449.41,target_30pct_hit,target_30pct,2025-10-24 13:00:00+05:30,2025-11-27,False,monthly,28,140,691.15,99.9277,PE,30.0,macd_only,SENSEX|monthly|2025-11-27|ITM2,82088.92,82500.0,SENSEX 82700 PE 27 NOV 25,5m,44.68158,SENSEX,monthly_series,8
541,series|5m|macd_only|target_30pct,0.642145,364.95,65.4684,2025-10-27T13:40:00+05:30,474.435,target_30pct_hit,target_30pct,2025-11-04 14:15:00+05:30,2025-11-27,False,monthly,446,2230,691.15,89.3821,PE,30.0,macd_only,SENSEX|monthly|2025-11-27|ITM2,82088.92,82500.0,SENSEX 82700 PE 27 NOV 25,5m,44.68158,SENSEX,monthly_series,8
64,series|5m|macd_only|target_30pct,3.262915,476.05,64.0006,2025-11-06T10:30:00+05:30,618.865,target_30pct_hit,target_30pct,2025-11-07 09:25:00+05:30,2025-11-27,False,monthly,62,310,691.15,45.1843,PE,30.0,macd_only,SENSEX|monthly|2025-11-27|ITM2,82088.92,82500.0,SENSEX 82700 PE 27 NOV 25,5m,44.68158,SENSEX,monthly_series,8
35,series|5m|macd_only|target_30pct,0.093642,344.0,63.839,2025-11-10T14:00:00+05:30,447.2,target_30pct_hit,target_30pct,2025-11-11 09:40:00+05:30,2025-11-27,False,monthly,23,115,482.15,40.1599,PE,30.0,macd_only,SENSEX|monthly|2025-11-27|ITM2,82088.92,82500.0,SENSEX 82700 PE 27 NOV 25,5m,44.68158,SENSEX,monthly_series,8
83,series|5m|macd_only|target_30pct,0.230898,161.95,66.0244,2025-11-13T09:20:00+05:30,210.535,target_30pct_hit,target_30pct,2025-11-14 10:05:00+05:30,2025-11-27,False,monthly,83,415,215.1,32.8188,PE,30.0,macd_only,SENSEX|monthly|2025-11-27|ITM2,82088.92,82500.0,SENSEX 82700 PE 27 NOV 25,5m,44.68158,SENSEX,monthly_series,8
21,series|5m|macd_only|target_30pct,0.083902,173.1,51.7637,2025-11-14T12:10:00+05:30,0.05,hold_to_end_target_30pct_not_hit,target_30pct,2025-11-27 15:30:00+05:30,2025-11-27,False,monthly,721,3605,212.15,22.5592,PE,-99.9711,macd_only,SENSEX|monthly|2025-11-27|ITM2,82088.92,82500.0,SENSEX 82700 PE 27 NOV 25,5m,44.68158,SENSEX,monthly_series,8
446,series|5m|macd_only|target_30pct,36.484237,2164.25,97.5607,2025-12-12T09:20:00+05:30,2235.25,hold_to_end_target_30pct_not_hit,target_30pct,2025-12-22 15:30:00+05:30,2025-12-24,False,monthly,447,2235,2235.25,3.2806,CE,3.2806,macd_only,SENSEX|monthly|2025-12-24|ITM2,83496.45,83500.0,SENSEX 83300 CE 24 DEC 25,5m,52.332444,SENSEX,monthly_series,9
35,series|5m|macd_only|target_30pct,12.260969,410.75,100.0,2025-11-25T12:10:00+05:30,0.05,hold_to_end_target_30pct_not_hit,target_30pct,2025-12-24 15:30:00+05:30,2025-12-24,False,monthly,1547,7735,462.4,12.5746,PE,-99.9878,macd_only,SENSEX|monthly|2025-12-24|ITM2,83496.45,83500.0,SENSEX 83700 PE 24 DEC 25,5m,52.332444,SENSEX,monthly_series,9
94,series|5m|macd_only|target_30pct,11.020751,1512.3,84.2351,2025-12-19T09:15:00+05:30,1965.99,target_30pct_hit,target_30pct,2025-12-23 10:15:00+05:30,2026-01-29,False,monthly,94,470,2006.7,32.6919,CE,30.0,macd_only,SENSEX|monthly|2026-01-29|ITM2,85019.28,85000.0,SENSEX 84800 CE 29 JAN 26,5m,50.896374,SENSEX,monthly_series,10
283,series|5m|macd_only|target_30pct,4.022418,1242.35,67.8195,2025-12-30T10:45:00+05:30,1615.055,target_30pct_hit,target_30pct,2026-01-02 11:35:00+05:30,2026-01-29,False,monthly,235,1175,1816.0,46.1746,CE,30.0,macd_only,SENSEX|monthly|2026-01-29|ITM2,85019.28,85000.0,SENSEX 84800 CE 29 JAN 26,5m,50.896374,SENSEX,monthly_series,10
17,series|5m|macd_only|target_30pct,1.271689,1145.0,58.1057,2026-01-07T11:50:00+05:30,0.05,hold_to_end_target_30pct_not_hit,target_30pct,2026-01-29 15:30:00+05:30,2026-01-29,False,monthly,1103,5515,1150.75,0.5022,CE,-99.9956,macd_only,SENSEX|monthly|2026-01-29|ITM2,85019.28,85000.0,SENSEX 84800 CE 29 JAN 26,5m,50.896374,SENSEX,monthly_series,10
1480,series|5m|macd_only|target_30pct,3.448605,1040.45,93.5854,2025-12-18T15:00:00+05:30,1352.585,target_30pct_hit,target_30pct,2026-01-09 11:55:00+05:30,2026-01-29,False,monthly,1076,5380,4086.3,292.7435,PE,30.0,macd_only,SENSEX|monthly|2026-01-29|ITM2,85019.28,85000.0,SENSEX 85200 PE 29 JAN 26,5m,50.896374,SENSEX,monthly_series,10
238,series|5m|macd_only|target_30pct,31.92341,1680.9,97.9528,2026-01-13T13:15:00+05:30,2185.17,target_30pct_hit,target_30pct,2026-01-21 09:45:00+05:30,2026-01-29,False,monthly,238,1190,4086.3,143.1019,PE,30.0,macd_only,SENSEX|monthly|2026-01-29|ITM2,85019.28,85000.0,SENSEX 85200 PE 29 JAN 26,5m,50.896374,SENSEX,monthly_series,10
25,series|5m|macd_only|target_30pct,44.578066,3110.0,97.2197,2026-01-22T13:30:00+05:30,2662.0,hold_to_end_target_30pct_not_hit,target_30pct,2026-01-29 15:30:00+05:30,2026-01-29,False,monthly,115,575,3768.85,21.1849,PE,-14.4051,macd_only,SENSEX|monthly|2026-01-29|ITM2,85019.28,85000.0,SENSEX 85200 PE 29 JAN 26,5m,50.896374,SENSEX,monthly_series,10
105,series|5m|macd_only|target_30pct,31.729103,1992.6,99.4799,2026-01-29T14:45:00+05:30,2590.38,target_30pct_hit,target_30pct,2026-02-03 10:00:00+05:30,2026-02-26,False,monthly,96,480,3150.6,58.115,CE,30.0,macd_only,SENSEX|monthly|2026-02-26|ITM2,83305.12,83400.0,SENSEX 81800 CE 26 FEB 26,5m,52.887945,SENSEX,monthly_series,11
0,series|5m|macd_only|target_30pct,1.826829,2877.6,81.3427,2026-02-10T11:30:00+05:30,447.55,hold_to_end_target_30pct_not_hit,target_30pct,2026-02-26 15:30:00+05:30,2026-02-26,False,monthly,776,3880,2877.6,0.0,CE,-84.4471,macd_only,SENSEX|monthly|2026-02-26|ITM2,83305.12,83400.0,SENSEX 81800 CE 26 FEB 26,5m,52.887945,SENSEX,monthly_series,11
1108,series|5m|macd_only|target_30pct,1.772436,784.4,59.0102,2026-02-04T09:25:00+05:30,1019.72,target_30pct_hit,target_30pct,2026-02-13 13:50:00+05:30,2026-02-26,False,monthly,582,2910,1619.45,106.4572,PE,30.0,macd_only,SENSEX|monthly|2026-02-26|ITM2,83305.12,83400.0,SENSEX 83600 PE 26 FEB 26,5m,52.887945,SENSEX,monthly_series,11
372,series|5m|macd_only|target_30pct,1.425839,678.8,62.7427,2026-02-17T14:15:00+05:30,882.44,target_30pct_hit,target_30pct,2026-02-19 12:15:00+05:30,2026-02-26,False,monthly,128,640,1619.45,138.5754,PE,30.0,macd_only,SENSEX|monthly|2026-02-26|ITM2,83305.12,83400.0,SENSEX 83600 PE 26 FEB 26,5m,52.887945,SENSEX,monthly_series,11
156,series|5m|macd_only|target_30pct,1.238837,1060.0,65.7684,2026-02-20T13:15:00+05:30,1378.0,target_30pct_hit,target_30pct,2026-02-24 12:50:00+05:30,2026-02-26,False,monthly,147,735,1619.45,52.7783,PE,30.0,macd_only,SENSEX|monthly|2026-02-26|ITM2,83305.12,83400.0,SENSEX 83600 PE 26 FEB 26,5m,52.887945,SENSEX,monthly_series,11
91,series|5m|macd_only|target_30pct,4.285098,927.15,60.6258,2026-02-25T12:30:00+05:30,1205.295,target_30pct_hit,target_30pct,2026-02-25 12:40:00+05:30,2026-02-26,False,monthly,2,10,1591.75,71.682,PE,30.0,macd_only,SENSEX|monthly|2026-02-26|ITM2,83305.12,83400.0,SENSEX 83600 PE 26 FEB 26,5m,52.887945,SENSEX,monthly_series,11
31,series|5m|macd_only|target_30pct,3.444623,1266.5,53.0751,2026-02-26T11:10:00+05:30,1353.8,hold_to_end_target_30pct_not_hit,target_30pct,2026-02-26 15:30:00+05:30,2026-02-26,False,monthly,52,260,1591.75,25.681,PE,6.893,macd_only,SENSEX|monthly|2026-02-26|ITM2,83305.12,83400.0,SENSEX 83600 PE 26 FEB 26,5m,52.887945,SENSEX,monthly_series,11
125,expiry_day|1m|macd_only|target_10pct,5.419203,1622.8,57.6167,2025-06-24T10:02:00+05:30,1785.08,target_10pct_hit,target_10pct,2025-06-24 10:17:00+05:30,2025-06-24,True,monthly,15,15,2056.0,26.6946,CE,10.0,macd_only,SENSEX|monthly|2025-06-24|ITM2,81978.6,81300.0,SENSEX 81100 CE 24 JUN 25,1m,6.247698,SENSEX,monthly_series_expiry_day,1
67,expiry_day|1m|macd_only|target_10pct,2.100293,1695.4,57.4589,2025-06-24T11:00:00+05:30,1864.94,target_10pct_hit,target_10pct,2025-06-24 11:07:00+05:30,2025-06-24,True,monthly,7,7,2056.0,21.2693,CE,10.0,macd_only,SENSEX|monthly|2025-06-24|ITM2,81978.6,81300.0,SENSEX 81100 CE 24 JUN 25,1m,6.247698,SENSEX,monthly_series_expiry_day,1
0,expiry_day|1m|macd_only|target_10pct,2.979478,1778.0,56.3901,2025-06-24T12:55:00+05:30,957.9,hold_to_end_target_10pct_not_hit,target_10pct,2025-06-24 15:29:00+05:30,2025-06-24,True,monthly,154,154,1778.0,0.0,CE,-46.1249,macd_only,SENSEX|monthly|2025-06-24|ITM2,81978.6,81300.0,SENSEX 81100 CE 24 JUN 25,1m,6.247698,SENSEX,monthly_series_expiry_day,1
182,expiry_day|1m|macd_only|target_10pct,0.188153,19.0,57.5225,2025-06-24T10:36:00+05:30,20.9,target_10pct_hit,target_10pct,2025-06-24 10:41:00+05:30,2025-06-24,True,monthly,5,5,48.4,154.7368,PE,10.0,macd_only,SENSEX|monthly|2025-06-24|ITM2,81978.6,81300.0,SENSEX 81500 PE 24 JUN 25,1m,6.247698,SENSEX,monthly_series_expiry_day,1
61,expiry_day|1m|macd_only|target_10pct,0.062126,8.65,68.9442,2025-06-24T12:37:00+05:30,9.515,target_10pct_hit,target_10pct,2025-06-24 12:40:00+05:30,2025-06-24,True,monthly,3,3,48.4,459.5376,PE,10.0,macd_only,SENSEX|monthly|2025-06-24|ITM2,81978.6,81300.0,SENSEX 81500 PE 24 JUN 25,1m,6.247698,SENSEX,monthly_series_expiry_day,1
23,expiry_day|1m|macd_only|target_10pct,0.022224,10.75,57.6753,2025-06-24T13:15:00+05:30,11.825,target_10pct_hit,target_10pct,2025-06-24 13:16:00+05:30,2025-06-24,True,monthly,1,1,48.4,350.2326,PE,10.0,macd_only,SENSEX|monthly|2025-06-24|ITM2,81978.6,81300.0,SENSEX 81500 PE 24 JUN 25,1m,6.247698,SENSEX,monthly_series_expiry_day,1
231,expiry_day|1m|macd_only|target_20pct,1.782788,978.6,72.6408,2025-06-26T11:32:00+05:30,1149.1,hold_to_end_target_20pct_not_hit,target_20pct,2025-06-26 15:29:00+05:30,2025-06-26,True,monthly,237,237,1156.7,18.1995,CE,17.4228,macd_only,NIFTY|monthly|2025-06-26|ITM2,24514.05,24500.0,NIFTY 24400 CE 26 JUN 25,1m,20.976203,NIFTY,monthly_series_expiry_day,2
4,expiry_day|1m|macd_only|target_20pct,0.010308,1.95,59.761,2025-06-26T09:57:00+05:30,0.05,hold_to_end_target_20pct_not_hit,target_20pct,2025-06-26 15:29:00+05:30,2025-06-26,True,monthly,332,332,2.15,10.2564,PE,-97.4359,macd_only,NIFTY|monthly|2025-06-26|ITM2,24514.05,24500.0,NIFTY 24600 PE 26 JUN 25,1m,20.976203,NIFTY,monthly_series_expiry_day,2
198,expiry_day|1m|macd_only|target_20pct,0.101321,110.75,61.8829,2025-07-29T11:14:00+05:30,132.9,target_20pct_hit,target_20pct,2025-07-29 11:15:00+05:30,2025-07-29,True,monthly,1,1,545.65,392.6862,CE,20.0,macd_only,SENSEX|monthly|2025-07-29|ITM2,81564.68,81000.0,SENSEX 80800 CE 29 JUL 25,1m,17.21153,SENSEX,monthly_series_expiry_day,3
140,expiry_day|1m|macd_only|target_20pct,0.265505,138.1,63.6411,2025-07-29T12:12:00+05:30,165.72,target_20pct_hit,target_20pct,2025-07-29 12:41:00+05:30,2025-07-29,True,monthly,29,29,545.65,295.1122,CE,20.0,macd_only,SENSEX|monthly|2025-07-29|ITM2,81564.68,81000.0,SENSEX 80800 CE 29 JUL 25,1m,17.21153,SENSEX,monthly_series_expiry_day,3
21,expiry_day|1m|macd_only|target_20pct,0.761166,454.7,56.4896,2025-07-29T15:02:00+05:30,536.3,hold_to_end_target_20pct_not_hit,target_20pct,2025-07-29 15:29:00+05:30,2025-07-29,True,monthly,27,27,543.4,19.5074,CE,17.9459,macd_only,SENSEX|monthly|2025-07-29|ITM2,81564.68,81000.0,SENSEX 80800 CE 29 JUL 25,1m,17.21153,SENSEX,monthly_series_expiry_day,3
35,expiry_day|1m|macd_only|target_20pct,4.019967,380.0,64.0855,2025-07-29T10:13:00+05:30,456.0,target_20pct_hit,target_20pct,2025-07-29 10:21:00+05:30,2025-07-29,True,monthly,8,8,589.75,55.1974,PE,20.0,macd_only,SENSEX|monthly|2025-07-29|ITM2,81564.68,81000.0,SENSEX 81200 PE 29 JUL 25,1m,17.21153,SENSEX,monthly_series_expiry_day,3
1,expiry_day|1m|macd_only|target_20pct,2.130364,414.95,59.963,2025-07-29T11:47:00+05:30,0.05,hold_to_end_target_20pct_not_hit,target_20pct,2025-07-29 15:29:00+05:30,2025-07-29,True,monthly,222,222,426.25,2.7232,PE,-99.988,macd_only,SENSEX|monthly|2025-07-29|ITM2,81564.68,81000.0,SENSEX 81200 PE 29 JUL 25,1m,17.21153,SENSEX,monthly_series_expiry_day,3
13,expiry_day|1m|macd_only|target_20pct,0.044442,179.1,54.1835,2025-07-31T09:50:00+05:30,214.92,target_20pct_hit,target_20pct,2025-07-31 10:03:00+05:30,2025-07-31,True,monthly,13,13,217.0,21.1614,PE,20.0,macd_only,NIFTY|monthly|2025-07-31|ITM2,24767.55,24750.0,NIFTY 24850 PE 31 JUL 25,1m,23.046545,NIFTY,monthly_series_expiry_day,4
8,expiry_day|1m|macd_only|target_20pct,0.144877,193.25,54.4309,2025-07-31T10:29:00+05:30,81.4,hold_to_end_target_20pct_not_hit,target_20pct,2025-07-31 15:29:00+05:30,2025-07-31,True,monthly,300,300,207.25,7.2445,PE,-57.8784,macd_only,NIFTY|monthly|2025-07-31|ITM2,24767.55,24750.0,NIFTY 24850 PE 31 JUL 25,1m,23.046545,NIFTY,monthly_series_expiry_day,4
1,expiry_day|1m|macd_only|target_20pct,0.175595,14.4,70.5204,2025-08-26T11:01:00+05:30,0.05,hold_to_end_target_20pct_not_hit,target_20pct,2025-08-26 15:29:00+05:30,2025-08-26,True,monthly,268,268,15.25,5.9028,CE,-99.6528,macd_only,SENSEX|monthly|2025-08-26|ITM2,82409.19,81900.0,SENSEX 81700 CE 26 AUG 25,1m,22.670688,SENSEX,monthly_series_expiry_day,5
299,expiry_day|1m|macd_only|target_20pct,1.822066,1093.0,64.2547,2025-08-26T10:15:00+05:30,1311.6,target_20pct_hit,target_20pct,2025-08-26 15:13:00+05:30,2025-08-26,True,monthly,298,298,1332.75,21.935,PE,20.0,macd_only,SENSEX|monthly|2025-08-26|ITM2,82409.19,81900.0,SENSEX 82100 PE 26 AUG 25,1m,22.670688,SENSEX,monthly_series_expiry_day,5
0,expiry_day|5m|rsi_60|target_20pct,0.009181,1.5,66.2475,2025-10-30T14:00:00+05:30,0.05,hold_to_end_target_20pct_not_hit,target_20pct,2025-10-30 15:30:00+05:30,2025-10-30,True,monthly,18,90,1.55,3.3333,PE,-96.6667,rsi_60,SENSEX|monthly|2025-10-30|ITM2,81954.53,82000.0,SENSEX 82200 PE 30 OCT 25,5m,24.617357,SENSEX,monthly_series_expiry_day,7
17,expiry_day|3m|macd_only|target_20pct,3.235169,3724.55,67.9046,2025-11-27T14:33:00+05:30,3736.3,hold_to_end_target_20pct_not_hit,target_20pct,2025-11-27 15:30:00+05:30,2025-11-27,True,monthly,19,57,3736.3,0.3155,CE,0.3155,macd_only,SENSEX|monthly|2025-11-27|ITM2,82088.92,82500.0,SENSEX 82000 CE 27 NOV 25,3m,25.609859,SENSEX,monthly_series_expiry_day,8
3,expiry_day|3m|macd_only|target_20pct,7.793488,420.8,62.7795,2026-02-26T14:36:00+05:30,504.96,target_20pct_hit,target_20pct,2026-02-26 14:42:00+05:30,2026-02-26,True,monthly,2,6,651.95,54.9311,CE,20.0,macd_only,SENSEX|monthly|2026-02-26|ITM2,83305.12,83400.0,SENSEX 81800 CE 26 FEB 26,3m,27.14645,SENSEX,monthly_series_expiry_day,11
61,expiry_day|3m|macd_only|target_20pct,1.376161,1211.15,58.5594,2026-02-26T10:39:00+05:30,1453.38,target_20pct_hit,target_20pct,2026-02-26 11:57:00+05:30,2026-02-26,True,monthly,26,78,1591.75,31.4247,PE,20.0,macd_only,SENSEX|monthly|2026-02-26|ITM2,83305.12,83400.0,SENSEX 83600 PE 26 FEB 26,3m,27.14645,SENSEX,monthly_series_expiry_day,11
