bars_to_max,chosen_variant_key,entry_macd,entry_price,entry_rsi,entry_time,exit_price,exit_reason,exit_strategy,exit_time,expiry,expiry_day_only,expiry_kind,holding_bars,holding_minutes,max_possible_price,max_possible_return_pct,option_type,return_pct,rsi_filter,series_id,spot_at_series_start,strike,symbol,timeframe,train_consistency_score,underlying,walkforward_group,walkforward_window
115,series|10m|macd_only|hold_to_expiry,4.386152,213.45,66.0965,2025-04-07T15:30:00+05:30,632.45,hold_to_end,hold_to_expiry,2025-04-15 15:30:00+05:30,2025-04-15,False,weekly,152,1520,766.05,258.8897,CE,196.2989,macd_only,SENSEX|weekly|2025-04-15,76088.08,76100.0,SENSEX 76100 CE 15 APR 25,10m,326.691434,SENSEX,weekly_series,1
65,series|10m|macd_only|hold_to_expiry,2.799733,516.95,58.7141,2025-04-03T15:20:00+05:30,0.05,hold_to_end,hold_to_expiry,2025-04-15 15:30:00+05:30,2025-04-15,False,weekly,223,2230,3779.3,631.0765,PE,-99.9903,macd_only,SENSEX|weekly|2025-04-15,76088.08,76100.0,SENSEX 76100 PE 15 APR 25,10m,326.691434,SENSEX,weekly_series,1
221,series|10m|macd_only|hold_to_expiry,1.374797,75.55,72.5389,2025-04-07T15:30:00+05:30,650.6,hold_to_end,hold_to_expiry,2025-04-17 15:30:00+05:30,2025-04-17,False,weekly,228,2280,671.9,789.3448,CE,761.1516,macd_only,NIFTY|weekly|2025-04-17,23192.2,23200.0,NIFTY 23200 CE 17 APR 25,10m,206.0175,NIFTY,weekly_series,2
43,series|10m|macd_only|hold_to_expiry,0.216808,179.65,53.3226,2025-04-03T14:50:00+05:30,0.05,hold_to_end,hold_to_expiry,2025-04-17 15:30:00+05:30,2025-04-17,False,weekly,308,3080,1515.0,743.3064,PE,-99.9722,macd_only,NIFTY|weekly|2025-04-17,23192.2,23200.0,NIFTY 23200 PE 17 APR 25,10m,206.0175,NIFTY,weekly_series,2
110,series|15m|rsi_60|hold_to_expiry,5.516935,760.0,63.6168,2025-04-16T14:00:00+05:30,1550.0,hold_to_end,hold_to_expiry,2025-04-24 15:30:00+05:30,2025-04-24,False,weekly,133,1995,1654.95,117.7566,CE,103.9474,rsi_60,NIFTY|weekly|2025-04-24,22715.95,22700.0,NIFTY 22700 CE 24 APR 25,15m,264.224315,NIFTY,weekly_series,4
78,series|15m|rsi_60|hold_to_expiry,14.352675,779.95,63.7082,2025-04-28T10:15:00+05:30,642.8,hold_to_end,hold_to_expiry,2025-05-06 15:30:00+05:30,2025-05-06,False,weekly,151,2265,1470.0,88.4736,CE,-17.5845,rsi_60,SENSEX|weekly|2025-05-06,79623.9,80000.0,SENSEX 80000 CE 06 MAY 25,15m,258.482117,SENSEX,weekly_series,5
0,series|15m|rsi_60|hold_to_expiry,1.963242,629.75,67.5383,2025-04-30T15:30:00+05:30,0.05,hold_to_end,hold_to_expiry,2025-05-06 15:30:00+05:30,2025-05-06,False,weekly,78,1170,668.3,6.1215,PE,-99.9921,rsi_60,SENSEX|weekly|2025-05-06,79623.9,80000.0,SENSEX 80000 PE 06 MAY 25,15m,258.482117,SENSEX,weekly_series,5
78,series|15m|rsi_60|hold_to_expiry,1.176041,258.0,62.1546,2025-04-28T10:15:00+05:30,0.05,hold_to_end,hold_to_expiry,2025-05-08 15:30:00+05:30,2025-05-08,False,weekly,203,3045,435.95,68.9729,CE,-99.9806,rsi_60,NIFTY|weekly|2025-05-08,24279.15,24300.0,NIFTY 24300 CE 08 MAY 25,15m,136.465273,NIFTY,weekly_series,6
0,series|15m|rsi_60|hold_to_expiry,1.300458,242.95,65.2011,2025-04-30T15:30:00+05:30,26.45,hold_to_end,hold_to_expiry,2025-05-08 15:30:00+05:30,2025-05-08,False,weekly,130,1950,251.65,3.581,PE,-89.113,rsi_60,NIFTY|weekly|2025-05-08,24279.15,24300.0,NIFTY 24300 PE 08 MAY 25,15m,136.465273,NIFTY,weekly_series,6
631,series|5m|macd_only|trail_after_30pct_dd15pct,0.469396,893.3,66.9957,2025-04-29T13:10:00+05:30,1124.8,trail_after_30pct_dd15pct,trail_after_30pct_dd15pct,2025-05-02 10:35:00+05:30,2025-05-13,False,weekly,119,595,2174.8,143.4568,CE,25.9151,macd_only,SENSEX|weekly|2025-05-13,80586.33,80600.0,SENSEX 80600 CE 13 MAY 25,5m,83.654597,SENSEX,weekly_series,7
474,series|5m|macd_only|trail_after_30pct_dd15pct,4.762391,966.0,59.4218,2025-05-02T13:45:00+05:30,1120.75,trail_after_30pct_dd15pct,trail_after_30pct_dd15pct,2025-05-12 10:10:00+05:30,2025-05-13,False,weekly,412,2060,2174.8,125.1346,CE,16.0197,macd_only,SENSEX|weekly|2025-05-13,80586.33,80600.0,SENSEX 80600 CE 13 MAY 25,5m,83.654597,SENSEX,weekly_series,7
489,series|5m|macd_only|trail_after_30pct_dd15pct,2.519038,1106.35,72.3479,2025-04-29T12:25:00+05:30,1142.85,trail_after_30pct_dd15pct,trail_after_30pct_dd15pct,2025-05-09 09:15:00+05:30,2025-05-13,False,weekly,489,2445,1756.3,58.7472,PE,3.2991,macd_only,SENSEX|weekly|2025-05-13,80586.33,80600.0,SENSEX 80600 PE 13 MAY 25,5m,83.654597,SENSEX,weekly_series,7
0,series|5m|macd_only|trail_after_30pct_dd15pct,0.753704,71.05,53.8868,2025-05-13T10:40:00+05:30,0.05,hold_to_end_trail_after_30pct_dd15pct,trail_after_30pct_dd15pct,2025-05-13 15:30:00+05:30,2025-05-13,False,weekly,58,290,96.75,36.1717,PE,-99.9296,macd_only,SENSEX|weekly|2025-05-13,80586.33,80600.0,SENSEX 80600 PE 13 MAY 25,5m,83.654597,SENSEX,weekly_series,7
668,series|5m|macd_only|trail_after_30pct_dd15pct,0.868344,279.0,58.519,2025-05-05T09:30:00+05:30,321.2,trail_after_30pct_dd15pct,trail_after_30pct_dd15pct,2025-05-12 10:10:00+05:30,2025-05-15,False,weekly,388,1940,676.65,142.5269,CE,15.1254,macd_only,NIFTY|weekly|2025-05-15,24431.25,24450.0,NIFTY 24450 CE 15 MAY 25,5m,70.118313,NIFTY,weekly_series,8
134,series|5m|macd_only|trail_after_30pct_dd15pct,0.350129,271.64,56.1562,2025-05-14T09:40:00+05:30,319.05,trail_after_30pct_dd15pct,trail_after_30pct_dd15pct,2025-05-15 10:40:00+05:30,2025-05-15,False,weekly,88,440,676.65,149.0981,CE,17.4532,macd_only,NIFTY|weekly|2025-05-15,24431.25,24450.0,NIFTY 24450 CE 15 MAY 25,5m,70.118313,NIFTY,weekly_series,8
29,series|5m|macd_only|trail_after_30pct_dd15pct,0.366729,207.0,51.3341,2025-05-15T12:05:00+05:30,208.0,trail_after_30pct_dd15pct,trail_after_30pct_dd15pct,2025-05-15 12:20:00+05:30,2025-05-15,False,weekly,3,15,676.65,226.8841,CE,0.4831,macd_only,NIFTY|weekly|2025-05-15,24431.25,24450.0,NIFTY 24450 CE 15 MAY 25,5m,70.118313,NIFTY,weekly_series,8
19,series|5m|macd_only|trail_after_30pct_dd15pct,2.156812,239.55,55.3301,2025-05-15T12:55:00+05:30,611.7,hold_to_end_trail_after_30pct_dd15pct,trail_after_30pct_dd15pct,2025-05-15 15:30:00+05:30,2025-05-15,False,weekly,31,155,676.65,182.4671,CE,155.3538,macd_only,NIFTY|weekly|2025-05-15,24431.25,24450.0,NIFTY 24450 CE 15 MAY 25,5m,70.118313,NIFTY,weekly_series,8
317,series|5m|macd_only|trail_after_30pct_dd15pct,0.170257,367.95,64.1074,2025-05-02T14:30:00+05:30,468.3,trail_after_30pct_dd15pct,trail_after_30pct_dd15pct,2025-05-09 09:15:00+05:30,2025-05-15,False,weekly,317,1585,594.2,61.4893,PE,27.2727,macd_only,NIFTY|weekly|2025-05-15,24431.25,24450.0,NIFTY 24450 PE 15 MAY 25,5m,70.118313,NIFTY,weekly_series,8
9,series|5m|macd_only|trail_after_30pct_dd15pct,1.661628,97.05,64.3702,2025-05-13T09:50:00+05:30,110.75,trail_after_30pct_dd15pct,trail_after_30pct_dd15pct,2025-05-13 10:40:00+05:30,2025-05-15,False,weekly,10,50,130.5,34.4668,PE,14.1164,macd_only,NIFTY|weekly|2025-05-15,24431.25,24450.0,NIFTY 24450 PE 15 MAY 25,5m,70.118313,NIFTY,weekly_series,8
2,series|5m|macd_only|trail_after_30pct_dd15pct,0.358615,94.8,55.7166,2025-05-13T12:50:00+05:30,104.6,trail_after_30pct_dd15pct,trail_after_30pct_dd15pct,2025-05-13 13:05:00+05:30,2025-05-15,False,weekly,3,15,124.65,31.4873,PE,10.3376,macd_only,NIFTY|weekly|2025-05-15,24431.25,24450.0,NIFTY 24450 PE 15 MAY 25,5m,70.118313,NIFTY,weekly_series,8
2,series|5m|macd_only|trail_after_30pct_dd15pct,0.348582,43.25,56.4974,2025-05-14T12:45:00+05:30,72.4,trail_after_30pct_dd15pct,trail_after_30pct_dd15pct,2025-05-14 12:55:00+05:30,2025-05-15,False,weekly,2,10,86.05,98.9595,PE,67.3988,macd_only,NIFTY|weekly|2025-05-15,24431.25,24450.0,NIFTY 24450 PE 15 MAY 25,5m,70.118313,NIFTY,weekly_series,8
0,series|5m|macd_only|trail_after_30pct_dd15pct,0.450514,51.9,59.0345,2025-05-15T09:50:00+05:30,0.05,hold_to_end_trail_after_30pct_dd15pct,trail_after_30pct_dd15pct,2025-05-15 15:30:00+05:30,2025-05-15,False,weekly,68,340,74.09,42.7553,PE,-99.9037,macd_only,NIFTY|weekly|2025-05-15,24431.25,24450.0,NIFTY 24450 PE 15 MAY 25,5m,70.118313,NIFTY,weekly_series,8
318,series|5m|macd_only|trail_after_30pct_dd15pct,0.429853,1037.55,50.9974,2025-05-06T13:40:00+05:30,1500.0,trail_after_30pct_dd15pct,trail_after_30pct_dd15pct,2025-05-13 09:50:00+05:30,2025-05-20,False,weekly,320,1600,2282.35,119.9749,CE,44.5713,macd_only,SENSEX|weekly|2025-05-20,80736.0,80600.0,SENSEX 80600 CE 20 MAY 25,5m,74.476889,SENSEX,weekly_series,9
136,series|5m|macd_only|trail_after_30pct_dd15pct,2.424657,1286.1,58.2439,2025-05-14T09:30:00+05:30,1831.05,trail_after_30pct_dd15pct,trail_after_30pct_dd15pct,2025-05-16 09:40:00+05:30,2025-05-20,False,weekly,152,760,2195.05,70.6749,CE,42.3723,macd_only,SENSEX|weekly|2025-05-20,80736.0,80600.0,SENSEX 80600 CE 20 MAY 25,5m,74.476889,SENSEX,weekly_series,9
7,series|5m|macd_only|trail_after_30pct_dd15pct,1.754874,1873.8,76.8229,2025-05-16T12:55:00+05:30,584.65,hold_to_end_trail_after_30pct_dd15pct,trail_after_30pct_dd15pct,2025-05-20 15:30:00+05:30,2025-05-20,False,weekly,183,915,1923.0,2.6257,CE,-68.7987,macd_only,SENSEX|weekly|2025-05-20,80736.0,80600.0,SENSEX 80600 CE 20 MAY 25,5m,74.476889,SENSEX,weekly_series,9
214,series|5m|macd_only|trail_after_30pct_dd15pct,9.575453,908.55,95.7667,2025-05-06T15:25:00+05:30,319.3,trail_after_30pct_dd15pct,trail_after_30pct_dd15pct,2025-05-13 09:20:00+05:30,2025-05-20,False,weekly,224,1120,1737.45,91.2333,PE,-64.8561,macd_only,SENSEX|weekly|2025-05-20,80736.0,80600.0,SENSEX 80600 PE 20 MAY 25,5m,74.476889,SENSEX,weekly_series,9
25,series|5m|macd_only|trail_after_30pct_dd15pct,2.938221,524.95,54.9598,2025-05-13T13:30:00+05:30,0.1,hold_to_end_trail_after_30pct_dd15pct,trail_after_30pct_dd15pct,2025-05-20 15:30:00+05:30,2025-05-20,False,weekly,404,2020,544.25,3.6765,PE,-99.981,macd_only,SENSEX|weekly|2025-05-20,80736.0,80600.0,SENSEX 80600 PE 20 MAY 25,5m,74.476889,SENSEX,weekly_series,9
97,series|15m|rsi_60|target_30pct,7.146768,333.0,79.6303,2025-05-12T09:30:00+05:30,432.9,target_30pct_hit,target_30pct,2025-05-12 10:00:00+05:30,2025-05-22,False,weekly,2,30,705.5,111.8619,CE,30.0,rsi_60,NIFTY|weekly|2025-05-22,24437.25,24450.0,NIFTY 24450 CE 22 MAY 25,15m,73.950568,NIFTY,weekly_series,10
0,series|15m|rsi_60|target_30pct,1.448304,483.65,61.5838,2025-05-21T11:00:00+05:30,159.69,hold_to_end_target_30pct_not_hit,target_30pct,2025-05-22 15:30:00+05:30,2025-05-22,False,weekly,44,660,521.5,7.8259,CE,-66.9823,rsi_60,NIFTY|weekly|2025-05-22,24437.25,24450.0,NIFTY 24450 CE 22 MAY 25,15m,73.950568,NIFTY,weekly_series,10
0,series|15m|rsi_60|target_30pct,0.47615,39.5,65.8816,2025-05-22T09:30:00+05:30,0.05,hold_to_end_target_30pct_not_hit,target_30pct,2025-05-22 15:30:00+05:30,2025-05-22,False,weekly,24,360,51.7,30.8861,PE,-99.8734,rsi_60,NIFTY|weekly|2025-05-22,24437.25,24450.0,NIFTY 24450 PE 22 MAY 25,15m,73.950568,NIFTY,weekly_series,10
229,series|5m|macd_only|trail_after_30pct_dd15pct,3.400709,939.7,68.803,2025-05-21T09:45:00+05:30,1021.4,trail_after_30pct_dd15pct,trail_after_30pct_dd15pct,2025-05-26 10:30:00+05:30,2025-06-03,False,weekly,237,1185,1235.0,31.4249,CE,8.6943,macd_only,SENSEX|weekly|2025-06-03,82077.91,82000.0,SENSEX 82000 CE 03 JUN 25,5m,69.372692,SENSEX,weekly_series,11
31,series|5m|macd_only|trail_after_30pct_dd15pct,0.487507,1054.0,54.0965,2025-05-26T15:20:00+05:30,0.05,hold_to_end_trail_after_30pct_dd15pct,trail_after_30pct_dd15pct,2025-06-03 15:30:00+05:30,2025-06-03,False,weekly,458,2290,1200.0,13.852,CE,-99.9953,macd_only,SENSEX|weekly|2025-06-03,82077.91,82000.0,SENSEX 82000 CE 03 JUN 25,5m,69.372692,SENSEX,weekly_series,11
106,series|5m|macd_only|trail_after_30pct_dd15pct,0.609834,1069.65,61.4337,2025-05-21T12:05:00+05:30,1377.6,trail_after_30pct_dd15pct,trail_after_30pct_dd15pct,2025-05-22 15:00:00+05:30,2025-06-03,False,weekly,110,550,1672.65,56.3736,PE,28.7898,macd_only,SENSEX|weekly|2025-06-03,82077.91,82000.0,SENSEX 82000 PE 03 JUN 25,5m,69.372692,SENSEX,weekly_series,11
392,series|5m|macd_only|trail_after_30pct_dd15pct,3.507834,1000.0,61.227,2025-05-23T14:55:00+05:30,960.7,trail_after_30pct_dd15pct,trail_after_30pct_dd15pct,2025-05-27 11:05:00+05:30,2025-06-03,False,weekly,106,530,1531.05,53.105,PE,-3.93,macd_only,SENSEX|weekly|2025-06-03,82077.91,82000.0,SENSEX 82000 PE 03 JUN 25,5m,69.372692,SENSEX,weekly_series,11
266,series|5m|macd_only|trail_after_30pct_dd15pct,0.415374,1048.1,52.1624,2025-05-27T12:45:00+05:30,1201.55,trail_after_30pct_dd15pct,trail_after_30pct_dd15pct,2025-05-27 14:50:00+05:30,2025-06-03,False,weekly,25,125,1531.05,46.0786,PE,14.6408,macd_only,SENSEX|weekly|2025-06-03,82077.91,82000.0,SENSEX 82000 PE 03 JUN 25,5m,69.372692,SENSEX,weekly_series,11
229,series|5m|macd_only|trail_after_30pct_dd15pct,4.315321,1287.45,58.7104,2025-05-28T09:30:00+05:30,1263.4,hold_to_end_trail_after_30pct_dd15pct,trail_after_30pct_dd15pct,2025-06-03 15:30:00+05:30,2025-06-03,False,weekly,376,1880,1531.05,18.9211,PE,-1.868,macd_only,SENSEX|weekly|2025-06-03,82077.91,82000.0,SENSEX 82000 PE 03 JUN 25,5m,69.372692,SENSEX,weekly_series,11
60,series|15m|rsi_60|target_30pct,3.988569,346.5,64.8572,2025-05-23T09:45:00+05:30,450.45,target_30pct_hit,target_30pct,2025-05-23 11:00:00+05:30,2025-06-05,False,weekly,5,75,574.9,65.9163,CE,30.0,rsi_60,NIFTY|weekly|2025-06-05,24704.65,24700.0,NIFTY 24700 CE 05 JUN 25,15m,66.148884,NIFTY,weekly_series,12
1,series|15m|rsi_60|target_30pct,7.521222,205.7,77.8052,2025-06-05T12:15:00+05:30,50.85,hold_to_end_target_30pct_not_hit,target_30pct,2025-06-05 15:30:00+05:30,2025-06-05,False,weekly,13,195,226.95,10.3306,CE,-75.2795,rsi_60,NIFTY|weekly|2025-06-05,24704.65,24700.0,NIFTY 24700 CE 05 JUN 25,15m,66.148884,NIFTY,weekly_series,12
144,series|15m|rsi_60|target_30pct,2.823361,261.14,72.9162,2025-05-27T09:30:00+05:30,0.05,hold_to_end_target_30pct_not_hit,target_30pct,2025-06-05 15:30:00+05:30,2025-06-05,False,weekly,206,3090,317.0,21.3908,PE,-99.9809,rsi_60,NIFTY|weekly|2025-06-05,24704.65,24700.0,NIFTY 24700 PE 05 JUN 25,15m,66.148884,NIFTY,weekly_series,12
0,series|5m|macd_only|target_30pct,0.83481,1033.4,67.1035,2025-05-28T13:05:00+05:30,592.55,hold_to_end_target_30pct_not_hit,target_30pct,2025-06-10 15:30:00+05:30,2025-06-10,False,weekly,711,3555,1033.4,0.0,CE,-42.6602,macd_only,SENSEX|weekly|2025-06-10,81772.52,81800.0,SENSEX 81800 CE 10 JUN 25,5m,60.419429,SENSEX,weekly_series,13
373,series|5m|macd_only|target_30pct,2.119491,1275.0,70.3064,2025-05-27T13:30:00+05:30,0.05,hold_to_end_target_30pct_not_hit,target_30pct,2025-06-10 15:30:00+05:30,2025-06-10,False,weekly,781,3905,1600.8,25.5529,PE,-99.9961,macd_only,SENSEX|weekly|2025-06-10,81772.52,81800.0,SENSEX 81800 PE 10 JUN 25,5m,60.419429,SENSEX,weekly_series,13
652,series|5m|macd_only|target_30pct,0.634136,278.2,59.2994,2025-05-29T15:05:00+05:30,0.05,hold_to_end_target_30pct_not_hit,target_30pct,2025-06-12 15:30:00+05:30,2025-06-12,False,weekly,765,3825,337.8,21.4234,CE,-99.982,macd_only,NIFTY|weekly|2025-06-12,24884.5,24900.0,NIFTY 24900 CE 12 JUN 25,5m,57.408953,NIFTY,weekly_series,14
212,series|5m|macd_only|target_30pct,0.469986,366.0,56.1768,2025-05-29T14:15:00+05:30,475.8,target_30pct_hit,target_30pct,2025-06-02 09:20:00+05:30,2025-06-12,False,weekly,93,465,522.85,42.8552,PE,30.0,macd_only,NIFTY|weekly|2025-06-12,24884.5,24900.0,NIFTY 24900 PE 12 JUN 25,5m,57.408953,NIFTY,weekly_series,14
54,series|5m|macd_only|target_30pct,0.613233,413.45,57.8019,2025-06-02T14:45:00+05:30,11.85,hold_to_end_target_30pct_not_hit,target_30pct,2025-06-12 15:30:00+05:30,2025-06-12,False,weekly,617,3085,522.85,26.4603,PE,-97.1339,macd_only,NIFTY|weekly|2025-06-12,24884.5,24900.0,NIFTY 24900 PE 12 JUN 25,5m,57.408953,NIFTY,weekly_series,14
42,series|15m|rsi_60|target_30pct,2.518074,899.55,64.4926,2025-06-05T11:45:00+05:30,1169.415,target_30pct_hit,target_30pct,2025-06-05 12:15:00+05:30,2025-06-17,False,weekly,2,30,1532.7,70.3852,CE,30.0,rsi_60,SENSEX|weekly|2025-06-17,81406.4,81400.0,SENSEX 81400 CE 17 JUN 25,15m,55.36082,SENSEX,weekly_series,15
20,series|15m|rsi_60|target_30pct,11.914511,1180.7,67.7188,2025-06-06T10:45:00+05:30,183.05,hold_to_end_target_30pct_not_hit,target_30pct,2025-06-17 15:30:00+05:30,2025-06-17,False,weekly,196,2940,1532.7,29.8128,CE,-84.4965,rsi_60,SENSEX|weekly|2025-06-17,81406.4,81400.0,SENSEX 81400 CE 17 JUN 25,15m,55.36082,SENSEX,weekly_series,15
303,series|5m|macd_only|target_30pct,0.396687,368.0,64.4666,2025-06-05T12:00:00+05:30,478.4,target_30pct_hit,target_30pct,2025-06-05 12:20:00+05:30,2025-06-19,False,weekly,4,20,640.3,73.9946,CE,30.0,macd_only,NIFTY|weekly|2025-06-19,24661.6,24650.0,NIFTY 24650 CE 19 JUN 25,5m,54.699899,NIFTY,weekly_series,16
244,series|5m|macd_only|target_30pct,4.245994,415.6,69.3142,2025-06-06T10:35:00+05:30,540.28,target_30pct_hit,target_30pct,2025-06-06 11:55:00+05:30,2025-06-19,False,weekly,16,80,640.3,54.0664,CE,30.0,macd_only,NIFTY|weekly|2025-06-19,24661.6,24650.0,NIFTY 24650 CE 19 JUN 25,5m,54.699899,NIFTY,weekly_series,16
109,series|5m|macd_only|target_30pct,0.167267,569.35,60.6981,2025-06-09T15:30:00+05:30,143.3,hold_to_end_target_30pct_not_hit,target_30pct,2025-06-19 15:30:00+05:30,2025-06-19,False,weekly,600,3000,640.3,12.4616,CE,-74.8309,macd_only,NIFTY|weekly|2025-06-19,24661.6,24650.0,NIFTY 24650 CE 19 JUN 25,5m,54.699899,NIFTY,weekly_series,16
400,series|5m|macd_only|target_30pct,0.519495,202.55,56.7145,2025-06-05T13:55:00+05:30,263.315,target_30pct_hit,target_30pct,2025-06-13 09:15:00+05:30,2025-06-19,False,weekly,400,2000,278.35,37.4229,PE,30.0,macd_only,NIFTY|weekly|2025-06-19,24661.6,24650.0,NIFTY 24650 PE 19 JUN 25,5m,54.699899,NIFTY,weekly_series,16
1,series|5m|macd_only|target_30pct,1.351541,178.05,66.2781,2025-06-13T14:55:00+05:30,0.05,hold_to_end_target_30pct_not_hit,target_30pct,2025-06-19 15:30:00+05:30,2025-06-19,False,weekly,311,1555,196.0,10.0814,PE,-99.9719,macd_only,NIFTY|weekly|2025-06-19,24661.6,24650.0,NIFTY 24650 PE 19 JUN 25,5m,54.699899,NIFTY,weekly_series,16
604,series|5m|macd_only|target_30pct,0.042486,775.85,65.7602,2025-06-17T14:35:00+05:30,1008.605,target_30pct_hit,target_30pct,2025-06-20 15:05:00+05:30,2025-07-01,False,weekly,225,1125,2183.75,181.4655,CE,30.0,macd_only,SENSEX|weekly|2025-07-01,81868.05,81900.0,SENSEX 81900 CE 01 JUL 25,5m,54.634547,SENSEX,weekly_series,17
324,series|5m|macd_only|target_30pct,6.46982,735.8,71.0312,2025-06-23T13:20:00+05:30,956.54,target_30pct_hit,target_30pct,2025-06-24 09:15:00+05:30,2025-07-01,False,weekly,27,135,2183.75,196.7858,CE,30.0,macd_only,SENSEX|weekly|2025-07-01,81868.05,81900.0,SENSEX 81900 CE 01 JUL 25,5m,54.634547,SENSEX,weekly_series,17
215,series|5m|macd_only|target_30pct,10.673451,976.3,65.9298,2025-06-25T09:45:00+05:30,1269.19,target_30pct_hit,target_30pct,2025-06-26 09:30:00+05:30,2025-07-01,False,weekly,73,365,2183.75,123.6761,CE,30.0,macd_only,SENSEX|weekly|2025-07-01,81868.05,81900.0,SENSEX 81900 CE 01 JUL 25,5m,54.634547,SENSEX,weekly_series,17
15,series|5m|macd_only|target_30pct,2.93824,1822.55,64.2373,2025-07-01T09:35:00+05:30,1800.55,hold_to_end_target_30pct_not_hit,target_30pct,2025-07-01 15:30:00+05:30,2025-07-01,False,weekly,71,355,1872.35,2.7324,CE,-1.2071,macd_only,SENSEX|weekly|2025-07-01,81868.05,81900.0,SENSEX 81900 CE 01 JUL 25,5m,54.634547,SENSEX,weekly_series,17
75,series|5m|macd_only|target_30pct,3.72384,1040.4,83.7679,2025-06-17T12:55:00+05:30,0.05,hold_to_end_target_30pct_not_hit,target_30pct,2025-07-01 15:30:00+05:30,2025-07-01,False,weekly,786,3930,1079.0,3.7101,PE,-99.9952,macd_only,SENSEX|weekly|2025-07-01,81868.05,81900.0,SENSEX 81900 PE 01 JUL 25,5m,54.634547,SENSEX,weekly_series,17
441,series|5m|macd_only|target_30pct,0.217641,307.1,69.0258,2025-06-19T14:00:00+05:30,399.23,target_30pct_hit,target_30pct,2025-06-20 10:30:00+05:30,2025-07-03,False,weekly,34,170,890.0,189.8079,CE,30.0,macd_only,NIFTY|weekly|2025-07-03,24783.9,24800.0,NIFTY 24800 CE 03 JUL 25,5m,55.337413,NIFTY,weekly_series,18
306,series|5m|macd_only|target_30pct,0.211995,330.65,51.9142,2025-06-23T12:35:00+05:30,429.845,target_30pct_hit,target_30pct,2025-06-23 14:05:00+05:30,2025-07-03,False,weekly,18,90,890.0,169.1668,CE,30.0,macd_only,NIFTY|weekly|2025-07-03,24783.9,24800.0,NIFTY 24800 CE 03 JUL 25,5m,55.337413,NIFTY,weekly_series,18
270,series|5m|macd_only|target_30pct,10.463575,523.55,80.1825,2025-06-24T09:15:00+05:30,680.615,target_30pct_hit,target_30pct,2025-06-26 13:20:00+05:30,2025-07-03,False,weekly,201,1005,890.0,69.9933,CE,30.0,macd_only,NIFTY|weekly|2025-07-03,24783.9,24800.0,NIFTY 24800 CE 03 JUL 25,5m,55.337413,NIFTY,weekly_series,18
77,series|5m|macd_only|target_30pct,0.166323,745.0,57.1389,2025-07-01T09:20:00+05:30,605.95,hold_to_end_target_30pct_not_hit,target_30pct,2025-07-03 15:30:00+05:30,2025-07-03,False,weekly,226,1130,810.8,8.8322,CE,-18.6644,macd_only,NIFTY|weekly|2025-07-03,24783.9,24800.0,NIFTY 24800 CE 03 JUL 25,5m,55.337413,NIFTY,weekly_series,18
6,series|5m|macd_only|target_30pct,0.000262,252.0,55.3913,2025-06-19T15:00:00+05:30,0.05,hold_to_end_target_30pct_not_hit,target_30pct,2025-07-03 15:30:00+05:30,2025-07-03,False,weekly,766,3830,275.45,9.3056,PE,-99.9802,macd_only,NIFTY|weekly|2025-07-03,24783.9,24800.0,NIFTY 24800 PE 03 JUL 25,5m,55.337413,NIFTY,weekly_series,18
144,series|5m|macd_only|target_30pct,4.591563,798.35,65.3608,2025-06-25T09:55:00+05:30,1037.855,target_30pct_hit,target_30pct,2025-06-26 09:30:00+05:30,2025-07-08,False,weekly,71,355,1434.05,79.6267,CE,30.0,macd_only,SENSEX|weekly|2025-07-08,82786.27,82700.0,SENSEX 82700 CE 08 JUL 25,5m,55.840225,SENSEX,weekly_series,19
21,series|5m|macd_only|target_30pct,25.904592,1355.0,96.0511,2025-06-26T13:50:00+05:30,1009.95,hold_to_end_target_30pct_not_hit,target_30pct,2025-07-08 15:30:00+05:30,2025-07-08,False,weekly,536,2680,1434.05,5.8339,CE,-25.4649,macd_only,SENSEX|weekly|2025-07-08,82786.27,82700.0,SENSEX 82700 CE 08 JUL 25,5m,55.840225,SENSEX,weekly_series,19
4,series|5m|macd_only|target_30pct,2.133241,870.65,58.3017,2025-06-24T13:20:00+05:30,0.05,hold_to_end_target_30pct_not_hit,target_30pct,2025-07-08 15:30:00+05:30,2025-07-08,False,weekly,783,3915,1124.35,29.1391,PE,-99.9943,macd_only,SENSEX|weekly|2025-07-08,82786.27,82700.0,SENSEX 82700 PE 08 JUL 25,5m,55.840225,SENSEX,weekly_series,19
86,series|5m|macd_only|target_30pct,0.399391,331.2,63.8195,2025-06-26T12:10:00+05:30,430.56,target_30pct_hit,target_30pct,2025-06-27 09:15:00+05:30,2025-07-10,False,weekly,41,205,499.1,50.6944,CE,30.0,macd_only,NIFTY|weekly|2025-07-10,25282.35,25300.0,NIFTY 25300 CE 10 JUL 25,5m,54.703321,NIFTY,weekly_series,20
5,series|5m|macd_only|target_30pct,0.495252,392.5,65.2756,2025-07-01T09:25:00+05:30,55.1,hold_to_end_target_30pct_not_hit,target_30pct,2025-07-10 15:30:00+05:30,2025-07-10,False,weekly,605,3025,408.3,4.0255,CE,-85.9618,macd_only,NIFTY|weekly|2025-07-10,25282.35,25300.0,NIFTY 25300 CE 10 JUL 25,5m,54.703321,NIFTY,weekly_series,20
47,series|5m|macd_only|target_30pct,0.414008,99.8,59.6155,2025-06-30T10:00:00+05:30,129.74,target_30pct_hit,target_30pct,2025-06-30 13:15:00+05:30,2025-07-10,False,weekly,39,195,134.05,34.3186,PE,30.0,macd_only,NIFTY|weekly|2025-07-10,25282.35,25300.0,NIFTY 25300 PE 10 JUL 25,5m,54.703321,NIFTY,weekly_series,20
37,series|5m|macd_only|target_30pct,0.050761,85.05,57.0868,2025-07-02T10:25:00+05:30,110.565,target_30pct_hit,target_30pct,2025-07-02 13:30:00+05:30,2025-07-10,False,weekly,37,185,130.0,52.8513,PE,30.0,macd_only,NIFTY|weekly|2025-07-10,25282.35,25300.0,NIFTY 25300 PE 10 JUL 25,5m,54.703321,NIFTY,weekly_series,20
61,series|5m|macd_only|target_30pct,0.312657,75.8,58.9212,2025-07-03T13:05:00+05:30,98.54,target_30pct_hit,target_30pct,2025-07-03 14:35:00+05:30,2025-07-10,False,weekly,18,90,130.0,71.504,PE,30.0,macd_only,NIFTY|weekly|2025-07-10,25282.35,25300.0,NIFTY 25300 PE 10 JUL 25,5m,54.703321,NIFTY,weekly_series,20
2,series|5m|macd_only|target_30pct,1.160065,108.35,63.5627,2025-07-04T11:40:00+05:30,0.05,hold_to_end_target_30pct_not_hit,target_30pct,2025-07-10 15:30:00+05:30,2025-07-10,False,weekly,350,1750,130.0,19.9815,PE,-99.9539,macd_only,NIFTY|weekly|2025-07-10,25282.35,25300.0,NIFTY 25300 PE 10 JUL 25,5m,54.703321,NIFTY,weekly_series,20
0,series|5m|macd_only|target_30pct,1.054559,904.75,54.4669,2025-07-01T13:15:00+05:30,0.05,hold_to_end_target_30pct_not_hit,target_30pct,2025-07-15 15:30:00+05:30,2025-07-15,False,weekly,783,3915,904.75,0.0,CE,-99.9945,macd_only,SENSEX|weekly|2025-07-15,83624.92,83600.0,SENSEX 83600 CE 15 JUL 25,5m,55.380518,SENSEX,weekly_series,21
682,series|5m|macd_only|target_30pct,0.100562,669.25,48.4252,2025-07-01T13:10:00+05:30,870.025,target_30pct_hit,target_30pct,2025-07-02 13:30:00+05:30,2025-07-15,False,weekly,80,400,1529.4,128.5245,PE,30.0,macd_only,SENSEX|weekly|2025-07-15,83624.92,83600.0,SENSEX 83600 PE 15 JUL 25,5m,55.380518,SENSEX,weekly_series,21
539,series|5m|macd_only|target_30pct,0.611916,627.9,54.6682,2025-07-03T12:25:00+05:30,816.27,target_30pct_hit,target_30pct,2025-07-03 14:40:00+05:30,2025-07-15,False,weekly,27,135,1529.4,143.5738,PE,30.0,macd_only,SENSEX|weekly|2025-07-15,83624.92,83600.0,SENSEX 83600 PE 15 JUL 25,5m,55.380518,SENSEX,weekly_series,21
476,series|5m|macd_only|target_30pct,2.608728,804.1,59.1344,2025-07-04T11:25:00+05:30,1045.33,target_30pct_hit,target_30pct,2025-07-11 11:10:00+05:30,2025-07-15,False,weekly,376,1880,1529.4,90.2002,PE,30.0,macd_only,SENSEX|weekly|2025-07-15,83624.92,83600.0,SENSEX 83600 PE 15 JUL 25,5m,55.380518,SENSEX,weekly_series,21
50,series|5m|macd_only|target_30pct,1.377444,1026.2,55.3643,2025-07-11T15:20:00+05:30,1334.06,target_30pct_hit,target_30pct,2025-07-14 09:25:00+05:30,2025-07-15,False,weekly,5,25,1529.4,49.0353,PE,30.0,macd_only,SENSEX|weekly|2025-07-15,83624.92,83600.0,SENSEX 83600 PE 15 JUL 25,5m,55.380518,SENSEX,weekly_series,21
15,series|5m|macd_only|target_30pct,2.001505,1024.95,56.5075,2025-07-15T13:45:00+05:30,1030.75,hold_to_end_target_30pct_not_hit,target_30pct,2025-07-15 15:30:00+05:30,2025-07-15,False,weekly,21,105,1141.15,11.3371,PE,0.5659,macd_only,SENSEX|weekly|2025-07-15,83624.92,83600.0,SENSEX 83600 PE 15 JUL 25,5m,55.380518,SENSEX,weekly_series,21
1,series|5m|macd_only|target_30pct,1.795365,293.0,71.6049,2025-07-03T13:40:00+05:30,0.05,hold_to_end_target_30pct_not_hit,target_30pct,2025-07-17 15:30:00+05:30,2025-07-17,False,weekly,782,3910,298.9,2.0137,CE,-99.9829,macd_only,NIFTY|weekly|2025-07-17,25486.2,25500.0,NIFTY 25500 CE 17 JUL 25,5m,57.55164,NIFTY,weekly_series,22
543,series|5m|macd_only|target_30pct,0.480736,204.0,54.4704,2025-07-03T12:15:00+05:30,265.2,target_30pct_hit,target_30pct,2025-07-04 09:40:00+05:30,2025-07-17,False,weekly,45,225,478.7,134.6569,PE,30.0,macd_only,NIFTY|weekly|2025-07-17,25486.2,25500.0,NIFTY 25500 PE 17 JUL 25,5m,57.55164,NIFTY,weekly_series,22
476,series|5m|macd_only|target_30pct,0.007578,239.5,51.984,2025-07-04T11:30:00+05:30,311.35,target_30pct_hit,target_30pct,2025-07-11 10:45:00+05:30,2025-07-17,False,weekly,371,1855,478.7,99.8747,PE,30.0,macd_only,NIFTY|weekly|2025-07-17,25486.2,25500.0,NIFTY 25500 PE 17 JUL 25,5m,57.55164,NIFTY,weekly_series,22
51,series|5m|macd_only|target_30pct,0.492349,342.8,55.5091,2025-07-11T15:15:00+05:30,445.64,target_30pct_hit,target_30pct,2025-07-14 09:25:00+05:30,2025-07-17,False,weekly,6,30,478.7,39.6441,PE,30.0,macd_only,NIFTY|weekly|2025-07-17,25486.2,25500.0,NIFTY 25500 PE 17 JUL 25,5m,57.55164,NIFTY,weekly_series,22
168,series|5m|macd_only|target_30pct,0.206831,304.05,55.4165,2025-07-15T13:45:00+05:30,395.265,target_30pct_hit,target_30pct,2025-07-17 15:05:00+05:30,2025-07-17,False,weekly,168,840,396.0,30.2417,PE,30.0,macd_only,NIFTY|weekly|2025-07-17,25486.2,25500.0,NIFTY 25500 PE 17 JUL 25,5m,57.55164,NIFTY,weekly_series,22
32,series|5m|macd_only|target_30pct,0.075535,802.25,58.3516,2025-07-08T12:35:00+05:30,0.05,hold_to_end_target_30pct_not_hit,target_30pct,2025-07-22 15:30:00+05:30,2025-07-22,False,weekly,795,3975,935.9,16.6594,CE,-99.9938,macd_only,SENSEX|weekly|2025-07-22,83431.57,83500.0,SENSEX 83500 CE 22 JUL 25,5m,59.141134,SENSEX,weekly_series,23
544,series|5m|macd_only|target_30pct,0.222871,508.2,62.8643,2025-07-09T14:25:00+05:30,660.66,target_30pct_hit,target_30pct,2025-07-10 10:15:00+05:30,2025-07-22,False,weekly,26,130,1974.45,288.5183,PE,30.0,macd_only,SENSEX|weekly|2025-07-22,83431.57,83500.0,SENSEX 83500 PE 22 JUL 25,5m,59.141134,SENSEX,weekly_series,23
476,series|5m|macd_only|target_30pct,1.070671,702.7,59.3149,2025-07-10T13:45:00+05:30,913.51,target_30pct_hit,target_30pct,2025-07-11 10:35:00+05:30,2025-07-22,False,weekly,38,190,1974.45,180.9805,PE,30.0,macd_only,SENSEX|weekly|2025-07-22,83431.57,83500.0,SENSEX 83500 PE 22 JUL 25,5m,59.141134,SENSEX,weekly_series,23
381,series|5m|macd_only|target_30pct,1.70441,1061.15,60.0904,2025-07-11T15:20:00+05:30,1379.495,target_30pct_hit,target_30pct,2025-07-14 11:35:00+05:30,2025-07-22,False,weekly,27,135,1974.45,86.067,PE,30.0,macd_only,SENSEX|weekly|2025-07-22,83431.57,83500.0,SENSEX 83500 PE 22 JUL 25,5m,59.141134,SENSEX,weekly_series,23
252,series|5m|macd_only|target_30pct,1.413609,983.1,58.0357,2025-07-15T13:45:00+05:30,1278.03,target_30pct_hit,target_30pct,2025-07-18 09:20:00+05:30,2025-07-22,False,weekly,175,875,1974.45,100.8392,PE,30.0,macd_only,SENSEX|weekly|2025-07-22,83431.57,83500.0,SENSEX 83500 PE 22 JUL 25,5m,59.141134,SENSEX,weekly_series,23
2,series|5m|macd_only|target_30pct,10.084535,1920.0,75.6738,2025-07-21T09:25:00+05:30,1313.0,hold_to_end_target_30pct_not_hit,target_30pct,2025-07-22 15:30:00+05:30,2025-07-22,False,weekly,149,745,1974.45,2.8359,PE,-31.6146,macd_only,SENSEX|weekly|2025-07-22,83431.57,83500.0,SENSEX 83500 PE 22 JUL 25,5m,59.141134,SENSEX,weekly_series,23
32,series|5m|macd_only|target_30pct,0.257025,55.55,65.3218,2025-07-14T14:55:00+05:30,72.215,target_30pct_hit,target_30pct,2025-07-15 11:05:00+05:30,2025-07-24,False,weekly,30,150,84.4,51.9352,CE,30.0,macd_only,NIFTY|weekly|2025-07-24,25483.0,25500.0,NIFTY 25500 CE 24 JUL 25,5m,60.050712,NIFTY,weekly_series,24
25,series|5m|macd_only|target_30pct,0.260656,45.75,62.7573,2025-07-16T12:15:00+05:30,0.05,hold_to_end_target_30pct_not_hit,target_30pct,2025-07-24 15:30:00+05:30,2025-07-24,False,weekly,495,2475,57.9,26.5574,CE,-99.8907,macd_only,NIFTY|weekly|2025-07-24,25483.0,25500.0,NIFTY 25500 CE 24 JUL 25,5m,60.050712,NIFTY,weekly_series,24
482,series|5m|macd_only|target_30pct,0.660066,255.15,59.8598,2025-07-10T13:45:00+05:30,331.695,target_30pct_hit,target_30pct,2025-07-11 10:35:00+05:30,2025-07-24,False,weekly,38,190,606.5,137.7033,PE,30.0,macd_only,NIFTY|weekly|2025-07-24,25483.0,25500.0,NIFTY 25500 PE 24 JUL 25,5m,60.050712,NIFTY,weekly_series,24
388,series|5m|macd_only|target_30pct,0.075581,372.25,54.8683,2025-07-11T15:15:00+05:30,483.925,target_30pct_hit,target_30pct,2025-07-14 13:10:00+05:30,2025-07-24,False,weekly,51,255,606.5,62.9281,PE,30.0,macd_only,NIFTY|weekly|2025-07-24,25483.0,25500.0,NIFTY 25500 PE 24 JUL 25,5m,60.050712,NIFTY,weekly_series,24
254,series|5m|macd_only|target_30pct,0.425234,334.25,58.8496,2025-07-15T13:45:00+05:30,434.525,target_30pct_hit,target_30pct,2025-07-18 09:45:00+05:30,2025-07-24,False,weekly,180,900,606.5,81.451,PE,30.0,macd_only,NIFTY|weekly|2025-07-24,25483.0,25500.0,NIFTY 25500 PE 24 JUL 25,5m,60.050712,NIFTY,weekly_series,24
3,series|5m|macd_only|target_30pct,2.124831,551.0,69.1577,2025-07-21T09:20:00+05:30,438.8,hold_to_end_target_30pct_not_hit,target_30pct,2025-07-24 15:30:00+05:30,2025-07-24,False,weekly,302,1510,606.5,10.0726,PE,-20.363,macd_only,NIFTY|weekly|2025-07-24,25483.0,25500.0,NIFTY 25500 PE 24 JUL 25,5m,60.050712,NIFTY,weekly_series,24
1,series|5m|macd_only|target_30pct,1.07157,272.7,59.7979,2025-07-28T10:25:00+05:30,0.05,hold_to_end_target_30pct_not_hit,target_30pct,2025-08-05 15:30:00+05:30,2025-08-05,False,weekly,516,2580,274.4,0.6234,CE,-99.9817,macd_only,SENSEX|weekly|2025-08-05,82449.31,82400.0,SENSEX 82400 CE 05 AUG 25,5m,60.995919,SENSEX,weekly_series,25
520,series|5m|macd_only|target_30pct,1.235375,416.4,66.1249,2025-07-24T09:55:00+05:30,541.32,target_30pct_hit,target_30pct,2025-07-24 12:00:00+05:30,2025-08-05,False,weekly,25,125,1851.9,344.7406,PE,30.0,macd_only,SENSEX|weekly|2025-08-05,82449.31,82400.0,SENSEX 82400 PE 05 AUG 25,5m,60.995919,SENSEX,weekly_series,25
459,series|5m|macd_only|target_30pct,0.021076,554.15,52.0289,2025-07-24T15:00:00+05:30,720.395,target_30pct_hit,target_30pct,2025-07-25 09:15:00+05:30,2025-08-05,False,weekly,7,35,1851.9,234.1875,PE,30.0,macd_only,SENSEX|weekly|2025-08-05,82449.31,82400.0,SENSEX 82400 PE 05 AUG 25,5m,60.995919,SENSEX,weekly_series,25
356,series|5m|macd_only|target_30pct,1.311041,1098.1,55.7874,2025-07-28T10:55:00+05:30,1427.53,target_30pct_hit,target_30pct,2025-07-28 14:45:00+05:30,2025-08-05,False,weekly,46,230,1851.9,68.6458,PE,30.0,macd_only,SENSEX|weekly|2025-08-05,82449.31,82400.0,SENSEX 82400 PE 05 AUG 25,5m,60.995919,SENSEX,weekly_series,25
149,series|5m|macd_only|target_30pct,38.652821,1432.8,88.107,2025-07-31T09:15:00+05:30,1684.0,hold_to_end_target_30pct_not_hit,target_30pct,2025-08-05 15:30:00+05:30,2025-08-05,False,weekly,298,1490,1851.9,29.2504,PE,17.5321,macd_only,SENSEX|weekly|2025-08-05,82449.31,82400.0,SENSEX 82400 PE 05 AUG 25,5m,60.995919,SENSEX,weekly_series,25
2,series|5m|macd_only|target_30pct,0.426556,86.5,63.0713,2025-07-28T10:15:00+05:30,0.05,hold_to_end_target_30pct_not_hit,target_30pct,2025-08-07 15:30:00+05:30,2025-08-07,False,weekly,671,3355,90.3,4.3931,CE,-99.9422,macd_only,NIFTY|weekly|2025-08-07,25219.5,25200.0,NIFTY 25200 CE 07 AUG 25,5m,62.273757,NIFTY,weekly_series,26
739,series|5m|macd_only|target_30pct,0.362383,223.55,54.6929,2025-07-24T15:20:00+05:30,290.615,target_30pct_hit,target_30pct,2025-07-25 09:15:00+05:30,2025-08-07,False,weekly,3,15,858.6,284.0752,PE,30.0,macd_only,NIFTY|weekly|2025-08-07,25219.5,25200.0,NIFTY 25200 PE 07 AUG 25,5m,62.273757,NIFTY,weekly_series,26
638,series|5m|macd_only|target_30pct,0.4767,400.0,54.4863,2025-07-28T11:05:00+05:30,520.0,target_30pct_hit,target_30pct,2025-07-28 13:35:00+05:30,2025-08-07,False,weekly,30,150,858.6,114.65,PE,30.0,macd_only,NIFTY|weekly|2025-08-07,25219.5,25200.0,NIFTY 25200 PE 07 AUG 25,5m,62.273757,NIFTY,weekly_series,26
572,series|5m|macd_only|target_30pct,0.100795,521.3,56.8193,2025-07-29T10:15:00+05:30,677.69,target_30pct_hit,target_30pct,2025-08-07 09:15:00+05:30,2025-08-07,False,weekly,520,2600,858.6,64.7036,PE,30.0,macd_only,NIFTY|weekly|2025-08-07,25219.5,25200.0,NIFTY 25200 PE 07 AUG 25,5m,62.273757,NIFTY,weekly_series,26
145,series|5m|macd_only|target_30pct,0.485847,950.0,92.0473,2025-07-29T13:15:00+05:30,1235.0,target_30pct_hit,target_30pct,2025-07-30 11:35:00+05:30,2025-08-12,False,weekly,52,260,1245.0,31.0526,CE,30.0,macd_only,SENSEX|weekly|2025-08-12,80725.74,80800.0,SENSEX 80800 CE 12 AUG 25,5m,62.993681,SENSEX,weekly_series,27
18,series|5m|macd_only|target_30pct,0.793499,984.1,61.3975,2025-07-31T11:30:00+05:30,0.05,hold_to_end_target_30pct_not_hit,target_30pct,2025-08-12 15:30:00+05:30,2025-08-12,False,weekly,652,3260,1245.0,26.5115,CE,-99.9949,macd_only,SENSEX|weekly|2025-08-12,80725.74,80800.0,SENSEX 80800 CE 12 AUG 25,5m,62.993681,SENSEX,weekly_series,27
429,series|5m|macd_only|target_30pct,16.809014,540.0,92.3501,2025-07-31T09:25:00+05:30,702.0,target_30pct_hit,target_30pct,2025-08-01 15:10:00+05:30,2025-08-12,False,weekly,144,720,1027.0,90.1852,PE,30.0,macd_only,SENSEX|weekly|2025-08-12,80725.74,80800.0,SENSEX 80800 PE 12 AUG 25,5m,62.993681,SENSEX,weekly_series,27
274,series|5m|macd_only|target_30pct,1.617999,623.8,55.6556,2025-08-04T09:45:00+05:30,810.94,target_30pct_hit,target_30pct,2025-08-07 10:35:00+05:30,2025-08-12,False,weekly,238,1190,1027.0,64.6361,PE,30.0,macd_only,SENSEX|weekly|2025-08-12,80725.74,80800.0,SENSEX 80800 PE 12 AUG 25,5m,62.993681,SENSEX,weekly_series,27
65,series|5m|macd_only|target_30pct,5.094193,689.95,58.2677,2025-08-08T10:10:00+05:30,896.935,target_30pct_hit,target_30pct,2025-08-08 15:15:00+05:30,2025-08-12,False,weekly,61,305,975.05,41.3218,PE,30.0,macd_only,SENSEX|weekly|2025-08-12,80725.74,80800.0,SENSEX 80800 PE 12 AUG 25,5m,62.993681,SENSEX,weekly_series,27
47,series|5m|macd_only|target_30pct,4.535716,378.85,63.7505,2025-08-12T11:10:00+05:30,492.505,target_30pct_hit,target_30pct,2025-08-12 14:45:00+05:30,2025-08-12,False,weekly,43,215,637.2,68.1932,PE,30.0,macd_only,SENSEX|weekly|2025-08-12,80725.74,80800.0,SENSEX 80800 PE 12 AUG 25,5m,62.993681,SENSEX,weekly_series,27
38,series|5m|macd_only|target_30pct,0.413808,193.05,53.798,2025-08-04T10:40:00+05:30,0.05,hold_to_end_target_30pct_not_hit,target_30pct,2025-08-14 15:30:00+05:30,2025-08-14,False,weekly,666,3330,235.0,21.7301,CE,-99.9741,macd_only,NIFTY|weekly|2025-08-14,24699.1,24700.0,NIFTY 24700 CE 14 AUG 25,5m,64.831331,NIFTY,weekly_series,28
362,series|5m|macd_only|target_30pct,1.481988,153.0,65.7848,2025-07-31T15:05:00+05:30,198.9,target_30pct_hit,target_30pct,2025-08-01 09:15:00+05:30,2025-08-14,False,weekly,6,30,369.65,141.6013,PE,30.0,macd_only,NIFTY|weekly|2025-08-14,24699.1,24700.0,NIFTY 24700 PE 14 AUG 25,5m,64.831331,NIFTY,weekly_series,28
199,series|5m|macd_only|target_30pct,2.351986,208.3,73.7101,2025-08-05T09:40:00+05:30,270.79,target_30pct_hit,target_30pct,2025-08-07 09:15:00+05:30,2025-08-14,False,weekly,147,735,369.65,77.4604,PE,30.0,macd_only,NIFTY|weekly|2025-08-14,24699.1,24700.0,NIFTY 24700 PE 14 AUG 25,5m,64.831331,NIFTY,weekly_series,28
61,series|5m|macd_only|target_30pct,2.420206,268.15,59.6139,2025-08-08T10:10:00+05:30,348.595,target_30pct_hit,target_30pct,2025-08-08 15:15:00+05:30,2025-08-14,False,weekly,61,305,359.8,34.1786,PE,30.0,macd_only,NIFTY|weekly|2025-08-14,24699.1,24700.0,NIFTY 24700 PE 14 AUG 25,5m,64.831331,NIFTY,weekly_series,28
48,series|5m|macd_only|target_30pct,0.131239,173.75,61.2987,2025-08-12T11:05:00+05:30,68.7,hold_to_end_target_30pct_not_hit,target_30pct,2025-08-14 15:30:00+05:30,2025-08-14,False,weekly,205,1025,222.0,27.7698,PE,-60.4604,macd_only,NIFTY|weekly|2025-08-14,24699.1,24700.0,NIFTY 24700 PE 14 AUG 25,5m,64.831331,NIFTY,weekly_series,28
498,series|5m|macd_only|target_30pct,0.679698,967.3,60.8472,2025-08-06T12:35:00+05:30,1257.49,target_30pct_hit,target_30pct,2025-08-18 09:15:00+05:30,2025-08-19,False,weekly,491,2455,1619.6,67.4351,CE,30.0,macd_only,SENSEX|weekly|2025-08-19,80923.2,80200.0,SENSEX 80200 CE 19 AUG 25,5m,64.732941,SENSEX,weekly_series,29
67,series|5m|macd_only|target_30pct,0.738513,1410.25,60.6255,2025-08-18T13:20:00+05:30,1447.35,hold_to_end_target_30pct_not_hit,target_30pct,2025-08-19 15:30:00+05:30,2025-08-19,False,weekly,101,505,1564.55,10.9413,CE,2.6307,macd_only,SENSEX|weekly|2025-08-19,80923.2,80200.0,SENSEX 80200 CE 19 AUG 25,5m,64.732941,SENSEX,weekly_series,29
109,series|5m|macd_only|target_30pct,1.082978,427.8,61.5192,2025-08-06T10:50:00+05:30,556.14,target_30pct_hit,target_30pct,2025-08-07 10:35:00+05:30,2025-08-19,False,weekly,73,365,702.65,64.2473,PE,30.0,macd_only,SENSEX|weekly|2025-08-19,80923.2,80200.0,SENSEX 80200 PE 19 AUG 25,5m,64.732941,SENSEX,weekly_series,29
61,series|5m|macd_only|target_30pct,1.997993,497.8,60.2668,2025-08-08T10:10:00+05:30,647.14,target_30pct_hit,target_30pct,2025-08-08 15:15:00+05:30,2025-08-19,False,weekly,61,305,666.1,33.8088,PE,30.0,macd_only,SENSEX|weekly|2025-08-19,80923.2,80200.0,SENSEX 80200 PE 19 AUG 25,5m,64.732941,SENSEX,weekly_series,29
47,series|5m|macd_only|target_30pct,1.801957,305.0,63.6788,2025-08-12T11:10:00+05:30,0.05,hold_to_end_target_30pct_not_hit,target_30pct,2025-08-19 15:30:00+05:30,2025-08-19,False,weekly,356,1780,361.5,18.5246,PE,-99.9836,macd_only,SENSEX|weekly|2025-08-19,80923.2,80200.0,SENSEX 80200 PE 19 AUG 25,5m,64.732941,SENSEX,weekly_series,29
683,series|5m|macd_only|target_30pct,0.759432,199.0,61.2062,2025-08-07T14:25:00+05:30,258.7,target_30pct_hit,target_30pct,2025-08-07 15:05:00+05:30,2025-08-21,False,weekly,8,40,649.25,226.2563,CE,30.0,macd_only,NIFTY|weekly|2025-08-21,24501.7,24500.0,NIFTY 24500 CE 21 AUG 25,5m,65.71344,NIFTY,weekly_series,30
578,series|5m|macd_only|target_30pct,0.674281,174.2,57.994,2025-08-11T10:30:00+05:30,226.46,target_30pct_hit,target_30pct,2025-08-11 14:35:00+05:30,2025-08-21,False,weekly,49,245,649.25,272.7038,CE,30.0,macd_only,NIFTY|weekly|2025-08-21,24501.7,24500.0,NIFTY 24500 CE 21 AUG 25,5m,65.71344,NIFTY,weekly_series,30
478,series|5m|macd_only|target_30pct,0.45619,253.0,59.1785,2025-08-12T12:30:00+05:30,328.9,target_30pct_hit,target_30pct,2025-08-18 09:15:00+05:30,2025-08-21,False,weekly,189,945,649.25,156.6206,CE,30.0,macd_only,NIFTY|weekly|2025-08-21,24501.7,24500.0,NIFTY 24500 CE 21 AUG 25,5m,65.71344,NIFTY,weekly_series,30
240,series|5m|macd_only|target_30pct,1.063081,489.0,60.5694,2025-08-18T13:20:00+05:30,635.7,target_30pct_hit,target_30pct,2025-08-21 10:05:00+05:30,2025-08-21,False,weekly,189,945,649.25,32.771,CE,30.0,macd_only,NIFTY|weekly|2025-08-21,24501.7,24500.0,NIFTY 24500 CE 21 AUG 25,5m,65.71344,NIFTY,weekly_series,30
19,series|5m|macd_only|target_30pct,0.003712,620.0,53.7704,2025-08-21T12:45:00+05:30,584.1,hold_to_end_target_30pct_not_hit,target_30pct,2025-08-21 15:30:00+05:30,2025-08-21,False,weekly,33,165,649.25,4.7177,CE,-5.7903,macd_only,NIFTY|weekly|2025-08-21,24501.7,24500.0,NIFTY 24500 CE 21 AUG 25,5m,65.71344,NIFTY,weekly_series,30
61,series|5m|macd_only|target_30pct,0.729472,187.4,58.539,2025-08-08T10:10:00+05:30,243.62,target_30pct_hit,target_30pct,2025-08-08 15:15:00+05:30,2025-08-21,False,weekly,61,305,251.0,33.9381,PE,30.0,macd_only,NIFTY|weekly|2025-08-21,24501.7,24500.0,NIFTY 24500 PE 21 AUG 25,5m,65.71344,NIFTY,weekly_series,30
47,series|5m|macd_only|target_30pct,1.559017,130.75,65.0486,2025-08-12T11:10:00+05:30,0.05,hold_to_end_target_30pct_not_hit,target_30pct,2025-08-21 15:30:00+05:30,2025-08-21,False,weekly,508,2540,145.85,11.5488,PE,-99.9618,macd_only,NIFTY|weekly|2025-08-21,24501.7,24500.0,NIFTY 24500 PE 21 AUG 25,5m,65.71344,NIFTY,weekly_series,30
18,series|5m|macd_only|target_30pct,0.43886,751.0,54.6969,2025-08-21T12:50:00+05:30,0.05,hold_to_end_target_30pct_not_hit,target_30pct,2025-09-04 15:30:00+05:30,2025-09-04,False,weekly,716,3580,781.4,4.0479,CE,-99.9933,macd_only,SENSEX|weekly|2025-09-04,82051.04,82100.0,SENSEX 82100 CE 04 SEP 25,5m,67.009479,SENSEX,weekly_series,31
377,series|5m|macd_only|target_30pct,0.232746,565.75,61.7211,2025-08-21T13:40:00+05:30,735.475,target_30pct_hit,target_30pct,2025-08-22 09:35:00+05:30,2025-09-04,False,weekly,27,135,2131.45,276.7477,PE,30.0,macd_only,SENSEX|weekly|2025-09-04,82051.04,82100.0,SENSEX 82100 PE 04 SEP 25,5m,67.009479,SENSEX,weekly_series,31
293,series|5m|macd_only|target_30pct,3.409384,858.45,69.0215,2025-08-22T14:20:00+05:30,1115.985,target_30pct_hit,target_30pct,2025-08-26 09:40:00+05:30,2025-09-04,False,weekly,95,475,2131.45,148.2905,PE,30.0,macd_only,SENSEX|weekly|2025-09-04,82051.04,82100.0,SENSEX 82100 PE 04 SEP 25,5m,67.009479,SENSEX,weekly_series,31
142,series|5m|macd_only|target_30pct,3.975009,1130.0,68.5769,2025-08-26T14:20:00+05:30,1469.0,target_30pct_hit,target_30pct,2025-08-28 09:20:00+05:30,2025-09-04,False,weekly,15,75,2131.45,88.6239,PE,30.0,macd_only,SENSEX|weekly|2025-09-04,82051.04,82100.0,SENSEX 82100 PE 04 SEP 25,5m,67.009479,SENSEX,weekly_series,31
89,series|5m|macd_only|target_30pct,3.543472,1735.0,70.4842,2025-08-28T12:30:00+05:30,1384.95,hold_to_end_target_30pct_not_hit,target_30pct,2025-09-04 15:30:00+05:30,2025-09-04,False,weekly,345,1725,2131.45,22.8501,PE,-20.1758,macd_only,SENSEX|weekly|2025-09-04,82051.04,82100.0,SENSEX 82100 PE 04 SEP 25,5m,67.009479,SENSEX,weekly_series,31
601,series|5m|macd_only|target_30pct,0.397417,636.75,51.1286,2025-08-29T11:10:00+05:30,827.775,target_30pct_hit,target_30pct,2025-09-04 09:15:00+05:30,2025-09-11,False,weekly,281,1405,1189.25,86.7687,CE,30.0,macd_only,SENSEX|weekly|2025-09-11,80416.2,80500.0,SENSEX 80500 CE 11 SEP 25,5m,67.156048,SENSEX,weekly_series,32
274,series|5m|macd_only|target_30pct,2.867497,830.0,55.4675,2025-09-04T13:05:00+05:30,1079.0,target_30pct_hit,target_30pct,2025-09-10 09:45:00+05:30,2025-09-11,False,weekly,264,1320,1189.25,43.2831,CE,30.0,macd_only,SENSEX|weekly|2025-09-11,80416.2,80500.0,SENSEX 80500 CE 11 SEP 25,5m,67.156048,SENSEX,weekly_series,32
58,series|5m|macd_only|target_30pct,3.154544,1023.9,59.0917,2025-09-10T15:25:00+05:30,1048.4,hold_to_end_target_30pct_not_hit,target_30pct,2025-09-11 15:30:00+05:30,2025-09-11,False,weekly,77,385,1107.75,8.1893,CE,2.3928,macd_only,SENSEX|weekly|2025-09-11,80416.2,80500.0,SENSEX 80500 CE 11 SEP 25,5m,67.156048,SENSEX,weekly_series,32
107,series|5m|macd_only|target_30pct,2.618914,657.15,59.3861,2025-08-28T12:40:00+05:30,854.295,target_30pct_hit,target_30pct,2025-08-29 15:10:00+05:30,2025-09-11,False,weekly,106,530,884.15,34.5431,PE,30.0,macd_only,SENSEX|weekly|2025-09-11,80416.2,80500.0,SENSEX 80500 PE 11 SEP 25,5m,67.156048,SENSEX,weekly_series,32
13,series|5m|macd_only|target_30pct,0.376044,379.75,69.5492,2025-09-02T13:25:00+05:30,493.675,target_30pct_hit,target_30pct,2025-09-02 13:55:00+05:30,2025-09-11,False,weekly,6,30,667.1,75.6682,PE,30.0,macd_only,SENSEX|weekly|2025-09-11,80416.2,80500.0,SENSEX 80500 PE 11 SEP 25,5m,67.156048,SENSEX,weekly_series,32
52,series|5m|macd_only|target_30pct,0.539852,269.25,61.0941,2025-09-04T12:25:00+05:30,350.025,target_30pct_hit,target_30pct,2025-09-05 10:15:00+05:30,2025-09-11,False,weekly,50,250,487.85,81.1885,PE,30.0,macd_only,SENSEX|weekly|2025-09-11,80416.2,80500.0,SENSEX 80500 PE 11 SEP 25,5m,67.156048,SENSEX,weekly_series,32
3,series|5m|macd_only|target_30pct,1.214656,137.95,68.3064,2025-09-08T15:00:00+05:30,0.05,hold_to_end_target_30pct_not_hit,target_30pct,2025-09-11 15:30:00+05:30,2025-09-11,False,weekly,234,1170,175.0,26.8576,PE,-99.9638,macd_only,SENSEX|weekly|2025-09-11,80416.2,80500.0,SENSEX 80500 PE 11 SEP 25,5m,67.156048,SENSEX,weekly_series,32
723,series|5m|macd_only|target_30pct,0.533303,688.5,53.6651,2025-09-04T13:30:00+05:30,895.05,target_30pct_hit,target_30pct,2025-09-10 10:35:00+05:30,2025-09-18,False,weekly,267,1335,2004.7,191.1692,CE,30.0,macd_only,SENSEX|weekly|2025-09-18,81092.25,81100.0,SENSEX 81100 CE 18 SEP 25,5m,68.992012,SENSEX,weekly_series,33
398,series|5m|macd_only|target_30pct,0.107408,764.7,57.6706,2025-09-10T15:25:00+05:30,994.11,target_30pct_hit,target_30pct,2025-09-12 11:20:00+05:30,2025-09-18,False,weekly,103,515,2004.7,162.1551,CE,30.0,macd_only,SENSEX|weekly|2025-09-18,81092.25,81100.0,SENSEX 81100 CE 18 SEP 25,5m,68.992012,SENSEX,weekly_series,33
248,series|5m|macd_only|target_30pct,0.434324,1007.05,53.8679,2025-09-12T15:15:00+05:30,1309.165,target_30pct_hit,target_30pct,2025-09-16 15:05:00+05:30,2025-09-18,False,weekly,149,745,2004.7,99.0666,CE,30.0,macd_only,SENSEX|weekly|2025-09-18,81092.25,81100.0,SENSEX 81100 CE 18 SEP 25,5m,68.992012,SENSEX,weekly_series,33
22,series|5m|macd_only|target_30pct,0.409045,1672.75,68.6947,2025-09-17T15:15:00+05:30,1920.7,hold_to_end_target_30pct_not_hit,target_30pct,2025-09-18 15:30:00+05:30,2025-09-18,False,weekly,78,390,2004.7,19.8446,CE,14.8229,macd_only,SENSEX|weekly|2025-09-18,81092.25,81100.0,SENSEX 81100 CE 18 SEP 25,5m,68.992012,SENSEX,weekly_series,33
61,series|5m|macd_only|target_30pct,3.446016,631.6,70.3147,2025-09-04T13:50:00+05:30,821.08,target_30pct_hit,target_30pct,2025-09-05 10:15:00+05:30,2025-09-18,False,weekly,33,165,914.5,44.791,PE,30.0,macd_only,SENSEX|weekly|2025-09-18,81092.25,81100.0,SENSEX 81100 PE 18 SEP 25,5m,68.992012,SENSEX,weekly_series,33
3,series|5m|macd_only|target_30pct,0.760468,522.7,65.0537,2025-09-08T15:00:00+05:30,0.05,hold_to_end_target_30pct_not_hit,target_30pct,2025-09-18 15:30:00+05:30,2025-09-18,False,weekly,614,3070,581.05,11.1632,PE,-99.9904,macd_only,SENSEX|weekly|2025-09-18,81092.25,81100.0,SENSEX 81100 PE 18 SEP 25,5m,68.992012,SENSEX,weekly_series,33
12,series|5m|macd_only|target_30pct,1.473716,813.9,67.4786,2025-09-17T15:05:00+05:30,0.05,hold_to_end_target_30pct_not_hit,target_30pct,2025-10-01 15:30:00+05:30,2025-10-01,False,weekly,764,3820,990.0,21.6366,CE,-99.9939,macd_only,SENSEX|weekly|2025-10-01,82582.41,82600.0,SENSEX 82600 CE 01 OCT 25,5m,70.356248,SENSEX,weekly_series,34
711,series|5m|macd_only|target_30pct,0.00299,443.4,51.4224,2025-09-17T12:35:00+05:30,576.42,target_30pct_hit,target_30pct,2025-09-22 14:45:00+05:30,2025-10-01,False,weekly,254,1270,2231.9,403.3604,PE,30.0,macd_only,SENSEX|weekly|2025-10-01,82582.41,82600.0,SENSEX 82600 PE 01 OCT 25,5m,70.356248,SENSEX,weekly_series,34
371,series|5m|macd_only|target_30pct,11.498089,710.0,74.8322,2025-09-24T09:15:00+05:30,923.0,target_30pct_hit,target_30pct,2025-09-25 10:35:00+05:30,2025-10-01,False,weekly,91,455,2231.9,214.3521,PE,30.0,macd_only,SENSEX|weekly|2025-10-01,82582.41,82600.0,SENSEX 82600 PE 01 OCT 25,5m,70.356248,SENSEX,weekly_series,34
115,series|5m|macd_only|target_30pct,9.477487,2000.0,80.2675,2025-09-29T11:45:00+05:30,1623.65,hold_to_end_target_30pct_not_hit,target_30pct,2025-10-01 15:30:00+05:30,2025-10-01,False,weekly,191,955,2231.9,11.595,PE,-18.8175,macd_only,SENSEX|weekly|2025-10-01,82582.41,82600.0,SENSEX 82600 PE 01 OCT 25,5m,70.356248,SENSEX,weekly_series,34
428,series|5m|macd_only|target_30pct,2.63967,353.95,63.9867,2025-09-29T09:45:00+05:30,460.135,target_30pct_hit,target_30pct,2025-10-06 13:05:00+05:30,2025-10-09,False,weekly,344,1720,878.0,148.0576,CE,30.0,macd_only,SENSEX|weekly|2025-10-09,81517.12,81500.0,SENSEX 81500 CE 09 OCT 25,5m,69.981352,SENSEX,weekly_series,35
19,series|5m|macd_only|target_30pct,1.157668,747.45,59.2382,2025-10-07T12:10:00+05:30,672.0,hold_to_end_target_30pct_not_hit,target_30pct,2025-10-09 15:30:00+05:30,2025-10-09,False,weekly,192,960,878.0,17.4661,CE,-10.0943,macd_only,SENSEX|weekly|2025-10-09,81517.12,81500.0,SENSEX 81500 CE 09 OCT 25,5m,69.981352,SENSEX,weekly_series,35
188,series|5m|macd_only|target_30pct,0.343669,455.05,53.2589,2025-09-25T14:05:00+05:30,591.565,target_30pct_hit,target_30pct,2025-09-26 09:15:00+05:30,2025-10-09,False,weekly,18,90,1230.35,170.3769,PE,30.0,macd_only,SENSEX|weekly|2025-10-09,81517.12,81500.0,SENSEX 81500 PE 09 OCT 25,5m,69.981352,SENSEX,weekly_series,35
65,series|5m|macd_only|target_30pct,0.572795,1002.25,67.571,2025-09-29T11:40:00+05:30,0.15,hold_to_end_target_30pct_not_hit,target_30pct,2025-10-09 15:30:00+05:30,2025-10-09,False,weekly,578,2890,1230.35,22.7588,PE,-99.985,macd_only,SENSEX|weekly|2025-10-09,81517.12,81500.0,SENSEX 81500 PE 09 OCT 25,5m,69.981352,SENSEX,weekly_series,35
686,series|5m|macd_only|target_30pct,4.602268,806.5,67.2438,2025-10-03T14:40:00+05:30,1048.45,target_30pct_hit,target_30pct,2025-10-06 11:15:00+05:30,2025-10-16,False,weekly,35,175,2565.15,218.0595,CE,30.0,macd_only,SENSEX|weekly|2025-10-16,80874.82,80900.0,SENSEX 80900 CE 16 OCT 25,5m,69.678906,SENSEX,weekly_series,36
502,series|5m|macd_only|target_30pct,0.320666,1474.15,52.5281,2025-10-08T11:10:00+05:30,1916.395,target_30pct_hit,target_30pct,2025-10-16 09:15:00+05:30,2025-10-16,False,weekly,428,2140,2565.15,74.0088,CE,30.0,macd_only,SENSEX|weekly|2025-10-16,80874.82,80900.0,SENSEX 80900 CE 16 OCT 25,5m,69.678906,SENSEX,weekly_series,36
83,series|5m|macd_only|target_30pct,0.233659,125.3,60.1728,2025-10-07T11:50:00+05:30,0.05,hold_to_end_target_30pct_not_hit,target_30pct,2025-10-16 15:30:00+05:30,2025-10-16,False,weekly,576,2880,150.0,19.7127,PE,-99.9601,macd_only,SENSEX|weekly|2025-10-16,80874.82,80900.0,SENSEX 80900 PE 16 OCT 25,5m,69.678906,SENSEX,weekly_series,36
567,series|5m|macd_only|target_30pct,1.152581,890.0,64.5239,2025-10-09T15:10:00+05:30,1157.0,target_30pct_hit,target_30pct,2025-10-10 09:50:00+05:30,2025-10-23,False,weekly,12,60,3492.7,292.4382,CE,30.0,macd_only,SENSEX|weekly|2025-10-23,81787.82,81800.0,SENSEX 81800 CE 23 OCT 25,5m,69.719981,SENSEX,weekly_series,37
425,series|5m|macd_only|target_30pct,2.726938,955.0,68.4581,2025-10-13T14:25:00+05:30,1241.5,target_30pct_hit,target_30pct,2025-10-15 13:40:00+05:30,2025-10-23,False,weekly,142,710,3492.7,265.7277,CE,30.0,macd_only,SENSEX|weekly|2025-10-23,81787.82,81800.0,SENSEX 81800 CE 23 OCT 25,5m,69.719981,SENSEX,weekly_series,37
261,series|5m|macd_only|target_30pct,1.716631,1177.5,57.5542,2025-10-15T15:30:00+05:30,1530.75,target_30pct_hit,target_30pct,2025-10-16 12:30:00+05:30,2025-10-23,False,weekly,40,200,3492.7,196.62,CE,30.0,macd_only,SENSEX|weekly|2025-10-23,81787.82,81800.0,SENSEX 81800 CE 23 OCT 25,5m,69.719981,SENSEX,weekly_series,37
113,series|5m|macd_only|target_30pct,42.762389,2850.0,96.2076,2025-10-20T09:25:00+05:30,2755.0,hold_to_end_target_30pct_not_hit,target_30pct,2025-10-23 15:30:00+05:30,2025-10-23,False,weekly,147,735,3492.7,22.5509,CE,-3.3333,macd_only,SENSEX|weekly|2025-10-23,81787.82,81800.0,SENSEX 81800 CE 23 OCT 25,5m,69.719981,SENSEX,weekly_series,37
122,series|5m|macd_only|target_30pct,8.248066,305.0,85.7112,2025-10-13T09:20:00+05:30,396.5,target_30pct_hit,target_30pct,2025-10-14 12:10:00+05:30,2025-10-23,False,weekly,110,550,469.45,53.918,PE,30.0,macd_only,SENSEX|weekly|2025-10-23,81787.82,81800.0,SENSEX 81800 PE 23 OCT 25,5m,69.719981,SENSEX,weekly_series,37
8,series|5m|macd_only|target_30pct,0.696315,56.4,64.3559,2025-10-17T12:55:00+05:30,0.05,hold_to_end_target_30pct_not_hit,target_30pct,2025-10-23 15:30:00+05:30,2025-10-23,False,weekly,196,980,70.55,25.0887,PE,-99.9113,macd_only,SENSEX|weekly|2025-10-23,81787.82,81800.0,SENSEX 81800 PE 23 OCT 25,5m,69.719981,SENSEX,weekly_series,37
7,series|5m|macd_only|target_30pct,0.717199,1015.1,64.5702,2025-10-23T12:00:00+05:30,0.05,hold_to_end_target_30pct_not_hit,target_30pct,2025-11-06 15:30:00+05:30,2025-11-06,False,weekly,726,3630,1047.55,3.1967,CE,-99.9951,macd_only,SENSEX|weekly|2025-11-06,84959.71,85000.0,SENSEX 85000 CE 06 NOV 25,5m,70.344072,SENSEX,weekly_series,38
704,series|5m|macd_only|target_30pct,3.746212,557.1,64.9542,2025-10-23T13:35:00+05:30,724.23,target_30pct_hit,target_30pct,2025-10-23 15:15:00+05:30,2025-11-06,False,weekly,20,100,1730.9,210.6983,PE,30.0,macd_only,SENSEX|weekly|2025-11-06,84959.71,85000.0,SENSEX 85000 PE 06 NOV 25,5m,70.344072,SENSEX,weekly_series,38
637,series|5m|macd_only|target_30pct,0.145023,855.1,54.3637,2025-10-24T12:50:00+05:30,1111.63,target_30pct_hit,target_30pct,2025-10-24 13:45:00+05:30,2025-11-06,False,weekly,11,55,1730.9,102.4208,PE,30.0,macd_only,SENSEX|weekly|2025-11-06,84959.71,85000.0,SENSEX 85000 PE 06 NOV 25,5m,70.344072,SENSEX,weekly_series,38
553,series|5m|macd_only|target_30pct,3.084165,662.8,62.2494,2025-10-27T13:30:00+05:30,861.64,target_30pct_hit,target_30pct,2025-10-28 10:55:00+05:30,2025-11-06,False,weekly,45,225,1730.9,161.1497,PE,30.0,macd_only,SENSEX|weekly|2025-11-06,84959.71,85000.0,SENSEX 85000 PE 06 NOV 25,5m,70.344072,SENSEX,weekly_series,38
469,series|5m|macd_only|target_30pct,2.773689,815.4,57.8884,2025-10-28T14:10:00+05:30,1060.02,target_30pct_hit,target_30pct,2025-11-03 09:15:00+05:30,2025-11-06,False,weekly,245,1225,1730.9,112.2762,PE,30.0,macd_only,SENSEX|weekly|2025-11-06,84959.71,85000.0,SENSEX 85000 PE 06 NOV 25,5m,70.344072,SENSEX,weekly_series,38
194,series|5m|macd_only|target_30pct,2.891372,1086.25,59.5802,2025-11-03T11:45:00+05:30,1412.125,target_30pct_hit,target_30pct,2025-11-04 14:15:00+05:30,2025-11-06,False,weekly,106,530,1730.9,59.3464,PE,30.0,macd_only,SENSEX|weekly|2025-11-06,84959.71,85000.0,SENSEX 85000 PE 06 NOV 25,5m,70.344072,SENSEX,weekly_series,38
66,series|5m|macd_only|target_30pct,0.70455,1410.0,53.0938,2025-11-06T09:45:00+05:30,1687.0,hold_to_end_target_30pct_not_hit,target_30pct,2025-11-06 15:30:00+05:30,2025-11-06,False,weekly,69,345,1730.9,22.7589,PE,19.6454,macd_only,SENSEX|weekly|2025-11-06,84959.71,85000.0,SENSEX 85000 PE 06 NOV 25,5m,70.344072,SENSEX,weekly_series,38
0,series|5m|macd_only|target_30pct,3.162051,769.35,59.9553,2025-10-31T09:40:00+05:30,0.05,hold_to_end_target_30pct_not_hit,target_30pct,2025-11-13 15:30:00+05:30,2025-11-13,False,weekly,676,3380,801.0,4.1139,CE,-99.9935,macd_only,SENSEX|weekly|2025-11-13,84782.47,84800.0,SENSEX 84800 CE 13 NOV 25,5m,72.020237,SENSEX,weekly_series,39
346,series|5m|macd_only|target_30pct,0.659976,731.4,73.4195,2025-10-30T12:20:00+05:30,950.82,target_30pct_hit,target_30pct,2025-11-03 09:15:00+05:30,2025-11-13,False,weekly,115,575,2025.0,176.8663,PE,30.0,macd_only,SENSEX|weekly|2025-11-13,84782.47,84800.0,SENSEX 84800 PE 13 NOV 25,5m,72.020237,SENSEX,weekly_series,39
199,series|5m|macd_only|target_30pct,3.346844,1032.95,59.7124,2025-11-03T11:55:00+05:30,1342.835,target_30pct_hit,target_30pct,2025-11-06 11:25:00+05:30,2025-11-13,False,weekly,145,725,2025.0,96.0405,PE,30.0,macd_only,SENSEX|weekly|2025-11-13,84782.47,84800.0,SENSEX 84800 PE 13 NOV 25,5m,72.020237,SENSEX,weekly_series,39
22,series|5m|macd_only|target_30pct,5.281616,1380.1,68.3655,2025-11-06T14:05:00+05:30,1794.13,target_30pct_hit,target_30pct,2025-11-07 09:20:00+05:30,2025-11-13,False,weekly,19,95,2025.0,46.7285,PE,30.0,macd_only,SENSEX|weekly|2025-11-13,84782.47,84800.0,SENSEX 84800 PE 13 NOV 25,5m,72.020237,SENSEX,weekly_series,39
38,series|5m|macd_only|target_30pct,1.588707,1150.0,55.8687,2025-11-10T13:55:00+05:30,1495.0,target_30pct_hit,target_30pct,2025-11-11 10:30:00+05:30,2025-11-13,False,weekly,35,175,1589.0,38.1739,PE,30.0,macd_only,SENSEX|weekly|2025-11-13,84782.47,84800.0,SENSEX 84800 PE 13 NOV 25,5m,72.020237,SENSEX,weekly_series,39
4,series|5m|macd_only|target_30pct,1.555668,366.0,57.1018,2025-11-12T15:25:00+05:30,475.8,target_30pct_hit,target_30pct,2025-11-13 09:15:00+05:30,2025-11-13,False,weekly,2,10,547.9,49.6995,PE,30.0,macd_only,SENSEX|weekly|2025-11-13,84782.47,84800.0,SENSEX 84800 PE 13 NOV 25,5m,72.020237,SENSEX,weekly_series,39
11,series|5m|macd_only|target_30pct,10.515842,314.8,72.3737,2025-11-13T14:10:00+05:30,320.7,hold_to_end_target_30pct_not_hit,target_30pct,2025-11-13 15:30:00+05:30,2025-11-13,False,weekly,16,80,393.3,24.9365,PE,1.8742,macd_only,SENSEX|weekly|2025-11-13,84782.47,84800.0,SENSEX 84800 PE 13 NOV 25,5m,72.020237,SENSEX,weekly_series,39
763,series|5m|macd_only|target_30pct,2.2327,807.0,64.0856,2025-11-06T13:05:00+05:30,1049.1,target_30pct_hit,target_30pct,2025-11-12 09:15:00+05:30,2025-11-20,False,weekly,258,1290,2036.25,152.3234,CE,30.0,macd_only,SENSEX|weekly|2025-11-20,83733.23,83700.0,SENSEX 83700 CE 20 NOV 25,5m,73.52863,SENSEX,weekly_series,40
413,series|5m|macd_only|target_30pct,1.551087,1232.6,62.7568,2025-11-13T10:40:00+05:30,1602.38,target_30pct_hit,target_30pct,2025-11-20 09:30:00+05:30,2025-11-20,False,weekly,363,1815,2036.25,65.1996,CE,30.0,macd_only,SENSEX|weekly|2025-11-20,83733.23,83700.0,SENSEX 83700 CE 20 NOV 25,5m,73.52863,SENSEX,weekly_series,40
20,series|5m|macd_only|target_30pct,0.963799,740.0,65.6197,2025-11-06T14:00:00+05:30,962.0,target_30pct_hit,target_30pct,2025-11-07 09:20:00+05:30,2025-11-20,False,weekly,19,95,1118.95,51.2095,PE,30.0,macd_only,SENSEX|weekly|2025-11-20,83733.23,83700.0,SENSEX 83700 PE 20 NOV 25,5m,73.52863,SENSEX,weekly_series,40
23,series|5m|macd_only|target_30pct,0.038617,533.8,52.7598,2025-11-10T15:05:00+05:30,693.94,target_30pct_hit,target_30pct,2025-11-11 09:25:00+05:30,2025-11-20,False,weekly,8,40,805.1,50.8243,PE,30.0,macd_only,SENSEX|weekly|2025-11-20,83733.23,83700.0,SENSEX 83700 PE 20 NOV 25,5m,73.52863,SENSEX,weekly_series,40
94,series|5m|macd_only|target_30pct,1.980277,224.55,70.7853,2025-11-13T09:15:00+05:30,291.915,target_30pct_hit,target_30pct,2025-11-14 09:15:00+05:30,2025-11-20,False,weekly,76,380,330.5,47.1833,PE,30.0,macd_only,SENSEX|weekly|2025-11-20,83733.23,83700.0,SENSEX 83700 PE 20 NOV 25,5m,73.52863,SENSEX,weekly_series,40
2,series|5m|macd_only|target_30pct,3.838189,286.2,66.7013,2025-11-14T13:45:00+05:30,0.05,hold_to_end_target_30pct_not_hit,target_30pct,2025-11-20 15:30:00+05:30,2025-11-20,False,weekly,325,1625,297.65,4.0007,PE,-99.9825,macd_only,SENSEX|weekly|2025-11-20,83733.23,83700.0,SENSEX 83700 PE 20 NOV 25,5m,73.52863,SENSEX,weekly_series,40
286,series|5m|macd_only|target_30pct,5.04212,983.0,65.7706,2025-11-21T12:25:00+05:30,0.05,hold_to_end_target_30pct_not_hit,target_30pct,2025-12-04 15:30:00+05:30,2025-12-04,False,weekly,721,3605,1039.4,5.7375,CE,-99.9949,macd_only,SENSEX|weekly|2025-12-04,85375.28,85300.0,SENSEX 85300 CE 04 DEC 25,5m,74.715336,SENSEX,weekly_series,41
221,series|5m|macd_only|target_30pct,0.799787,547.55,67.0602,2025-11-21T09:20:00+05:30,711.815,target_30pct_hit,target_30pct,2025-11-24 15:30:00+05:30,2025-12-04,False,weekly,150,750,869.75,58.8439,PE,30.0,macd_only,SENSEX|weekly|2025-12-04,85375.28,85300.0,SENSEX 85300 PE 04 DEC 25,5m,74.715336,SENSEX,weekly_series,41
52,series|5m|macd_only|target_30pct,0.448024,646.05,51.7536,2025-11-25T10:45:00+05:30,839.865,target_30pct_hit,target_30pct,2025-11-25 15:05:00+05:30,2025-12-04,False,weekly,52,260,869.75,34.6258,PE,30.0,macd_only,SENSEX|weekly|2025-12-04,85375.28,85300.0,SENSEX 85300 PE 04 DEC 25,5m,74.715336,SENSEX,weekly_series,41
290,series|5m|macd_only|target_30pct,0.872792,260.15,55.0795,2025-11-27T12:35:00+05:30,338.195,target_30pct_hit,target_30pct,2025-11-27 13:25:00+05:30,2025-12-04,False,weekly,10,50,530.0,103.7286,PE,30.0,macd_only,SENSEX|weekly|2025-12-04,85375.28,85300.0,SENSEX 85300 PE 04 DEC 25,5m,74.715336,SENSEX,weekly_series,41
210,series|5m|macd_only|target_30pct,0.439482,200.4,54.1177,2025-11-28T12:55:00+05:30,260.52,target_30pct_hit,target_30pct,2025-12-02 09:45:00+05:30,2025-12-04,False,weekly,114,570,530.0,164.4711,PE,30.0,macd_only,SENSEX|weekly|2025-12-04,85375.28,85300.0,SENSEX 85300 PE 04 DEC 25,5m,74.715336,SENSEX,weekly_series,41
23,series|5m|macd_only|target_30pct,6.736581,388.05,66.6434,2025-12-03T09:30:00+05:30,504.465,target_30pct_hit,target_30pct,2025-12-03 10:05:00+05:30,2025-12-04,False,weekly,7,35,530.0,36.5803,PE,30.0,macd_only,SENSEX|weekly|2025-12-04,85375.28,85300.0,SENSEX 85300 PE 04 DEC 25,5m,74.715336,SENSEX,weekly_series,41
11,series|5m|macd_only|target_30pct,1.453166,450.7,55.4369,2025-12-03T12:55:00+05:30,34.15,hold_to_end_target_30pct_not_hit,target_30pct,2025-12-04 15:30:00+05:30,2025-12-04,False,weekly,107,535,504.2,11.8704,PE,-92.4229,macd_only,SENSEX|weekly|2025-12-04,85375.28,85300.0,SENSEX 85300 PE 04 DEC 25,5m,74.715336,SENSEX,weekly_series,41
79,series|5m|macd_only|target_30pct,2.802638,927.3,56.4587,2025-11-28T09:30:00+05:30,0.05,hold_to_end_target_30pct_not_hit,target_30pct,2025-12-11 15:30:00+05:30,2025-12-11,False,weekly,756,3780,1016.65,9.6355,CE,-99.9946,macd_only,SENSEX|weekly|2025-12-11,85715.76,85600.0,SENSEX 85600 CE 11 DEC 25,5m,75.130279,SENSEX,weekly_series,42
733,series|5m|macd_only|target_30pct,0.853376,503.65,61.2224,2025-11-27T11:55:00+05:30,654.745,target_30pct_hit,target_30pct,2025-12-02 14:40:00+05:30,2025-12-11,False,weekly,261,1305,1424.35,182.8055,PE,30.0,macd_only,SENSEX|weekly|2025-12-11,85715.76,85600.0,SENSEX 85600 PE 11 DEC 25,5m,75.130279,SENSEX,weekly_series,42
460,series|5m|macd_only|target_30pct,1.237178,646.2,55.4959,2025-12-03T09:20:00+05:30,840.06,target_30pct_hit,target_30pct,2025-12-03 10:05:00+05:30,2025-12-11,False,weekly,9,45,1424.35,120.4194,PE,30.0,macd_only,SENSEX|weekly|2025-12-11,85715.76,85600.0,SENSEX 85600 PE 11 DEC 25,5m,75.130279,SENSEX,weekly_series,42
416,series|5m|macd_only|target_30pct,1.237169,815.0,57.1569,2025-12-03T13:00:00+05:30,1059.5,target_30pct_hit,target_30pct,2025-12-09 09:40:00+05:30,2025-12-11,False,weekly,264,1320,1424.35,74.7669,PE,30.0,macd_only,SENSEX|weekly|2025-12-11,85715.76,85600.0,SENSEX 85600 PE 11 DEC 25,5m,75.130279,SENSEX,weekly_series,42
95,series|5m|macd_only|target_30pct,6.606093,915.0,65.1893,2025-12-09T14:25:00+05:30,1189.5,target_30pct_hit,target_30pct,2025-12-10 14:10:00+05:30,2025-12-11,False,weekly,73,365,1424.35,55.6667,PE,30.0,macd_only,SENSEX|weekly|2025-12-11,85715.76,85600.0,SENSEX 85600 PE 11 DEC 25,5m,75.130279,SENSEX,weekly_series,42
51,series|5m|macd_only|target_30pct,5.852464,973.7,63.9436,2025-12-04T15:00:00+05:30,1265.81,target_30pct_hit,target_30pct,2025-12-05 12:35:00+05:30,2025-12-18,False,weekly,47,235,1306.85,34.2149,CE,30.0,macd_only,SENSEX|weekly|2025-12-18,85010.36,85000.0,SENSEX 85000 CE 18 DEC 25,5m,75.874816,SENSEX,weekly_series,43
1,series|5m|macd_only|target_30pct,0.779211,1213.4,55.4057,2025-12-05T15:20:00+05:30,0.1,hold_to_end_target_30pct_not_hit,target_30pct,2025-12-18 15:30:00+05:30,2025-12-18,False,weekly,685,3425,1225.0,0.956,CE,-99.9918,macd_only,SENSEX|weekly|2025-12-18,85010.36,85000.0,SENSEX 85000 CE 18 DEC 25,5m,75.874816,SENSEX,weekly_series,43
348,series|5m|macd_only|target_30pct,1.399072,447.05,58.6122,2025-12-04T12:25:00+05:30,581.165,target_30pct_hit,target_30pct,2025-12-09 09:15:00+05:30,2025-12-18,False,weekly,190,950,905.0,102.4382,PE,30.0,macd_only,SENSEX|weekly|2025-12-18,85010.36,85000.0,SENSEX 85000 PE 18 DEC 25,5m,75.874816,SENSEX,weekly_series,43
96,series|5m|macd_only|target_30pct,3.523046,588.6,64.5971,2025-12-09T14:25:00+05:30,765.18,target_30pct_hit,target_30pct,2025-12-10 14:10:00+05:30,2025-12-18,False,weekly,73,365,905.0,53.7547,PE,30.0,macd_only,SENSEX|weekly|2025-12-18,85010.36,85000.0,SENSEX 85000 PE 18 DEC 25,5m,75.874816,SENSEX,weekly_series,43
235,series|5m|macd_only|target_30pct,0.939188,318.0,69.577,2025-12-15T09:15:00+05:30,413.4,target_30pct_hit,target_30pct,2025-12-15 09:45:00+05:30,2025-12-18,False,weekly,6,30,730.9,129.8428,PE,30.0,macd_only,SENSEX|weekly|2025-12-18,85010.36,85000.0,SENSEX 85000 PE 18 DEC 25,5m,75.874816,SENSEX,weekly_series,43
159,series|5m|macd_only|target_30pct,5.552755,324.4,76.6797,2025-12-16T09:15:00+05:30,421.72,target_30pct_hit,target_30pct,2025-12-16 10:05:00+05:30,2025-12-18,False,weekly,10,50,730.9,125.3083,PE,30.0,macd_only,SENSEX|weekly|2025-12-18,85010.36,85000.0,SENSEX 85000 PE 18 DEC 25,5m,75.874816,SENSEX,weekly_series,43
96,series|5m|macd_only|target_30pct,1.46917,393.3,56.3988,2025-12-16T14:30:00+05:30,511.29,target_30pct_hit,target_30pct,2025-12-17 12:05:00+05:30,2025-12-18,False,weekly,47,235,730.9,85.8378,PE,30.0,macd_only,SENSEX|weekly|2025-12-18,85010.36,85000.0,SENSEX 85000 PE 18 DEC 25,5m,75.874816,SENSEX,weekly_series,43
6,series|5m|macd_only|target_30pct,4.224892,589.85,62.7189,2025-12-18T09:20:00+05:30,518.0,hold_to_end_target_30pct_not_hit,target_30pct,2025-12-18 15:30:00+05:30,2025-12-18,False,weekly,74,370,730.9,23.9129,PE,-12.1811,macd_only,SENSEX|weekly|2025-12-18,85010.36,85000.0,SENSEX 85000 PE 18 DEC 25,5m,75.874816,SENSEX,weekly_series,43
209,series|5m|macd_only|target_30pct,6.955889,1348.6,74.3943,2025-12-19T09:25:00+05:30,1753.18,target_30pct_hit,target_30pct,2025-12-22 14:45:00+05:30,2026-01-01,False,weekly,139,695,1848.5,37.0681,CE,30.0,macd_only,SENSEX|weekly|2026-01-01,84445.59,84000.0,SENSEX 84000 CE 01 JAN 26,5m,77.0225,SENSEX,weekly_series,44
50,series|5m|macd_only|target_30pct,1.195404,1742.65,59.0067,2025-12-23T10:10:00+05:30,1188.0,hold_to_end_target_30pct_not_hit,target_30pct,2026-01-01 15:30:00+05:30,2026-01-01,False,weekly,520,2600,1848.5,6.0741,CE,-31.828,macd_only,SENSEX|weekly|2026-01-01,84445.59,84000.0,SENSEX 84000 CE 01 JAN 26,5m,77.0225,SENSEX,weekly_series,44
15,series|5m|macd_only|target_30pct,2.388021,297.25,64.8253,2025-12-18T14:15:00+05:30,0.05,hold_to_end_target_30pct_not_hit,target_30pct,2026-01-01 15:30:00+05:30,2026-01-01,False,weekly,699,3495,325.5,9.5038,PE,-99.9832,macd_only,SENSEX|weekly|2026-01-01,84445.59,84000.0,SENSEX 84000 PE 01 JAN 26,5m,77.0225,SENSEX,weekly_series,44
380,series|5m|macd_only|target_30pct,1.212588,516.9,62.9843,2025-12-29T09:15:00+05:30,671.97,target_30pct_hit,target_30pct,2026-01-02 15:30:00+05:30,2026-01-08,False,weekly,379,1895,805.45,55.8232,CE,30.0,macd_only,SENSEX|weekly|2026-01-08,85280.45,85300.0,SENSEX 85300 CE 08 JAN 26,5m,76.23783,SENSEX,weekly_series,45
2,series|5m|macd_only|target_30pct,7.396706,685.5,61.1392,2026-01-05T10:20:00+05:30,0.2,hold_to_end_target_30pct_not_hit,target_30pct,2026-01-08 15:30:00+05:30,2026-01-08,False,weekly,290,1450,739.25,7.841,CE,-99.9708,macd_only,SENSEX|weekly|2026-01-08,85280.45,85300.0,SENSEX 85300 CE 08 JAN 26,5m,76.23783,SENSEX,weekly_series,45
665,series|5m|macd_only|target_30pct,1.576663,511.55,58.9962,2025-12-29T10:20:00+05:30,665.015,target_30pct_hit,target_30pct,2025-12-29 13:40:00+05:30,2026-01-08,False,weekly,40,200,1163.45,127.4362,PE,30.0,macd_only,SENSEX|weekly|2026-01-08,85280.45,85300.0,SENSEX 85300 PE 08 JAN 26,5m,76.23783,SENSEX,weekly_series,45
601,series|5m|macd_only|target_30pct,7.769888,745.05,69.4155,2025-12-30T09:20:00+05:30,968.565,target_30pct_hit,target_30pct,2026-01-08 12:05:00+05:30,2026-01-08,False,weekly,565,2825,1163.45,56.1573,PE,30.0,macd_only,SENSEX|weekly|2026-01-08,85280.45,85300.0,SENSEX 85300 PE 08 JAN 26,5m,76.23783,SENSEX,weekly_series,45
72,series|5m|macd_only|target_30pct,0.656341,950.45,73.7357,2026-01-02T09:30:00+05:30,0.05,hold_to_end_target_30pct_not_hit,target_30pct,2026-01-14 15:30:00+05:30,2026-01-14,False,weekly,678,3390,1232.7,29.6965,CE,-99.9947,macd_only,SENSEX|weekly|2026-01-14,84869.83,84900.0,SENSEX 84900 CE 14 JAN 26,5m,76.578603,SENSEX,weekly_series,46
532,series|5m|macd_only|target_30pct,0.675541,302.8,59.8401,2026-01-01T12:15:00+05:30,393.64,target_30pct_hit,target_30pct,2026-01-08 10:20:00+05:30,2026-01-14,False,weekly,356,1780,1949.25,543.7417,PE,30.0,macd_only,SENSEX|weekly|2026-01-14,84869.83,84900.0,SENSEX 84900 PE 14 JAN 26,5m,76.578603,SENSEX,weekly_series,46
121,series|5m|macd_only|target_30pct,0.100015,623.5,52.4787,2026-01-08T14:55:00+05:30,810.55,target_30pct_hit,target_30pct,2026-01-09 09:35:00+05:30,2026-01-14,False,weekly,12,60,1949.25,212.6303,PE,30.0,macd_only,SENSEX|weekly|2026-01-14,84869.83,84900.0,SENSEX 84900 PE 14 JAN 26,5m,76.578603,SENSEX,weekly_series,46
129,series|5m|macd_only|target_30pct,4.478141,1258.85,59.8364,2026-01-13T10:00:00+05:30,1518.25,hold_to_end_target_30pct_not_hit,target_30pct,2026-01-14 15:30:00+05:30,2026-01-14,False,weekly,142,710,1625.1,29.094,PE,20.6061,macd_only,SENSEX|weekly|2026-01-14,84869.83,84900.0,SENSEX 84900 PE 14 JAN 26,5m,76.578603,SENSEX,weekly_series,46
77,series|5m|macd_only|target_30pct,1.629382,270.25,66.1025,2026-01-09T15:30:00+05:30,351.325,target_30pct_hit,target_30pct,2026-01-13 09:20:00+05:30,2026-01-22,False,weekly,77,385,365.0,35.0601,CE,30.0,macd_only,SENSEX|weekly|2026-01-22,84842.83,84800.0,SENSEX 84800 CE 22 JAN 26,5m,76.871003,SENSEX,weekly_series,47
0,series|5m|macd_only|target_30pct,0.216262,292.4,54.4039,2026-01-13T11:40:00+05:30,0.05,hold_to_end_target_30pct_not_hit,target_30pct,2026-01-22 15:30:00+05:30,2026-01-22,False,weekly,502,2510,296.05,1.2483,CE,-99.9829,macd_only,SENSEX|weekly|2026-01-22,84842.83,84800.0,SENSEX 84800 CE 22 JAN 26,5m,76.871003,SENSEX,weekly_series,47
390,series|5m|macd_only|target_30pct,8.672455,1240.05,61.6474,2026-01-13T10:00:00+05:30,1612.065,target_30pct_hit,target_30pct,2026-01-19 09:30:00+05:30,2026-01-22,False,weekly,221,1105,3351.45,170.2673,PE,30.0,macd_only,SENSEX|weekly|2026-01-22,84842.83,84800.0,SENSEX 84800 PE 22 JAN 26,5m,76.871003,SENSEX,weekly_series,47
96,series|5m|macd_only|target_30pct,7.249858,1661.45,64.349,2026-01-20T09:20:00+05:30,2159.885,target_30pct_hit,target_30pct,2026-01-20 15:05:00+05:30,2026-01-22,False,weekly,69,345,3351.45,101.7184,PE,30.0,macd_only,SENSEX|weekly|2026-01-22,84842.83,84800.0,SENSEX 84800 PE 22 JAN 26,5m,76.871003,SENSEX,weekly_series,47
9,series|5m|macd_only|target_30pct,2.991964,2800.0,66.7605,2026-01-21T14:40:00+05:30,2478.7,hold_to_end_target_30pct_not_hit,target_30pct,2026-01-22 15:30:00+05:30,2026-01-22,False,weekly,86,430,2920.0,4.2857,PE,-11.475,macd_only,SENSEX|weekly|2026-01-22,84842.83,84800.0,SENSEX 84800 PE 22 JAN 26,5m,76.871003,SENSEX,weekly_series,47
543,series|5m|macd_only|target_30pct,2.976315,1017.35,59.7578,2026-01-22T14:40:00+05:30,1322.555,target_30pct_hit,target_30pct,2026-02-03 09:15:00+05:30,2026-02-05,False,weekly,543,2715,3049.3,199.7297,CE,30.0,macd_only,SENSEX|weekly|2026-02-05,82488.15,82500.0,SENSEX 82500 CE 05 FEB 26,5m,76.915521,SENSEX,weekly_series,48
12,series|5m|macd_only|target_30pct,3.150489,1280.0,60.6854,2026-02-04T13:25:00+05:30,815.35,hold_to_end_target_30pct_not_hit,target_30pct,2026-02-05 15:30:00+05:30,2026-02-05,False,weekly,101,505,1497.0,16.9531,CE,-36.3008,macd_only,SENSEX|weekly|2026-02-05,82488.15,82500.0,SENSEX 82500 CE 05 FEB 26,5m,76.915521,SENSEX,weekly_series,48
407,series|5m|macd_only|target_30pct,4.628797,967.8,57.1761,2026-01-23T10:20:00+05:30,1258.14,target_30pct_hit,target_30pct,2026-01-23 13:35:00+05:30,2026-02-05,False,weekly,39,195,2718.75,180.9206,PE,30.0,macd_only,SENSEX|weekly|2026-02-05,82488.15,82500.0,SENSEX 82500 PE 05 FEB 26,5m,76.915521,SENSEX,weekly_series,48
325,series|5m|macd_only|target_30pct,12.294521,1450.0,60.9284,2026-01-27T10:50:00+05:30,1885.0,target_30pct_hit,target_30pct,2026-02-01 12:30:00+05:30,2026-02-05,False,weekly,324,1620,2718.75,87.5,PE,30.0,macd_only,SENSEX|weekly|2026-02-05,82488.15,82500.0,SENSEX 82500 PE 05 FEB 26,5m,76.915521,SENSEX,weekly_series,48
1,series|5m|macd_only|target_30pct,0.333107,36.3,71.9273,2026-02-04T15:25:00+05:30,0.05,hold_to_end_target_30pct_not_hit,target_30pct,2026-02-05 15:30:00+05:30,2026-02-05,False,weekly,77,385,43.0,18.4573,PE,-99.8623,macd_only,SENSEX|weekly|2026-02-05,82488.15,82500.0,SENSEX 82500 PE 05 FEB 26,5m,76.915521,SENSEX,weekly_series,48
185,series|5m|macd_only|target_30pct,0.875295,1102.85,53.1736,2026-01-30T13:00:00+05:30,1433.705,target_30pct_hit,target_30pct,2026-02-03 09:15:00+05:30,2026-02-12,False,weekly,182,910,2396.35,117.287,CE,30.0,macd_only,SENSEX|weekly|2026-02-12,82089.42,82100.0,SENSEX 82100 CE 12 FEB 26,5m,76.851977,SENSEX,weekly_series,49
166,series|5m|macd_only|target_30pct,1.8341,1322.2,60.1225,2026-02-06T11:35:00+05:30,1718.86,target_30pct_hit,target_30pct,2026-02-09 09:15:00+05:30,2026-02-12,False,weekly,48,240,2350.0,77.7341,CE,30.0,macd_only,SENSEX|weekly|2026-02-12,82089.42,82100.0,SENSEX 82100 CE 12 FEB 26,5m,76.851977,SENSEX,weekly_series,49
68,series|5m|macd_only|target_30pct,2.777136,2025.0,57.634,2026-02-09T13:25:00+05:30,1485.0,hold_to_end_target_30pct_not_hit,target_30pct,2026-02-12 15:30:00+05:30,2026-02-12,False,weekly,174,870,2350.0,16.0494,CE,-26.6667,macd_only,SENSEX|weekly|2026-02-12,82089.42,82100.0,SENSEX 82100 CE 12 FEB 26,5m,76.851977,SENSEX,weekly_series,49
115,series|5m|macd_only|target_30pct,5.964102,808.25,81.2231,2026-01-30T09:20:00+05:30,1050.725,target_30pct_hit,target_30pct,2026-02-01 12:20:00+05:30,2026-02-12,False,weekly,112,560,1944.2,140.5444,PE,30.0,macd_only,SENSEX|weekly|2026-02-12,82089.42,82100.0,SENSEX 82100 PE 12 FEB 26,5m,76.851977,SENSEX,weekly_series,49
70,series|5m|macd_only|target_30pct,0.431378,142.1,60.0043,2026-02-05T09:45:00+05:30,0.05,hold_to_end_target_30pct_not_hit,target_30pct,2026-02-12 15:30:00+05:30,2026-02-12,False,weekly,449,2245,177.55,24.9472,PE,-99.9648,macd_only,SENSEX|weekly|2026-02-12,82089.42,82100.0,SENSEX 82100 PE 12 FEB 26,5m,76.851977,SENSEX,weekly_series,49
165,series|5m|macd_only|target_30pct,7.16611,608.35,66.793,2026-02-06T11:50:00+05:30,790.855,target_30pct_hit,target_30pct,2026-02-09 09:15:00+05:30,2026-02-19,False,weekly,45,225,1116.1,83.4635,CE,30.0,macd_only,SENSEX|weekly|2026-02-19,83733.42,83700.0,SENSEX 83700 CE 19 FEB 26,5m,76.828941,SENSEX,weekly_series,50
72,series|5m|macd_only|target_30pct,0.457348,890.0,54.0284,2026-02-09T13:15:00+05:30,0.05,hold_to_end_target_30pct_not_hit,target_30pct,2026-02-19 15:30:00+05:30,2026-02-19,False,weekly,633,3165,1116.1,25.4045,CE,-99.9944,macd_only,SENSEX|weekly|2026-02-19,83733.42,83700.0,SENSEX 83700 CE 19 FEB 26,5m,76.828941,SENSEX,weekly_series,50
409,series|5m|macd_only|target_30pct,1.901305,880.15,55.9869,2026-02-06T13:05:00+05:30,1144.195,target_30pct_hit,target_30pct,2026-02-13 15:10:00+05:30,2026-02-19,False,weekly,404,2020,1328.1,50.8947,PE,30.0,macd_only,SENSEX|weekly|2026-02-19,83733.42,83700.0,SENSEX 83700 PE 19 FEB 26,5m,76.828941,SENSEX,weekly_series,50
165,series|5m|macd_only|target_30pct,3.232632,536.1,64.7238,2026-02-17T14:15:00+05:30,696.93,target_30pct_hit,target_30pct,2026-02-19 12:15:00+05:30,2026-02-19,False,weekly,128,640,1240.4,131.3747,PE,30.0,macd_only,SENSEX|weekly|2026-02-19,83733.42,83700.0,SENSEX 83700 PE 19 FEB 26,5m,76.828941,SENSEX,weekly_series,50
8,expiry_day|1m|rsi_60|target_20pct,0.518606,619.9,62.6283,2025-04-15T15:21:00+05:30,632.45,hold_to_end_target_20pct_not_hit,target_20pct,2025-04-15 15:29:00+05:30,2025-04-15,True,weekly,8,8,634.55,2.3633,CE,2.0245,rsi_60,SENSEX|weekly|2025-04-15,76088.08,76100.0,SENSEX 76100 CE 15 APR 25,1m,19.406197,SENSEX,weekly_series_expiry_day,1
10,expiry_day|1m|rsi_60|target_20pct,0.017257,24.05,62.9447,2025-04-15T11:12:00+05:30,0.05,hold_to_end_target_20pct_not_hit,target_20pct,2025-04-15 15:29:00+05:30,2025-04-15,True,weekly,257,257,25.25,4.9896,PE,-99.7921,rsi_60,SENSEX|weekly|2025-04-15,76088.08,76100.0,SENSEX 76100 PE 15 APR 25,1m,19.406197,SENSEX,weekly_series_expiry_day,1
226,expiry_day|1m|macd_only|target_10pct,0.206381,192.15,64.0602,2025-04-17T10:26:00+05:30,211.365,target_10pct_hit,target_10pct,2025-04-17 10:33:00+05:30,2025-04-17,True,weekly,7,7,671.9,249.6747,CE,10.0,macd_only,NIFTY|weekly|2025-04-17,23192.2,23200.0,NIFTY 23200 CE 17 APR 25,1m,13.1164,NIFTY,weekly_series_expiry_day,2
181,expiry_day|1m|macd_only|target_10pct,0.365411,219.15,60.6381,2025-04-17T11:11:00+05:30,241.065,target_10pct_hit,target_10pct,2025-04-17 11:14:00+05:30,2025-04-17,True,weekly,3,3,671.9,206.5937,CE,10.0,macd_only,NIFTY|weekly|2025-04-17,23192.2,23200.0,NIFTY 23200 CE 17 APR 25,1m,13.1164,NIFTY,weekly_series_expiry_day,2
34,expiry_day|1m|macd_only|target_10pct,0.177346,650.0,56.4641,2025-04-17T14:26:00+05:30,650.6,hold_to_end_target_10pct_not_hit,target_10pct,2025-04-17 15:29:00+05:30,2025-04-17,True,weekly,63,63,669.95,3.0692,CE,0.0923,macd_only,NIFTY|weekly|2025-04-17,23192.2,23200.0,NIFTY 23200 CE 17 APR 25,1m,13.1164,NIFTY,weekly_series_expiry_day,2
8,expiry_day|1m|macd_only|target_10pct,0.000772,11.6,66.4046,2025-04-17T10:12:00+05:30,12.76,target_10pct_hit,target_10pct,2025-04-17 10:20:00+05:30,2025-04-17,True,weekly,8,8,15.1,30.1724,PE,10.0,macd_only,NIFTY|weekly|2025-04-17,23192.2,23200.0,NIFTY 23200 PE 17 APR 25,1m,13.1164,NIFTY,weekly_series_expiry_day,2
25,expiry_day|1m|macd_only|target_10pct,0.074214,9.44,62.4203,2025-04-17T11:05:00+05:30,0.05,hold_to_end_target_10pct_not_hit,target_10pct,2025-04-17 15:29:00+05:30,2025-04-17,True,weekly,264,264,10.1,6.9915,PE,-99.4703,macd_only,NIFTY|weekly|2025-04-17,23192.2,23200.0,NIFTY 23200 PE 17 APR 25,1m,13.1164,NIFTY,weekly_series_expiry_day,2
0,expiry_day|1m|rsi_60|target_20pct,0.229146,5660.0,61.0607,2025-04-22T11:52:00+05:30,5600.75,hold_to_end_target_20pct_not_hit,target_20pct,2025-04-22 15:29:00+05:30,2025-04-22,True,weekly,217,217,5660.0,0.0,CE,-1.0468,rsi_60,SENSEX|weekly|2025-04-22,73994.41,74000.0,SENSEX 74000 CE 22 APR 25,1m,18.872306,SENSEX,weekly_series_expiry_day,3
9,expiry_day|1m|rsi_60|target_20pct,0.005022,1.15,72.558,2025-04-22T13:52:00+05:30,0.05,hold_to_end_target_20pct_not_hit,target_20pct,2025-04-22 15:29:00+05:30,2025-04-22,True,weekly,97,97,1.3,13.0435,PE,-95.6522,rsi_60,SENSEX|weekly|2025-04-22,73994.41,74000.0,SENSEX 74000 PE 22 APR 25,1m,18.872306,SENSEX,weekly_series_expiry_day,3
1,expiry_day|1m|rsi_55|target_10pct,0.117524,1557.95,57.0402,2025-04-24T12:08:00+05:30,1550.0,hold_to_end_target_10pct_not_hit,target_10pct,2025-04-24 15:29:00+05:30,2025-04-24,True,weekly,201,201,1558.75,0.0513,CE,-0.5103,rsi_55,NIFTY|weekly|2025-04-24,22715.95,22700.0,NIFTY 22700 CE 24 APR 25,1m,12.0394,NIFTY,weekly_series_expiry_day,4
10,expiry_day|1m|rsi_55|target_10pct,0.005002,1.05,64.9981,2025-04-24T10:39:00+05:30,1.155,target_10pct_hit,target_10pct,2025-04-24 10:44:00+05:30,2025-04-24,True,weekly,5,5,1.3,23.8095,PE,10.0,rsi_55,NIFTY|weekly|2025-04-24,22715.95,22700.0,NIFTY 22700 PE 24 APR 25,1m,12.0394,NIFTY,weekly_series_expiry_day,4
0,expiry_day|1m|rsi_55|target_10pct,0.00046,0.25,56.1891,2025-04-24T14:13:00+05:30,0.1,hold_to_end_target_10pct_not_hit,target_10pct,2025-04-24 15:29:00+05:30,2025-04-24,True,weekly,76,76,0.25,0.0,PE,-60.0,rsi_55,NIFTY|weekly|2025-04-24,22715.95,22700.0,NIFTY 22700 PE 24 APR 25,1m,12.0394,NIFTY,weekly_series_expiry_day,4
126,expiry_day|1m|rsi_60|target_10pct,1.381712,621.2,64.9401,2025-05-06T11:54:00+05:30,683.32,target_10pct_hit,target_10pct,2025-05-06 13:59:00+05:30,2025-05-06,True,weekly,125,125,703.85,13.3049,CE,10.0,rsi_60,SENSEX|weekly|2025-05-06,79623.9,80000.0,SENSEX 80000 CE 06 MAY 25,1m,11.646867,SENSEX,weekly_series_expiry_day,5
8,expiry_day|1m|rsi_60|target_10pct,3.22829,670.5,66.4276,2025-05-06T15:02:00+05:30,642.8,hold_to_end_target_10pct_not_hit,target_10pct,2025-05-06 15:29:00+05:30,2025-05-06,True,weekly,27,27,697.5,4.0268,CE,-4.1312,rsi_60,SENSEX|weekly|2025-05-06,79623.9,80000.0,SENSEX 80000 CE 06 MAY 25,1m,11.646867,SENSEX,weekly_series_expiry_day,5
23,expiry_day|1m|rsi_60|target_10pct,0.011268,4.05,64.2855,2025-05-06T14:03:00+05:30,4.455,target_10pct_hit,target_10pct,2025-05-06 14:26:00+05:30,2025-05-06,True,weekly,23,23,4.65,14.8148,PE,10.0,rsi_60,SENSEX|weekly|2025-05-06,79623.9,80000.0,SENSEX 80000 PE 06 MAY 25,1m,11.646867,SENSEX,weekly_series_expiry_day,5
5,expiry_day|1m|rsi_60|target_10pct,0.235754,8.69,63.6716,2025-05-08T14:50:00+05:30,9.559,target_10pct_hit,target_10pct,2025-05-08 14:51:00+05:30,2025-05-08,True,weekly,1,1,50.4,479.977,PE,10.0,rsi_60,NIFTY|weekly|2025-05-08,24279.15,24300.0,NIFTY 24300 PE 08 MAY 25,1m,13.073936,NIFTY,weekly_series_expiry_day,6
252,expiry_day|1m|rsi_60|target_20pct,0.115485,148.5,61.355,2025-05-15T10:15:00+05:30,178.2,target_20pct_hit,target_20pct,2025-05-15 10:31:00+05:30,2025-05-15,True,weekly,16,16,676.65,355.6566,CE,20.0,rsi_60,NIFTY|weekly|2025-05-15,24431.25,24450.0,NIFTY 24450 CE 15 MAY 25,1m,20.911391,NIFTY,weekly_series_expiry_day,8
22,expiry_day|1m|rsi_60|target_20pct,0.278217,27.05,63.4464,2025-05-15T11:14:00+05:30,32.46,target_20pct_hit,target_20pct,2025-05-15 11:36:00+05:30,2025-05-15,True,weekly,22,22,33.35,23.2902,PE,20.0,rsi_60,NIFTY|weekly|2025-05-15,24431.25,24450.0,NIFTY 24450 PE 15 MAY 25,1m,20.911391,NIFTY,weekly_series_expiry_day,8
12,expiry_day|1m|rsi_60|target_20pct,0.047606,4.7,62.0492,2025-05-20T12:47:00+05:30,5.64,target_20pct_hit,target_20pct,2025-05-20 12:48:00+05:30,2025-05-20,True,weekly,1,1,18.05,284.0426,PE,20.0,rsi_60,SENSEX|weekly|2025-05-20,80736.0,80600.0,SENSEX 80600 PE 20 MAY 25,1m,23.920204,SENSEX,weekly_series_expiry_day,9
262,expiry_day|1m|rsi_60|target_20pct,1.42713,168.1,63.6096,2025-05-22T10:37:00+05:30,159.69,hold_to_end_target_20pct_not_hit,target_20pct,2025-05-22 15:29:00+05:30,2025-05-22,True,weekly,292,292,200.5,19.2742,CE,-5.003,rsi_60,NIFTY|weekly|2025-05-22,24437.25,24450.0,NIFTY 24450 CE 22 MAY 25,1m,25.357006,NIFTY,weekly_series_expiry_day,10
86,expiry_day|1m|rsi_60|target_20pct,0.071517,8.6,69.8322,2025-05-22T11:23:00+05:30,10.32,target_20pct_hit,target_20pct,2025-05-22 11:27:00+05:30,2025-05-22,True,weekly,4,4,21.9,154.6512,PE,20.0,rsi_60,NIFTY|weekly|2025-05-22,24437.25,24450.0,NIFTY 24450 PE 22 MAY 25,1m,25.357006,NIFTY,weekly_series_expiry_day,10
31,expiry_day|1m|rsi_60|target_20pct,0.082908,13.1,65.1875,2025-05-22T12:18:00+05:30,15.72,target_20pct_hit,target_20pct,2025-05-22 12:24:00+05:30,2025-05-22,True,weekly,6,6,21.9,67.1756,PE,20.0,rsi_60,NIFTY|weekly|2025-05-22,24437.25,24450.0,NIFTY 24450 PE 22 MAY 25,1m,25.357006,NIFTY,weekly_series_expiry_day,10
1,expiry_day|1m|rsi_60|target_20pct,0.340143,15.25,65.5321,2025-05-22T12:48:00+05:30,18.3,target_20pct_hit,target_20pct,2025-05-22 12:49:00+05:30,2025-05-22,True,weekly,1,1,21.9,43.6066,PE,20.0,rsi_60,NIFTY|weekly|2025-05-22,24437.25,24450.0,NIFTY 24450 PE 22 MAY 25,1m,25.357006,NIFTY,weekly_series_expiry_day,10
18,expiry_day|1m|rsi_60|target_20pct,0.236943,7.9,68.6371,2025-05-22T14:18:00+05:30,9.48,target_20pct_hit,target_20pct,2025-05-22 14:19:00+05:30,2025-05-22,True,weekly,1,1,21.45,171.519,PE,20.0,rsi_60,NIFTY|weekly|2025-05-22,24437.25,24450.0,NIFTY 24450 PE 22 MAY 25,1m,25.357006,NIFTY,weekly_series_expiry_day,10
3,expiry_day|1m|rsi_60|target_20pct,2.504414,215.9,66.0527,2025-06-03T10:19:00+05:30,259.08,target_20pct_hit,target_20pct,2025-06-03 10:20:00+05:30,2025-06-03,True,weekly,1,1,315.6,46.1788,CE,20.0,rsi_60,SENSEX|weekly|2025-06-03,82077.91,82000.0,SENSEX 82000 CE 03 JUN 25,1m,30.031771,SENSEX,weekly_series_expiry_day,11
1,expiry_day|1m|rsi_60|target_20pct,0.55327,136.85,70.0558,2025-06-03T11:33:00+05:30,0.05,hold_to_end_target_20pct_not_hit,target_20pct,2025-06-03 15:29:00+05:30,2025-06-03,True,weekly,236,236,161.25,17.8297,CE,-99.9635,rsi_60,SENSEX|weekly|2025-06-03,82077.91,82000.0,SENSEX 82000 CE 03 JUN 25,1m,30.031771,SENSEX,weekly_series_expiry_day,11
132,expiry_day|1m|rsi_60|target_20pct,16.521549,1089.65,74.5901,2025-06-03T10:40:00+05:30,1307.58,target_20pct_hit,target_20pct,2025-06-03 12:51:00+05:30,2025-06-03,True,weekly,131,131,1517.65,39.2787,PE,20.0,rsi_60,SENSEX|weekly|2025-06-03,82077.91,82000.0,SENSEX 82000 PE 03 JUN 25,1m,30.031771,SENSEX,weekly_series_expiry_day,11
18,expiry_day|1m|rsi_60|target_20pct,0.539746,56.55,60.5279,2025-06-05T11:58:00+05:30,67.86,target_20pct_hit,target_20pct,2025-06-05 11:59:00+05:30,2025-06-05,True,weekly,1,1,226.95,301.3263,CE,20.0,rsi_60,NIFTY|weekly|2025-06-05,24704.65,24700.0,NIFTY 24700 CE 05 JUN 25,1m,29.756397,NIFTY,weekly_series_expiry_day,12
23,expiry_day|1m|rsi_60|target_20pct,0.917349,60.85,70.435,2025-06-05T14:27:00+05:30,73.02,target_20pct_hit,target_20pct,2025-06-05 14:42:00+05:30,2025-06-05,True,weekly,15,15,90.25,48.3155,CE,20.0,rsi_60,NIFTY|weekly|2025-06-05,24704.65,24700.0,NIFTY 24700 CE 05 JUN 25,1m,29.756397,NIFTY,weekly_series_expiry_day,12
102,expiry_day|1m|rsi_60|target_20pct,0.193819,39.15,71.2826,2025-06-05T11:49:00+05:30,46.98,target_20pct_hit,target_20pct,2025-06-05 13:31:00+05:30,2025-06-05,True,weekly,102,102,52.0,32.8225,PE,20.0,rsi_60,NIFTY|weekly|2025-06-05,24704.65,24700.0,NIFTY 24700 PE 05 JUN 25,1m,29.756397,NIFTY,weekly_series_expiry_day,12
0,expiry_day|1m|rsi_60|target_20pct,0.122439,653.1,60.8995,2025-06-10T14:37:00+05:30,592.55,hold_to_end_target_20pct_not_hit,target_20pct,2025-06-10 15:29:00+05:30,2025-06-10,True,weekly,52,52,653.1,0.0,CE,-9.2712,rsi_60,SENSEX|weekly|2025-06-10,81772.52,81800.0,SENSEX 81800 CE 10 JUN 25,1m,33.084332,SENSEX,weekly_series_expiry_day,13
2,expiry_day|1m|rsi_60|target_20pct,0.381219,25.9,68.2967,2025-06-10T10:52:00+05:30,31.08,target_20pct_hit,target_20pct,2025-06-10 10:54:00+05:30,2025-06-10,True,weekly,2,2,35.3,36.2934,PE,20.0,rsi_60,SENSEX|weekly|2025-06-10,81772.52,81800.0,SENSEX 81800 PE 10 JUN 25,1m,33.084332,SENSEX,weekly_series_expiry_day,13
14,expiry_day|1m|rsi_60|target_20pct,0.104696,10.15,65.2472,2025-06-10T12:15:00+05:30,0.05,hold_to_end_target_20pct_not_hit,target_20pct,2025-06-10 15:29:00+05:30,2025-06-10,True,weekly,194,194,11.15,9.8522,PE,-99.5074,rsi_60,SENSEX|weekly|2025-06-10,81772.52,81800.0,SENSEX 81800 PE 10 JUN 25,1m,33.084332,SENSEX,weekly_series_expiry_day,13
4,expiry_day|1m|rsi_60|target_20pct,0.500999,168.5,60.2579,2025-06-12T11:21:00+05:30,0.05,hold_to_end_target_20pct_not_hit,target_20pct,2025-06-12 15:29:00+05:30,2025-06-12,True,weekly,248,248,191.1,13.4125,CE,-99.9703,rsi_60,NIFTY|weekly|2025-06-12,24884.5,24900.0,NIFTY 24900 CE 12 JUN 25,1m,31.078171,NIFTY,weekly_series_expiry_day,14
203,expiry_day|1m|rsi_60|target_20pct,0.27903,12.7,70.897,2025-06-12T10:43:00+05:30,15.24,target_20pct_hit,target_20pct,2025-06-12 10:44:00+05:30,2025-06-12,True,weekly,1,1,101.0,695.2756,PE,20.0,rsi_60,NIFTY|weekly|2025-06-12,24884.5,24900.0,NIFTY 24900 PE 12 JUN 25,1m,31.078171,NIFTY,weekly_series_expiry_day,14
148,expiry_day|1m|rsi_60|target_20pct,0.252368,13.95,74.9784,2025-06-12T11:38:00+05:30,16.74,target_20pct_hit,target_20pct,2025-06-12 12:04:00+05:30,2025-06-12,True,weekly,26,26,101.0,624.0143,PE,20.0,rsi_60,NIFTY|weekly|2025-06-12,24884.5,24900.0,NIFTY 24900 PE 12 JUN 25,1m,31.078171,NIFTY,weekly_series_expiry_day,14
40,expiry_day|1m|rsi_60|target_20pct,0.047305,9.05,63.4038,2025-06-12T13:26:00+05:30,10.86,target_20pct_hit,target_20pct,2025-06-12 13:27:00+05:30,2025-06-12,True,weekly,1,1,101.0,1016.0221,PE,20.0,rsi_60,NIFTY|weekly|2025-06-12,24884.5,24900.0,NIFTY 24900 PE 12 JUN 25,1m,31.078171,NIFTY,weekly_series_expiry_day,14
0,expiry_day|5m|rsi_60|trail_after_20pct_dd10pct,0.709472,190.75,64.415,2025-06-19T14:05:00+05:30,143.3,hold_to_end_trail_after_20pct_dd10pct,trail_after_20pct_dd10pct,2025-06-19 15:30:00+05:30,2025-06-19,True,weekly,17,85,203.0,6.422,CE,-24.8755,rsi_60,NIFTY|weekly|2025-06-19,24661.6,24650.0,NIFTY 24650 CE 19 JUN 25,5m,35.531008,NIFTY,weekly_series_expiry_day,16
0,expiry_day|5m|macd_only|target_20pct,0.892313,1818.05,72.4128,2025-07-01T14:25:00+05:30,1800.55,hold_to_end_target_20pct_not_hit,target_20pct,2025-07-01 15:30:00+05:30,2025-07-01,True,weekly,13,65,1818.05,0.0,CE,-0.9626,macd_only,SENSEX|weekly|2025-07-01,81868.05,81900.0,SENSEX 81900 CE 01 JUL 25,5m,32.775934,SENSEX,weekly_series_expiry_day,17
1,expiry_day|5m|macd_only|target_20pct,5.173008,791.4,72.4861,2025-07-03T13:40:00+05:30,605.95,hold_to_end_target_20pct_not_hit,target_20pct,2025-07-03 15:30:00+05:30,2025-07-03,True,weekly,22,110,800.0,1.0867,CE,-23.4332,macd_only,NIFTY|weekly|2025-07-03,24783.9,24800.0,NIFTY 24800 CE 03 JUL 25,5m,31.294008,NIFTY,weekly_series_expiry_day,18
273,expiry_day|1m|macd_only|target_20pct,0.108145,757.95,54.8134,2025-07-08T10:41:00+05:30,909.54,target_20pct_hit,target_20pct,2025-07-08 15:01:00+05:30,2025-07-08,True,weekly,260,260,1031.4,36.0776,CE,20.0,macd_only,SENSEX|weekly|2025-07-08,82786.27,82700.0,SENSEX 82700 CE 08 JUL 25,1m,28.519867,SENSEX,weekly_series_expiry_day,19
0,expiry_day|1m|macd_only|target_20pct,0.001795,2.55,53.9075,2025-07-08T13:36:00+05:30,0.05,hold_to_end_target_20pct_not_hit,target_20pct,2025-07-08 15:29:00+05:30,2025-07-08,True,weekly,113,113,2.6,1.9608,PE,-98.0392,macd_only,SENSEX|weekly|2025-07-08,82786.27,82700.0,SENSEX 82700 PE 08 JUL 25,1m,28.519867,SENSEX,weekly_series_expiry_day,19
1,expiry_day|5m|macd_only|target_20pct,0.367758,114.4,53.8831,2025-07-10T14:25:00+05:30,55.1,hold_to_end_target_20pct_not_hit,target_20pct,2025-07-10 15:30:00+05:30,2025-07-10,True,weekly,13,65,133.0,16.2587,CE,-51.8357,macd_only,NIFTY|weekly|2025-07-10,25282.35,25300.0,NIFTY 25300 CE 10 JUL 25,5m,31.088924,NIFTY,weekly_series_expiry_day,20
36,expiry_day|1m|rsi_60|target_20pct,0.003769,3.75,60.53,2025-07-15T10:31:00+05:30,4.5,target_20pct_hit,target_20pct,2025-07-15 11:03:00+05:30,2025-07-15,True,weekly,32,32,9.9,164.0,CE,20.0,rsi_60,SENSEX|weekly|2025-07-15,83624.92,83600.0,SENSEX 83600 CE 15 JUL 25,1m,28.338859,SENSEX,weekly_series_expiry_day,21
5,expiry_day|1m|rsi_60|target_20pct,0.031094,3.45,62.4186,2025-07-15T12:32:00+05:30,0.05,hold_to_end_target_20pct_not_hit,target_20pct,2025-07-15 15:29:00+05:30,2025-07-15,True,weekly,177,177,3.85,11.5942,CE,-98.5507,rsi_60,SENSEX|weekly|2025-07-15,83624.92,83600.0,SENSEX 83600 CE 15 JUL 25,1m,28.338859,SENSEX,weekly_series_expiry_day,21
53,expiry_day|1m|rsi_60|target_20pct,1.91414,1036.45,65.4299,2025-07-15T14:03:00+05:30,1030.75,hold_to_end_target_20pct_not_hit,target_20pct,2025-07-15 15:29:00+05:30,2025-07-15,True,weekly,86,86,1141.15,10.1018,PE,-0.55,rsi_60,SENSEX|weekly|2025-07-15,83624.92,83600.0,SENSEX 83600 PE 15 JUL 25,1m,28.338859,SENSEX,weekly_series_expiry_day,21
24,expiry_day|5m|rsi_55|target_20pct,0.274483,320.75,59.0308,2025-07-17T13:05:00+05:30,384.9,target_20pct_hit,target_20pct,2025-07-17 14:55:00+05:30,2025-07-17,True,weekly,22,110,396.0,23.4606,PE,20.0,rsi_55,NIFTY|weekly|2025-07-17,25486.2,25500.0,NIFTY 25500 PE 17 JUL 25,5m,27.424565,NIFTY,weekly_series_expiry_day,22
8,expiry_day|5m|rsi_55|target_20pct,2.634396,1289.05,62.0003,2025-07-22T14:25:00+05:30,1313.0,hold_to_end_target_20pct_not_hit,target_20pct,2025-07-22 15:30:00+05:30,2025-07-22,True,weekly,13,65,1347.8,4.5576,PE,1.858,rsi_55,SENSEX|weekly|2025-07-22,83431.57,83500.0,SENSEX 83500 PE 22 JUL 25,5m,29.411959,SENSEX,weekly_series_expiry_day,23
0,expiry_day|5m|rsi_55|target_20pct,0.009856,2.0,62.394,2025-07-24T12:05:00+05:30,0.05,hold_to_end_target_20pct_not_hit,target_20pct,2025-07-24 15:30:00+05:30,2025-07-24,True,weekly,41,205,2.0,0.0,CE,-97.5,rsi_55,NIFTY|weekly|2025-07-24,25483.0,25500.0,NIFTY 25500 CE 24 JUL 25,5m,30.750104,NIFTY,weekly_series_expiry_day,24
2,expiry_day|5m|rsi_55|target_20pct,1.707327,437.2,59.1152,2025-07-24T14:50:00+05:30,438.8,hold_to_end_target_20pct_not_hit,target_20pct,2025-07-24 15:30:00+05:30,2025-07-24,True,weekly,8,40,454.0,3.8426,PE,0.366,rsi_55,NIFTY|weekly|2025-07-24,25483.0,25500.0,NIFTY 25500 PE 24 JUL 25,5m,30.750104,NIFTY,weekly_series_expiry_day,24
23,expiry_day|1m|rsi_60|target_20pct,0.004609,2.85,66.8488,2025-08-05T11:31:00+05:30,3.42,target_20pct_hit,target_20pct,2025-08-05 11:54:00+05:30,2025-08-05,True,weekly,23,23,3.5,22.807,CE,20.0,rsi_60,SENSEX|weekly|2025-08-05,82449.31,82400.0,SENSEX 82400 CE 05 AUG 25,1m,27.1945,SENSEX,weekly_series_expiry_day,25
250,expiry_day|1m|rsi_60|target_20pct,3.896782,1765.7,89.8944,2025-08-05T10:45:00+05:30,1684.0,hold_to_end_target_20pct_not_hit,target_20pct,2025-08-05 15:29:00+05:30,2025-08-05,True,weekly,284,284,1829.7,3.6246,PE,-4.6271,rsi_60,SENSEX|weekly|2025-08-05,82449.31,82400.0,SENSEX 82400 PE 05 AUG 25,1m,27.1945,SENSEX,weekly_series_expiry_day,25
23,expiry_day|1m|rsi_60|target_20pct,1.068284,53.8,65.8333,2025-08-12T12:17:00+05:30,64.56,target_20pct_hit,target_20pct,2025-08-12 12:19:00+05:30,2025-08-12,True,weekly,2,2,136.9,154.461,CE,20.0,rsi_60,SENSEX|weekly|2025-08-12,80725.74,80800.0,SENSEX 80800 CE 12 AUG 25,1m,27.693967,SENSEX,weekly_series_expiry_day,27
1,expiry_day|1m|rsi_60|target_20pct,2.577872,57.65,78.2983,2025-08-12T13:58:00+05:30,0.05,hold_to_end_target_20pct_not_hit,target_20pct,2025-08-12 15:29:00+05:30,2025-08-12,True,weekly,91,91,59.05,2.4284,CE,-99.9133,rsi_60,SENSEX|weekly|2025-08-12,80725.74,80800.0,SENSEX 80800 CE 12 AUG 25,1m,27.693967,SENSEX,weekly_series_expiry_day,27
283,expiry_day|1m|rsi_60|target_20pct,0.661962,144.55,62.5104,2025-08-12T10:20:00+05:30,173.46,target_20pct_hit,target_20pct,2025-08-12 10:28:00+05:30,2025-08-12,True,weekly,8,8,637.2,340.8163,PE,20.0,rsi_60,SENSEX|weekly|2025-08-12,80725.74,80800.0,SENSEX 80800 PE 12 AUG 25,1m,27.693967,SENSEX,weekly_series_expiry_day,27
127,expiry_day|1m|rsi_60|target_20pct,3.555778,216.05,61.3745,2025-08-12T12:56:00+05:30,259.26,target_20pct_hit,target_20pct,2025-08-12 13:15:00+05:30,2025-08-12,True,weekly,19,19,637.2,194.9317,PE,20.0,rsi_60,SENSEX|weekly|2025-08-12,80725.74,80800.0,SENSEX 80800 PE 12 AUG 25,1m,27.693967,SENSEX,weekly_series_expiry_day,27
57,expiry_day|1m|rsi_60|target_20pct,3.372053,310.35,60.6321,2025-08-12T14:06:00+05:30,372.42,target_20pct_hit,target_20pct,2025-08-12 14:12:00+05:30,2025-08-12,True,weekly,6,6,637.2,105.3166,PE,20.0,rsi_60,SENSEX|weekly|2025-08-12,80725.74,80800.0,SENSEX 80800 PE 12 AUG 25,1m,27.693967,SENSEX,weekly_series_expiry_day,27
2,expiry_day|1m|rsi_60|target_20pct,0.730668,35.35,66.1161,2025-08-14T09:45:00+05:30,0.05,hold_to_end_target_20pct_not_hit,target_20pct,2025-08-14 15:29:00+05:30,2025-08-14,True,weekly,344,344,39.25,11.0325,CE,-99.8586,rsi_60,NIFTY|weekly|2025-08-14,24699.1,24700.0,NIFTY 24700 CE 14 AUG 25,1m,29.143318,NIFTY,weekly_series_expiry_day,28
216,expiry_day|1m|rsi_60|target_20pct,0.004612,75.75,61.0849,2025-08-14T10:55:00+05:30,90.9,target_20pct_hit,target_20pct,2025-08-14 11:42:00+05:30,2025-08-14,True,weekly,47,47,108.0,42.5743,PE,20.0,rsi_60,NIFTY|weekly|2025-08-14,24699.1,24700.0,NIFTY 24700 PE 14 AUG 25,1m,29.143318,NIFTY,weekly_series_expiry_day,28
70,expiry_day|1m|rsi_60|target_20pct,0.340917,63.6,63.7072,2025-08-14T13:21:00+05:30,76.32,target_20pct_hit,target_20pct,2025-08-14 13:29:00+05:30,2025-08-14,True,weekly,8,8,108.0,69.8113,PE,20.0,rsi_60,NIFTY|weekly|2025-08-14,24699.1,24700.0,NIFTY 24700 PE 14 AUG 25,1m,29.143318,NIFTY,weekly_series_expiry_day,28
27,expiry_day|1m|rsi_60|target_20pct,0.425111,69.1,61.7791,2025-08-14T14:04:00+05:30,82.92,target_20pct_hit,target_20pct,2025-08-14 14:17:00+05:30,2025-08-14,True,weekly,13,13,108.0,56.2952,PE,20.0,rsi_60,NIFTY|weekly|2025-08-14,24699.1,24700.0,NIFTY 24700 PE 14 AUG 25,1m,29.143318,NIFTY,weekly_series_expiry_day,28
140,expiry_day|1m|rsi_60|target_20pct,1.380407,1250.0,67.1597,2025-08-19T10:16:00+05:30,1500.0,target_20pct_hit,target_20pct,2025-08-19 12:18:00+05:30,2025-08-19,True,weekly,122,122,1564.55,25.164,CE,20.0,rsi_60,SENSEX|weekly|2025-08-19,80923.2,80200.0,SENSEX 80200 CE 19 AUG 25,1m,29.8294,SENSEX,weekly_series_expiry_day,29
16,expiry_day|1m|rsi_60|target_20pct,1.699446,1369.5,63.1876,2025-08-19T14:24:00+05:30,1447.35,hold_to_end_target_20pct_not_hit,target_20pct,2025-08-19 15:29:00+05:30,2025-08-19,True,weekly,65,65,1482.0,8.2147,CE,5.6846,rsi_60,SENSEX|weekly|2025-08-19,80923.2,80200.0,SENSEX 80200 CE 19 AUG 25,1m,29.8294,SENSEX,weekly_series_expiry_day,29
183,expiry_day|1m|rsi_60|target_20pct,0.024749,3.75,62.6622,2025-08-19T10:36:00+05:30,4.5,target_20pct_hit,target_20pct,2025-08-19 13:39:00+05:30,2025-08-19,True,weekly,183,183,4.55,21.3333,PE,20.0,rsi_60,SENSEX|weekly|2025-08-19,80923.2,80200.0,SENSEX 80200 PE 19 AUG 25,1m,29.8294,SENSEX,weekly_series_expiry_day,29
267,expiry_day|1m|rsi_60|target_20pct,0.014627,587.85,63.7948,2025-08-21T09:50:00+05:30,584.1,hold_to_end_target_20pct_not_hit,target_20pct,2025-08-21 15:29:00+05:30,2025-08-21,True,weekly,339,339,649.25,10.4448,CE,-0.6379,rsi_60,NIFTY|weekly|2025-08-21,24501.7,24500.0,NIFTY 24500 CE 21 AUG 25,1m,31.589084,NIFTY,weekly_series_expiry_day,30
0,expiry_day|1m|rsi_60|target_20pct,0.001679,1.25,65.0868,2025-08-21T11:18:00+05:30,0.05,hold_to_end_target_20pct_not_hit,target_20pct,2025-08-21 15:29:00+05:30,2025-08-21,True,weekly,251,251,1.25,0.0,PE,-96.0,rsi_60,NIFTY|weekly|2025-08-21,24501.7,24500.0,NIFTY 24500 PE 21 AUG 25,1m,31.589084,NIFTY,weekly_series_expiry_day,30
242,expiry_day|1m|rsi_60|target_20pct,0.179873,1150.0,69.4531,2025-09-04T11:14:00+05:30,1380.0,target_20pct_hit,target_20pct,2025-09-04 14:28:00+05:30,2025-09-04,True,weekly,194,194,1422.6,23.7043,PE,20.0,rsi_60,SENSEX|weekly|2025-09-04,82051.04,82100.0,SENSEX 82100 PE 04 SEP 25,1m,30.18554,SENSEX,weekly_series_expiry_day,31
10,expiry_day|1m|rsi_60|target_20pct,3.938911,1403.75,69.3074,2025-09-04T15:06:00+05:30,1384.95,hold_to_end_target_20pct_not_hit,target_20pct,2025-09-04 15:29:00+05:30,2025-09-04,True,weekly,23,23,1422.6,1.3428,PE,-1.3393,rsi_60,SENSEX|weekly|2025-09-04,82051.04,82100.0,SENSEX 82100 PE 04 SEP 25,1m,30.18554,SENSEX,weekly_series_expiry_day,31
201,expiry_day|1m|rsi_60|target_20pct,2.398613,985.8,65.515,2025-09-11T10:31:00+05:30,1048.4,hold_to_end_target_20pct_not_hit,target_20pct,2025-09-11 15:29:00+05:30,2025-09-11,True,weekly,298,298,1107.75,12.3707,CE,6.3502,rsi_60,SENSEX|weekly|2025-09-11,80416.2,80500.0,SENSEX 80500 CE 11 SEP 25,1m,30.607762,SENSEX,weekly_series_expiry_day,32
10,expiry_day|1m|rsi_60|target_20pct,0.419047,1954.5,61.6179,2025-09-18T10:37:00+05:30,1920.7,hold_to_end_target_20pct_not_hit,target_20pct,2025-09-18 15:29:00+05:30,2025-09-18,True,weekly,292,292,2004.7,2.5684,CE,-1.7293,rsi_60,SENSEX|weekly|2025-09-18,81092.25,81100.0,SENSEX 81100 CE 18 SEP 25,1m,31.06916,SENSEX,weekly_series_expiry_day,33
0,expiry_day|1m|rsi_60|target_20pct,0.013473,1.75,61.7117,2025-09-18T13:26:00+05:30,0.05,hold_to_end_target_20pct_not_hit,target_20pct,2025-09-18 15:29:00+05:30,2025-09-18,True,weekly,123,123,1.8,2.8571,PE,-97.1429,rsi_60,SENSEX|weekly|2025-09-18,81092.25,81100.0,SENSEX 81100 PE 18 SEP 25,1m,31.06916,SENSEX,weekly_series_expiry_day,33
0,expiry_day|1m|rsi_60|target_20pct,0.005317,0.85,64.7105,2025-10-01T13:48:00+05:30,0.05,hold_to_end_target_20pct_not_hit,target_20pct,2025-10-01 15:29:00+05:30,2025-10-01,True,weekly,101,101,0.85,0.0,CE,-94.1176,rsi_60,SENSEX|weekly|2025-10-01,82582.41,82600.0,SENSEX 82600 CE 01 OCT 25,1m,29.739514,SENSEX,weekly_series_expiry_day,34
44,expiry_day|1m|rsi_60|target_20pct,2.377175,1809.5,75.6892,2025-10-01T12:29:00+05:30,1623.65,hold_to_end_target_20pct_not_hit,target_20pct,2025-10-01 15:29:00+05:30,2025-10-01,True,weekly,180,180,1821.75,0.677,PE,-10.2708,rsi_60,SENSEX|weekly|2025-10-01,82582.41,82600.0,SENSEX 82600 PE 01 OCT 25,1m,29.739514,SENSEX,weekly_series_expiry_day,34
279,expiry_day|1m|rsi_60|target_20pct,1.37499,391.25,61.6048,2025-10-09T10:24:00+05:30,469.5,target_20pct_hit,target_20pct,2025-10-09 10:36:00+05:30,2025-10-09,True,weekly,12,12,705.0,80.1917,CE,20.0,rsi_60,SENSEX|weekly|2025-10-09,81517.12,81500.0,SENSEX 81500 CE 09 OCT 25,1m,28.442519,SENSEX,weekly_series_expiry_day,35
166,expiry_day|1m|rsi_60|target_20pct,2.754941,632.65,60.5589,2025-10-09T12:17:00+05:30,672.0,hold_to_end_target_20pct_not_hit,target_20pct,2025-10-09 15:29:00+05:30,2025-10-09,True,weekly,192,192,705.0,11.436,CE,6.2199,rsi_60,SENSEX|weekly|2025-10-09,81517.12,81500.0,SENSEX 81500 CE 09 OCT 25,1m,28.442519,SENSEX,weekly_series_expiry_day,35
1,expiry_day|1m|rsi_60|target_20pct,0.112745,11.65,62.4187,2025-10-09T12:40:00+05:30,0.15,hold_to_end_target_20pct_not_hit,target_20pct,2025-10-09 15:29:00+05:30,2025-10-09,True,weekly,169,169,12.95,11.1588,PE,-98.7124,rsi_60,SENSEX|weekly|2025-10-09,81517.12,81500.0,SENSEX 81500 PE 09 OCT 25,1m,28.442519,SENSEX,weekly_series_expiry_day,35
144,expiry_day|1m|rsi_60|target_20pct,0.023369,3.65,67.803,2025-10-16T10:30:00+05:30,4.38,target_20pct_hit,target_20pct,2025-10-16 12:53:00+05:30,2025-10-16,True,weekly,143,143,4.85,32.8767,PE,20.0,rsi_60,SENSEX|weekly|2025-10-16,80874.82,80900.0,SENSEX 80900 PE 16 OCT 25,1m,28.408562,SENSEX,weekly_series_expiry_day,36
50,expiry_day|1m|rsi_60|target_20pct,0.031457,3.65,60.7525,2025-10-16T13:46:00+05:30,4.38,target_20pct_hit,target_20pct,2025-10-16 14:16:00+05:30,2025-10-16,True,weekly,30,30,4.7,28.7671,PE,20.0,rsi_60,SENSEX|weekly|2025-10-16,80874.82,80900.0,SENSEX 80900 PE 16 OCT 25,1m,28.408562,SENSEX,weekly_series_expiry_day,36
2,expiry_day|1m|rsi_60|target_20pct,0.040743,4.4,62.3858,2025-10-16T14:34:00+05:30,0.05,hold_to_end_target_20pct_not_hit,target_20pct,2025-10-16 15:29:00+05:30,2025-10-16,True,weekly,55,55,4.7,6.8182,PE,-98.8636,rsi_60,SENSEX|weekly|2025-10-16,80874.82,80900.0,SENSEX 80900 PE 16 OCT 25,1m,28.408562,SENSEX,weekly_series_expiry_day,36
34,expiry_day|1m|rsi_60|target_20pct,6.975478,3410.0,99.1088,2025-10-23T12:06:00+05:30,2755.0,hold_to_end_target_20pct_not_hit,target_20pct,2025-10-23 15:29:00+05:30,2025-10-23,True,weekly,203,203,3492.7,2.4252,CE,-19.2082,rsi_60,SENSEX|weekly|2025-10-23,81787.82,81800.0,SENSEX 81800 CE 23 OCT 25,1m,28.496657,SENSEX,weekly_series_expiry_day,37
10,expiry_day|1m|rsi_60|target_20pct,0.010845,2.55,60.4402,2025-10-23T10:10:00+05:30,0.05,hold_to_end_target_20pct_not_hit,target_20pct,2025-10-23 15:29:00+05:30,2025-10-23,True,weekly,319,319,2.8,9.8039,PE,-98.0392,rsi_60,SENSEX|weekly|2025-10-23,81787.82,81800.0,SENSEX 81800 PE 23 OCT 25,1m,28.496657,SENSEX,weekly_series_expiry_day,37
1,expiry_day|1m|rsi_60|target_20pct,0.001242,2.7,60.2058,2025-11-06T10:15:00+05:30,0.05,hold_to_end_target_20pct_not_hit,target_20pct,2025-11-06 15:29:00+05:30,2025-11-06,True,weekly,314,314,3.15,16.6667,CE,-98.1481,rsi_60,SENSEX|weekly|2025-11-06,84959.71,85000.0,SENSEX 85000 CE 06 NOV 25,1m,27.242575,SENSEX,weekly_series_expiry_day,38
177,expiry_day|1m|rsi_60|target_20pct,1.284376,1596.0,61.8107,2025-11-06T12:14:00+05:30,1687.0,hold_to_end_target_20pct_not_hit,target_20pct,2025-11-06 15:29:00+05:30,2025-11-06,True,weekly,195,195,1730.9,8.4524,PE,5.7018,rsi_60,SENSEX|weekly|2025-11-06,84959.71,85000.0,SENSEX 85000 PE 06 NOV 25,1m,27.242575,SENSEX,weekly_series_expiry_day,38
234,expiry_day|1m|rsi_55|target_20pct,0.470036,43.7,58.4359,2025-11-13T09:47:00+05:30,52.44,target_20pct_hit,target_20pct,2025-11-13 09:50:00+05:30,2025-11-13,True,weekly,3,3,180.0,311.8993,CE,20.0,rsi_55,SENSEX|weekly|2025-11-13,84782.47,84800.0,SENSEX 84800 CE 13 NOV 25,1m,27.239214,SENSEX,weekly_series_expiry_day,39
123,expiry_day|1m|rsi_55|target_20pct,0.881042,131.95,59.2302,2025-11-13T11:38:00+05:30,158.34,target_20pct_hit,target_20pct,2025-11-13 13:41:00+05:30,2025-11-13,True,weekly,123,123,180.0,36.4153,CE,20.0,rsi_55,SENSEX|weekly|2025-11-13,84782.47,84800.0,SENSEX 84800 CE 13 NOV 25,1m,27.239214,SENSEX,weekly_series_expiry_day,39
198,expiry_day|1m|rsi_55|target_20pct,0.579459,146.85,55.1467,2025-11-13T11:43:00+05:30,176.22,target_20pct_hit,target_20pct,2025-11-13 12:37:00+05:30,2025-11-13,True,weekly,54,54,393.3,167.8243,PE,20.0,rsi_55,SENSEX|weekly|2025-11-13,84782.47,84800.0,SENSEX 84800 PE 13 NOV 25,1m,27.239214,SENSEX,weekly_series_expiry_day,39
65,expiry_day|1m|rsi_55|target_20pct,1.41642,84.7,63.6346,2025-11-13T13:56:00+05:30,101.64,target_20pct_hit,target_20pct,2025-11-13 13:58:00+05:30,2025-11-13,True,weekly,2,2,393.3,364.3447,PE,20.0,rsi_55,SENSEX|weekly|2025-11-13,84782.47,84800.0,SENSEX 84800 PE 13 NOV 25,1m,27.239214,SENSEX,weekly_series_expiry_day,39
23,expiry_day|1m|rsi_55|target_20pct,2.25626,254.1,55.417,2025-11-13T14:38:00+05:30,304.92,target_20pct_hit,target_20pct,2025-11-13 14:53:00+05:30,2025-11-13,True,weekly,15,15,393.3,54.7816,PE,20.0,rsi_55,SENSEX|weekly|2025-11-13,84782.47,84800.0,SENSEX 84800 PE 13 NOV 25,1m,27.239214,SENSEX,weekly_series_expiry_day,39
176,expiry_day|1m|rsi_55|target_20pct,10.136911,1747.05,98.792,2025-11-20T10:43:00+05:30,1936.3,hold_to_end_target_20pct_not_hit,target_20pct,2025-11-20 15:29:00+05:30,2025-11-20,True,weekly,286,286,2036.25,16.5536,CE,10.8325,rsi_55,SENSEX|weekly|2025-11-20,83733.23,83700.0,SENSEX 83700 CE 20 NOV 25,1m,29.252775,SENSEX,weekly_series_expiry_day,40
123,expiry_day|1m|rsi_55|target_20pct,0.017287,3.05,63.3824,2025-11-20T11:33:00+05:30,3.66,target_20pct_hit,target_20pct,2025-11-20 11:37:00+05:30,2025-11-20,True,weekly,4,4,5.85,91.8033,PE,20.0,rsi_55,SENSEX|weekly|2025-11-20,83733.23,83700.0,SENSEX 83700 PE 20 NOV 25,1m,29.252775,SENSEX,weekly_series_expiry_day,40
97,expiry_day|1m|rsi_55|target_20pct,0.006902,3.3,60.1647,2025-11-20T11:59:00+05:30,3.96,target_20pct_hit,target_20pct,2025-11-20 12:34:00+05:30,2025-11-20,True,weekly,35,35,5.85,77.2727,PE,20.0,rsi_55,SENSEX|weekly|2025-11-20,83733.23,83700.0,SENSEX 83700 PE 20 NOV 25,1m,29.252775,SENSEX,weekly_series_expiry_day,40
6,expiry_day|1m|rsi_55|target_20pct,0.996907,53.7,68.8384,2025-12-04T13:24:00+05:30,0.05,hold_to_end_target_20pct_not_hit,target_20pct,2025-12-04 15:29:00+05:30,2025-12-04,True,weekly,125,125,58.0,8.0074,CE,-99.9069,rsi_55,SENSEX|weekly|2025-12-04,85375.28,85300.0,SENSEX 85300 CE 04 DEC 25,1m,30.378552,SENSEX,weekly_series_expiry_day,41
143,expiry_day|1m|rsi_55|target_20pct,0.105251,82.2,55.2319,2025-12-04T11:18:00+05:30,98.64,target_20pct_hit,target_20pct,2025-12-04 11:38:00+05:30,2025-12-04,True,weekly,20,20,295.1,259.0024,PE,20.0,rsi_55,SENSEX|weekly|2025-12-04,85375.28,85300.0,SENSEX 85300 PE 04 DEC 25,1m,30.378552,SENSEX,weekly_series_expiry_day,41
86,expiry_day|1m|rsi_55|target_20pct,0.79465,160.75,56.7253,2025-12-04T12:15:00+05:30,192.9,target_20pct_hit,target_20pct,2025-12-04 12:20:00+05:30,2025-12-04,True,weekly,5,5,295.1,83.577,PE,20.0,rsi_55,SENSEX|weekly|2025-12-04,85375.28,85300.0,SENSEX 85300 PE 04 DEC 25,1m,30.378552,SENSEX,weekly_series_expiry_day,41
59,expiry_day|1m|rsi_55|target_20pct,0.234606,168.3,60.0059,2025-12-04T12:42:00+05:30,201.96,target_20pct_hit,target_20pct,2025-12-04 12:45:00+05:30,2025-12-04,True,weekly,3,3,295.1,75.3417,PE,20.0,rsi_55,SENSEX|weekly|2025-12-04,85375.28,85300.0,SENSEX 85300 PE 04 DEC 25,1m,30.378552,SENSEX,weekly_series_expiry_day,41
5,expiry_day|1m|rsi_55|target_20pct,5.450484,257.15,73.7248,2025-12-04T13:36:00+05:30,34.15,hold_to_end_target_20pct_not_hit,target_20pct,2025-12-04 15:29:00+05:30,2025-12-04,True,weekly,113,113,295.1,14.7579,PE,-86.7198,rsi_55,SENSEX|weekly|2025-12-04,85375.28,85300.0,SENSEX 85300 PE 04 DEC 25,1m,30.378552,SENSEX,weekly_series_expiry_day,41
1,expiry_day|1m|rsi_55|target_20pct,0.044281,3.6,62.5972,2025-12-11T12:29:00+05:30,0.05,hold_to_end_target_20pct_not_hit,target_20pct,2025-12-11 15:29:00+05:30,2025-12-11,True,weekly,180,180,3.9,8.3333,CE,-98.6111,rsi_55,SENSEX|weekly|2025-12-11,85715.76,85600.0,SENSEX 85600 CE 11 DEC 25,1m,30.195419,SENSEX,weekly_series_expiry_day,42
7,expiry_day|1m|rsi_55|target_20pct,3.020131,1065.4,57.824,2025-12-11T10:57:00+05:30,783.7,hold_to_end_target_20pct_not_hit,target_20pct,2025-12-11 15:29:00+05:30,2025-12-11,True,weekly,272,272,1249.45,17.2752,PE,-26.4408,rsi_55,SENSEX|weekly|2025-12-11,85715.76,85600.0,SENSEX 85600 PE 11 DEC 25,1m,30.195419,SENSEX,weekly_series_expiry_day,42
33,expiry_day|1m|rsi_55|target_20pct,0.043531,13.15,58.4389,2025-12-18T10:10:00+05:30,15.78,target_20pct_hit,target_20pct,2025-12-18 10:11:00+05:30,2025-12-18,True,weekly,1,1,39.3,198.8593,CE,20.0,rsi_55,SENSEX|weekly|2025-12-18,85010.36,85000.0,SENSEX 85000 CE 18 DEC 25,1m,29.280749,SENSEX,weekly_series_expiry_day,43
72,expiry_day|1m|rsi_55|target_20pct,0.17549,21.75,58.403,2025-12-18T11:26:00+05:30,0.1,hold_to_end_target_20pct_not_hit,target_20pct,2025-12-18 15:29:00+05:30,2025-12-18,True,weekly,243,243,25.9,19.0805,CE,-99.5402,rsi_55,SENSEX|weekly|2025-12-18,85010.36,85000.0,SENSEX 85000 CE 18 DEC 25,1m,29.280749,SENSEX,weekly_series_expiry_day,43
229,expiry_day|1m|rsi_55|target_20pct,0.668725,440.3,59.5062,2025-12-18T11:04:00+05:30,528.36,target_20pct_hit,target_20pct,2025-12-18 14:11:00+05:30,2025-12-18,True,weekly,187,187,622.6,41.4036,PE,20.0,rsi_55,SENSEX|weekly|2025-12-18,85010.36,85000.0,SENSEX 85000 PE 18 DEC 25,1m,29.280749,SENSEX,weekly_series_expiry_day,43
18,expiry_day|1m|rsi_55|target_20pct,1.023895,1325.0,59.1871,2026-01-01T10:33:00+05:30,1188.0,hold_to_end_target_20pct_not_hit,target_20pct,2026-01-01 15:29:00+05:30,2026-01-01,True,weekly,296,296,1395.55,5.3245,CE,-10.3396,rsi_55,SENSEX|weekly|2026-01-01,84445.59,84000.0,SENSEX 84000 CE 01 JAN 26,1m,29.354348,SENSEX,weekly_series_expiry_day,44
0,expiry_day|1m|rsi_55|target_20pct,0.018716,1.85,68.3139,2026-01-01T10:51:00+05:30,0.05,hold_to_end_target_20pct_not_hit,target_20pct,2026-01-01 15:29:00+05:30,2026-01-01,True,weekly,278,278,1.9,2.7027,PE,-97.2973,rsi_55,SENSEX|weekly|2026-01-01,84445.59,84000.0,SENSEX 84000 PE 01 JAN 26,1m,29.354348,SENSEX,weekly_series_expiry_day,44
38,expiry_day|1m|rsi_55|target_20pct,0.027076,7.85,55.879,2026-01-08T11:27:00+05:30,9.42,target_20pct_hit,target_20pct,2026-01-08 12:02:00+05:30,2026-01-08,True,weekly,35,35,10.05,28.0255,CE,20.0,rsi_55,SENSEX|weekly|2026-01-08,85280.45,85300.0,SENSEX 85300 CE 08 JAN 26,1m,28.593204,SENSEX,weekly_series_expiry_day,45
4,expiry_day|1m|rsi_55|target_20pct,0.028081,7.65,56.0701,2026-01-08T12:47:00+05:30,0.2,hold_to_end_target_20pct_not_hit,target_20pct,2026-01-08 15:29:00+05:30,2026-01-08,True,weekly,162,162,8.1,5.8824,CE,-97.3856,rsi_55,SENSEX|weekly|2026-01-08,85280.45,85300.0,SENSEX 85300 CE 08 JAN 26,1m,28.593204,SENSEX,weekly_series_expiry_day,45
36,expiry_day|1m|rsi_55|target_20pct,2.558219,984.9,62.9121,2026-01-08T14:29:00+05:30,1120.1,hold_to_end_target_20pct_not_hit,target_20pct,2026-01-08 15:29:00+05:30,2026-01-08,True,weekly,60,60,1163.45,18.1287,PE,13.7273,rsi_55,SENSEX|weekly|2026-01-08,85280.45,85300.0,SENSEX 85300 PE 08 JAN 26,1m,28.593204,SENSEX,weekly_series_expiry_day,45
227,expiry_day|1m|rsi_55|target_20pct,0.002805,2.5,57.17,2026-01-14T10:17:00+05:30,0.05,hold_to_end_target_20pct_not_hit,target_20pct,2026-01-14 15:29:00+05:30,2026-01-14,True,weekly,312,312,2.65,6.0,CE,-98.0,rsi_55,SENSEX|weekly|2026-01-14,84869.83,84900.0,SENSEX 84900 CE 14 JAN 26,1m,28.658913,SENSEX,weekly_series_expiry_day,46
277,expiry_day|1m|rsi_55|target_20pct,6.096761,1411.4,56.825,2026-01-14T09:46:00+05:30,1518.25,hold_to_end_target_20pct_not_hit,target_20pct,2026-01-14 15:29:00+05:30,2026-01-14,True,weekly,343,343,1625.1,15.141,PE,7.5705,rsi_55,SENSEX|weekly|2026-01-14,84869.83,84900.0,SENSEX 84900 PE 14 JAN 26,1m,28.658913,SENSEX,weekly_series_expiry_day,46
169,expiry_day|1m|rsi_55|target_20pct,0.003698,2.2,59.5555,2026-01-22T11:14:00+05:30,2.64,target_20pct_hit,target_20pct,2026-01-22 12:13:00+05:30,2026-01-22,True,weekly,59,59,3.05,38.6364,CE,20.0,rsi_55,SENSEX|weekly|2026-01-22,84842.83,84800.0,SENSEX 84800 CE 22 JAN 26,1m,28.325669,SENSEX,weekly_series_expiry_day,47
58,expiry_day|1m|rsi_55|target_20pct,0.01491,2.2,56.3094,2026-01-22T13:05:00+05:30,2.64,target_20pct_hit,target_20pct,2026-01-22 13:12:00+05:30,2026-01-22,True,weekly,7,7,3.05,38.6364,CE,20.0,rsi_55,SENSEX|weekly|2026-01-22,84842.83,84800.0,SENSEX 84800 CE 22 JAN 26,1m,28.325669,SENSEX,weekly_series_expiry_day,47
19,expiry_day|1m|rsi_55|target_20pct,0.005895,2.35,57.6262,2026-01-22T13:44:00+05:30,2.82,target_20pct_hit,target_20pct,2026-01-22 13:54:00+05:30,2026-01-22,True,weekly,10,10,3.05,29.7872,CE,20.0,rsi_55,SENSEX|weekly|2026-01-22,84842.83,84800.0,SENSEX 84800 CE 22 JAN 26,1m,28.325669,SENSEX,weekly_series_expiry_day,47
1,expiry_day|1m|rsi_55|target_20pct,0.013525,2.6,56.2369,2026-01-22T14:23:00+05:30,0.05,hold_to_end_target_20pct_not_hit,target_20pct,2026-01-22 15:29:00+05:30,2026-01-22,True,weekly,66,66,2.9,11.5385,CE,-98.0769,rsi_55,SENSEX|weekly|2026-01-22,84842.83,84800.0,SENSEX 84800 CE 22 JAN 26,1m,28.325669,SENSEX,weekly_series_expiry_day,47
233,expiry_day|1m|rsi_55|target_20pct,26.659862,2465.55,98.8136,2026-01-22T10:29:00+05:30,2478.7,hold_to_end_target_20pct_not_hit,target_20pct,2026-01-22 15:29:00+05:30,2026-01-22,True,weekly,300,300,2780.0,12.7537,PE,0.5333,rsi_55,SENSEX|weekly|2026-01-22,84842.83,84800.0,SENSEX 84800 PE 22 JAN 26,1m,28.325669,SENSEX,weekly_series_expiry_day,47
13,expiry_day|1m|rsi_55|target_20pct,0.452399,988.65,58.0397,2026-02-05T10:13:00+05:30,815.35,hold_to_end_target_20pct_not_hit,target_20pct,2026-02-05 15:29:00+05:30,2026-02-05,True,weekly,316,316,1092.0,10.4536,CE,-17.529,rsi_55,SENSEX|weekly|2026-02-05,82488.15,82500.0,SENSEX 82500 CE 05 FEB 26,1m,29.016568,SENSEX,weekly_series_expiry_day,48
12,expiry_day|1m|rsi_55|target_20pct,0.212238,12.4,65.0479,2026-02-05T09:44:00+05:30,14.88,target_20pct_hit,target_20pct,2026-02-05 09:48:00+05:30,2026-02-05,True,weekly,4,4,16.15,30.2419,PE,20.0,rsi_55,SENSEX|weekly|2026-02-05,82488.15,82500.0,SENSEX 82500 PE 05 FEB 26,1m,29.016568,SENSEX,weekly_series_expiry_day,48
0,expiry_day|1m|rsi_55|target_20pct,0.032256,9.15,57.3434,2026-02-05T10:57:00+05:30,0.05,hold_to_end_target_20pct_not_hit,target_20pct,2026-02-05 15:29:00+05:30,2026-02-05,True,weekly,272,272,10.8,18.0328,PE,-99.4536,rsi_55,SENSEX|weekly|2026-02-05,82488.15,82500.0,SENSEX 82500 PE 05 FEB 26,1m,29.016568,SENSEX,weekly_series_expiry_day,48
76,expiry_day|1m|rsi_55|target_20pct,0.472347,1705.0,67.8606,2026-02-12T12:17:00+05:30,1485.0,hold_to_end_target_20pct_not_hit,target_20pct,2026-02-12 15:29:00+05:30,2026-02-12,True,weekly,192,192,1753.2,2.827,CE,-12.9032,rsi_55,SENSEX|weekly|2026-02-12,82089.42,82100.0,SENSEX 82100 CE 12 FEB 26,1m,28.603964,SENSEX,weekly_series_expiry_day,49
24,expiry_day|1m|rsi_55|target_20pct,0.002856,2.85,56.6506,2026-02-12T09:53:00+05:30,3.42,target_20pct_hit,target_20pct,2026-02-12 10:16:00+05:30,2026-02-12,True,weekly,23,23,3.7,29.8246,PE,20.0,rsi_55,SENSEX|weekly|2026-02-12,82089.42,82100.0,SENSEX 82100 PE 12 FEB 26,1m,28.603964,SENSEX,weekly_series_expiry_day,49
129,expiry_day|1m|rsi_55|target_20pct,0.008768,3.05,57.4218,2026-02-12T10:58:00+05:30,0.05,hold_to_end_target_20pct_not_hit,target_20pct,2026-02-12 15:29:00+05:30,2026-02-12,True,weekly,271,271,3.45,13.1148,PE,-98.3607,rsi_55,SENSEX|weekly|2026-02-12,82089.42,82100.0,SENSEX 82100 PE 12 FEB 26,1m,28.603964,SENSEX,weekly_series_expiry_day,49
0,expiry_day|1m|rsi_55|target_20pct,0.027979,12.25,60.653,2026-02-19T13:09:00+05:30,0.05,hold_to_end_target_20pct_not_hit,target_20pct,2026-02-19 15:29:00+05:30,2026-02-19,True,weekly,140,140,14.35,17.1429,CE,-99.5918,rsi_55,SENSEX|weekly|2026-02-19,83733.42,83700.0,SENSEX 83700 CE 19 FEB 26,1m,28.24059,SENSEX,weekly_series_expiry_day,50
246,expiry_day|1m|rsi_55|target_20pct,0.543771,337.95,61.4901,2026-02-19T11:13:00+05:30,405.54,target_20pct_hit,target_20pct,2026-02-19 11:23:00+05:30,2026-02-19,True,weekly,10,10,1240.4,267.0365,PE,20.0,rsi_55,SENSEX|weekly|2026-02-19,83733.42,83700.0,SENSEX 83700 PE 19 FEB 26,1m,28.24059,SENSEX,weekly_series_expiry_day,50
108,expiry_day|1m|rsi_55|target_20pct,1.76324,735.95,61.7199,2026-02-19T13:31:00+05:30,883.14,target_20pct_hit,target_20pct,2026-02-19 14:02:00+05:30,2026-02-19,True,weekly,31,31,1240.4,68.5441,PE,20.0,rsi_55,SENSEX|weekly|2026-02-19,83733.42,83700.0,SENSEX 83700 PE 19 FEB 26,1m,28.24059,SENSEX,weekly_series_expiry_day,50
52,expiry_day|1m|rsi_55|target_20pct,1.499845,857.8,59.7565,2026-02-19T14:27:00+05:30,1029.36,target_20pct_hit,target_20pct,2026-02-19 14:47:00+05:30,2026-02-19,True,weekly,20,20,1240.4,44.6025,PE,20.0,rsi_55,SENSEX|weekly|2026-02-19,83733.42,83700.0,SENSEX 83700 PE 19 FEB 26,1m,28.24059,SENSEX,weekly_series_expiry_day,50
4377,series|1m|rsi_60|trail_after_30pct_dd15pct,0.583769,598.04,82.2997,2025-04-15T15:23:00+05:30,1110.8,trail_after_30pct_dd15pct,trail_after_30pct_dd15pct,2025-04-25 14:52:00+05:30,2025-05-29,False,monthly,1862,1862,1898.75,217.4955,CE,85.7401,rsi_60,NIFTY|monthly|2025-05-29,23257.05,23250.0,NIFTY 23250 CE 29 MAY 25,1m,77.694131,NIFTY,monthly_series,1
2477,series|1m|rsi_60|trail_after_30pct_dd15pct,9.409319,1261.75,95.1393,2025-04-28T10:05:00+05:30,1416.1,trail_after_30pct_dd15pct,trail_after_30pct_dd15pct,2025-05-13 15:11:00+05:30,2025-05-29,False,monthly,2380,2380,1898.75,50.4854,CE,12.233,rsi_60,NIFTY|monthly|2025-05-29,23257.05,23250.0,NIFTY 23250 CE 29 MAY 25,1m,77.694131,NIFTY,monthly_series,1
75,series|1m|rsi_60|trail_after_30pct_dd15pct,1.993858,1477.5,74.0587,2025-05-14T14:44:00+05:30,1488.7,hold_to_end_trail_after_30pct_dd15pct,trail_after_30pct_dd15pct,2025-05-29 15:29:00+05:30,2025-05-29,False,monthly,1514,1514,1898.75,28.511,CE,0.758,rsi_60,NIFTY|monthly|2025-05-29,23257.05,23250.0,NIFTY 23250 CE 29 MAY 25,1m,77.694131,NIFTY,monthly_series,1
455,series|1m|rsi_60|trail_after_30pct_dd15pct,0.175601,400.85,67.8131,2025-04-15T10:38:00+05:30,0.1,hold_to_end_trail_after_30pct_dd15pct,trail_after_30pct_dd15pct,2025-05-29 15:29:00+05:30,2025-05-29,False,monthly,11458,11458,404.05,0.7983,PE,-99.9751,rsi_60,NIFTY|monthly|2025-05-29,23257.05,23250.0,NIFTY 23250 PE 29 MAY 25,1m,77.694131,NIFTY,monthly_series,1
40,series|1m|rsi_55|trail_after_30pct_dd15pct,91.737892,3450.0,100.0,2025-05-12T14:50:00+05:30,758.05,hold_to_end_trail_after_30pct_dd15pct,trail_after_30pct_dd15pct,2025-06-24 15:29:00+05:30,2025-06-24,False,monthly,7153,7153,4400.0,27.5362,CE,-78.0275,rsi_55,SENSEX|monthly|2025-06-24,81978.6,81300.0,SENSEX 81300 CE 24 JUN 25,1m,65.175389,SENSEX,monthly_series,2
0,series|1m|rsi_55|trail_after_30pct_dd15pct,100.901969,2758.0,99.9892,2025-05-14T11:24:00+05:30,0.05,hold_to_end_trail_after_30pct_dd15pct,trail_after_30pct_dd15pct,2025-06-24 15:29:00+05:30,2025-06-24,False,monthly,6834,6834,2758.0,0.0,PE,-99.9982,rsi_55,SENSEX|monthly|2025-06-24,81978.6,81300.0,SENSEX 81300 PE 24 JUN 25,1m,65.175389,SENSEX,monthly_series,2
2422,series|5m|macd_only|target_30pct,1.788177,739.85,59.3301,2025-05-14T09:35:00+05:30,961.805,target_30pct_hit,target_30pct,2025-05-15 13:50:00+05:30,2025-06-26,False,monthly,127,635,1060.0,43.2723,CE,30.0,macd_only,NIFTY|monthly|2025-06-26,24514.05,24500.0,NIFTY 24500 CE 26 JUN 25,5m,43.025363,NIFTY,monthly_series,3
2232,series|5m|macd_only|target_30pct,0.535746,946.05,60.3871,2025-05-16T12:45:00+05:30,1049.4,hold_to_end_target_30pct_not_hit,target_30pct,2025-06-26 15:30:00+05:30,2025-06-26,False,monthly,2237,11185,1060.0,12.0448,CE,10.9244,macd_only,NIFTY|monthly|2025-06-26,24514.05,24500.0,NIFTY 24500 CE 26 JUN 25,5m,43.025363,NIFTY,monthly_series,3
68,series|5m|macd_only|target_30pct,0.581771,351.0,60.5893,2025-05-13T09:35:00+05:30,0.05,hold_to_end_target_30pct_not_hit,target_30pct,2025-06-26 15:30:00+05:30,2025-06-26,False,monthly,2503,12515,432.0,23.0769,PE,-99.9858,macd_only,NIFTY|monthly|2025-06-26,24514.05,24500.0,NIFTY 24500 PE 26 JUN 25,5m,43.025363,NIFTY,monthly_series,3
139,series|5m|macd_only|target_30pct,24.596046,2360.9,94.049,2025-06-20T11:10:00+05:30,3069.17,target_30pct_hit,target_30pct,2025-07-09 11:15:00+05:30,2025-07-29,False,monthly,139,695,3100.0,31.3059,CE,30.0,macd_only,SENSEX|monthly|2025-07-29,81564.68,81000.0,SENSEX 81000 CE 29 JUL 25,5m,43.316675,SENSEX,monthly_series,4
1,series|5m|macd_only|target_30pct,14.60784,1926.0,99.5683,2025-07-16T14:40:00+05:30,336.5,hold_to_end_target_30pct_not_hit,target_30pct,2025-07-29 15:30:00+05:30,2025-07-29,False,monthly,673,3365,1939.05,0.6776,CE,-82.5286,macd_only,SENSEX|monthly|2025-07-29,81564.68,81000.0,SENSEX 81000 CE 29 JUL 25,5m,43.316675,SENSEX,monthly_series,4
3,series|5m|macd_only|target_30pct,13.464242,1003.8,90.7004,2025-06-23T09:35:00+05:30,0.05,hold_to_end_target_30pct_not_hit,target_30pct,2025-07-29 15:30:00+05:30,2025-07-29,False,monthly,2015,10075,1038.2,3.427,PE,-99.995,macd_only,SENSEX|monthly|2025-07-29,81564.68,81000.0,SENSEX 81000 PE 29 JUL 25,5m,43.316675,SENSEX,monthly_series,4
568,series|5m|macd_only|target_30pct,1.781423,655.95,78.8923,2025-06-18T09:35:00+05:30,852.735,target_30pct_hit,target_30pct,2025-06-24 11:15:00+05:30,2025-07-31,False,monthly,324,1620,1107.25,68.801,CE,30.0,macd_only,NIFTY|monthly|2025-07-31,24767.55,24750.0,NIFTY 24750 CE 31 JUL 25,5m,39.530275,NIFTY,monthly_series,5
188,series|5m|macd_only|target_30pct,1.879995,763.1,68.2706,2025-06-25T09:45:00+05:30,992.03,target_30pct_hit,target_30pct,2025-06-27 09:15:00+05:30,2025-07-31,False,monthly,146,730,1107.25,45.0989,CE,30.0,macd_only,NIFTY|monthly|2025-07-31,24767.55,24750.0,NIFTY 24750 CE 31 JUL 25,5m,39.530275,NIFTY,monthly_series,5
71,series|5m|macd_only|target_30pct,1.74656,1006.0,81.357,2025-07-01T09:45:00+05:30,18.3,hold_to_end_target_30pct_not_hit,target_30pct,2025-07-31 15:30:00+05:30,2025-07-31,False,monthly,1715,8575,1023.65,1.7545,CE,-98.1809,macd_only,NIFTY|monthly|2025-07-31,24767.55,24750.0,NIFTY 24750 CE 31 JUL 25,5m,39.530275,NIFTY,monthly_series,5
151,series|5m|macd_only|target_30pct,0.482031,368.95,73.5263,2025-06-17T09:25:00+05:30,0.05,hold_to_end_target_30pct_not_hit,target_30pct,2025-07-31 15:30:00+05:30,2025-07-31,False,monthly,2500,12500,398.45,7.9957,PE,-99.9864,macd_only,NIFTY|monthly|2025-07-31,24767.55,24750.0,NIFTY 24750 PE 31 JUL 25,5m,39.530275,NIFTY,monthly_series,5
51,series|5m|macd_only|target_30pct,5.541872,1440.0,96.7704,2025-07-22T11:20:00+05:30,0.1,hold_to_end_target_30pct_not_hit,target_30pct,2025-08-26 15:30:00+05:30,2025-08-26,False,monthly,1770,8850,1500.0,4.1667,CE,-99.9931,macd_only,SENSEX|monthly|2025-08-26,82409.19,81900.0,SENSEX 81900 CE 26 AUG 25,5m,38.009516,SENSEX,monthly_series,6
956,series|5m|macd_only|target_30pct,3.445628,788.0,86.7357,2025-07-17T10:25:00+05:30,1024.4,target_30pct_hit,target_30pct,2025-07-21 09:50:00+05:30,2025-08-26,False,monthly,62,310,1826.35,131.7703,PE,30.0,macd_only,SENSEX|monthly|2025-08-26,82409.19,81900.0,SENSEX 81900 PE 26 AUG 25,5m,38.009516,SENSEX,monthly_series,6
675,series|5m|macd_only|target_30pct,1.119874,593.0,67.3561,2025-07-24T10:15:00+05:30,770.9,target_30pct_hit,target_30pct,2025-07-25 09:45:00+05:30,2025-08-26,False,monthly,64,320,1826.35,207.9848,PE,30.0,macd_only,SENSEX|monthly|2025-08-26,82409.19,81900.0,SENSEX 81900 PE 26 AUG 25,5m,38.009516,SENSEX,monthly_series,6
529,series|5m|macd_only|target_30pct,0.813926,1070.0,57.9894,2025-07-28T10:55:00+05:30,1391.0,target_30pct_hit,target_30pct,2025-07-29 10:55:00+05:30,2025-08-26,False,monthly,56,280,1826.35,70.6869,PE,30.0,macd_only,SENSEX|monthly|2025-08-26,82409.19,81900.0,SENSEX 81900 PE 26 AUG 25,5m,38.009516,SENSEX,monthly_series,6
342,series|5m|macd_only|target_30pct,27.30675,1300.0,92.5085,2025-07-31T09:20:00+05:30,1690.0,target_30pct_hit,target_30pct,2025-08-07 10:30:00+05:30,2025-08-26,False,monthly,334,1670,1826.35,40.4885,PE,30.0,macd_only,SENSEX|monthly|2025-08-26,82409.19,81900.0,SENSEX 81900 PE 26 AUG 25,5m,38.009516,SENSEX,monthly_series,6
17,series|5m|macd_only|target_30pct,1.463922,1229.85,90.1571,2025-08-13T14:10:00+05:30,1114.5,hold_to_end_target_30pct_not_hit,target_30pct,2025-08-26 15:30:00+05:30,2025-08-26,False,monthly,592,2960,1320.0,7.3302,PE,-9.3792,macd_only,SENSEX|monthly|2025-08-26,82409.19,81900.0,SENSEX 81900 PE 26 AUG 25,5m,38.009516,SENSEX,monthly_series,6
1087,series|5m|macd_only|target_30pct,26.16643,2233.3,99.9782,2025-08-12T09:20:00+05:30,2903.29,target_30pct_hit,target_30pct,2025-08-20 14:50:00+05:30,2025-09-25,False,monthly,150,750,3730.0,67.0174,CE,30.0,macd_only,SENSEX|monthly|2025-09-25,79991.67,79500.0,SENSEX 79500 CE 25 SEP 25,5m,41.606931,SENSEX,monthly_series,7
713,series|5m|macd_only|target_30pct,1.011988,1573.2,53.1828,2025-09-01T10:05:00+05:30,2045.16,target_30pct_hit,target_30pct,2025-09-04 09:40:00+05:30,2025-09-25,False,monthly,210,1050,3730.0,137.0964,CE,30.0,macd_only,SENSEX|monthly|2025-09-25,79991.67,79500.0,SENSEX 79500 CE 25 SEP 25,5m,41.606931,SENSEX,monthly_series,7
401,series|5m|macd_only|target_30pct,1.284039,1744.0,63.5108,2025-09-05T14:20:00+05:30,2267.2,target_30pct_hit,target_30pct,2025-09-11 09:55:00+05:30,2025-09-25,False,monthly,89,445,3730.0,113.8761,CE,30.0,macd_only,SENSEX|monthly|2025-09-25,79991.67,79500.0,SENSEX 79500 CE 25 SEP 25,5m,41.606931,SENSEX,monthly_series,7
92,series|5m|macd_only|target_30pct,2.343804,2653.95,77.8004,2025-09-16T09:30:00+05:30,3450.135,target_30pct_hit,target_30pct,2025-09-18 09:20:00+05:30,2025-09-25,False,monthly,73,365,3730.0,40.5452,CE,30.0,macd_only,SENSEX|monthly|2025-09-25,79991.67,79500.0,SENSEX 79500 CE 25 SEP 25,5m,41.606931,SENSEX,monthly_series,7
0,series|5m|macd_only|target_30pct,7.812042,3666.0,69.0587,2025-09-18T15:20:00+05:30,1675.85,hold_to_end_target_30pct_not_hit,target_30pct,2025-09-25 15:30:00+05:30,2025-09-25,False,monthly,153,765,3695.0,0.7911,CE,-54.2867,macd_only,SENSEX|monthly|2025-09-25,79991.67,79500.0,SENSEX 79500 CE 25 SEP 25,5m,41.606931,SENSEX,monthly_series,7
26,series|5m|macd_only|target_30pct,0.013218,815.0,41.5505,2025-08-11T12:25:00+05:30,0.05,hold_to_end_target_30pct_not_hit,target_30pct,2025-09-25 15:30:00+05:30,2025-09-25,False,monthly,2251,11255,833.85,2.3129,PE,-99.9939,macd_only,SENSEX|monthly|2025-09-25,79991.67,79500.0,SENSEX 79500 PE 25 SEP 25,5m,41.606931,SENSEX,monthly_series,7
1860,series|5m|macd_only|target_30pct,0.93451,1435.9,62.6665,2025-09-15T15:05:00+05:30,1866.67,target_30pct_hit,target_30pct,2025-09-17 10:45:00+05:30,2025-10-30,False,monthly,96,480,3480.0,142.3567,CE,30.0,macd_only,SENSEX|monthly|2025-10-30,81954.53,82000.0,SENSEX 82000 CE 30 OCT 25,5m,43.92477,SENSEX,monthly_series,8
1663,series|5m|macd_only|target_30pct,1.451849,2120.45,72.8751,2025-09-18T12:50:00+05:30,2756.585,target_30pct_hit,target_30pct,2025-10-20 09:20:00+05:30,2025-10-30,False,monthly,1541,7705,3480.0,64.1161,CE,30.0,macd_only,SENSEX|monthly|2025-10-30,81954.53,82000.0,SENSEX 82000 CE 30 OCT 25,5m,43.92477,SENSEX,monthly_series,8
43,series|5m|macd_only|target_30pct,0.886598,2711.6,53.4174,2025-10-21T14:20:00+05:30,2407.95,hold_to_end_target_30pct_not_hit,target_30pct,2025-10-30 15:30:00+05:30,2025-10-30,False,monthly,446,2230,3480.0,28.3375,CE,-11.1982,macd_only,SENSEX|monthly|2025-10-30,81954.53,82000.0,SENSEX 82000 CE 30 OCT 25,5m,43.92477,SENSEX,monthly_series,8
846,series|5m|macd_only|target_30pct,0.740027,901.65,66.4611,2025-09-15T14:10:00+05:30,1172.145,target_30pct_hit,target_30pct,2025-09-26 09:20:00+05:30,2025-10-30,False,monthly,618,3090,1728.2,91.6708,PE,30.0,macd_only,SENSEX|monthly|2025-10-30,81954.53,82000.0,SENSEX 82000 PE 30 OCT 25,5m,43.92477,SENSEX,monthly_series,8
125,series|5m|macd_only|target_30pct,4.725616,1453.7,64.9849,2025-09-29T11:45:00+05:30,0.05,hold_to_end_target_30pct_not_hit,target_30pct,2025-10-30 15:30:00+05:30,2025-10-30,False,monthly,1567,7835,1728.2,18.8829,PE,-99.9966,macd_only,SENSEX|monthly|2025-10-30,81954.53,82000.0,SENSEX 82000 PE 30 OCT 25,5m,43.92477,SENSEX,monthly_series,8
1290,series|5m|macd_only|target_30pct,1.260486,1377.9,78.5136,2025-10-14T15:10:00+05:30,1791.27,target_30pct_hit,target_30pct,2025-10-16 09:20:00+05:30,2025-11-27,False,monthly,80,400,3501.75,154.1367,CE,30.0,macd_only,SENSEX|monthly|2025-11-27,82088.92,82500.0,SENSEX 82500 CE 27 NOV 25,5m,45.260844,SENSEX,monthly_series,9
945,series|5m|macd_only|target_30pct,0.867003,2320.0,59.9168,2025-11-03T15:15:00+05:30,3016.0,target_30pct_hit,target_30pct,2025-11-20 11:00:00+05:30,2025-11-27,False,monthly,688,3440,3501.75,50.9375,CE,30.0,macd_only,SENSEX|monthly|2025-11-27,82088.92,82500.0,SENSEX 82500 CE 27 NOV 25,5m,45.260844,SENSEX,monthly_series,9
102,series|5m|macd_only|target_30pct,1.665605,2520.0,60.3178,2025-11-25T13:30:00+05:30,3276.0,target_30pct_hit,target_30pct,2025-11-27 10:05:00+05:30,2025-11-27,False,monthly,93,465,3501.75,38.9583,CE,30.0,macd_only,SENSEX|monthly|2025-11-27,82088.92,82500.0,SENSEX 82500 CE 27 NOV 25,5m,45.260844,SENSEX,monthly_series,9
33,series|5m|macd_only|target_30pct,5.265449,1020.4,65.7508,2025-10-14T10:25:00+05:30,0.05,hold_to_end_target_30pct_not_hit,target_30pct,2025-11-27 15:30:00+05:30,2025-11-27,False,monthly,2226,11130,1286.2,26.0486,PE,-99.9951,macd_only,SENSEX|monthly|2025-11-27,82088.92,82500.0,SENSEX 82500 PE 27 NOV 25,5m,45.260844,SENSEX,monthly_series,9
383,series|5m|macd_only|target_30pct,0.066416,1724.8,50.662,2025-11-11T14:10:00+05:30,2242.24,target_30pct_hit,target_30pct,2025-11-12 09:30:00+05:30,2025-12-24,False,monthly,17,85,3228.25,87.1666,CE,30.0,macd_only,SENSEX|monthly|2025-12-24,83496.45,83500.0,SENSEX 83500 CE 24 DEC 25,5m,47.117626,SENSEX,monthly_series,10
213,series|5m|macd_only|target_30pct,6.934926,2373.05,67.947,2025-11-14T09:40:00+05:30,3084.965,target_30pct_hit,target_30pct,2025-11-25 09:20:00+05:30,2025-12-24,False,monthly,213,1065,3228.25,36.038,CE,30.0,macd_only,SENSEX|monthly|2025-12-24,83496.45,83500.0,SENSEX 83500 CE 24 DEC 25,5m,47.117626,SENSEX,monthly_series,10
59,series|5m|macd_only|target_30pct,12.002024,2600.0,72.7856,2025-11-26T10:45:00+05:30,1903.05,hold_to_end_target_30pct_not_hit,target_30pct,2025-12-24 15:30:00+05:30,2025-12-24,False,monthly,1041,5205,3109.7,19.6038,CE,-26.8058,macd_only,SENSEX|monthly|2025-12-24,83496.45,83500.0,SENSEX 83500 CE 24 DEC 25,5m,47.117626,SENSEX,monthly_series,10
18,series|5m|macd_only|target_30pct,0.34463,847.7,54.4791,2025-11-10T15:25:00+05:30,0.05,hold_to_end_target_30pct_not_hit,target_30pct,2025-12-24 15:30:00+05:30,2025-12-24,False,monthly,2386,11930,1075.9,26.9199,PE,-99.9941,macd_only,SENSEX|monthly|2025-12-24,83496.45,83500.0,SENSEX 83500 PE 24 DEC 25,5m,47.117626,SENSEX,monthly_series,10
385,series|5m|macd_only|target_30pct,1.165181,1550.4,73.2057,2025-12-16T13:45:00+05:30,0.05,hold_to_end_target_30pct_not_hit,target_30pct,2026-01-29 15:30:00+05:30,2026-01-29,False,monthly,2214,11070,1790.1,15.4605,CE,-99.9968,macd_only,SENSEX|monthly|2026-01-29,85019.28,85000.0,SENSEX 85000 CE 29 JAN 26,5m,46.821741,SENSEX,monthly_series,11
2044,series|5m|macd_only|target_30pct,0.34633,766.6,58.3856,2025-12-15T14:50:00+05:30,996.58,target_30pct_hit,target_30pct,2025-12-18 09:55:00+05:30,2026-01-29,False,monthly,162,810,3735.15,387.2358,PE,30.0,macd_only,SENSEX|monthly|2026-01-29,85019.28,85000.0,SENSEX 85000 PE 29 JAN 26,5m,46.821741,SENSEX,monthly_series,11
1833,series|5m|macd_only|target_30pct,0.903544,893.8,55.5306,2025-12-18T14:00:00+05:30,1161.94,target_30pct_hit,target_30pct,2026-01-09 11:40:00+05:30,2026-01-29,False,monthly,1107,5535,3735.15,317.8955,PE,30.0,macd_only,SENSEX|monthly|2026-01-29,85019.28,85000.0,SENSEX 85000 PE 29 JAN 26,5m,46.821741,SENSEX,monthly_series,11
596,series|5m|macd_only|target_30pct,9.195458,1382.2,63.1008,2026-01-13T10:00:00+05:30,1796.86,target_30pct_hit,target_30pct,2026-01-19 10:00:00+05:30,2026-01-29,False,monthly,225,1125,3735.15,170.2322,PE,30.0,macd_only,SENSEX|monthly|2026-01-29,85019.28,85000.0,SENSEX 85000 PE 29 JAN 26,5m,46.821741,SENSEX,monthly_series,11
305,series|5m|macd_only|target_30pct,1.593871,1758.85,59.1409,2026-01-19T15:30:00+05:30,2286.505,target_30pct_hit,target_30pct,2026-01-20 15:10:00+05:30,2026-01-29,False,monthly,71,355,3735.15,112.3632,PE,30.0,macd_only,SENSEX|monthly|2026-01-29,85019.28,85000.0,SENSEX 85000 PE 29 JAN 26,5m,46.821741,SENSEX,monthly_series,11
170,series|5m|macd_only|target_30pct,0.93703,2970.0,58.7179,2026-01-21T14:10:00+05:30,2437.0,hold_to_end_target_30pct_not_hit,target_30pct,2026-01-29 15:30:00+05:30,2026-01-29,False,monthly,392,1960,3735.15,25.7626,PE,-17.9461,macd_only,SENSEX|monthly|2026-01-29,85019.28,85000.0,SENSEX 85000 PE 29 JAN 26,5m,46.821741,SENSEX,monthly_series,11
1,series|5m|macd_only|target_30pct,12.173219,1901.15,100.0,2026-01-13T10:25:00+05:30,0.05,hold_to_end_target_30pct_not_hit,target_30pct,2026-02-26 15:30:00+05:30,2026-02-26,False,monthly,2142,10710,2099.95,10.4568,CE,-99.9974,macd_only,SENSEX|monthly|2026-02-26,83305.12,83400.0,SENSEX 83400 CE 26 FEB 26,5m,48.883262,SENSEX,monthly_series,12
491,series|5m|macd_only|target_30pct,1.708437,1004.65,64.0387,2026-01-14T14:40:00+05:30,1306.045,target_30pct_hit,target_30pct,2026-01-22 09:55:00+05:30,2026-02-26,False,monthly,229,1145,2741.65,172.896,PE,30.0,macd_only,SENSEX|monthly|2026-02-26,83305.12,83400.0,SENSEX 83400 PE 26 FEB 26,5m,48.883262,SENSEX,monthly_series,12
142,series|5m|macd_only|target_30pct,37.38996,1875.75,98.7667,2026-01-23T13:35:00+05:30,2438.475,target_30pct_hit,target_30pct,2026-02-02 11:05:00+05:30,2026-02-26,False,monthly,137,685,2741.65,46.1629,PE,30.0,macd_only,SENSEX|monthly|2026-02-26,83305.12,83400.0,SENSEX 83400 PE 26 FEB 26,5m,48.883262,SENSEX,monthly_series,12
960,series|5m|macd_only|target_30pct,0.002666,725.15,52.7221,2026-02-05T14:05:00+05:30,942.695,target_30pct_hit,target_30pct,2026-02-13 15:00:00+05:30,2026-02-26,False,monthly,445,2225,1444.5,99.2002,PE,30.0,macd_only,SENSEX|monthly|2026-02-26,83305.12,83400.0,SENSEX 83400 PE 26 FEB 26,5m,48.883262,SENSEX,monthly_series,12
373,series|5m|macd_only|target_30pct,2.734284,587.7,62.6939,2026-02-17T14:15:00+05:30,764.01,target_30pct_hit,target_30pct,2026-02-19 12:15:00+05:30,2026-02-26,False,monthly,128,640,1444.5,145.7887,PE,30.0,macd_only,SENSEX|monthly|2026-02-26,83305.12,83400.0,SENSEX 83400 PE 26 FEB 26,5m,48.883262,SENSEX,monthly_series,12
157,series|5m|macd_only|target_30pct,0.352511,920.3,65.8865,2026-02-20T13:15:00+05:30,1196.39,target_30pct_hit,target_30pct,2026-02-24 12:45:00+05:30,2026-02-26,False,monthly,146,730,1444.5,56.9597,PE,30.0,macd_only,SENSEX|monthly|2026-02-26,83305.12,83400.0,SENSEX 83400 PE 26 FEB 26,5m,48.883262,SENSEX,monthly_series,12
86,series|5m|macd_only|target_30pct,1.741669,745.0,59.9359,2026-02-25T12:30:00+05:30,968.5,target_30pct_hit,target_30pct,2026-02-25 12:35:00+05:30,2026-02-26,False,monthly,1,5,1442.25,93.5906,PE,30.0,macd_only,SENSEX|monthly|2026-02-26,83305.12,83400.0,SENSEX 83400 PE 26 FEB 26,5m,48.883262,SENSEX,monthly_series,12
27,series|5m|macd_only|target_30pct,0.338543,1058.0,52.3955,2026-02-26T11:05:00+05:30,1375.4,target_30pct_hit,target_30pct,2026-02-26 12:25:00+05:30,2026-02-26,False,monthly,16,80,1442.25,36.3185,PE,30.0,macd_only,SENSEX|monthly|2026-02-26,83305.12,83400.0,SENSEX 83400 PE 26 FEB 26,5m,48.883262,SENSEX,monthly_series,12
9,expiry_day|3m|macd_only|target_10pct,1.688189,1495.0,86.1507,2025-05-29T13:18:00+05:30,1488.7,hold_to_end_target_10pct_not_hit,target_10pct,2025-05-29 15:30:00+05:30,2025-05-29,True,monthly,44,132,1501.0,0.4013,CE,-0.4214,macd_only,NIFTY|monthly|2025-05-29,23257.05,23250.0,NIFTY 23250 CE 29 MAY 25,3m,8.22312,NIFTY,monthly_series_expiry_day,1
5,expiry_day|3m|macd_only|target_10pct,0.00131,0.6,65.7405,2025-05-29T11:21:00+05:30,0.66,target_10pct_hit,target_10pct,2025-05-29 11:27:00+05:30,2025-05-29,True,monthly,2,6,0.9,50.0,PE,10.0,macd_only,NIFTY|monthly|2025-05-29,23257.05,23250.0,NIFTY 23250 PE 29 MAY 25,3m,8.22312,NIFTY,monthly_series_expiry_day,1
6,expiry_day|3m|macd_only|target_10pct,0.028327,8.2,58.7617,2025-06-24T13:21:00+05:30,9.02,target_10pct_hit,target_10pct,2025-06-24 13:24:00+05:30,2025-06-24,True,monthly,1,3,25.7,213.4146,PE,10.0,macd_only,SENSEX|monthly|2025-06-24,81978.6,81300.0,SENSEX 81300 PE 24 JUN 25,3m,8.342669,SENSEX,monthly_series_expiry_day,2
237,expiry_day|1m|macd_only|target_20pct,0.396635,860.6,52.9113,2025-06-26T11:07:00+05:30,1032.72,target_20pct_hit,target_20pct,2025-06-26 14:01:00+05:30,2025-06-26,True,monthly,174,174,1060.0,23.1699,CE,20.0,macd_only,NIFTY|monthly|2025-06-26,24514.05,24500.0,NIFTY 24500 CE 26 JUN 25,1m,18.344089,NIFTY,monthly_series_expiry_day,3
8,expiry_day|1m|macd_only|target_20pct,3.138116,1044.45,70.3659,2025-06-26T14:56:00+05:30,1049.4,hold_to_end_target_20pct_not_hit,target_20pct,2025-06-26 15:29:00+05:30,2025-06-26,True,monthly,33,33,1060.0,1.4888,CE,0.4739,macd_only,NIFTY|monthly|2025-06-26,24514.05,24500.0,NIFTY 24500 CE 26 JUN 25,1m,18.344089,NIFTY,monthly_series_expiry_day,3
4,expiry_day|1m|macd_only|target_20pct,0.000409,1.7,61.2777,2025-06-26T09:56:00+05:30,0.05,hold_to_end_target_20pct_not_hit,target_20pct,2025-06-26 15:29:00+05:30,2025-06-26,True,monthly,333,333,1.9,11.7647,PE,-97.0588,macd_only,NIFTY|monthly|2025-06-26,24514.05,24500.0,NIFTY 24500 PE 26 JUN 25,1m,18.344089,NIFTY,monthly_series_expiry_day,3
28,expiry_day|3m|macd_only|target_10pct,0.775467,68.05,60.1443,2025-07-29T13:09:00+05:30,74.855,target_10pct_hit,target_10pct,2025-07-29 13:15:00+05:30,2025-07-29,True,monthly,2,6,348.8,412.5643,CE,10.0,macd_only,SENSEX|monthly|2025-07-29,81564.68,81000.0,SENSEX 81000 CE 29 JUL 25,3m,18.058545,SENSEX,monthly_series_expiry_day,4
53,expiry_day|3m|macd_only|target_20pct,0.052155,30.5,56.2227,2025-07-31T11:00:00+05:30,36.6,target_20pct_hit,target_20pct,2025-07-31 11:03:00+05:30,2025-07-31,True,monthly,1,3,227.1,644.5902,CE,20.0,macd_only,NIFTY|monthly|2025-07-31,24767.55,24750.0,NIFTY 24750 CE 31 JUL 25,3m,23.409313,NIFTY,monthly_series_expiry_day,5
62,expiry_day|3m|macd_only|target_20pct,1.47798,836.7,55.6449,2025-08-26T12:09:00+05:30,1004.04,target_20pct_hit,target_20pct,2025-08-26 15:00:00+05:30,2025-08-26,True,monthly,57,171,1137.0,35.891,PE,20.0,macd_only,SENSEX|monthly|2025-08-26,82409.19,81900.0,SENSEX 81900 PE 26 AUG 25,3m,27.290375,SENSEX,monthly_series_expiry_day,6
0,expiry_day|3m|macd_only|target_20pct,0.130361,2148.75,49.6293,2025-09-25T11:24:00+05:30,1675.85,hold_to_end_target_20pct_not_hit,target_20pct,2025-09-25 15:30:00+05:30,2025-09-25,True,monthly,82,246,2148.75,0.0,CE,-22.0081,macd_only,SENSEX|monthly|2025-09-25,79991.67,79500.0,SENSEX 79500 CE 25 SEP 25,3m,31.158591,SENSEX,monthly_series_expiry_day,7
11,expiry_day|3m|macd_only|target_20pct,0.0042,1.95,53.3197,2025-09-25T12:24:00+05:30,2.34,target_20pct_hit,target_20pct,2025-09-25 12:54:00+05:30,2025-09-25,True,monthly,10,30,2.6,33.3333,PE,20.0,macd_only,SENSEX|monthly|2025-09-25,79991.67,79500.0,SENSEX 79500 PE 25 SEP 25,3m,31.158591,SENSEX,monthly_series_expiry_day,7
3,expiry_day|3m|macd_only|target_20pct,0.63703,2725.0,60.4903,2025-10-30T11:15:00+05:30,2407.95,hold_to_end_target_20pct_not_hit,target_20pct,2025-10-30 15:30:00+05:30,2025-10-30,True,monthly,85,255,2754.05,1.0661,CE,-11.6349,macd_only,SENSEX|monthly|2025-10-30,81954.53,82000.0,SENSEX 82000 CE 30 OCT 25,3m,30.759893,SENSEX,monthly_series_expiry_day,8
4,expiry_day|3m|macd_only|target_20pct,0.004632,1.1,61.4102,2025-10-30T13:48:00+05:30,1.32,target_20pct_hit,target_20pct,2025-10-30 14:00:00+05:30,2025-10-30,True,monthly,4,12,1.4,27.2727,PE,20.0,macd_only,SENSEX|monthly|2025-10-30,81954.53,82000.0,SENSEX 82000 PE 30 OCT 25,3m,30.759893,SENSEX,monthly_series_expiry_day,8
5,expiry_day|3m|macd_only|target_20pct,0.007989,1.75,51.8498,2025-11-27T10:39:00+05:30,2.1,target_20pct_hit,target_20pct,2025-11-27 10:54:00+05:30,2025-11-27,True,monthly,5,15,2.15,22.8571,PE,20.0,macd_only,SENSEX|monthly|2025-11-27,82088.92,82500.0,SENSEX 82500 PE 27 NOV 25,3m,30.898547,SENSEX,monthly_series_expiry_day,9
42,expiry_day|3m|macd_only|target_20pct,0.787834,2125.0,61.0621,2025-12-24T11:33:00+05:30,1903.05,hold_to_end_target_20pct_not_hit,target_20pct,2025-12-24 15:30:00+05:30,2025-12-24,True,monthly,79,237,2183.4,2.7482,CE,-10.4447,macd_only,SENSEX|monthly|2025-12-24,83496.45,83500.0,SENSEX 83500 CE 24 DEC 25,3m,32.777064,SENSEX,monthly_series_expiry_day,10
53,expiry_day|3m|macd_only|target_20pct,1.115661,1023.5,58.9132,2026-02-26T10:39:00+05:30,1228.2,target_20pct_hit,target_20pct,2026-02-26 11:45:00+05:30,2026-02-26,True,monthly,22,66,1442.25,40.9135,PE,20.0,macd_only,SENSEX|monthly|2026-02-26,83305.12,83400.0,SENSEX 83400 PE 26 FEB 26,3m,31.102808,SENSEX,monthly_series_expiry_day,12
0,expiry_day|3m|macd_only|target_20pct,0.446222,1318.6,51.2381,2026-02-26T14:27:00+05:30,1149.25,hold_to_end_target_20pct_not_hit,target_20pct,2026-02-26 15:30:00+05:30,2026-02-26,True,monthly,21,63,1335.3,1.2665,PE,-12.8432,macd_only,SENSEX|monthly|2026-02-26,83305.12,83400.0,SENSEX 83400 PE 26 FEB 26,3m,31.102808,SENSEX,monthly_series_expiry_day,12
