active_contracts,avg_iv,bars_to_max,ce_contracts,chosen_variant_key,combined_alignment,contracts_considered,dex,dex_alignment,direction_sign,entry_macd,entry_price,entry_rsi,entry_time,exit_price,exit_reason,exit_strategy,exit_time,expiry,expiry_day_only,expiry_kind,gex,gex_alignment,holding_bars,holding_minutes,max_possible_price,max_possible_return_pct,option_type,pe_contracts,return_pct,rsi_filter,series_id,spot_at_series_start,spot_price,strike,symbol,timeframe,total_oi,train_consistency_score,underlying,walkforward_group,walkforward_window
23,0.282199,115,4,series|10m|macd_only|hold_to_expiry,anti,60,-4551992642.456,anti,1,4.386152,213.45,66.0965,2025-04-07T15:30:00+05:30,632.45,hold_to_end,hold_to_expiry,2025-04-15 15:30:00+05:30,2025-04-15,False,weekly,-1274832.252302,anti,152,1520,766.05,258.8897,CE,19,196.2989,macd_only,SENSEX|weekly|2025-04-15,76088.08,73325.05,76100.0,SENSEX 76100 CE 15 APR 25,10m,203860.0,326.691434,SENSEX,weekly_series,1
46,0.117715,65,20,series|10m|macd_only|hold_to_expiry,aligned,60,-537828030.8175,aligned,-1,2.799733,516.95,58.7141,2025-04-03T15:20:00+05:30,0.05,hold_to_end,hold_to_expiry,2025-04-15 15:30:00+05:30,2025-04-15,False,weekly,-8321.150347,aligned,223,2230,3779.3,631.0765,PE,26,-99.9903,macd_only,SENSEX|weekly|2025-04-15,76088.08,76284.84,76100.0,SENSEX 76100 PE 15 APR 25,10m,182420.0,326.691434,SENSEX,weekly_series,1
60,0.298451,221,30,series|10m|macd_only|hold_to_expiry,anti,60,-9493372352.1564,anti,1,1.374797,75.55,72.5389,2025-04-07T15:30:00+05:30,650.6,hold_to_end,hold_to_expiry,2025-04-17 15:30:00+05:30,2025-04-17,False,weekly,-9179567.86905,anti,228,2280,671.9,789.3448,CE,30,761.1516,macd_only,NIFTY|weekly|2025-04-17,23192.2,22238.0,23200.0,NIFTY 23200 CE 17 APR 25,10m,10520625.0,206.0175,NIFTY,weekly_series,2
50,0.124027,43,26,series|10m|macd_only|hold_to_expiry,aligned,60,-2236770944.8539,aligned,-1,0.216808,179.65,53.3226,2025-04-03T14:50:00+05:30,0.05,hold_to_end,hold_to_expiry,2025-04-17 15:30:00+05:30,2025-04-17,False,weekly,-2552112.09801,aligned,308,3080,1515.0,743.3064,PE,24,-99.9722,macd_only,NIFTY|weekly|2025-04-17,23192.2,23246.9,23200.0,NIFTY 23200 PE 17 APR 25,10m,4239300.0,206.0175,NIFTY,weekly_series,2
60,0.147574,110,30,series|15m|rsi_60|hold_to_expiry,aligned,60,94740346784.9158,aligned,1,5.516935,760.0,63.6168,2025-04-16T14:00:00+05:30,1550.0,hold_to_end,hold_to_expiry,2025-04-24 15:30:00+05:30,2025-04-24,False,weekly,131055986.802,aligned,133,1995,1654.95,117.7566,CE,30,103.9474,rsi_60,NIFTY|weekly|2025-04-24,22715.95,23412.8,22700.0,NIFTY 22700 CE 24 APR 25,15m,70357800.0,264.224315,NIFTY,weekly_series,4
58,0.157478,78,30,series|15m|rsi_60|hold_to_expiry,aligned,60,2127291156.7612,aligned,1,14.352675,779.95,63.7082,2025-04-28T10:15:00+05:30,642.8,hold_to_end,hold_to_expiry,2025-05-06 15:30:00+05:30,2025-05-06,False,weekly,459888.642845,aligned,151,2265,1470.0,88.4736,CE,28,-17.5845,rsi_60,SENSEX|weekly|2025-05-06,79623.9,80057.21,80000.0,SENSEX 80000 CE 06 MAY 25,15m,324960.0,258.482117,SENSEX,weekly_series,5
60,0.165431,0,30,series|15m|rsi_60|hold_to_expiry,aligned,60,-16996250832.3107,aligned,-1,1.963242,629.75,67.5383,2025-04-30T15:30:00+05:30,0.05,hold_to_end,hold_to_expiry,2025-05-06 15:30:00+05:30,2025-05-06,False,weekly,-4298548.142666,aligned,78,1170,668.3,6.1215,PE,30,-99.9921,rsi_60,SENSEX|weekly|2025-05-06,79623.9,80016.19,80000.0,SENSEX 80000 PE 06 MAY 25,15m,3718600.0,258.482117,SENSEX,weekly_series,5
58,0.16018,78,29,series|15m|rsi_60|hold_to_expiry,aligned,60,57084893841.5366,aligned,1,1.176041,258.0,62.1546,2025-04-28T10:15:00+05:30,0.05,hold_to_end,hold_to_expiry,2025-05-08 15:30:00+05:30,2025-05-08,False,weekly,54958701.475687,aligned,203,3045,435.95,68.9729,CE,29,-99.9806,rsi_60,NIFTY|weekly|2025-05-08,24279.15,24273.45,24300.0,NIFTY 24300 CE 08 MAY 25,15m,18404550.0,136.465273,NIFTY,weekly_series,6
56,0.175593,0,30,series|15m|rsi_60|hold_to_expiry,aligned,60,-29419512834.2981,aligned,-1,1.300458,242.95,65.2011,2025-04-30T15:30:00+05:30,26.45,hold_to_end,hold_to_expiry,2025-05-08 15:30:00+05:30,2025-05-08,False,weekly,-31542986.182969,aligned,130,1950,251.65,3.581,PE,26,-89.113,rsi_60,NIFTY|weekly|2025-05-08,24279.15,24246.25,24300.0,NIFTY 24300 PE 08 MAY 25,15m,56178375.0,136.465273,NIFTY,weekly_series,6
32,0.163191,631,14,series|5m|macd_only|trail_after_30pct_dd15pct,anti,60,-32000526.2875,anti,1,0.469396,893.3,66.9957,2025-04-29T13:10:00+05:30,1124.8,trail_after_30pct_dd15pct,trail_after_30pct_dd15pct,2025-05-02 10:35:00+05:30,2025-05-13,False,weekly,-14819.485244,anti,119,595,2174.8,143.4568,CE,18,25.9151,macd_only,SENSEX|weekly|2025-05-13,80586.33,80392.13,80600.0,SENSEX 80600 CE 13 MAY 25,5m,7540.0,83.654597,SENSEX,weekly_series,7
52,0.158591,474,27,series|5m|macd_only|trail_after_30pct_dd15pct,aligned,60,892182596.9703,aligned,1,4.762391,966.0,59.4218,2025-05-02T13:45:00+05:30,1120.75,trail_after_30pct_dd15pct,trail_after_30pct_dd15pct,2025-05-12 10:10:00+05:30,2025-05-13,False,weekly,334997.22724,aligned,412,2060,2174.8,125.1346,CE,25,16.0197,macd_only,SENSEX|weekly|2025-05-13,80586.33,80649.93,80600.0,SENSEX 80600 CE 13 MAY 25,5m,216580.0,83.654597,SENSEX,weekly_series,7
33,0.16236,489,15,series|5m|macd_only|trail_after_30pct_dd15pct,aligned,60,-47158103.8038,aligned,-1,2.519038,1106.35,72.3479,2025-04-29T12:25:00+05:30,1142.85,trail_after_30pct_dd15pct,trail_after_30pct_dd15pct,2025-05-09 09:15:00+05:30,2025-05-13,False,weekly,-18104.322691,aligned,489,2445,1756.3,58.7472,PE,18,3.2991,macd_only,SENSEX|weekly|2025-05-13,80586.33,80228.32,80600.0,SENSEX 80600 PE 13 MAY 25,5m,6180.0,83.654597,SENSEX,weekly_series,7
57,0.521271,0,27,series|5m|macd_only|trail_after_30pct_dd15pct,anti,60,14221408205.9928,anti,-1,0.753704,71.05,53.8868,2025-05-13T10:40:00+05:30,0.05,hold_to_end_trail_after_30pct_dd15pct,trail_after_30pct_dd15pct,2025-05-13 15:30:00+05:30,2025-05-13,False,weekly,15394802.56573,anti,58,290,96.75,36.1717,PE,30,-99.9296,macd_only,SENSEX|weekly|2025-05-13,80586.33,81561.95,80600.0,SENSEX 80600 PE 13 MAY 25,5m,26835990.0,83.654597,SENSEX,weekly_series,7
56,0.168321,668,28,series|5m|macd_only|trail_after_30pct_dd15pct,aligned,60,15067708740.7962,aligned,1,0.868344,279.0,58.519,2025-05-05T09:30:00+05:30,321.2,trail_after_30pct_dd15pct,trail_after_30pct_dd15pct,2025-05-12 10:10:00+05:30,2025-05-15,False,weekly,19643218.978687,aligned,388,1940,676.65,142.5269,CE,28,15.1254,macd_only,NIFTY|weekly|2025-05-15,24431.25,24445.25,24450.0,NIFTY 24450 CE 15 MAY 25,5m,9328350.0,70.118313,NIFTY,weekly_series,8
52,0.215129,134,22,series|5m|macd_only|trail_after_30pct_dd15pct,aligned,60,385825621569.2787,aligned,1,0.350129,271.64,56.1562,2025-05-14T09:40:00+05:30,319.05,trail_after_30pct_dd15pct,trail_after_30pct_dd15pct,2025-05-15 10:40:00+05:30,2025-05-15,False,weekly,1222247840.77083,aligned,88,440,676.65,149.0981,CE,30,17.4532,macd_only,NIFTY|weekly|2025-05-15,24431.25,24710.15,24450.0,NIFTY 24450 CE 15 MAY 25,5m,208862250.0,70.118313,NIFTY,weekly_series,8
49,0.496643,29,20,series|5m|macd_only|trail_after_30pct_dd15pct,aligned,60,265216854246.8445,aligned,1,0.366729,207.0,51.3341,2025-05-15T12:05:00+05:30,208.0,trail_after_30pct_dd15pct,trail_after_30pct_dd15pct,2025-05-15 12:20:00+05:30,2025-05-15,False,weekly,820550507.415975,aligned,3,15,676.65,226.8841,CE,29,0.4831,macd_only,NIFTY|weekly|2025-05-15,24431.25,24644.55,24450.0,NIFTY 24450 CE 15 MAY 25,5m,280188900.0,70.118313,NIFTY,weekly_series,8
45,0.509458,19,18,series|5m|macd_only|trail_after_30pct_dd15pct,aligned,60,355826631402.5659,aligned,1,2.156812,239.55,55.3301,2025-05-15T12:55:00+05:30,611.7,hold_to_end_trail_after_30pct_dd15pct,trail_after_30pct_dd15pct,2025-05-15 15:30:00+05:30,2025-05-15,False,weekly,830983886.83035,aligned,31,155,676.65,182.4671,CE,27,155.3538,macd_only,NIFTY|weekly|2025-05-15,24431.25,24687.3,24450.0,NIFTY 24450 CE 15 MAY 25,5m,268972800.0,70.118313,NIFTY,weekly_series,8
58,0.165002,317,29,series|5m|macd_only|trail_after_30pct_dd15pct,anti,60,3075479660.0613,anti,-1,0.170257,367.95,64.1074,2025-05-02T14:30:00+05:30,468.3,trail_after_30pct_dd15pct,trail_after_30pct_dd15pct,2025-05-09 09:15:00+05:30,2025-05-15,False,weekly,14208600.147323,anti,317,1585,594.2,61.4893,PE,29,27.2727,macd_only,NIFTY|weekly|2025-05-15,24431.25,24305.35,24450.0,NIFTY 24450 PE 15 MAY 25,5m,7935900.0,70.118313,NIFTY,weekly_series,8
59,0.254706,9,30,series|5m|macd_only|trail_after_30pct_dd15pct,anti,60,187683014323.0794,anti,-1,1.661628,97.05,64.3702,2025-05-13T09:50:00+05:30,110.75,trail_after_30pct_dd15pct,trail_after_30pct_dd15pct,2025-05-13 10:40:00+05:30,2025-05-15,False,weekly,70181912.86173,anti,10,50,130.5,34.4668,PE,29,14.1164,macd_only,NIFTY|weekly|2025-05-15,24431.25,24701.4,24450.0,NIFTY 24450 PE 15 MAY 25,5m,150196575.0,70.118313,NIFTY,weekly_series,8
60,0.241256,2,30,series|5m|macd_only|trail_after_30pct_dd15pct,anti,60,282580112602.8411,anti,-1,0.358615,94.8,55.7166,2025-05-13T12:50:00+05:30,104.6,trail_after_30pct_dd15pct,trail_after_30pct_dd15pct,2025-05-13 13:05:00+05:30,2025-05-15,False,weekly,374381503.585035,anti,3,15,124.65,31.4873,PE,30,10.3376,macd_only,NIFTY|weekly|2025-05-15,24431.25,24650.95,24450.0,NIFTY 24450 PE 15 MAY 25,5m,171975900.0,70.118313,NIFTY,weekly_series,8
51,0.200668,2,21,series|5m|macd_only|trail_after_30pct_dd15pct,anti,60,130628204449.904,anti,-1,0.348582,43.25,56.4974,2025-05-14T12:45:00+05:30,72.4,trail_after_30pct_dd15pct,trail_after_30pct_dd15pct,2025-05-14 12:55:00+05:30,2025-05-15,False,weekly,1211881588.275394,anti,2,10,86.05,98.9595,PE,30,67.3988,macd_only,NIFTY|weekly|2025-05-15,24431.25,24631.75,24450.0,NIFTY 24450 PE 15 MAY 25,5m,225986475.0,70.118313,NIFTY,weekly_series,8
49,0.371279,0,19,series|5m|macd_only|trail_after_30pct_dd15pct,anti,60,66028626168.7684,anti,-1,0.450514,51.9,59.0345,2025-05-15T09:50:00+05:30,0.05,hold_to_end_trail_after_30pct_dd15pct,trail_after_30pct_dd15pct,2025-05-15 15:30:00+05:30,2025-05-15,False,weekly,1740877848.242512,anti,68,340,74.09,42.7553,PE,30,-99.9037,macd_only,NIFTY|weekly|2025-05-15,24431.25,24532.25,24450.0,NIFTY 24450 PE 15 MAY 25,5m,293945250.0,70.118313,NIFTY,weekly_series,8
8,0.140056,318,4,series|5m|macd_only|trail_after_30pct_dd15pct,aligned,60,1368273.73,aligned,1,0.429853,1037.55,50.9974,2025-05-06T13:40:00+05:30,1500.0,trail_after_30pct_dd15pct,trail_after_30pct_dd15pct,2025-05-13 09:50:00+05:30,2025-05-20,False,weekly,1147.998326,aligned,320,1600,2282.35,119.9749,CE,4,44.5713,macd_only,SENSEX|weekly|2025-05-20,80736.0,80617.86,80600.0,SENSEX 80600 CE 20 MAY 25,5m,920.0,74.476889,SENSEX,weekly_series,9
60,0.168768,136,30,series|5m|macd_only|trail_after_30pct_dd15pct,aligned,60,16632528858.1256,aligned,1,2.424657,1286.1,58.2439,2025-05-14T09:30:00+05:30,1831.05,trail_after_30pct_dd15pct,trail_after_30pct_dd15pct,2025-05-16 09:40:00+05:30,2025-05-20,False,weekly,8413597.55772,aligned,152,760,2195.05,70.6749,CE,30,42.3723,macd_only,SENSEX|weekly|2025-05-20,80736.0,81507.6,80600.0,SENSEX 80600 CE 20 MAY 25,5m,2551940.0,74.476889,SENSEX,weekly_series,9
59,0.13463,7,30,series|5m|macd_only|trail_after_30pct_dd15pct,aligned,60,60143316698.556,aligned,1,1.754874,1873.8,76.8229,2025-05-16T12:55:00+05:30,584.65,hold_to_end_trail_after_30pct_dd15pct,trail_after_30pct_dd15pct,2025-05-20 15:30:00+05:30,2025-05-20,False,weekly,22913299.801032,aligned,183,915,1923.0,2.6257,CE,29,-68.7987,macd_only,SENSEX|weekly|2025-05-20,80736.0,82286.14,80600.0,SENSEX 80600 CE 20 MAY 25,5m,12640580.0,74.476889,SENSEX,weekly_series,9
8,0.142911,214,4,series|5m|macd_only|trail_after_30pct_dd15pct,anti,60,10563233.8136,anti,-1,9.575453,908.55,95.7667,2025-05-06T15:25:00+05:30,319.3,trail_after_30pct_dd15pct,trail_after_30pct_dd15pct,2025-05-13 09:20:00+05:30,2025-05-20,False,weekly,5515.017444,anti,224,1120,1737.45,91.2333,PE,4,-64.8561,macd_only,SENSEX|weekly|2025-05-20,80736.0,80628.91,80600.0,SENSEX 80600 PE 20 MAY 25,5m,1440.0,74.476889,SENSEX,weekly_series,9
59,0.178226,25,29,series|5m|macd_only|trail_after_30pct_dd15pct,anti,60,1764380568.2709,anti,-1,2.938221,524.95,54.9598,2025-05-13T13:30:00+05:30,0.1,hold_to_end_trail_after_30pct_dd15pct,trail_after_30pct_dd15pct,2025-05-20 15:30:00+05:30,2025-05-20,False,weekly,1983269.783308,anti,404,2020,544.25,3.6765,PE,30,-99.981,macd_only,SENSEX|weekly|2025-05-20,80736.0,81176.95,80600.0,SENSEX 80600 PE 20 MAY 25,5m,1114800.0,74.476889,SENSEX,weekly_series,9
59,0.148099,97,30,series|15m|rsi_60|target_30pct,aligned,60,35421289950.888,aligned,1,7.146768,333.0,79.6303,2025-05-12T09:30:00+05:30,432.9,target_30pct_hit,target_30pct,2025-05-12 10:00:00+05:30,2025-05-22,False,weekly,33367064.788991,aligned,2,30,705.5,111.8619,CE,29,30.0,rsi_60,NIFTY|weekly|2025-05-22,24437.25,24586.95,24450.0,NIFTY 24450 CE 22 MAY 25,15m,8814375.0,73.950568,NIFTY,weekly_series,10
55,0.234796,0,30,series|15m|rsi_60|target_30pct,aligned,60,114881657355.6604,aligned,1,1.448304,483.65,61.5838,2025-05-21T11:00:00+05:30,159.69,hold_to_end_target_30pct_not_hit,target_30pct,2025-05-22 15:30:00+05:30,2025-05-22,False,weekly,36487475.348775,aligned,44,660,521.5,7.8259,CE,25,-66.9823,rsi_60,NIFTY|weekly|2025-05-22,24437.25,24912.25,24450.0,NIFTY 24450 CE 22 MAY 25,15m,219411000.0,73.950568,NIFTY,weekly_series,10
50,0.435784,0,20,series|15m|rsi_60|target_30pct,mixed,60,-295750907830.017,aligned,-1,0.47615,39.5,65.8816,2025-05-22T09:30:00+05:30,0.05,hold_to_end_target_30pct_not_hit,target_30pct,2025-05-22 15:30:00+05:30,2025-05-22,False,weekly,207596150.919551,anti,24,360,51.7,30.8861,PE,30,-99.8734,rsi_60,NIFTY|weekly|2025-05-22,24437.25,24571.65,24450.0,NIFTY 24450 PE 22 MAY 25,15m,244834125.0,73.950568,NIFTY,weekly_series,10
44,0.162262,229,23,series|5m|macd_only|trail_after_30pct_dd15pct,aligned,60,208078228.1161,aligned,1,3.400709,939.7,68.803,2025-05-21T09:45:00+05:30,1021.4,trail_after_30pct_dd15pct,trail_after_30pct_dd15pct,2025-05-26 10:30:00+05:30,2025-06-03,False,weekly,54654.273203,aligned,237,1185,1235.0,31.4249,CE,21,8.6943,macd_only,SENSEX|weekly|2025-06-03,82077.91,81641.78,82000.0,SENSEX 82000 CE 03 JUN 25,5m,33640.0,69.372692,SENSEX,weekly_series,11
60,0.187512,31,30,series|5m|macd_only|trail_after_30pct_dd15pct,aligned,60,1769464820.7267,aligned,1,0.487507,1054.0,54.0965,2025-05-26T15:20:00+05:30,0.05,hold_to_end_trail_after_30pct_dd15pct,trail_after_30pct_dd15pct,2025-06-03 15:30:00+05:30,2025-06-03,False,weekly,309681.341213,aligned,458,2290,1200.0,13.852,CE,30,-99.9953,macd_only,SENSEX|weekly|2025-06-03,82077.91,82186.32,82000.0,SENSEX 82000 CE 03 JUN 25,5m,439720.0,69.372692,SENSEX,weekly_series,11
50,0.155709,106,23,series|5m|macd_only|trail_after_30pct_dd15pct,aligned,60,-27200228.5108,aligned,-1,0.609834,1069.65,61.4337,2025-05-21T12:05:00+05:30,1377.6,trail_after_30pct_dd15pct,trail_after_30pct_dd15pct,2025-05-22 15:00:00+05:30,2025-06-03,False,weekly,-14115.633259,aligned,110,550,1672.65,56.3736,PE,27,28.7898,macd_only,SENSEX|weekly|2025-06-03,82077.91,81527.28,82000.0,SENSEX 82000 PE 03 JUN 25,5m,47300.0,69.372692,SENSEX,weekly_series,11
59,0.156598,392,30,series|5m|macd_only|trail_after_30pct_dd15pct,anti,60,1070720140.7785,anti,-1,3.507834,1000.0,61.227,2025-05-23T14:55:00+05:30,960.7,trail_after_30pct_dd15pct,trail_after_30pct_dd15pct,2025-05-27 11:05:00+05:30,2025-06-03,False,weekly,372228.518291,anti,106,530,1531.05,53.105,PE,29,-3.93,macd_only,SENSEX|weekly|2025-06-03,82077.91,81642.31,82000.0,SENSEX 82000 PE 03 JUN 25,5m,222980.0,69.372692,SENSEX,weekly_series,11
60,0.204952,266,30,series|5m|macd_only|trail_after_30pct_dd15pct,anti,60,3104278486.9772,anti,-1,0.415374,1048.1,52.1624,2025-05-27T12:45:00+05:30,1201.55,trail_after_30pct_dd15pct,trail_after_30pct_dd15pct,2025-05-27 14:50:00+05:30,2025-06-03,False,weekly,550634.554454,anti,25,125,1531.05,46.0786,PE,30,14.6408,macd_only,SENSEX|weekly|2025-06-03,82077.91,81680.04,82000.0,SENSEX 82000 PE 03 JUN 25,5m,1186040.0,69.372692,SENSEX,weekly_series,11
57,0.212983,229,28,series|5m|macd_only|trail_after_30pct_dd15pct,anti,60,7291400078.8174,anti,-1,4.315321,1287.45,58.7104,2025-05-28T09:30:00+05:30,1263.4,hold_to_end_trail_after_30pct_dd15pct,trail_after_30pct_dd15pct,2025-06-03 15:30:00+05:30,2025-06-03,False,weekly,4377355.158327,anti,376,1880,1531.05,18.9211,PE,29,-1.868,macd_only,SENSEX|weekly|2025-06-03,82077.91,81325.96,82000.0,SENSEX 82000 PE 03 JUN 25,5m,2677260.0,69.372692,SENSEX,weekly_series,11
54,0.151228,60,27,series|15m|rsi_60|target_30pct,aligned,60,17145416874.0282,aligned,1,3.988569,346.5,64.8572,2025-05-23T09:45:00+05:30,450.45,target_30pct_hit,target_30pct,2025-05-23 11:00:00+05:30,2025-06-05,False,weekly,22714885.741196,aligned,5,75,574.9,65.9163,CE,27,30.0,rsi_60,NIFTY|weekly|2025-06-05,24704.65,24766.35,24700.0,NIFTY 24700 CE 05 JUN 25,15m,9346950.0,66.148884,NIFTY,weekly_series,12
51,0.426052,1,30,series|15m|rsi_60|target_30pct,aligned,60,527360045355.884,aligned,1,7.521222,205.7,77.8052,2025-06-05T12:15:00+05:30,50.85,hold_to_end_target_30pct_not_hit,target_30pct,2025-06-05 15:30:00+05:30,2025-06-05,False,weekly,68048540.5224,aligned,13,195,226.95,10.3306,CE,21,-75.2795,rsi_60,NIFTY|weekly|2025-06-05,24704.65,24880.6,24700.0,NIFTY 24700 CE 05 JUN 25,15m,288540000.0,66.148884,NIFTY,weekly_series,12
55,0.204225,144,26,series|15m|rsi_60|target_30pct,anti,60,12416903136.7302,anti,-1,2.823361,261.14,72.9162,2025-05-27T09:30:00+05:30,0.05,hold_to_end_target_30pct_not_hit,target_30pct,2025-06-05 15:30:00+05:30,2025-06-05,False,weekly,22782503.817607,anti,206,3090,317.0,21.3908,PE,29,-99.9809,rsi_60,NIFTY|weekly|2025-06-05,24704.65,24792.1,24700.0,NIFTY 24700 PE 05 JUN 25,15m,15677325.0,66.148884,NIFTY,weekly_series,12
54,0.182014,0,26,series|5m|macd_only|target_30pct,aligned,60,504278430.3616,aligned,1,0.83481,1033.4,67.1035,2025-05-28T13:05:00+05:30,592.55,hold_to_end_target_30pct_not_hit,target_30pct,2025-06-10 15:30:00+05:30,2025-06-10,False,weekly,147747.77717,aligned,711,3555,1033.4,0.0,CE,28,-42.6602,macd_only,SENSEX|weekly|2025-06-10,81772.52,81527.71,81800.0,SENSEX 81800 CE 10 JUN 25,5m,152240.0,60.419429,SENSEX,weekly_series,13
43,0.185316,373,19,series|5m|macd_only|target_30pct,anti,60,257642811.7811,anti,-1,2.119491,1275.0,70.3064,2025-05-27T13:30:00+05:30,0.05,hold_to_end_target_30pct_not_hit,target_30pct,2025-06-10 15:30:00+05:30,2025-06-10,False,weekly,75160.468358,anti,781,3905,1600.8,25.5529,PE,24,-99.9961,macd_only,SENSEX|weekly|2025-06-10,81772.52,81526.02,81800.0,SENSEX 81800 PE 10 JUN 25,5m,22680.0,60.419429,SENSEX,weekly_series,13
39,0.152946,652,20,series|5m|macd_only|target_30pct,aligned,60,10444335659.2983,aligned,1,0.634136,278.2,59.2994,2025-05-29T15:05:00+05:30,0.05,hold_to_end_target_30pct_not_hit,target_30pct,2025-06-12 15:30:00+05:30,2025-06-12,False,weekly,12379069.201823,aligned,765,3825,337.8,21.4234,CE,19,-99.982,macd_only,NIFTY|weekly|2025-06-12,24884.5,24813.7,24900.0,NIFTY 24900 CE 12 JUN 25,5m,5330325.0,57.408953,NIFTY,weekly_series,14
22,0.159553,212,11,series|5m|macd_only|target_30pct,anti,60,6260707777.9758,anti,-1,0.469986,366.0,56.1768,2025-05-29T14:15:00+05:30,475.8,target_30pct_hit,target_30pct,2025-06-02 09:20:00+05:30,2025-06-12,False,weekly,7675566.35067,anti,93,465,522.85,42.8552,PE,11,30.0,macd_only,NIFTY|weekly|2025-06-12,24884.5,24727.6,24900.0,NIFTY 24900 PE 12 JUN 25,5m,4140150.0,57.408953,NIFTY,weekly_series,14
58,0.18991,54,30,series|5m|macd_only|target_30pct,anti,60,6021753525.0503,anti,-1,0.613233,413.45,57.8019,2025-06-02T14:45:00+05:30,11.85,hold_to_end_target_30pct_not_hit,target_30pct,2025-06-12 15:30:00+05:30,2025-06-12,False,weekly,7636837.36254,anti,617,3085,522.85,26.4603,PE,28,-97.1339,macd_only,NIFTY|weekly|2025-06-12,24884.5,24661.1,24900.0,NIFTY 24900 PE 12 JUN 25,5m,12258000.0,57.408953,NIFTY,weekly_series,14
46,0.139613,42,23,series|15m|rsi_60|target_30pct,aligned,60,819423756.4614,aligned,1,2.518074,899.55,64.4926,2025-06-05T11:45:00+05:30,1169.415,target_30pct_hit,target_30pct,2025-06-05 12:15:00+05:30,2025-06-17,False,weekly,158279.433629,aligned,2,30,1532.7,70.3852,CE,23,30.0,rsi_60,SENSEX|weekly|2025-06-17,81406.4,81349.16,81400.0,SENSEX 81400 CE 17 JUN 25,15m,105120.0,55.36082,SENSEX,weekly_series,15
54,0.141473,20,30,series|15m|rsi_60|target_30pct,aligned,60,2368008703.3776,aligned,1,11.914511,1180.7,67.7188,2025-06-06T10:45:00+05:30,183.05,hold_to_end_target_30pct_not_hit,target_30pct,2025-06-17 15:30:00+05:30,2025-06-17,False,weekly,476656.867342,aligned,196,2940,1532.7,29.8128,CE,24,-84.4965,rsi_60,SENSEX|weekly|2025-06-17,81406.4,81951.06,81400.0,SENSEX 81400 CE 17 JUN 25,15m,179680.0,55.36082,SENSEX,weekly_series,15
53,0.14489,303,27,series|5m|macd_only|target_30pct,aligned,60,3254560017.0474,aligned,1,0.396687,368.0,64.4666,2025-06-05T12:00:00+05:30,478.4,target_30pct_hit,target_30pct,2025-06-05 12:20:00+05:30,2025-06-19,False,weekly,901056.336536,aligned,4,20,640.3,73.9946,CE,26,30.0,macd_only,NIFTY|weekly|2025-06-19,24661.6,24745.95,24650.0,NIFTY 24650 CE 19 JUN 25,5m,3092025.0,54.699899,NIFTY,weekly_series,16
58,0.138688,244,30,series|5m|macd_only|target_30pct,aligned,60,14036634265.2287,aligned,1,4.245994,415.6,69.3142,2025-06-06T10:35:00+05:30,540.28,target_30pct_hit,target_30pct,2025-06-06 11:55:00+05:30,2025-06-19,False,weekly,13109974.869769,aligned,16,80,640.3,54.0664,CE,28,30.0,macd_only,NIFTY|weekly|2025-06-19,24661.6,24864.75,24650.0,NIFTY 24650 CE 19 JUN 25,5m,5653200.0,54.699899,NIFTY,weekly_series,16
57,0.143195,109,30,series|5m|macd_only|target_30pct,aligned,60,28340972831.6285,aligned,1,0.167267,569.35,60.6981,2025-06-09T15:30:00+05:30,143.3,hold_to_end_target_30pct_not_hit,target_30pct,2025-06-19 15:30:00+05:30,2025-06-19,False,weekly,26705496.768637,aligned,600,3000,640.3,12.4616,CE,27,-74.8309,macd_only,NIFTY|weekly|2025-06-19,24661.6,25103.1,24650.0,NIFTY 24650 CE 19 JUN 25,5m,11922075.0,54.699899,NIFTY,weekly_series,16
55,0.147319,400,28,series|5m|macd_only|target_30pct,mixed,60,1953656370.3857,anti,-1,0.519495,202.55,56.7145,2025-06-05T13:55:00+05:30,263.315,target_30pct_hit,target_30pct,2025-06-13 09:15:00+05:30,2025-06-19,False,weekly,-1958458.48146,aligned,400,2000,278.35,37.4229,PE,27,30.0,macd_only,NIFTY|weekly|2025-06-19,24661.6,24738.6,24650.0,NIFTY 24650 PE 19 JUN 25,5m,3577350.0,54.699899,NIFTY,weekly_series,16
60,0.148228,1,30,series|5m|macd_only|target_30pct,mixed,60,-134459823252.8532,aligned,-1,1.351541,178.05,66.2781,2025-06-13T14:55:00+05:30,0.05,hold_to_end_target_30pct_not_hit,target_30pct,2025-06-19 15:30:00+05:30,2025-06-19,False,weekly,106350625.393691,anti,311,1555,196.0,10.0814,PE,30,-99.9719,macd_only,NIFTY|weekly|2025-06-19,24661.6,24667.45,24650.0,NIFTY 24650 PE 19 JUN 25,5m,116536950.0,54.699899,NIFTY,weekly_series,16
45,0.135872,604,20,series|5m|macd_only|target_30pct,aligned,60,130865174.8338,aligned,1,0.042486,775.85,65.7602,2025-06-17T14:35:00+05:30,1008.605,target_30pct_hit,target_30pct,2025-06-20 15:05:00+05:30,2025-07-01,False,weekly,79397.785032,aligned,225,1125,2183.75,181.4655,CE,25,30.0,macd_only,SENSEX|weekly|2025-07-01,81868.05,81567.48,81900.0,SENSEX 81900 CE 01 JUL 25,5m,37200.0,54.634547,SENSEX,weekly_series,17
56,0.140562,324,29,series|5m|macd_only|target_30pct,aligned,60,6319156009.4182,aligned,1,6.46982,735.8,71.0312,2025-06-23T13:20:00+05:30,956.54,target_30pct_hit,target_30pct,2025-06-24 09:15:00+05:30,2025-07-01,False,weekly,1466003.134361,aligned,27,135,2183.75,196.7858,CE,27,30.0,macd_only,SENSEX|weekly|2025-07-01,81868.05,81958.59,81900.0,SENSEX 81900 CE 01 JUL 25,5m,865680.0,54.634547,SENSEX,weekly_series,17
58,0.121211,215,30,series|5m|macd_only|target_30pct,aligned,60,38828445413.9232,aligned,1,10.673451,976.3,65.9298,2025-06-25T09:45:00+05:30,1269.19,target_30pct_hit,target_30pct,2025-06-26 09:30:00+05:30,2025-07-01,False,weekly,18547937.263724,aligned,73,365,2183.75,123.6761,CE,28,30.0,macd_only,SENSEX|weekly|2025-07-01,81868.05,82572.81,81900.0,SENSEX 81900 CE 01 JUL 25,5m,5103840.0,54.634547,SENSEX,weekly_series,17
57,0.260863,15,29,series|5m|macd_only|target_30pct,aligned,60,149396669695.3196,aligned,1,2.93824,1822.55,64.2373,2025-07-01T09:35:00+05:30,1800.55,hold_to_end_target_30pct_not_hit,target_30pct,2025-07-01 15:30:00+05:30,2025-07-01,False,weekly,109298622.837086,aligned,71,355,1872.35,2.7324,CE,28,-1.2071,macd_only,SENSEX|weekly|2025-07-01,81868.05,83787.94,81900.0,SENSEX 81900 CE 01 JUL 25,5m,42341760.0,54.634547,SENSEX,weekly_series,17
43,0.138494,75,19,series|5m|macd_only|target_30pct,mixed,60,-43013976.5196,aligned,-1,3.72384,1040.4,83.7679,2025-06-17T12:55:00+05:30,0.05,hold_to_end_target_30pct_not_hit,target_30pct,2025-07-01 15:30:00+05:30,2025-07-01,False,weekly,2754.223352,anti,786,3930,1079.0,3.7101,PE,24,-99.9952,macd_only,SENSEX|weekly|2025-07-01,81868.05,81437.71,81900.0,SENSEX 81900 PE 01 JUL 25,5m,36860.0,54.634547,SENSEX,weekly_series,17
56,0.139101,441,28,series|5m|macd_only|target_30pct,aligned,60,11655167.8449,aligned,1,0.217641,307.1,69.0258,2025-06-19T14:00:00+05:30,399.23,target_30pct_hit,target_30pct,2025-06-20 10:30:00+05:30,2025-07-03,False,weekly,4721227.946119,aligned,34,170,890.0,189.8079,CE,28,30.0,macd_only,NIFTY|weekly|2025-07-03,24783.9,24828.95,24800.0,NIFTY 24800 CE 03 JUL 25,5m,6497250.0,55.337413,NIFTY,weekly_series,18
59,0.14334,306,29,series|5m|macd_only|target_30pct,aligned,60,9179455007.6425,aligned,1,0.211995,330.65,51.9142,2025-06-23T12:35:00+05:30,429.845,target_30pct_hit,target_30pct,2025-06-23 14:05:00+05:30,2025-07-03,False,weekly,29145951.23022,aligned,18,90,890.0,169.1668,CE,30,30.0,macd_only,NIFTY|weekly|2025-07-03,24783.9,24944.7,24800.0,NIFTY 24800 CE 03 JUL 25,5m,18103425.0,55.337413,NIFTY,weekly_series,18
53,0.137664,270,29,series|5m|macd_only|target_30pct,aligned,60,88470375037.5391,aligned,1,10.463575,523.55,80.1825,2025-06-24T09:15:00+05:30,680.615,target_30pct_hit,target_30pct,2025-06-26 13:20:00+05:30,2025-07-03,False,weekly,70823126.202075,aligned,201,1005,890.0,69.9933,CE,24,30.0,macd_only,NIFTY|weekly|2025-07-03,24783.9,25216.5,24800.0,NIFTY 24800 CE 03 JUL 25,5m,18582075.0,55.337413,NIFTY,weekly_series,18
55,0.162336,77,26,series|5m|macd_only|target_30pct,aligned,60,358833304258.7603,aligned,1,0.166323,745.0,57.1389,2025-07-01T09:20:00+05:30,605.95,hold_to_end_target_30pct_not_hit,target_30pct,2025-07-03 15:30:00+05:30,2025-07-03,False,weekly,968737648.87599,aligned,226,1130,810.8,8.8322,CE,29,-18.6644,macd_only,NIFTY|weekly|2025-07-03,24783.9,25545.8,24800.0,NIFTY 24800 CE 03 JUL 25,5m,173758125.0,55.337413,NIFTY,weekly_series,18
56,0.140184,6,28,series|5m|macd_only|target_30pct,mixed,60,-2802004409.0403,aligned,-1,0.000262,252.0,55.3913,2025-06-19T15:00:00+05:30,0.05,hold_to_end_target_30pct_not_hit,target_30pct,2025-07-03 15:30:00+05:30,2025-07-03,False,weekly,2004632.0001,anti,766,3830,275.45,9.3056,PE,28,-99.9802,macd_only,NIFTY|weekly|2025-07-03,24783.9,24796.0,24800.0,NIFTY 24800 PE 03 JUL 25,5m,6752250.0,55.337413,NIFTY,weekly_series,18
47,0.126259,144,25,series|5m|macd_only|target_30pct,aligned,60,144048435.9407,aligned,1,4.591563,798.35,65.3608,2025-06-25T09:55:00+05:30,1037.855,target_30pct_hit,target_30pct,2025-06-26 09:30:00+05:30,2025-07-08,False,weekly,45803.004926,aligned,71,355,1434.05,79.6267,CE,22,30.0,macd_only,SENSEX|weekly|2025-07-08,82786.27,82563.64,82700.0,SENSEX 82700 CE 08 JUL 25,5m,41260.0,55.840225,SENSEX,weekly_series,19
51,0.134082,21,29,series|5m|macd_only|target_30pct,mixed,60,671615030.88,aligned,1,25.904592,1355.0,96.0511,2025-06-26T13:50:00+05:30,1009.95,hold_to_end_target_30pct_not_hit,target_30pct,2025-07-08 15:30:00+05:30,2025-07-08,False,weekly,-93768.805306,anti,536,2680,1434.05,5.8339,CE,22,-25.4649,macd_only,SENSEX|weekly|2025-07-08,82786.27,83480.65,82700.0,SENSEX 82700 CE 08 JUL 25,5m,186620.0,55.840225,SENSEX,weekly_series,19
37,0.132664,4,20,series|5m|macd_only|target_30pct,anti,60,35812495.1762,anti,-1,2.133241,870.65,58.3017,2025-06-24T13:20:00+05:30,0.05,hold_to_end_target_30pct_not_hit,target_30pct,2025-07-08 15:30:00+05:30,2025-07-08,False,weekly,16613.608355,anti,783,3915,1124.35,29.1391,PE,17,-99.9943,macd_only,SENSEX|weekly|2025-07-08,82786.27,82515.19,82700.0,SENSEX 82700 PE 08 JUL 25,5m,20440.0,55.840225,SENSEX,weekly_series,19
54,0.131128,86,28,series|5m|macd_only|target_30pct,aligned,60,16961887280.0508,aligned,1,0.399391,331.2,63.8195,2025-06-26T12:10:00+05:30,430.56,target_30pct_hit,target_30pct,2025-06-27 09:15:00+05:30,2025-07-10,False,weekly,13233121.896735,aligned,41,205,499.1,50.6944,CE,26,30.0,macd_only,NIFTY|weekly|2025-07-10,25282.35,25385.1,25300.0,NIFTY 25300 CE 10 JUL 25,5m,7736025.0,54.703321,NIFTY,weekly_series,20
58,0.12924,5,30,series|5m|macd_only|target_30pct,aligned,60,39264759192.625,aligned,1,0.495252,392.5,65.2756,2025-07-01T09:25:00+05:30,55.1,hold_to_end_target_30pct_not_hit,target_30pct,2025-07-10 15:30:00+05:30,2025-07-10,False,weekly,56055138.29223,aligned,605,3025,408.3,4.0255,CE,28,-85.9618,macd_only,NIFTY|weekly|2025-07-10,25282.35,25574.45,25300.0,NIFTY 25300 CE 10 JUL 25,5m,17945250.0,54.703321,NIFTY,weekly_series,20
54,0.131504,47,30,series|5m|macd_only|target_30pct,anti,60,23704161065.6608,anti,-1,0.414008,99.8,59.6155,2025-06-30T10:00:00+05:30,129.74,target_30pct_hit,target_30pct,2025-06-30 13:15:00+05:30,2025-07-10,False,weekly,10775071.340955,anti,39,195,134.05,34.3186,PE,24,30.0,macd_only,NIFTY|weekly|2025-07-10,25282.35,25561.65,25300.0,NIFTY 25300 PE 10 JUL 25,5m,15925875.0,54.703321,NIFTY,weekly_series,20
54,0.119834,37,30,series|5m|macd_only|target_30pct,anti,60,29676756822.8881,anti,-1,0.050761,85.05,57.0868,2025-07-02T10:25:00+05:30,110.565,target_30pct_hit,target_30pct,2025-07-02 13:30:00+05:30,2025-07-10,False,weekly,47800528.974743,anti,37,185,130.0,52.8513,PE,24,30.0,macd_only,NIFTY|weekly|2025-07-10,25282.35,25519.95,25300.0,NIFTY 25300 PE 10 JUL 25,5m,28728000.0,54.703321,NIFTY,weekly_series,20
55,0.116113,61,30,series|5m|macd_only|target_30pct,anti,60,49014587333.6767,anti,-1,0.312657,75.8,58.9212,2025-07-03T13:05:00+05:30,98.54,target_30pct_hit,target_30pct,2025-07-03 14:35:00+05:30,2025-07-10,False,weekly,133231734.812843,anti,18,90,130.0,71.504,PE,25,30.0,macd_only,NIFTY|weekly|2025-07-10,25282.35,25500.1,25300.0,NIFTY 25300 PE 10 JUL 25,5m,57837825.0,54.703321,NIFTY,weekly_series,20
56,0.113854,2,30,series|5m|macd_only|target_30pct,mixed,60,-15664951089.3808,aligned,-1,1.160065,108.35,63.5627,2025-07-04T11:40:00+05:30,0.05,hold_to_end_target_30pct_not_hit,target_30pct,2025-07-10 15:30:00+05:30,2025-07-10,False,weekly,312150448.558147,anti,350,1750,130.0,19.9815,PE,26,-99.9539,macd_only,NIFTY|weekly|2025-07-10,25282.35,25375.3,25300.0,NIFTY 25300 PE 10 JUL 25,5m,149193225.0,54.703321,NIFTY,weekly_series,20
39,0.117705,0,17,series|5m|macd_only|target_30pct,anti,60,-2222494.0777,anti,1,1.054559,904.75,54.4669,2025-07-01T13:15:00+05:30,0.05,hold_to_end_target_30pct_not_hit,target_30pct,2025-07-15 15:30:00+05:30,2025-07-15,False,weekly,-6057.223644,anti,783,3915,904.75,0.0,CE,22,-99.9945,macd_only,SENSEX|weekly|2025-07-15,83624.92,83663.31,83600.0,SENSEX 83600 CE 15 JUL 25,5m,18820.0,55.380518,SENSEX,weekly_series,21
39,0.117888,682,17,series|5m|macd_only|target_30pct,aligned,60,-5559919.2217,aligned,-1,0.100562,669.25,48.4252,2025-07-01T13:10:00+05:30,870.025,target_30pct_hit,target_30pct,2025-07-02 13:30:00+05:30,2025-07-15,False,weekly,-8060.055847,aligned,80,400,1529.4,128.5245,PE,22,30.0,macd_only,SENSEX|weekly|2025-07-15,83624.92,83662.61,83600.0,SENSEX 83600 PE 15 JUL 25,5m,18800.0,55.380518,SENSEX,weekly_series,21
54,0.1083,539,25,series|5m|macd_only|target_30pct,anti,60,773957621.114,anti,-1,0.611916,627.9,54.6682,2025-07-03T12:25:00+05:30,816.27,target_30pct_hit,target_30pct,2025-07-03 14:40:00+05:30,2025-07-15,False,weekly,414859.865278,anti,27,135,1529.4,143.5738,PE,29,30.0,macd_only,SENSEX|weekly|2025-07-15,83624.92,83596.27,83600.0,SENSEX 83600 PE 15 JUL 25,5m,136860.0,55.380518,SENSEX,weekly_series,21
47,0.110932,476,23,series|5m|macd_only|target_30pct,aligned,60,-3074606762.4977,aligned,-1,2.608728,804.1,59.1344,2025-07-04T11:25:00+05:30,1045.33,target_30pct_hit,target_30pct,2025-07-11 11:10:00+05:30,2025-07-15,False,weekly,-1205469.045865,aligned,376,1880,1529.4,90.2002,PE,24,30.0,macd_only,SENSEX|weekly|2025-07-15,83624.92,83213.96,83600.0,SENSEX 83600 PE 15 JUL 25,5m,313380.0,55.380518,SENSEX,weekly_series,21
51,0.090126,50,30,series|5m|macd_only|target_30pct,anti,60,26899864067.1498,anti,-1,1.377444,1026.2,55.3643,2025-07-11T15:20:00+05:30,1334.06,target_30pct_hit,target_30pct,2025-07-14 09:25:00+05:30,2025-07-15,False,weekly,52347051.726005,anti,5,25,1529.4,49.0353,PE,21,30.0,macd_only,SENSEX|weekly|2025-07-15,83624.92,82495.08,83600.0,SENSEX 83600 PE 15 JUL 25,5m,17765920.0,55.380518,SENSEX,weekly_series,21
46,0.244691,15,30,series|5m|macd_only|target_30pct,mixed,60,82467297810.2947,anti,-1,2.001505,1024.95,56.5075,2025-07-15T13:45:00+05:30,1030.75,hold_to_end_target_30pct_not_hit,target_30pct,2025-07-15 15:30:00+05:30,2025-07-15,False,weekly,-1043308722.350019,aligned,21,105,1141.15,11.3371,PE,16,0.5659,macd_only,SENSEX|weekly|2025-07-15,83624.92,82551.74,83600.0,SENSEX 83600 PE 15 JUL 25,5m,77837800.0,55.380518,SENSEX,weekly_series,21
56,0.114459,1,29,series|5m|macd_only|target_30pct,aligned,60,14238417351.4868,aligned,1,1.795365,293.0,71.6049,2025-07-03T13:40:00+05:30,0.05,hold_to_end_target_30pct_not_hit,target_30pct,2025-07-17 15:30:00+05:30,2025-07-17,False,weekly,15032667.215966,aligned,782,3910,298.9,2.0137,CE,27,-99.9829,macd_only,NIFTY|weekly|2025-07-17,25486.2,25581.55,25500.0,NIFTY 25500 CE 17 JUL 25,5m,5630025.0,57.55164,NIFTY,weekly_series,22
54,0.114464,543,29,series|5m|macd_only|target_30pct,anti,60,7584528542.1212,anti,-1,0.480736,204.0,54.4704,2025-07-03T12:15:00+05:30,265.2,target_30pct_hit,target_30pct,2025-07-04 09:40:00+05:30,2025-07-17,False,weekly,7413566.038567,anti,45,225,478.7,134.6569,PE,25,30.0,macd_only,NIFTY|weekly|2025-07-17,25486.2,25499.95,25500.0,NIFTY 25500 PE 17 JUL 25,5m,5425500.0,57.55164,NIFTY,weekly_series,22
54,0.111673,476,29,series|5m|macd_only|target_30pct,anti,60,5334307199.9828,anti,-1,0.007578,239.5,51.984,2025-07-04T11:30:00+05:30,311.35,target_30pct_hit,target_30pct,2025-07-11 10:45:00+05:30,2025-07-17,False,weekly,13035475.45014,anti,371,1855,478.7,99.8747,PE,25,30.0,macd_only,NIFTY|weekly|2025-07-17,25486.2,25401.2,25500.0,NIFTY 25500 PE 17 JUL 25,5m,9386775.0,57.55164,NIFTY,weekly_series,22
51,0.103912,51,30,series|5m|macd_only|target_30pct,anti,60,142142406863.8467,anti,-1,0.492349,342.8,55.5091,2025-07-11T15:15:00+05:30,445.64,target_30pct_hit,target_30pct,2025-07-14 09:25:00+05:30,2025-07-17,False,weekly,633601571.09256,anti,6,30,478.7,39.6441,PE,21,30.0,macd_only,NIFTY|weekly|2025-07-17,25486.2,25149.6,25500.0,NIFTY 25500 PE 17 JUL 25,5m,148900425.0,57.55164,NIFTY,weekly_series,22
50,0.12287,168,30,series|5m|macd_only|target_30pct,anti,60,128733783793.6471,anti,-1,0.206831,304.05,55.4165,2025-07-15T13:45:00+05:30,395.265,target_30pct_hit,target_30pct,2025-07-17 15:05:00+05:30,2025-07-17,False,weekly,294667111.766858,anti,168,840,396.0,30.2417,PE,20,30.0,macd_only,NIFTY|weekly|2025-07-17,25486.2,25188.9,25500.0,NIFTY 25500 PE 17 JUL 25,5m,204012150.0,57.55164,NIFTY,weekly_series,22
29,0.109061,32,13,series|5m|macd_only|target_30pct,aligned,60,195685189.4925,aligned,1,0.075535,802.25,58.3516,2025-07-08T12:35:00+05:30,0.05,hold_to_end_target_30pct_not_hit,target_30pct,2025-07-22 15:30:00+05:30,2025-07-22,False,weekly,85270.162846,aligned,795,3975,935.9,16.6594,CE,16,-99.9938,macd_only,SENSEX|weekly|2025-07-22,83431.57,83539.23,83500.0,SENSEX 83500 CE 22 JUL 25,5m,25460.0,59.141134,SENSEX,weekly_series,23
46,0.102806,544,24,series|5m|macd_only|target_30pct,anti,60,446640299.1551,anti,-1,0.222871,508.2,62.8643,2025-07-09T14:25:00+05:30,660.66,target_30pct_hit,target_30pct,2025-07-10 10:15:00+05:30,2025-07-22,False,weekly,161167.436419,anti,26,130,1974.45,288.5183,PE,22,30.0,macd_only,SENSEX|weekly|2025-07-22,83431.57,83667.71,83500.0,SENSEX 83500 PE 22 JUL 25,5m,80380.0,59.141134,SENSEX,weekly_series,23
48,0.103409,476,23,series|5m|macd_only|target_30pct,aligned,60,-178991674.3634,aligned,-1,1.070671,702.7,59.3149,2025-07-10T13:45:00+05:30,913.51,target_30pct_hit,target_30pct,2025-07-11 10:35:00+05:30,2025-07-22,False,weekly,-88284.01473,aligned,38,190,1974.45,180.9805,PE,25,30.0,macd_only,SENSEX|weekly|2025-07-22,83431.57,83176.95,83500.0,SENSEX 83500 PE 22 JUL 25,5m,156980.0,59.141134,SENSEX,weekly_series,23
48,0.097974,381,22,series|5m|macd_only|target_30pct,aligned,60,-1619339212.1384,aligned,-1,1.70441,1061.15,60.0904,2025-07-11T15:20:00+05:30,1379.495,target_30pct_hit,target_30pct,2025-07-14 11:35:00+05:30,2025-07-22,False,weekly,-444019.86869,aligned,27,135,1974.45,86.067,PE,26,30.0,macd_only,SENSEX|weekly|2025-07-22,83431.57,82495.08,83500.0,SENSEX 83500 PE 22 JUL 25,5m,341060.0,59.141134,SENSEX,weekly_series,23
55,0.097091,252,28,series|5m|macd_only|target_30pct,anti,60,4506735402.9626,anti,-1,1.413609,983.1,58.0357,2025-07-15T13:45:00+05:30,1278.03,target_30pct_hit,target_30pct,2025-07-18 09:20:00+05:30,2025-07-22,False,weekly,1146676.689296,anti,175,875,1974.45,100.8392,PE,27,30.0,macd_only,SENSEX|weekly|2025-07-22,83431.57,82551.74,83500.0,SENSEX 83500 PE 22 JUL 25,5m,1861140.0,59.141134,SENSEX,weekly_series,23
52,0.144355,2,26,series|5m|macd_only|target_30pct,mixed,60,-113198154104.441,aligned,-1,10.084535,1920.0,75.6738,2025-07-21T09:25:00+05:30,1313.0,hold_to_end_target_30pct_not_hit,target_30pct,2025-07-22 15:30:00+05:30,2025-07-22,False,weekly,3570926.290095,anti,149,745,1974.45,2.8359,PE,26,-31.6146,macd_only,SENSEX|weekly|2025-07-22,83431.57,81569.08,83500.0,SENSEX 83500 PE 22 JUL 25,5m,20577200.0,59.141134,SENSEX,weekly_series,23
51,0.112227,32,27,series|5m|macd_only|target_30pct,aligned,60,4970103724.5534,aligned,1,0.257025,55.55,65.3218,2025-07-14T14:55:00+05:30,72.215,target_30pct_hit,target_30pct,2025-07-15 11:05:00+05:30,2025-07-24,False,weekly,13219533.435075,aligned,30,150,84.4,51.9352,CE,24,30.0,macd_only,NIFTY|weekly|2025-07-24,25483.0,25077.8,25500.0,NIFTY 25500 CE 24 JUL 25,5m,15496575.0,60.050712,NIFTY,weekly_series,24
52,0.101347,25,28,series|5m|macd_only|target_30pct,aligned,60,27985559082.2284,aligned,1,0.260656,45.75,62.7573,2025-07-16T12:15:00+05:30,0.05,hold_to_end_target_30pct_not_hit,target_30pct,2025-07-24 15:30:00+05:30,2025-07-24,False,weekly,78419493.688181,aligned,495,2475,57.9,26.5574,CE,24,-99.8907,macd_only,NIFTY|weekly|2025-07-24,25483.0,25188.25,25500.0,NIFTY 25500 CE 24 JUL 25,5m,32084850.0,60.050712,NIFTY,weekly_series,24
49,0.108296,482,25,series|5m|macd_only|target_30pct,mixed,60,-1028250444.0646,aligned,-1,0.660066,255.15,59.8598,2025-07-10T13:45:00+05:30,331.695,target_30pct_hit,target_30pct,2025-07-11 10:35:00+05:30,2025-07-24,False,weekly,3866701.147969,anti,38,190,606.5,137.7033,PE,24,30.0,macd_only,NIFTY|weekly|2025-07-24,25483.0,25366.25,25500.0,NIFTY 25500 PE 24 JUL 25,5m,6697050.0,60.050712,NIFTY,weekly_series,24
53,0.105712,388,29,series|5m|macd_only|target_30pct,aligned,60,-11171207396.848,aligned,-1,0.075581,372.25,54.8683,2025-07-11T15:15:00+05:30,483.925,target_30pct_hit,target_30pct,2025-07-14 13:10:00+05:30,2025-07-24,False,weekly,-7828707.06828,aligned,51,255,606.5,62.9281,PE,24,30.0,macd_only,NIFTY|weekly|2025-07-24,25483.0,25149.6,25500.0,NIFTY 25500 PE 24 JUL 25,5m,11630025.0,60.050712,NIFTY,weekly_series,24
52,0.105375,254,28,series|5m|macd_only|target_30pct,anti,60,21744626044.4409,anti,-1,0.425234,334.25,58.8496,2025-07-15T13:45:00+05:30,434.525,target_30pct_hit,target_30pct,2025-07-18 09:45:00+05:30,2025-07-24,False,weekly,49723272.101002,anti,180,900,606.5,81.451,PE,24,30.0,macd_only,NIFTY|weekly|2025-07-24,25483.0,25188.9,25500.0,NIFTY 25500 PE 24 JUL 25,5m,21436050.0,60.050712,NIFTY,weekly_series,24
51,0.127942,3,28,series|5m|macd_only|target_30pct,mixed,60,-84343744026.8271,aligned,-1,2.124831,551.0,69.1577,2025-07-21T09:20:00+05:30,438.8,hold_to_end_target_30pct_not_hit,target_30pct,2025-07-24 15:30:00+05:30,2025-07-24,False,weekly,143532472.108331,anti,302,1510,606.5,10.0726,PE,23,-20.363,macd_only,NIFTY|weekly|2025-07-24,25483.0,24939.25,25500.0,NIFTY 25500 PE 24 JUL 25,5m,125200650.0,60.050712,NIFTY,weekly_series,24
52,0.111058,1,26,series|5m|macd_only|target_30pct,aligned,60,588587977.9522,aligned,1,1.07157,272.7,59.7979,2025-07-28T10:25:00+05:30,0.05,hold_to_end_target_30pct_not_hit,target_30pct,2025-08-05 15:30:00+05:30,2025-08-05,False,weekly,341960.440137,aligned,516,2580,274.4,0.6234,CE,26,-99.9817,macd_only,SENSEX|weekly|2025-08-05,82449.31,81526.69,82400.0,SENSEX 82400 CE 05 AUG 25,5m,592300.0,60.995919,SENSEX,weekly_series,25
46,0.091237,520,22,series|5m|macd_only|target_30pct,anti,60,471648099.6571,anti,-1,1.235375,416.4,66.1249,2025-07-24T09:55:00+05:30,541.32,target_30pct_hit,target_30pct,2025-07-24 12:00:00+05:30,2025-08-05,False,weekly,258895.479427,anti,25,125,1851.9,344.7406,PE,24,30.0,macd_only,SENSEX|weekly|2025-08-05,82449.31,82497.03,82400.0,SENSEX 82400 PE 05 AUG 25,5m,191020.0,60.995919,SENSEX,weekly_series,25
51,0.091901,459,25,series|5m|macd_only|target_30pct,anti,60,699240649.7937,anti,-1,0.021076,554.15,52.0289,2025-07-24T15:00:00+05:30,720.395,target_30pct_hit,target_30pct,2025-07-25 09:15:00+05:30,2025-08-05,False,weekly,531152.833115,anti,7,35,1851.9,234.1875,PE,26,30.0,macd_only,SENSEX|weekly|2025-08-05,82449.31,82187.45,82400.0,SENSEX 82400 PE 05 AUG 25,5m,265840.0,60.995919,SENSEX,weekly_series,25
53,0.110584,356,25,series|5m|macd_only|target_30pct,aligned,60,-2665405197.3098,aligned,-1,1.311041,1098.1,55.7874,2025-07-28T10:55:00+05:30,1427.53,target_30pct_hit,target_30pct,2025-07-28 14:45:00+05:30,2025-08-05,False,weekly,-942554.34609,aligned,46,230,1851.9,68.6458,PE,28,30.0,macd_only,SENSEX|weekly|2025-08-05,82449.31,81331.81,82400.0,SENSEX 82400 PE 05 AUG 25,5m,598280.0,60.995919,SENSEX,weekly_series,25
56,0.112606,149,29,series|5m|macd_only|target_30pct,aligned,60,-57417591986.1079,aligned,-1,38.652821,1432.8,88.107,2025-07-31T09:15:00+05:30,1684.0,hold_to_end_target_30pct_not_hit,target_30pct,2025-08-05 15:30:00+05:30,2025-08-05,False,weekly,-20891323.502453,aligned,298,1490,1851.9,29.2504,PE,27,17.5321,macd_only,SENSEX|weekly|2025-08-05,82449.31,80955.22,82400.0,SENSEX 82400 PE 05 AUG 25,5m,4563240.0,60.995919,SENSEX,weekly_series,25
54,0.117275,2,29,series|5m|macd_only|target_30pct,aligned,60,14438320344.6179,aligned,1,0.426556,86.5,63.0713,2025-07-28T10:15:00+05:30,0.05,hold_to_end_target_30pct_not_hit,target_30pct,2025-08-07 15:30:00+05:30,2025-08-07,False,weekly,28515103.123916,aligned,671,3355,90.3,4.3931,CE,25,-99.9422,macd_only,NIFTY|weekly|2025-08-07,25219.5,24871.45,25200.0,NIFTY 25200 CE 07 AUG 25,5m,17196600.0,62.273757,NIFTY,weekly_series,26
51,0.096822,739,28,series|5m|macd_only|target_30pct,anti,60,6209958240.2918,anti,-1,0.362383,223.55,54.6929,2025-07-24T15:20:00+05:30,290.615,target_30pct_hit,target_30pct,2025-07-25 09:15:00+05:30,2025-08-07,False,weekly,14092536.425287,anti,3,15,858.6,284.0752,PE,23,30.0,macd_only,NIFTY|weekly|2025-08-07,25219.5,25058.5,25200.0,NIFTY 25200 PE 07 AUG 25,5m,9672375.0,62.273757,NIFTY,weekly_series,26
53,0.116085,638,29,series|5m|macd_only|target_30pct,mixed,60,-5971158.459,aligned,-1,0.4767,400.0,54.4863,2025-07-28T11:05:00+05:30,520.0,target_30pct_hit,target_30pct,2025-07-28 13:35:00+05:30,2025-08-07,False,weekly,22343029.9848,anti,30,150,858.6,114.65,PE,24,30.0,macd_only,NIFTY|weekly|2025-08-07,25219.5,24808.0,25200.0,NIFTY 25200 PE 07 AUG 25,5m,17238450.0,62.273757,NIFTY,weekly_series,26
50,0.121835,572,27,series|5m|macd_only|target_30pct,mixed,60,-4662691981.5938,aligned,-1,0.100795,521.3,56.8193,2025-07-29T10:15:00+05:30,677.69,target_30pct_hit,target_30pct,2025-08-07 09:15:00+05:30,2025-08-07,False,weekly,19002524.58045,anti,520,2600,858.6,64.7036,PE,23,30.0,macd_only,NIFTY|weekly|2025-08-07,25219.5,24663.0,25200.0,NIFTY 25200 PE 07 AUG 25,5m,22432500.0,62.273757,NIFTY,weekly_series,26
32,0.110532,145,16,series|5m|macd_only|target_30pct,aligned,60,93000817.9126,aligned,1,0.485847,950.0,92.0473,2025-07-29T13:15:00+05:30,1235.0,target_30pct_hit,target_30pct,2025-07-30 11:35:00+05:30,2025-08-12,False,weekly,20652.546035,aligned,52,260,1245.0,31.0526,CE,16,30.0,macd_only,SENSEX|weekly|2025-08-12,80725.74,81022.15,80800.0,SENSEX 80800 CE 12 AUG 25,5m,22800.0,62.993681,SENSEX,weekly_series,27
56,0.109739,18,28,series|5m|macd_only|target_30pct,aligned,60,900331867.7906,aligned,1,0.793499,984.1,61.3975,2025-07-31T11:30:00+05:30,0.05,hold_to_end_target_30pct_not_hit,target_30pct,2025-08-12 15:30:00+05:30,2025-08-12,False,weekly,470232.758446,aligned,652,3260,1245.0,26.5115,CE,28,-99.9949,macd_only,SENSEX|weekly|2025-08-12,80725.74,81245.79,80800.0,SENSEX 80800 CE 12 AUG 25,5m,165480.0,62.993681,SENSEX,weekly_series,27
46,0.110459,429,23,series|5m|macd_only|target_30pct,aligned,60,-529090825.6077,aligned,-1,16.809014,540.0,92.3501,2025-07-31T09:25:00+05:30,702.0,target_30pct_hit,target_30pct,2025-08-01 15:10:00+05:30,2025-08-12,False,weekly,-103232.786087,aligned,144,720,1027.0,90.1852,PE,23,30.0,macd_only,SENSEX|weekly|2025-08-12,80725.74,80937.69,80800.0,SENSEX 80800 PE 12 AUG 25,5m,108880.0,62.993681,SENSEX,weekly_series,27
54,0.12312,274,25,series|5m|macd_only|target_30pct,aligned,60,-4663176801.6149,aligned,-1,1.617999,623.8,55.6556,2025-08-04T09:45:00+05:30,810.94,target_30pct_hit,target_30pct,2025-08-07 10:35:00+05:30,2025-08-12,False,weekly,-578099.889533,aligned,238,1190,1027.0,64.6361,PE,29,30.0,macd_only,SENSEX|weekly|2025-08-12,80725.74,80605.79,80800.0,SENSEX 80800 PE 12 AUG 25,5m,622380.0,62.993681,SENSEX,weekly_series,27
54,0.099636,65,28,series|5m|macd_only|target_30pct,anti,60,2688922682.6686,anti,-1,5.094193,689.95,58.2677,2025-08-08T10:10:00+05:30,896.935,target_30pct_hit,target_30pct,2025-08-08 15:15:00+05:30,2025-08-12,False,weekly,54248598.774084,anti,61,305,975.05,41.3218,PE,26,30.0,macd_only,SENSEX|weekly|2025-08-12,80725.74,80167.1,80800.0,SENSEX 80800 PE 12 AUG 25,5m,21339640.0,62.993681,SENSEX,weekly_series,27
55,0.273597,47,27,series|5m|macd_only|target_30pct,aligned,60,-207480670772.9564,aligned,-1,4.535716,378.85,63.7505,2025-08-12T11:10:00+05:30,492.505,target_30pct_hit,target_30pct,2025-08-12 14:45:00+05:30,2025-08-12,False,weekly,-156605116.377809,aligned,43,215,637.2,68.1932,PE,28,30.0,macd_only,SENSEX|weekly|2025-08-12,80725.74,80466.65,80800.0,SENSEX 80800 PE 12 AUG 25,5m,63427750.0,62.993681,SENSEX,weekly_series,27
57,0.127556,38,28,series|5m|macd_only|target_30pct,mixed,60,-697762106.1547,anti,1,0.413808,193.05,53.798,2025-08-04T10:40:00+05:30,0.05,hold_to_end_target_30pct_not_hit,target_30pct,2025-08-14 15:30:00+05:30,2025-08-14,False,weekly,13164311.28621,aligned,666,3330,235.0,21.7301,CE,29,-99.9741,macd_only,NIFTY|weekly|2025-08-14,24699.1,24645.65,24700.0,NIFTY 24700 CE 14 AUG 25,5m,14688975.0,64.831331,NIFTY,weekly_series,28
53,0.110655,362,30,series|5m|macd_only|target_30pct,anti,60,1179547168.0121,anti,-1,1.481988,153.0,65.7848,2025-07-31T15:05:00+05:30,198.9,target_30pct_hit,target_30pct,2025-08-01 09:15:00+05:30,2025-08-14,False,weekly,3751078.11375,anti,6,30,369.65,141.6013,PE,23,30.0,macd_only,NIFTY|weekly|2025-08-14,24699.1,24777.5,24700.0,NIFTY 24700 PE 14 AUG 25,5m,6548850.0,64.831331,NIFTY,weekly_series,28
53,0.121743,199,27,series|5m|macd_only|target_30pct,mixed,60,-6327218663.7407,aligned,-1,2.351986,208.3,73.7101,2025-08-05T09:40:00+05:30,270.79,target_30pct_hit,target_30pct,2025-08-07 09:15:00+05:30,2025-08-14,False,weekly,13232577.00375,anti,147,735,369.65,77.4604,PE,26,30.0,macd_only,NIFTY|weekly|2025-08-14,24699.1,24631.35,24700.0,NIFTY 24700 PE 14 AUG 25,5m,18479400.0,64.831331,NIFTY,weekly_series,28
51,0.11156,61,29,series|5m|macd_only|target_30pct,anti,60,74463725069.6855,anti,-1,2.420206,268.15,59.6139,2025-08-08T10:10:00+05:30,348.595,target_30pct_hit,target_30pct,2025-08-08 15:15:00+05:30,2025-08-14,False,weekly,419560371.580834,anti,61,305,359.8,34.1786,PE,22,30.0,macd_only,NIFTY|weekly|2025-08-14,24699.1,24457.15,24700.0,NIFTY 24700 PE 14 AUG 25,5m,139825500.0,64.831331,NIFTY,weekly_series,28
51,0.139479,48,30,series|5m|macd_only|target_30pct,mixed,60,-24284780493.4864,aligned,-1,0.131239,173.75,61.2987,2025-08-12T11:05:00+05:30,68.7,hold_to_end_target_30pct_not_hit,target_30pct,2025-08-14 15:30:00+05:30,2025-08-14,False,weekly,10836044.420059,anti,205,1025,222.0,27.7698,PE,21,-60.4604,macd_only,NIFTY|weekly|2025-08-14,24699.1,24557.15,24700.0,NIFTY 24700 PE 14 AUG 25,5m,209263875.0,64.831331,NIFTY,weekly_series,28
43,0.100673,498,29,series|5m|macd_only|target_30pct,aligned,60,1803523358.8447,aligned,1,0.679698,967.3,60.8472,2025-08-06T12:35:00+05:30,1257.49,target_30pct_hit,target_30pct,2025-08-18 09:15:00+05:30,2025-08-19,False,weekly,1008523.479414,aligned,491,2455,1619.6,67.4351,CE,14,30.0,macd_only,SENSEX|weekly|2025-08-19,80923.2,80696.21,80200.0,SENSEX 80200 CE 19 AUG 25,5m,110480.0,64.732941,SENSEX,weekly_series,29
47,0.166245,67,38,series|5m|macd_only|target_30pct,aligned,60,482038486035.2833,aligned,1,0.738513,1410.25,60.6255,2025-08-18T13:20:00+05:30,1447.35,hold_to_end_target_30pct_not_hit,target_30pct,2025-08-19 15:30:00+05:30,2025-08-19,False,weekly,603701807.898624,aligned,101,505,1564.55,10.9413,CE,9,2.6307,macd_only,SENSEX|weekly|2025-08-19,80923.2,81509.28,80200.0,SENSEX 80200 CE 19 AUG 25,5m,29033600.0,64.732941,SENSEX,weekly_series,29
40,0.102885,109,26,series|5m|macd_only|target_30pct,anti,60,1030969339.0749,anti,-1,1.082978,427.8,61.5192,2025-08-06T10:50:00+05:30,556.14,target_30pct_hit,target_30pct,2025-08-07 10:35:00+05:30,2025-08-19,False,weekly,600638.895492,anti,73,365,702.65,64.2473,PE,14,30.0,macd_only,SENSEX|weekly|2025-08-19,80923.2,80490.86,80200.0,SENSEX 80200 PE 19 AUG 25,5m,76360.0,64.732941,SENSEX,weekly_series,29
44,0.100029,61,27,series|5m|macd_only|target_30pct,anti,60,3072997427.4138,anti,-1,1.997993,497.8,60.2668,2025-08-08T10:10:00+05:30,647.14,target_30pct_hit,target_30pct,2025-08-08 15:15:00+05:30,2025-08-19,False,weekly,1978315.59354,anti,61,305,666.1,33.8088,PE,17,30.0,macd_only,SENSEX|weekly|2025-08-19,80923.2,80167.1,80200.0,SENSEX 80200 PE 19 AUG 25,5m,316320.0,64.732941,SENSEX,weekly_series,29
51,0.104653,47,32,series|5m|macd_only|target_30pct,anti,60,22022730152.3721,anti,-1,1.801957,305.0,63.6788,2025-08-12T11:10:00+05:30,0.05,hold_to_end_target_30pct_not_hit,target_30pct,2025-08-19 15:30:00+05:30,2025-08-19,False,weekly,15832693.692651,anti,356,1780,361.5,18.5246,PE,19,-99.9836,macd_only,SENSEX|weekly|2025-08-19,80923.2,80466.65,80200.0,SENSEX 80200 PE 19 AUG 25,5m,1639940.0,64.732941,SENSEX,weekly_series,29
45,0.103602,683,24,series|5m|macd_only|target_30pct,aligned,60,5796889436.6284,aligned,1,0.759432,199.0,61.2062,2025-08-07T14:25:00+05:30,258.7,target_30pct_hit,target_30pct,2025-08-07 15:05:00+05:30,2025-08-21,False,weekly,13800633.292125,aligned,8,40,649.25,226.2563,CE,21,30.0,macd_only,NIFTY|weekly|2025-08-21,24501.7,24455.0,24500.0,NIFTY 24500 CE 21 AUG 25,5m,4992375.0,65.71344,NIFTY,weekly_series,30
53,0.114642,578,27,series|5m|macd_only|target_30pct,aligned,60,11764799835.307,aligned,1,0.674281,174.2,57.994,2025-08-11T10:30:00+05:30,226.46,target_30pct_hit,target_30pct,2025-08-11 14:35:00+05:30,2025-08-21,False,weekly,23571818.766465,aligned,49,245,649.25,272.7038,CE,26,30.0,macd_only,NIFTY|weekly|2025-08-21,24501.7,24438.2,24500.0,NIFTY 24500 CE 21 AUG 25,5m,12745950.0,65.71344,NIFTY,weekly_series,30
54,0.108892,478,30,series|5m|macd_only|target_30pct,aligned,60,28712494252.6117,aligned,1,0.45619,253.0,59.1785,2025-08-12T12:30:00+05:30,328.9,target_30pct_hit,target_30pct,2025-08-18 09:15:00+05:30,2025-08-21,False,weekly,41526299.441813,aligned,189,945,649.25,156.6206,CE,24,30.0,macd_only,NIFTY|weekly|2025-08-21,24501.7,24613.75,24500.0,NIFTY 24500 CE 21 AUG 25,5m,20449575.0,65.71344,NIFTY,weekly_series,30
53,0.134395,240,30,series|5m|macd_only|target_30pct,aligned,60,317830270810.244,aligned,1,1.063081,489.0,60.5694,2025-08-18T13:20:00+05:30,635.7,target_30pct_hit,target_30pct,2025-08-21 10:05:00+05:30,2025-08-21,False,weekly,550109344.685737,aligned,189,945,649.25,32.771,CE,23,30.0,macd_only,NIFTY|weekly|2025-08-21,24501.7,24955.55,24500.0,NIFTY 24500 CE 21 AUG 25,5m,177042825.0,65.71344,NIFTY,weekly_series,30
43,0.257862,19,16,series|5m|macd_only|target_30pct,aligned,60,237407524082.2653,aligned,1,0.003712,620.0,53.7704,2025-08-21T12:45:00+05:30,584.1,hold_to_end_target_30pct_not_hit,target_30pct,2025-08-21 15:30:00+05:30,2025-08-21,False,weekly,2407654325.504305,aligned,33,165,649.25,4.7177,CE,27,-5.7903,macd_only,NIFTY|weekly|2025-08-21,24501.7,25124.25,24500.0,NIFTY 24500 CE 21 AUG 25,5m,431569875.0,65.71344,NIFTY,weekly_series,30
49,0.105279,61,25,series|5m|macd_only|target_30pct,anti,60,2516487823.3953,anti,-1,0.729472,187.4,58.539,2025-08-08T10:10:00+05:30,243.62,target_30pct_hit,target_30pct,2025-08-08 15:15:00+05:30,2025-08-21,False,weekly,12105095.129651,anti,61,305,251.0,33.9381,PE,24,30.0,macd_only,NIFTY|weekly|2025-08-21,24501.7,24457.15,24500.0,NIFTY 24500 PE 21 AUG 25,5m,8037450.0,65.71344,NIFTY,weekly_series,30
54,0.111728,47,30,series|5m|macd_only|target_30pct,anti,60,11785528173.2377,anti,-1,1.559017,130.75,65.0486,2025-08-12T11:10:00+05:30,0.05,hold_to_end_target_30pct_not_hit,target_30pct,2025-08-21 15:30:00+05:30,2025-08-21,False,weekly,21479153.791095,anti,508,2540,145.85,11.5488,PE,24,-99.9618,macd_only,NIFTY|weekly|2025-08-21,24501.7,24542.7,24500.0,NIFTY 24500 PE 21 AUG 25,5m,19062075.0,65.71344,NIFTY,weekly_series,30
53,0.098821,18,29,series|5m|macd_only|target_30pct,aligned,60,1359719895.0176,aligned,1,0.43886,751.0,54.6969,2025-08-21T12:50:00+05:30,0.05,hold_to_end_target_30pct_not_hit,target_30pct,2025-09-04 15:30:00+05:30,2025-09-04,False,weekly,133527.935511,aligned,716,3580,781.4,4.0479,CE,24,-99.9933,macd_only,SENSEX|weekly|2025-09-04,82051.04,82155.87,82100.0,SENSEX 82100 CE 04 SEP 25,5m,256020.0,67.009479,SENSEX,weekly_series,31
52,0.098721,377,27,series|5m|macd_only|target_30pct,anti,60,907014103.4232,anti,-1,0.232746,565.75,61.7211,2025-08-21T13:40:00+05:30,735.475,target_30pct_hit,target_30pct,2025-08-22 09:35:00+05:30,2025-09-04,False,weekly,38658.916048,anti,27,135,2131.45,276.7477,PE,25,30.0,macd_only,SENSEX|weekly|2025-09-04,82051.04,82043.54,82100.0,SENSEX 82100 PE 04 SEP 25,5m,280940.0,67.009479,SENSEX,weekly_series,31
53,0.097674,293,27,series|5m|macd_only|target_30pct,anti,60,161807072.5691,anti,-1,3.409384,858.45,69.0215,2025-08-22T14:20:00+05:30,1115.985,target_30pct_hit,target_30pct,2025-08-26 09:40:00+05:30,2025-09-04,False,weekly,69057.542398,anti,95,475,2131.45,148.2905,PE,26,30.0,macd_only,SENSEX|weekly|2025-09-04,82051.04,81431.94,82100.0,SENSEX 82100 PE 04 SEP 25,5m,446460.0,67.009479,SENSEX,weekly_series,31
50,0.100943,142,23,series|5m|macd_only|target_30pct,aligned,60,-6142030903.7875,aligned,-1,3.975009,1130.0,68.5769,2025-08-26T14:20:00+05:30,1469.0,target_30pct_hit,target_30pct,2025-08-28 09:20:00+05:30,2025-09-04,False,weekly,-1726983.692184,aligned,15,75,2131.45,88.6239,PE,27,30.0,macd_only,SENSEX|weekly|2025-09-04,82051.04,80972.3,82100.0,SENSEX 82100 PE 04 SEP 25,5m,2004780.0,67.009479,SENSEX,weekly_series,31
58,0.109557,89,28,series|5m|macd_only|target_30pct,aligned,60,-33299517548.2005,aligned,-1,3.543472,1735.0,70.4842,2025-08-28T12:30:00+05:30,1384.95,hold_to_end_target_30pct_not_hit,target_30pct,2025-09-04 15:30:00+05:30,2025-09-04,False,weekly,-6678000.396748,aligned,345,1725,2131.45,22.8501,PE,30,-20.1758,macd_only,SENSEX|weekly|2025-09-04,82051.04,80343.4,82100.0,SENSEX 82100 PE 04 SEP 25,5m,6367860.0,67.009479,SENSEX,weekly_series,31
51,0.107364,601,23,series|5m|macd_only|target_30pct,aligned,60,556620381.7585,aligned,1,0.397417,636.75,51.1286,2025-08-29T11:10:00+05:30,827.775,target_30pct_hit,target_30pct,2025-09-04 09:15:00+05:30,2025-09-11,False,weekly,193966.214658,aligned,281,1405,1189.25,86.7687,CE,28,30.0,macd_only,SENSEX|weekly|2025-09-11,80416.2,80214.97,80500.0,SENSEX 80500 CE 11 SEP 25,5m,161240.0,67.156048,SENSEX,weekly_series,32
56,0.096461,274,30,series|5m|macd_only|target_30pct,aligned,60,15601474009.8151,aligned,1,2.867497,830.0,55.4675,2025-09-04T13:05:00+05:30,1079.0,target_30pct_hit,target_30pct,2025-09-10 09:45:00+05:30,2025-09-11,False,weekly,6632942.442419,aligned,264,1320,1189.25,43.2831,CE,26,30.0,macd_only,SENSEX|weekly|2025-09-11,80416.2,81027.13,80500.0,SENSEX 80500 CE 11 SEP 25,5m,2626800.0,67.156048,SENSEX,weekly_series,32
48,0.121155,58,30,series|5m|macd_only|target_30pct,mixed,60,68079438656.2366,aligned,1,3.154544,1023.9,59.0917,2025-09-10T15:25:00+05:30,1048.4,hold_to_end_target_30pct_not_hit,target_30pct,2025-09-11 15:30:00+05:30,2025-09-11,False,weekly,-126786240.678945,anti,77,385,1107.75,8.1893,CE,18,2.3928,macd_only,SENSEX|weekly|2025-09-11,80416.2,81438.79,80500.0,SENSEX 80500 CE 11 SEP 25,5m,43960160.0,67.156048,SENSEX,weekly_series,32
33,0.110216,107,11,series|5m|macd_only|target_30pct,aligned,60,-459364291.4615,aligned,-1,2.618914,657.15,59.3861,2025-08-28T12:40:00+05:30,854.295,target_30pct_hit,target_30pct,2025-08-29 15:10:00+05:30,2025-09-11,False,weekly,-120800.456692,aligned,106,530,884.15,34.5431,PE,22,30.0,macd_only,SENSEX|weekly|2025-09-11,80416.2,80333.34,80500.0,SENSEX 80500 PE 11 SEP 25,5m,99400.0,67.156048,SENSEX,weekly_series,32
50,0.1023,13,27,series|5m|macd_only|target_30pct,anti,60,2514341738.724,anti,-1,0.376044,379.75,69.5492,2025-09-02T13:25:00+05:30,493.675,target_30pct_hit,target_30pct,2025-09-02 13:55:00+05:30,2025-09-11,False,weekly,553222.61968,anti,6,30,667.1,75.6682,PE,23,30.0,macd_only,SENSEX|weekly|2025-09-11,80416.2,80550.76,80500.0,SENSEX 80500 PE 11 SEP 25,5m,598960.0,67.156048,SENSEX,weekly_series,32
54,0.100003,52,29,series|5m|macd_only|target_30pct,anti,60,6387878316.4183,anti,-1,0.539852,269.25,61.0941,2025-09-04T12:25:00+05:30,350.025,target_30pct_hit,target_30pct,2025-09-05 10:15:00+05:30,2025-09-11,False,weekly,3047250.385913,anti,50,250,487.85,81.1885,PE,25,30.0,macd_only,SENSEX|weekly|2025-09-11,80416.2,80795.79,80500.0,SENSEX 80500 PE 11 SEP 25,5m,2456740.0,67.156048,SENSEX,weekly_series,32
52,0.10849,3,29,series|5m|macd_only|target_30pct,aligned,60,-3331364913.4972,aligned,-1,1.214656,137.95,68.3064,2025-09-08T15:00:00+05:30,0.05,hold_to_end_target_30pct_not_hit,target_30pct,2025-09-11 15:30:00+05:30,2025-09-11,False,weekly,-15449382.041822,aligned,234,1170,175.0,26.8576,PE,23,-99.9638,macd_only,SENSEX|weekly|2025-09-11,80416.2,80883.48,80500.0,SENSEX 80500 PE 11 SEP 25,5m,14144460.0,67.156048,SENSEX,weekly_series,32
28,0.098466,723,16,series|5m|macd_only|target_30pct,aligned,60,345820963.0187,aligned,1,0.533303,688.5,53.6651,2025-09-04T13:30:00+05:30,895.05,target_30pct_hit,target_30pct,2025-09-10 10:35:00+05:30,2025-09-18,False,weekly,100498.071914,aligned,267,1335,2004.7,191.1692,CE,12,30.0,macd_only,SENSEX|weekly|2025-09-18,81092.25,80985.44,81100.0,SENSEX 81100 CE 18 SEP 25,5m,40080.0,68.992012,SENSEX,weekly_series,33
53,0.09495,398,30,series|5m|macd_only|target_30pct,mixed,60,1833048026.3561,aligned,1,0.107408,764.7,57.6706,2025-09-10T15:25:00+05:30,994.11,target_30pct_hit,target_30pct,2025-09-12 11:20:00+05:30,2025-09-18,False,weekly,-4403927.984987,anti,103,515,2004.7,162.1551,CE,23,30.0,macd_only,SENSEX|weekly|2025-09-18,81092.25,81438.79,81100.0,SENSEX 81100 CE 18 SEP 25,5m,1532160.0,68.992012,SENSEX,weekly_series,33
52,0.084768,248,30,series|5m|macd_only|target_30pct,anti,60,-4281972372.6735,anti,1,0.434324,1007.05,53.8679,2025-09-12T15:15:00+05:30,1309.165,target_30pct_hit,target_30pct,2025-09-16 15:05:00+05:30,2025-09-18,False,weekly,-36553017.282859,anti,149,745,2004.7,99.0666,CE,22,30.0,macd_only,SENSEX|weekly|2025-09-18,81092.25,81919.92,81100.0,SENSEX 81100 CE 18 SEP 25,5m,10215210.0,68.992012,SENSEX,weekly_series,33
50,0.133306,22,31,series|5m|macd_only|target_30pct,mixed,60,122122959528.4554,aligned,1,0.409045,1672.75,68.6947,2025-09-17T15:15:00+05:30,1920.7,hold_to_end_target_30pct_not_hit,target_30pct,2025-09-18 15:30:00+05:30,2025-09-18,False,weekly,-6175307.402905,anti,78,390,2004.7,19.8446,CE,19,14.8229,macd_only,SENSEX|weekly|2025-09-18,81092.25,82705.56,81100.0,SENSEX 81100 CE 18 SEP 25,5m,38027930.0,68.992012,SENSEX,weekly_series,33
29,0.100189,61,17,series|5m|macd_only|target_30pct,anti,60,252682649.6071,anti,-1,3.446016,631.6,70.3147,2025-09-04T13:50:00+05:30,821.08,target_30pct_hit,target_30pct,2025-09-05 10:15:00+05:30,2025-09-18,False,weekly,65950.32768,anti,33,165,914.5,44.791,PE,12,30.0,macd_only,SENSEX|weekly|2025-09-18,81092.25,80821.48,81100.0,SENSEX 81100 PE 18 SEP 25,5m,40280.0,68.992012,SENSEX,weekly_series,33
50,0.097896,3,25,series|5m|macd_only|target_30pct,aligned,60,-1539254471.8949,aligned,-1,0.760468,522.7,65.0537,2025-09-08T15:00:00+05:30,0.05,hold_to_end_target_30pct_not_hit,target_30pct,2025-09-18 15:30:00+05:30,2025-09-18,False,weekly,-1656574.55388,aligned,614,3070,581.05,11.1632,PE,25,-99.9904,macd_only,SENSEX|weekly|2025-09-18,81092.25,80883.48,81100.0,SENSEX 81100 PE 18 SEP 25,5m,496020.0,68.992012,SENSEX,weekly_series,33
39,0.094303,12,22,series|5m|macd_only|target_30pct,aligned,60,942056050.019,aligned,1,1.473716,813.9,67.4786,2025-09-17T15:05:00+05:30,0.05,hold_to_end_target_30pct_not_hit,target_30pct,2025-10-01 15:30:00+05:30,2025-10-01,False,weekly,212686.285757,aligned,764,3820,990.0,21.6366,CE,17,-99.9939,macd_only,SENSEX|weekly|2025-10-01,82582.41,82703.89,82600.0,SENSEX 82600 CE 01 OCT 25,5m,84720.0,70.356248,SENSEX,weekly_series,34
38,0.093464,711,21,series|5m|macd_only|target_30pct,anti,60,841124155.5013,anti,-1,0.00299,443.4,51.4224,2025-09-17T12:35:00+05:30,576.42,target_30pct_hit,target_30pct,2025-09-22 14:45:00+05:30,2025-10-01,False,weekly,201158.158958,anti,254,1270,2231.9,403.3604,PE,17,30.0,macd_only,SENSEX|weekly|2025-10-01,82582.41,82733.47,82600.0,SENSEX 82600 PE 01 OCT 25,5m,72700.0,70.356248,SENSEX,weekly_series,34
45,0.096795,371,24,series|5m|macd_only|target_30pct,mixed,60,518936031.3405,anti,-1,11.498089,710.0,74.8322,2025-09-24T09:15:00+05:30,923.0,target_30pct_hit,target_30pct,2025-09-25 10:35:00+05:30,2025-10-01,False,weekly,-901243.175346,aligned,91,455,2231.9,214.3521,PE,21,30.0,macd_only,SENSEX|weekly|2025-10-01,82582.41,81900.82,82600.0,SENSEX 82600 PE 01 OCT 25,5m,904560.0,70.356248,SENSEX,weekly_series,34
49,0.136195,115,29,series|5m|macd_only|target_30pct,aligned,60,-24201526891.0242,aligned,-1,9.477487,2000.0,80.2675,2025-09-29T11:45:00+05:30,1623.65,hold_to_end_target_30pct_not_hit,target_30pct,2025-10-01 15:30:00+05:30,2025-10-01,False,weekly,-42335945.033338,aligned,191,955,2231.9,11.595,PE,20,-18.8175,macd_only,SENSEX|weekly|2025-10-01,82582.41,80422.1,82600.0,SENSEX 82600 PE 01 OCT 25,5m,13043740.0,70.356248,SENSEX,weekly_series,34
54,0.111052,428,27,series|5m|macd_only|target_30pct,aligned,60,2523783940.4458,aligned,1,2.63967,353.95,63.9867,2025-09-29T09:45:00+05:30,460.135,target_30pct_hit,target_30pct,2025-10-06 13:05:00+05:30,2025-10-09,False,weekly,1209386.0324,aligned,344,1720,878.0,148.0576,CE,27,30.0,macd_only,SENSEX|weekly|2025-10-09,81517.12,80733.38,81500.0,SENSEX 81500 CE 09 OCT 25,5m,365600.0,69.981352,SENSEX,weekly_series,35
58,0.110927,19,31,series|5m|macd_only|target_30pct,aligned,60,202971500097.6372,aligned,1,1.157668,747.45,59.2382,2025-10-07T12:10:00+05:30,672.0,hold_to_end_target_30pct_not_hit,target_30pct,2025-10-09 15:30:00+05:30,2025-10-09,False,weekly,157117131.80191,aligned,192,960,878.0,17.4661,CE,27,-10.0943,macd_only,SENSEX|weekly|2025-10-09,81517.12,82150.57,81500.0,SENSEX 81500 CE 09 OCT 25,5m,22004700.0,69.981352,SENSEX,weekly_series,35
27,0.094713,188,16,series|5m|macd_only|target_30pct,anti,60,1036391883.3351,anti,-1,0.343669,455.05,53.2589,2025-09-25T14:05:00+05:30,591.565,target_30pct_hit,target_30pct,2025-09-26 09:15:00+05:30,2025-10-09,False,weekly,597732.244226,anti,18,90,1230.35,170.3769,PE,11,30.0,macd_only,SENSEX|weekly|2025-10-09,81517.12,81467.32,81500.0,SENSEX 81500 PE 09 OCT 25,5m,109200.0,69.981352,SENSEX,weekly_series,35
49,0.110548,65,25,series|5m|macd_only|target_30pct,anti,60,711460386.4429,anti,-1,0.572795,1002.25,67.571,2025-09-29T11:40:00+05:30,0.15,hold_to_end_target_30pct_not_hit,target_30pct,2025-10-09 15:30:00+05:30,2025-10-09,False,weekly,207388.542742,anti,578,2890,1230.35,22.7588,PE,24,-99.985,macd_only,SENSEX|weekly|2025-10-09,81517.12,80428.67,81500.0,SENSEX 81500 PE 09 OCT 25,5m,400500.0,69.981352,SENSEX,weekly_series,35
48,0.087235,686,26,series|5m|macd_only|target_30pct,aligned,60,2232847753.019,aligned,1,4.602268,806.5,67.2438,2025-10-03T14:40:00+05:30,1048.45,target_30pct_hit,target_30pct,2025-10-06 11:15:00+05:30,2025-10-16,False,weekly,1446744.918408,aligned,35,175,2565.15,218.0595,CE,22,30.0,macd_only,SENSEX|weekly|2025-10-16,80874.82,81141.96,80900.0,SENSEX 80900 CE 16 OCT 25,5m,315540.0,69.678906,SENSEX,weekly_series,36
53,0.088576,502,28,series|5m|macd_only|target_30pct,aligned,60,2183456672.2305,aligned,1,0.320666,1474.15,52.5281,2025-10-08T11:10:00+05:30,1916.395,target_30pct_hit,target_30pct,2025-10-16 09:15:00+05:30,2025-10-16,False,weekly,1500388.107768,aligned,428,2140,2565.15,74.0088,CE,25,30.0,macd_only,SENSEX|weekly|2025-10-16,80874.82,81791.05,80900.0,SENSEX 80900 CE 16 OCT 25,5m,1370540.0,69.678906,SENSEX,weekly_series,36
54,0.093208,83,29,series|5m|macd_only|target_30pct,mixed,60,3641477392.2347,anti,-1,0.233659,125.3,60.1728,2025-10-07T11:50:00+05:30,0.05,hold_to_end_target_30pct_not_hit,target_30pct,2025-10-16 15:30:00+05:30,2025-10-16,False,weekly,-625709.955308,aligned,576,2880,150.0,19.7127,PE,25,-99.9601,macd_only,SENSEX|weekly|2025-10-16,80874.82,81981.19,80900.0,SENSEX 80900 PE 16 OCT 25,5m,891160.0,69.678906,SENSEX,weekly_series,36
29,0.0838,567,18,series|5m|macd_only|target_30pct,aligned,60,1825107045.0673,aligned,1,1.152581,890.0,64.5239,2025-10-09T15:10:00+05:30,1157.0,target_30pct_hit,target_30pct,2025-10-10 09:50:00+05:30,2025-10-23,False,weekly,730143.859402,aligned,12,60,3492.7,292.4382,CE,11,30.0,macd_only,SENSEX|weekly|2025-10-23,81787.82,82164.56,81800.0,SENSEX 81800 CE 23 OCT 25,5m,157020.0,69.719981,SENSEX,weekly_series,37
51,0.09794,425,26,series|5m|macd_only|target_30pct,mixed,60,1175086514.7378,aligned,1,2.726938,955.0,68.4581,2025-10-13T14:25:00+05:30,1241.5,target_30pct_hit,target_30pct,2025-10-15 13:40:00+05:30,2025-10-23,False,weekly,-116002.80744,anti,142,710,3492.7,265.7277,CE,25,30.0,macd_only,SENSEX|weekly|2025-10-23,81787.82,82318.2,81800.0,SENSEX 81800 CE 23 OCT 25,5m,450020.0,69.719981,SENSEX,weekly_series,37
51,0.092658,261,30,series|5m|macd_only|target_30pct,mixed,60,5876573150.9067,aligned,1,1.716631,1177.5,57.5542,2025-10-15T15:30:00+05:30,1530.75,target_30pct_hit,target_30pct,2025-10-16 12:30:00+05:30,2025-10-23,False,weekly,-4652591.777985,anti,40,200,3492.7,196.62,CE,21,30.0,macd_only,SENSEX|weekly|2025-10-23,81787.82,82625.05,81800.0,SENSEX 81800 CE 23 OCT 25,5m,2174700.0,69.719981,SENSEX,weekly_series,37
55,0.123762,113,30,series|5m|macd_only|target_30pct,aligned,60,105759607900.9007,aligned,1,42.762389,2850.0,96.2076,2025-10-20T09:25:00+05:30,2755.0,hold_to_end_target_30pct_not_hit,target_30pct,2025-10-23 15:30:00+05:30,2025-10-23,False,weekly,54931339.923076,aligned,147,735,3492.7,22.5509,CE,25,-3.3333,macd_only,SENSEX|weekly|2025-10-23,81787.82,84409.33,81800.0,SENSEX 81800 CE 23 OCT 25,5m,11351740.0,69.719981,SENSEX,weekly_series,37
48,0.099542,122,25,series|5m|macd_only|target_30pct,aligned,60,-1696816544.0462,aligned,-1,8.248066,305.0,85.7112,2025-10-13T09:20:00+05:30,396.5,target_30pct_hit,target_30pct,2025-10-14 12:10:00+05:30,2025-10-23,False,weekly,-1488532.96268,aligned,110,550,469.45,53.918,PE,23,30.0,macd_only,SENSEX|weekly|2025-10-23,81787.82,82206.78,81800.0,SENSEX 81800 PE 23 OCT 25,5m,348560.0,69.719981,SENSEX,weekly_series,37
55,0.1101,8,30,series|5m|macd_only|target_30pct,mixed,60,14892702623.5729,anti,-1,0.696315,56.4,64.3559,2025-10-17T12:55:00+05:30,0.05,hold_to_end_target_30pct_not_hit,target_30pct,2025-10-23 15:30:00+05:30,2025-10-23,False,weekly,-7294146.921305,aligned,196,980,70.55,25.0887,PE,25,-99.9113,macd_only,SENSEX|weekly|2025-10-23,81787.82,83857.56,81800.0,SENSEX 81800 PE 23 OCT 25,5m,12061700.0,69.719981,SENSEX,weekly_series,37
32,0.109903,7,25,series|5m|macd_only|target_30pct,mixed,60,492415022.2869,aligned,1,0.717199,1015.1,64.5702,2025-10-23T12:00:00+05:30,0.05,hold_to_end_target_30pct_not_hit,target_30pct,2025-11-06 15:30:00+05:30,2025-11-06,False,weekly,-28413.432617,anti,726,3630,1047.55,3.1967,CE,7,-99.9951,macd_only,SENSEX|weekly|2025-11-06,84959.71,85192.59,85000.0,SENSEX 85000 CE 06 NOV 25,5m,76480.0,70.344072,SENSEX,weekly_series,38
32,0.109148,704,24,series|5m|macd_only|target_30pct,mixed,60,1998936.969,anti,-1,3.746212,557.1,64.9542,2025-10-23T13:35:00+05:30,724.23,target_30pct_hit,target_30pct,2025-10-23 15:15:00+05:30,2025-11-06,False,weekly,-294787.840482,aligned,20,100,1730.9,210.6983,PE,8,30.0,macd_only,SENSEX|weekly|2025-11-06,84959.71,84950.82,85000.0,SENSEX 85000 PE 06 NOV 25,5m,80100.0,70.344072,SENSEX,weekly_series,38
50,0.104947,637,27,series|5m|macd_only|target_30pct,aligned,60,-361123616.4597,aligned,-1,0.145023,855.1,54.3637,2025-10-24T12:50:00+05:30,1111.63,target_30pct_hit,target_30pct,2025-10-24 13:45:00+05:30,2025-11-06,False,weekly,-400854.818021,aligned,11,55,1730.9,102.4208,PE,23,30.0,macd_only,SENSEX|weekly|2025-11-06,84959.71,84352.84,85000.0,SENSEX 85000 PE 06 NOV 25,5m,225880.0,70.344072,SENSEX,weekly_series,38
57,0.120893,553,30,series|5m|macd_only|target_30pct,aligned,60,-383887979.7481,aligned,-1,3.084165,662.8,62.2494,2025-10-27T13:30:00+05:30,861.64,target_30pct_hit,target_30pct,2025-10-28 10:55:00+05:30,2025-11-06,False,weekly,-1323280.761981,aligned,45,225,1730.9,161.1497,PE,27,30.0,macd_only,SENSEX|weekly|2025-11-06,84959.71,84661.36,85000.0,SENSEX 85000 PE 06 NOV 25,5m,437880.0,70.344072,SENSEX,weekly_series,38
54,0.126428,469,28,series|5m|macd_only|target_30pct,mixed,60,947014303.9408,anti,-1,2.773689,815.4,57.8884,2025-10-28T14:10:00+05:30,1060.02,target_30pct_hit,target_30pct,2025-11-03 09:15:00+05:30,2025-11-06,False,weekly,-701675.237058,aligned,245,1225,1730.9,112.2762,PE,26,30.0,macd_only,SENSEX|weekly|2025-11-06,84959.71,84405.56,85000.0,SENSEX 85000 PE 06 NOV 25,5m,753920.0,70.344072,SENSEX,weekly_series,38
54,0.124998,194,30,series|5m|macd_only|target_30pct,aligned,60,-21715450050.2349,aligned,-1,2.891372,1086.25,59.5802,2025-11-03T11:45:00+05:30,1412.125,target_30pct_hit,target_30pct,2025-11-04 14:15:00+05:30,2025-11-06,False,weekly,-17735149.816415,aligned,106,530,1730.9,59.3464,PE,24,30.0,macd_only,SENSEX|weekly|2025-11-06,84959.71,83877.86,85000.0,SENSEX 85000 PE 06 NOV 25,5m,16811740.0,70.344072,SENSEX,weekly_series,38
56,0.196016,66,28,series|5m|macd_only|target_30pct,mixed,60,-43287828206.8901,aligned,-1,0.70455,1410.0,53.0938,2025-11-06T09:45:00+05:30,1687.0,hold_to_end_target_30pct_not_hit,target_30pct,2025-11-06 15:30:00+05:30,2025-11-06,False,weekly,300187988.168414,anti,69,345,1730.9,22.7589,PE,28,19.6454,macd_only,SENSEX|weekly|2025-11-06,84959.71,83605.32,85000.0,SENSEX 85000 PE 06 NOV 25,5m,70631700.0,70.344072,SENSEX,weekly_series,38
40,0.110453,0,20,series|5m|macd_only|target_30pct,aligned,60,1090483529.6565,aligned,1,3.162051,769.35,59.9553,2025-10-31T09:40:00+05:30,0.05,hold_to_end_target_30pct_not_hit,target_30pct,2025-11-13 15:30:00+05:30,2025-11-13,False,weekly,275157.539593,aligned,676,3380,801.0,4.1139,CE,20,-99.9935,macd_only,SENSEX|weekly|2025-11-13,84782.47,84633.13,84800.0,SENSEX 84800 CE 13 NOV 25,5m,127320.0,72.020237,SENSEX,weekly_series,39
22,0.111283,346,8,series|5m|macd_only|target_30pct,aligned,60,-90395152.3015,aligned,-1,0.659976,731.4,73.4195,2025-10-30T12:20:00+05:30,950.82,target_30pct_hit,target_30pct,2025-11-03 09:15:00+05:30,2025-11-13,False,weekly,-77186.75803,aligned,115,575,2025.0,176.8663,PE,14,30.0,macd_only,SENSEX|weekly|2025-11-13,84782.47,84497.48,84800.0,SENSEX 84800 PE 13 NOV 25,5m,62060.0,72.020237,SENSEX,weekly_series,39
54,0.118227,199,27,series|5m|macd_only|target_30pct,aligned,60,-63908755.0937,aligned,-1,3.346844,1032.95,59.7124,2025-11-03T11:55:00+05:30,1342.835,target_30pct_hit,target_30pct,2025-11-06 11:25:00+05:30,2025-11-13,False,weekly,-34820.978338,aligned,145,725,2025.0,96.0405,PE,27,30.0,macd_only,SENSEX|weekly|2025-11-13,84782.47,83914.06,84800.0,SENSEX 84800 PE 13 NOV 25,5m,354140.0,72.020237,SENSEX,weekly_series,39
55,0.10263,22,28,series|5m|macd_only|target_30pct,mixed,60,-793532105.0075,aligned,-1,5.281616,1380.1,68.3655,2025-11-06T14:05:00+05:30,1794.13,target_30pct_hit,target_30pct,2025-11-07 09:20:00+05:30,2025-11-13,False,weekly,2930994.312568,anti,19,95,2025.0,46.7285,PE,27,30.0,macd_only,SENSEX|weekly|2025-11-13,84782.47,83393.87,84800.0,SENSEX 84800 PE 13 NOV 25,5m,2858960.0,72.020237,SENSEX,weekly_series,39
54,0.117365,38,30,series|5m|macd_only|target_30pct,mixed,60,1362600140.803,anti,-1,1.588707,1150.0,55.8687,2025-11-10T13:55:00+05:30,1495.0,target_30pct_hit,target_30pct,2025-11-11 10:30:00+05:30,2025-11-13,False,weekly,-45947596.356805,aligned,35,175,1589.0,38.1739,PE,24,30.0,macd_only,SENSEX|weekly|2025-11-13,84782.47,83605.64,84800.0,SENSEX 84800 PE 13 NOV 25,5m,15767460.0,72.020237,SENSEX,weekly_series,39
49,0.130996,4,31,series|5m|macd_only|target_30pct,aligned,60,-33672476812.6569,aligned,-1,1.555668,366.0,57.1018,2025-11-12T15:25:00+05:30,475.8,target_30pct_hit,target_30pct,2025-11-13 09:15:00+05:30,2025-11-13,False,weekly,-389918897.78089,aligned,2,10,547.9,49.6995,PE,18,30.0,macd_only,SENSEX|weekly|2025-11-13,84782.47,84405.15,84800.0,SENSEX 84800 PE 13 NOV 25,5m,40949490.0,72.020237,SENSEX,weekly_series,39
51,0.325001,11,31,series|5m|macd_only|target_30pct,aligned,60,-802138561483.2292,aligned,-1,10.515842,314.8,72.3737,2025-11-13T14:10:00+05:30,320.7,hold_to_end_target_30pct_not_hit,target_30pct,2025-11-13 15:30:00+05:30,2025-11-13,False,weekly,-1523889866.208807,aligned,16,80,393.3,24.9365,PE,20,1.8742,macd_only,SENSEX|weekly|2025-11-13,84782.47,84492.48,84800.0,SENSEX 84800 PE 13 NOV 25,5m,108355040.0,72.020237,SENSEX,weekly_series,39
20,0.10952,763,14,series|5m|macd_only|target_30pct,aligned,60,269918131.626,aligned,1,2.2327,807.0,64.0856,2025-11-06T13:05:00+05:30,1049.1,target_30pct_hit,target_30pct,2025-11-12 09:15:00+05:30,2025-11-20,False,weekly,167805.967558,aligned,258,1290,2036.25,152.3234,CE,6,30.0,macd_only,SENSEX|weekly|2025-11-20,83733.23,83594.52,83700.0,SENSEX 83700 CE 20 NOV 25,5m,30320.0,73.52863,SENSEX,weekly_series,40
56,0.108043,413,32,series|5m|macd_only|target_30pct,aligned,60,15993274075.9738,aligned,1,1.551087,1232.6,62.7568,2025-11-13T10:40:00+05:30,1602.38,target_30pct_hit,target_30pct,2025-11-20 09:30:00+05:30,2025-11-20,False,weekly,2060574.951822,aligned,363,1815,2036.25,65.1996,CE,24,30.0,macd_only,SENSEX|weekly|2025-11-20,83733.23,84643.78,83700.0,SENSEX 83700 CE 20 NOV 25,5m,1912100.0,73.52863,SENSEX,weekly_series,40
27,0.107857,20,20,series|5m|macd_only|target_30pct,anti,60,272610014.9018,anti,-1,0.963799,740.0,65.6197,2025-11-06T14:00:00+05:30,962.0,target_30pct_hit,target_30pct,2025-11-07 09:20:00+05:30,2025-11-20,False,weekly,222723.72599,anti,19,95,1118.95,51.2095,PE,7,30.0,macd_only,SENSEX|weekly|2025-11-20,83733.23,83421.5,83700.0,SENSEX 83700 PE 20 NOV 25,5m,35480.0,73.52863,SENSEX,weekly_series,40
48,0.114533,23,34,series|5m|macd_only|target_30pct,anti,60,5777487027.1526,anti,-1,0.038617,533.8,52.7598,2025-11-10T15:05:00+05:30,693.94,target_30pct_hit,target_30pct,2025-11-11 09:25:00+05:30,2025-11-20,False,weekly,2394515.665121,anti,8,40,805.1,50.8243,PE,14,30.0,macd_only,SENSEX|weekly|2025-11-20,83733.23,83555.81,83700.0,SENSEX 83700 PE 20 NOV 25,5m,402980.0,73.52863,SENSEX,weekly_series,40
39,0.107553,94,23,series|5m|macd_only|target_30pct,anti,60,3281085297.8634,anti,-1,1.980277,224.55,70.7853,2025-11-13T09:15:00+05:30,291.915,target_30pct_hit,target_30pct,2025-11-14 09:15:00+05:30,2025-11-20,False,weekly,327812.511838,anti,76,380,330.5,47.1833,PE,16,30.0,macd_only,SENSEX|weekly|2025-11-20,83733.23,84375.55,83700.0,SENSEX 83700 PE 20 NOV 25,5m,1485280.0,73.52863,SENSEX,weekly_series,40
53,0.115948,2,35,series|5m|macd_only|target_30pct,anti,60,44000991753.2561,anti,-1,3.838189,286.2,66.7013,2025-11-14T13:45:00+05:30,0.05,hold_to_end_target_30pct_not_hit,target_30pct,2025-11-20 15:30:00+05:30,2025-11-20,False,weekly,49438056.1192,anti,325,1625,297.65,4.0007,PE,18,-99.9825,macd_only,SENSEX|weekly|2025-11-20,83733.23,84058.33,83700.0,SENSEX 83700 PE 20 NOV 25,5m,9944480.0,73.52863,SENSEX,weekly_series,40
51,0.110769,286,28,series|5m|macd_only|target_30pct,aligned,60,1227106093.7694,aligned,1,5.04212,983.0,65.7706,2025-11-21T12:25:00+05:30,0.05,hold_to_end_target_30pct_not_hit,target_30pct,2025-12-04 15:30:00+05:30,2025-12-04,False,weekly,15266.605462,aligned,721,3605,1039.4,5.7375,CE,23,-99.9949,macd_only,SENSEX|weekly|2025-12-04,85375.28,85508.04,85300.0,SENSEX 85300 CE 04 DEC 25,5m,272040.0,74.715336,SENSEX,weekly_series,41
50,0.112707,221,28,series|5m|macd_only|target_30pct,aligned,60,-86851554.3507,aligned,-1,0.799787,547.55,67.0602,2025-11-21T09:20:00+05:30,711.815,target_30pct_hit,target_30pct,2025-11-24 15:30:00+05:30,2025-12-04,False,weekly,-296807.140512,aligned,150,750,869.75,58.8439,PE,22,30.0,macd_only,SENSEX|weekly|2025-12-04,85375.28,85486.42,85300.0,SENSEX 85300 PE 04 DEC 25,5m,148540.0,74.715336,SENSEX,weekly_series,41
54,0.112351,52,25,series|5m|macd_only|target_30pct,aligned,60,-2265467472.5569,aligned,-1,0.448024,646.05,51.7536,2025-11-25T10:45:00+05:30,839.865,target_30pct_hit,target_30pct,2025-11-25 15:05:00+05:30,2025-12-04,False,weekly,-1273306.045474,aligned,52,260,869.75,34.6258,PE,29,30.0,macd_only,SENSEX|weekly|2025-12-04,85375.28,84969.32,85300.0,SENSEX 85300 PE 04 DEC 25,5m,975820.0,74.715336,SENSEX,weekly_series,41
58,0.101217,290,30,series|5m|macd_only|target_30pct,anti,60,8387347184.0649,anti,-1,0.872792,260.15,55.0795,2025-11-27T12:35:00+05:30,338.195,target_30pct_hit,target_30pct,2025-11-27 13:25:00+05:30,2025-12-04,False,weekly,737021.192762,anti,10,50,530.0,103.7286,PE,28,30.0,macd_only,SENSEX|weekly|2025-12-04,85375.28,85776.34,85300.0,SENSEX 85300 PE 04 DEC 25,5m,3096280.0,74.715336,SENSEX,weekly_series,41
57,0.093058,210,30,series|5m|macd_only|target_30pct,mixed,60,4636676879.1078,anti,-1,0.439482,200.4,54.1177,2025-11-28T12:55:00+05:30,260.52,target_30pct_hit,target_30pct,2025-12-02 09:45:00+05:30,2025-12-04,False,weekly,-5194012.542942,aligned,114,570,530.0,164.4711,PE,27,30.0,macd_only,SENSEX|weekly|2025-12-04,85375.28,85770.44,85300.0,SENSEX 85300 PE 04 DEC 25,5m,12754620.0,74.715336,SENSEX,weekly_series,41
48,0.128895,23,25,series|5m|macd_only|target_30pct,mixed,60,-71073132774.2764,aligned,-1,6.736581,388.05,66.6434,2025-12-03T09:30:00+05:30,504.465,target_30pct_hit,target_30pct,2025-12-03 10:05:00+05:30,2025-12-04,False,weekly,24999248.308874,anti,7,35,530.0,36.5803,PE,23,30.0,macd_only,SENSEX|weekly|2025-12-04,85375.28,84968.84,85300.0,SENSEX 85300 PE 04 DEC 25,5m,41339420.0,74.715336,SENSEX,weekly_series,41
48,0.123038,11,24,series|5m|macd_only|target_30pct,anti,60,19142343415.1246,anti,-1,1.453166,450.7,55.4369,2025-12-03T12:55:00+05:30,34.15,hold_to_end_target_30pct_not_hit,target_30pct,2025-12-04 15:30:00+05:30,2025-12-04,False,weekly,144522254.462213,anti,107,535,504.2,11.8704,PE,24,-92.4229,macd_only,SENSEX|weekly|2025-12-04,85375.28,84872.52,85300.0,SENSEX 85300 PE 04 DEC 25,5m,64230820.0,74.715336,SENSEX,weekly_series,41
51,0.101872,79,27,series|5m|macd_only|target_30pct,anti,60,-140479817.8443,anti,1,2.802638,927.3,56.4587,2025-11-28T09:30:00+05:30,0.05,hold_to_end_target_30pct_not_hit,target_30pct,2025-12-11 15:30:00+05:30,2025-12-11,False,weekly,-502681.025612,anti,756,3780,1016.65,9.6355,CE,24,-99.9946,macd_only,SENSEX|weekly|2025-12-11,85715.76,85784.38,85600.0,SENSEX 85600 CE 11 DEC 25,5m,129380.0,75.130279,SENSEX,weekly_series,42
28,0.109784,733,16,series|5m|macd_only|target_30pct,aligned,60,-4616114.5381,aligned,-1,0.853376,503.65,61.2224,2025-11-27T11:55:00+05:30,654.745,target_30pct_hit,target_30pct,2025-12-02 14:40:00+05:30,2025-12-11,False,weekly,-254187.502656,aligned,261,1305,1424.35,182.8055,PE,12,30.0,macd_only,SENSEX|weekly|2025-12-11,85715.76,85832.4,85600.0,SENSEX 85600 PE 11 DEC 25,5m,57580.0,75.130279,SENSEX,weekly_series,42
47,0.101056,460,23,series|5m|macd_only|target_30pct,aligned,60,-3063545432.2928,aligned,-1,1.237178,646.2,55.4959,2025-12-03T09:20:00+05:30,840.06,target_30pct_hit,target_30pct,2025-12-03 10:05:00+05:30,2025-12-11,False,weekly,-2470802.594697,aligned,9,45,1424.35,120.4194,PE,24,30.0,macd_only,SENSEX|weekly|2025-12-11,85715.76,85144.54,85600.0,SENSEX 85600 PE 11 DEC 25,5m,983420.0,75.130279,SENSEX,weekly_series,42
52,0.09964,416,27,series|5m|macd_only|target_30pct,mixed,60,985263037.625,anti,-1,1.237169,815.0,57.1569,2025-12-03T13:00:00+05:30,1059.5,target_30pct_hit,target_30pct,2025-12-09 09:40:00+05:30,2025-12-11,False,weekly,-571723.456788,aligned,264,1320,1424.35,74.7669,PE,25,30.0,macd_only,SENSEX|weekly|2025-12-11,85715.76,84892.95,85600.0,SENSEX 85600 PE 11 DEC 25,5m,1577200.0,75.130279,SENSEX,weekly_series,42
52,0.118828,95,30,series|5m|macd_only|target_30pct,aligned,60,-40917852467.2524,aligned,-1,6.606093,915.0,65.1893,2025-12-09T14:25:00+05:30,1189.5,target_30pct_hit,target_30pct,2025-12-10 14:10:00+05:30,2025-12-11,False,weekly,-16901949.457262,aligned,73,365,1424.35,55.6667,PE,22,30.0,macd_only,SENSEX|weekly|2025-12-11,85715.76,84645.79,85600.0,SENSEX 85600 PE 11 DEC 25,5m,22075300.0,75.130279,SENSEX,weekly_series,42
23,0.095176,51,12,series|5m|macd_only|target_30pct,aligned,60,263371917.394,aligned,1,5.852464,973.7,63.9436,2025-12-04T15:00:00+05:30,1265.81,target_30pct_hit,target_30pct,2025-12-05 12:35:00+05:30,2025-12-18,False,weekly,33565.638269,aligned,47,235,1306.85,34.2149,CE,11,30.0,macd_only,SENSEX|weekly|2025-12-18,85010.36,85304.56,85000.0,SENSEX 85000 CE 18 DEC 25,5m,41460.0,75.874816,SENSEX,weekly_series,43
44,0.087724,1,21,series|5m|macd_only|target_30pct,mixed,60,453107953.3842,aligned,1,0.779211,1213.4,55.4057,2025-12-05T15:20:00+05:30,0.1,hold_to_end_target_30pct_not_hit,target_30pct,2025-12-18 15:30:00+05:30,2025-12-18,False,weekly,-502991.340237,anti,685,3425,1225.0,0.956,CE,23,-99.9918,macd_only,SENSEX|weekly|2025-12-18,85010.36,85728.49,85000.0,SENSEX 85000 CE 18 DEC 25,5m,373000.0,75.874816,SENSEX,weekly_series,43
18,0.096657,348,9,series|5m|macd_only|target_30pct,mixed,60,69320268.09,anti,-1,1.399072,447.05,58.6122,2025-12-04T12:25:00+05:30,581.165,target_30pct_hit,target_30pct,2025-12-09 09:15:00+05:30,2025-12-18,False,weekly,-13035.429903,aligned,190,950,905.0,102.4382,PE,9,30.0,macd_only,SENSEX|weekly|2025-12-18,85010.36,85243.46,85000.0,SENSEX 85000 PE 18 DEC 25,5m,32460.0,75.874816,SENSEX,weekly_series,43
44,0.10106,96,19,series|5m|macd_only|target_30pct,aligned,60,-2943437356.7639,aligned,-1,3.523046,588.6,64.5971,2025-12-09T14:25:00+05:30,765.18,target_30pct_hit,target_30pct,2025-12-10 14:10:00+05:30,2025-12-18,False,weekly,-1808464.075013,aligned,73,365,905.0,53.7547,PE,25,30.0,macd_only,SENSEX|weekly|2025-12-18,85010.36,84645.79,85000.0,SENSEX 85000 PE 18 DEC 25,5m,827340.0,75.874816,SENSEX,weekly_series,43
51,0.113415,235,26,series|5m|macd_only|target_30pct,aligned,60,-32424030780.0808,aligned,-1,0.939188,318.0,69.577,2025-12-15T09:15:00+05:30,413.4,target_30pct_hit,target_30pct,2025-12-15 09:45:00+05:30,2025-12-18,False,weekly,-25643229.271502,aligned,6,30,730.9,129.8428,PE,25,30.0,macd_only,SENSEX|weekly|2025-12-18,85010.36,85013.67,85000.0,SENSEX 85000 PE 18 DEC 25,5m,8372100.0,75.874816,SENSEX,weekly_series,43
50,0.119283,159,26,series|5m|macd_only|target_30pct,aligned,60,-83469536793.5793,aligned,-1,5.552755,324.4,76.6797,2025-12-16T09:15:00+05:30,421.72,target_30pct_hit,target_30pct,2025-12-16 10:05:00+05:30,2025-12-18,False,weekly,-74461229.873211,aligned,10,50,730.9,125.3083,PE,24,30.0,macd_only,SENSEX|weekly|2025-12-18,85010.36,84915.92,85000.0,SENSEX 85000 PE 18 DEC 25,5m,12399020.0,75.874816,SENSEX,weekly_series,43
51,0.111434,96,30,series|5m|macd_only|target_30pct,anti,60,51429312175.7585,anti,-1,1.46917,393.3,56.3988,2025-12-16T14:30:00+05:30,511.29,target_30pct_hit,target_30pct,2025-12-17 12:05:00+05:30,2025-12-18,False,weekly,86982010.063694,anti,47,235,730.9,85.8378,PE,21,30.0,macd_only,SENSEX|weekly|2025-12-18,85010.36,84711.13,85000.0,SENSEX 85000 PE 18 DEC 25,5m,21561820.0,75.874816,SENSEX,weekly_series,43
49,0.194098,6,29,series|5m|macd_only|target_30pct,aligned,60,-141633828541.9797,aligned,-1,4.224892,589.85,62.7189,2025-12-18T09:20:00+05:30,518.0,hold_to_end_target_30pct_not_hit,target_30pct,2025-12-18 15:30:00+05:30,2025-12-18,False,weekly,-138055765.728034,aligned,74,370,730.9,23.9129,PE,20,-12.1811,macd_only,SENSEX|weekly|2025-12-18,85010.36,84403.32,85000.0,SENSEX 85000 PE 18 DEC 25,5m,56564030.0,75.874816,SENSEX,weekly_series,43
32,0.091705,209,25,series|5m|macd_only|target_30pct,aligned,60,3161776651.4006,aligned,1,6.955889,1348.6,74.3943,2025-12-19T09:25:00+05:30,1753.18,target_30pct_hit,target_30pct,2025-12-22 14:45:00+05:30,2026-01-01,False,weekly,1684326.496353,aligned,139,695,1848.5,37.0681,CE,7,30.0,macd_only,SENSEX|weekly|2026-01-01,84445.59,84906.53,84000.0,SENSEX 84000 CE 01 JAN 26,5m,101500.0,77.0225,SENSEX,weekly_series,44
48,0.089002,50,33,series|5m|macd_only|target_30pct,aligned,60,13308847074.143,aligned,1,1.195404,1742.65,59.0067,2025-12-23T10:10:00+05:30,1188.0,hold_to_end_target_30pct_not_hit,target_30pct,2026-01-01 15:30:00+05:30,2026-01-01,False,weekly,7249874.759291,aligned,520,2600,1848.5,6.0741,CE,15,-31.828,macd_only,SENSEX|weekly|2026-01-01,84445.59,85579.83,84000.0,SENSEX 84000 CE 01 JAN 26,5m,766580.0,77.0225,SENSEX,weekly_series,44
28,0.095155,15,23,series|5m|macd_only|target_30pct,anti,60,1745018300.5198,anti,-1,2.388021,297.25,64.8253,2025-12-18T14:15:00+05:30,0.05,hold_to_end_target_30pct_not_hit,target_30pct,2026-01-01 15:30:00+05:30,2026-01-01,False,weekly,952383.029665,anti,699,3495,325.5,9.5038,PE,5,-99.9832,macd_only,SENSEX|weekly|2026-01-01,84445.59,84461.37,84000.0,SENSEX 84000 PE 01 JAN 26,5m,80780.0,77.0225,SENSEX,weekly_series,44
31,0.087451,380,15,series|5m|macd_only|target_30pct,aligned,60,1192658239.1377,aligned,1,1.212588,516.9,62.9843,2025-12-29T09:15:00+05:30,671.97,target_30pct_hit,target_30pct,2026-01-02 15:30:00+05:30,2026-01-08,False,weekly,453195.759488,aligned,379,1895,805.45,55.8232,CE,16,30.0,macd_only,SENSEX|weekly|2026-01-08,85280.45,85123.81,85300.0,SENSEX 85300 CE 08 JAN 26,5m,254820.0,76.23783,SENSEX,weekly_series,45
54,0.095939,2,30,series|5m|macd_only|target_30pct,mixed,60,26488089372.5375,aligned,1,7.396706,685.5,61.1392,2026-01-05T10:20:00+05:30,0.2,hold_to_end_target_30pct_not_hit,target_30pct,2026-01-08 15:30:00+05:30,2026-01-08,False,weekly,-58077817.930309,anti,290,1450,739.25,7.841,CE,24,-99.9708,macd_only,SENSEX|weekly|2026-01-08,85280.45,85810.43,85300.0,SENSEX 85300 CE 08 JAN 26,5m,17668690.0,76.23783,SENSEX,weekly_series,45
44,0.082539,665,23,series|5m|macd_only|target_30pct,mixed,60,97445993.6362,anti,-1,1.576663,511.55,58.9962,2025-12-29T10:20:00+05:30,665.015,target_30pct_hit,target_30pct,2025-12-29 13:40:00+05:30,2026-01-08,False,weekly,-236231.87984,aligned,40,200,1163.45,127.4362,PE,21,30.0,macd_only,SENSEX|weekly|2026-01-08,85280.45,84951.05,85300.0,SENSEX 85300 PE 08 JAN 26,5m,379520.0,76.23783,SENSEX,weekly_series,45
37,0.087601,601,19,series|5m|macd_only|target_30pct,anti,60,482499773.7885,anti,-1,7.769888,745.05,69.4155,2025-12-30T09:20:00+05:30,968.565,target_30pct_hit,target_30pct,2026-01-08 12:05:00+05:30,2026-01-08,False,weekly,161049.232261,anti,565,2825,1163.45,56.1573,PE,18,30.0,macd_only,SENSEX|weekly|2026-01-08,85280.45,84529.63,85300.0,SENSEX 85300 PE 08 JAN 26,5m,580360.0,76.23783,SENSEX,weekly_series,45
39,0.080967,72,20,series|5m|macd_only|target_30pct,aligned,60,596017444.6716,aligned,1,0.656341,950.45,73.7357,2026-01-02T09:30:00+05:30,0.05,hold_to_end_target_30pct_not_hit,target_30pct,2026-01-14 15:30:00+05:30,2026-01-14,False,weekly,161681.242094,aligned,678,3390,1232.7,29.6965,CE,19,-99.9947,macd_only,SENSEX|weekly|2026-01-14,84869.83,85368.57,84900.0,SENSEX 84900 CE 14 JAN 26,5m,114600.0,76.578603,SENSEX,weekly_series,46
18,0.082619,532,9,series|5m|macd_only|target_30pct,mixed,60,112818444.1088,anti,-1,0.675541,302.8,59.8401,2026-01-01T12:15:00+05:30,393.64,target_30pct_hit,target_30pct,2026-01-08 10:20:00+05:30,2026-01-14,False,weekly,-31340.746467,aligned,356,1780,1949.25,543.7417,PE,9,30.0,macd_only,SENSEX|weekly|2026-01-14,84869.83,85174.33,84900.0,SENSEX 84900 PE 14 JAN 26,5m,49600.0,76.578603,SENSEX,weekly_series,46
40,0.09625,121,22,series|5m|macd_only|target_30pct,anti,60,20769206389.3295,anti,-1,0.100015,623.5,52.4787,2026-01-08T14:55:00+05:30,810.55,target_30pct_hit,target_30pct,2026-01-09 09:35:00+05:30,2026-01-14,False,weekly,14086374.235533,anti,12,60,1949.25,212.6303,PE,18,30.0,macd_only,SENSEX|weekly|2026-01-14,84869.83,84289.05,84900.0,SENSEX 84900 PE 14 JAN 26,5m,4415500.0,76.578603,SENSEX,weekly_series,46
57,0.168741,129,30,series|5m|macd_only|target_30pct,mixed,60,-32847042365.2941,aligned,-1,4.478141,1258.85,59.8364,2026-01-13T10:00:00+05:30,1518.25,hold_to_end_target_30pct_not_hit,target_30pct,2026-01-14 15:30:00+05:30,2026-01-14,False,weekly,38880880.792158,anti,142,710,1625.1,29.094,PE,27,20.6061,macd_only,SENSEX|weekly|2026-01-14,84869.83,83635.19,84900.0,SENSEX 84900 PE 14 JAN 26,5m,20098260.0,76.578603,SENSEX,weekly_series,46
50,0.097393,77,25,series|5m|macd_only|target_30pct,aligned,60,2100019014.9438,aligned,1,1.629382,270.25,66.1025,2026-01-09T15:30:00+05:30,351.325,target_30pct_hit,target_30pct,2026-01-13 09:20:00+05:30,2026-01-22,False,weekly,1064536.136748,aligned,77,385,365.0,35.0601,CE,25,30.0,macd_only,SENSEX|weekly|2026-01-22,84842.83,83638.66,84800.0,SENSEX 84800 CE 22 JAN 26,5m,387220.0,76.871003,SENSEX,weekly_series,47
59,0.11095,0,30,series|5m|macd_only|target_30pct,aligned,60,5236536607.4173,aligned,1,0.216262,292.4,54.4039,2026-01-13T11:40:00+05:30,0.05,hold_to_end_target_30pct_not_hit,target_30pct,2026-01-22 15:30:00+05:30,2026-01-22,False,weekly,1815678.509876,aligned,502,2510,296.05,1.2483,CE,29,-99.9829,macd_only,SENSEX|weekly|2026-01-22,84842.83,83945.32,84800.0,SENSEX 84800 CE 22 JAN 26,5m,1150340.0,76.871003,SENSEX,weekly_series,47
56,0.118208,390,28,series|5m|macd_only|target_30pct,anti,60,1404300679.3943,anti,-1,8.672455,1240.05,61.6474,2026-01-13T10:00:00+05:30,1612.065,target_30pct_hit,target_30pct,2026-01-19 09:30:00+05:30,2026-01-22,False,weekly,1271102.671954,anti,221,1105,3351.45,170.2673,PE,28,30.0,macd_only,SENSEX|weekly|2026-01-22,84842.83,83635.19,84800.0,SENSEX 84800 PE 22 JAN 26,5m,964600.0,76.871003,SENSEX,weekly_series,47
57,0.134911,96,30,series|5m|macd_only|target_30pct,aligned,60,-64464334156.416,aligned,-1,7.249858,1661.45,64.349,2026-01-20T09:20:00+05:30,2159.885,target_30pct_hit,target_30pct,2026-01-20 15:05:00+05:30,2026-01-22,False,weekly,-21382471.415179,aligned,69,345,3351.45,101.7184,PE,27,30.0,macd_only,SENSEX|weekly|2026-01-22,84842.83,83139.35,84800.0,SENSEX 84800 PE 22 JAN 26,5m,14357080.0,76.871003,SENSEX,weekly_series,47
55,0.182576,9,30,series|5m|macd_only|target_30pct,aligned,60,-130169842540.0057,aligned,-1,2.991964,2800.0,66.7605,2026-01-21T14:40:00+05:30,2478.7,hold_to_end_target_30pct_not_hit,target_30pct,2026-01-22 15:30:00+05:30,2026-01-22,False,weekly,-98563794.004348,aligned,86,430,2920.0,4.2857,PE,25,-11.475,macd_only,SENSEX|weekly|2026-01-22,84842.83,81913.54,84800.0,SENSEX 84800 PE 22 JAN 26,5m,40591760.0,76.871003,SENSEX,weekly_series,47
42,0.148,543,19,series|5m|macd_only|target_30pct,aligned,60,630755624.5199,aligned,1,2.976315,1017.35,59.7578,2026-01-22T14:40:00+05:30,1322.555,target_30pct_hit,target_30pct,2026-02-03 09:15:00+05:30,2026-02-05,False,weekly,140884.41591,aligned,543,2715,3049.3,199.7297,CE,23,30.0,macd_only,SENSEX|weekly|2026-02-05,82488.15,82316.34,82500.0,SENSEX 82500 CE 05 FEB 26,5m,102620.0,76.915521,SENSEX,weekly_series,48
59,0.159027,12,30,series|5m|macd_only|target_30pct,aligned,60,207022399485.0977,aligned,1,3.150489,1280.0,60.6854,2026-02-04T13:25:00+05:30,815.35,hold_to_end_target_30pct_not_hit,target_30pct,2026-02-05 15:30:00+05:30,2026-02-05,False,weekly,192811363.651362,aligned,101,505,1497.0,16.9531,CE,29,-36.3008,macd_only,SENSEX|weekly|2026-02-05,82488.15,83734.54,82500.0,SENSEX 82500 CE 05 FEB 26,5m,54053520.0,76.915521,SENSEX,weekly_series,48
54,0.150716,407,22,series|5m|macd_only|target_30pct,aligned,60,-156384842.3184,aligned,-1,4.628797,967.8,57.1761,2026-01-23T10:20:00+05:30,1258.14,target_30pct_hit,target_30pct,2026-01-23 13:35:00+05:30,2026-02-05,False,weekly,-51024.650002,aligned,39,195,2718.75,180.9206,PE,32,30.0,macd_only,SENSEX|weekly|2026-02-05,82488.15,82157.36,82500.0,SENSEX 82500 PE 05 FEB 26,5m,152260.0,76.915521,SENSEX,weekly_series,48
58,0.18751,325,22,series|5m|macd_only|target_30pct,aligned,60,-6313789906.8641,aligned,-1,12.294521,1450.0,60.9284,2026-01-27T10:50:00+05:30,1885.0,target_30pct_hit,target_30pct,2026-02-01 12:30:00+05:30,2026-02-05,False,weekly,-1565191.721358,aligned,324,1620,2718.75,87.5,PE,36,30.0,macd_only,SENSEX|weekly|2026-02-05,82488.15,81379.26,82500.0,SENSEX 82500 PE 05 FEB 26,5m,524900.0,76.915521,SENSEX,weekly_series,48
57,0.169595,1,30,series|5m|macd_only|target_30pct,anti,60,50488862739.1769,anti,-1,0.333107,36.3,71.9273,2026-02-04T15:25:00+05:30,0.05,hold_to_end_target_30pct_not_hit,target_30pct,2026-02-05 15:30:00+05:30,2026-02-05,False,weekly,27770520.014916,anti,77,385,43.0,18.4573,PE,27,-99.8623,macd_only,SENSEX|weekly|2026-02-05,82488.15,83770.18,82500.0,SENSEX 82500 PE 05 FEB 26,5m,38291580.0,76.915521,SENSEX,weekly_series,48
55,0.151768,185,26,series|5m|macd_only|target_30pct,mixed,60,182538445.2728,aligned,1,0.875295,1102.85,53.1736,2026-01-30T13:00:00+05:30,1433.705,target_30pct_hit,target_30pct,2026-02-03 09:15:00+05:30,2026-02-12,False,weekly,-2399.38736,anti,182,910,2396.35,117.287,CE,29,30.0,macd_only,SENSEX|weekly|2026-02-12,82089.42,82170.8,82100.0,SENSEX 82100 CE 12 FEB 26,5m,120180.0,76.851977,SENSEX,weekly_series,49
60,0.109527,166,30,series|5m|macd_only|target_30pct,aligned,60,16300264254.4663,aligned,1,1.8341,1322.2,60.1225,2026-02-06T11:35:00+05:30,1718.86,target_30pct_hit,target_30pct,2026-02-09 09:15:00+05:30,2026-02-12,False,weekly,9320585.120991,aligned,48,240,2350.0,77.7341,CE,30,30.0,macd_only,SENSEX|weekly|2026-02-12,82089.42,83266.63,82100.0,SENSEX 82100 CE 12 FEB 26,5m,12878620.0,76.851977,SENSEX,weekly_series,49
56,0.125488,68,30,series|5m|macd_only|target_30pct,aligned,60,43887637088.8128,aligned,1,2.777136,2025.0,57.634,2026-02-09T13:25:00+05:30,1485.0,hold_to_end_target_30pct_not_hit,target_30pct,2026-02-12 15:30:00+05:30,2026-02-12,False,weekly,724875.471025,aligned,174,870,2350.0,16.0494,CE,26,-26.6667,macd_only,SENSEX|weekly|2026-02-12,82089.42,83986.86,82100.0,SENSEX 82100 CE 12 FEB 26,5m,17774640.0,76.851977,SENSEX,weekly_series,49
44,0.150303,115,22,series|5m|macd_only|target_30pct,anti,60,174145743.3054,anti,-1,5.964102,808.25,81.2231,2026-01-30T09:20:00+05:30,1050.725,target_30pct_hit,target_30pct,2026-02-01 12:20:00+05:30,2026-02-12,False,weekly,4621.403516,anti,112,560,1944.2,140.5444,PE,22,30.0,macd_only,SENSEX|weekly|2026-02-12,82089.42,82085.32,82100.0,SENSEX 82100 PE 12 FEB 26,5m,46380.0,76.851977,SENSEX,weekly_series,49
59,0.124064,70,30,series|5m|macd_only|target_30pct,mixed,60,952086530.4186,anti,-1,0.431378,142.1,60.0043,2026-02-05T09:45:00+05:30,0.05,hold_to_end_target_30pct_not_hit,target_30pct,2026-02-12 15:30:00+05:30,2026-02-12,False,weekly,-1773280.436298,aligned,449,2245,177.55,24.9472,PE,29,-99.9648,macd_only,SENSEX|weekly|2026-02-12,82089.42,83390.02,82100.0,SENSEX 82100 PE 12 FEB 26,5m,1867900.0,76.851977,SENSEX,weekly_series,49
54,0.108637,165,26,series|5m|macd_only|target_30pct,aligned,60,891617788.1633,aligned,1,7.16611,608.35,66.793,2026-02-06T11:50:00+05:30,790.855,target_30pct_hit,target_30pct,2026-02-09 09:15:00+05:30,2026-02-19,False,weekly,58516.350995,aligned,45,225,1116.1,83.4635,CE,28,30.0,macd_only,SENSEX|weekly|2026-02-19,83733.42,83394.64,83700.0,SENSEX 83700 CE 19 FEB 26,5m,185700.0,76.828941,SENSEX,weekly_series,50
59,0.111087,72,30,series|5m|macd_only|target_30pct,mixed,60,1648037230.5128,aligned,1,0.457348,890.0,54.0284,2026-02-09T13:15:00+05:30,0.05,hold_to_end_target_30pct_not_hit,target_30pct,2026-02-19 15:30:00+05:30,2026-02-19,False,weekly,-728727.90158,anti,633,3165,1116.1,25.4045,CE,29,-99.9944,macd_only,SENSEX|weekly|2026-02-19,83733.42,84020.65,83700.0,SENSEX 83700 CE 19 FEB 26,5m,420460.0,76.828941,SENSEX,weekly_series,50
51,0.106016,409,24,series|5m|macd_only|target_30pct,anti,60,451320456.5911,anti,-1,1.901305,880.15,55.9869,2026-02-06T13:05:00+05:30,1144.195,target_30pct_hit,target_30pct,2026-02-13 15:10:00+05:30,2026-02-19,False,weekly,164778.294463,anti,404,2020,1328.1,50.8947,PE,27,30.0,macd_only,SENSEX|weekly|2026-02-19,83733.42,83184.39,83700.0,SENSEX 83700 PE 19 FEB 26,5m,206900.0,76.828941,SENSEX,weekly_series,50
57,0.136046,165,30,series|5m|macd_only|target_30pct,aligned,60,-45811753158.4729,aligned,-1,3.232632,536.1,64.7238,2026-02-17T14:15:00+05:30,696.93,target_30pct_hit,target_30pct,2026-02-19 12:15:00+05:30,2026-02-19,False,weekly,-26716023.829279,aligned,128,640,1240.4,131.3747,PE,27,30.0,macd_only,SENSEX|weekly|2026-02-19,83733.42,83302.44,83700.0,SENSEX 83700 PE 19 FEB 26,5m,19389060.0,76.828941,SENSEX,weekly_series,50
24,0.200911,8,5,expiry_day|1m|rsi_60|target_20pct,anti,60,-198043409561.0065,anti,1,0.518606,619.9,62.6283,2025-04-15T15:21:00+05:30,632.45,hold_to_end_target_20pct_not_hit,target_20pct,2025-04-15 15:29:00+05:30,2025-04-15,True,weekly,-1610394880.856814,anti,8,8,634.55,2.3633,CE,19,2.0245,rsi_60,SENSEX|weekly|2025-04-15,76088.08,76750.35,76100.0,SENSEX 76100 CE 15 APR 25,1m,27772760.0,19.406197,SENSEX,weekly_series_expiry_day,1
51,0.221968,10,31,expiry_day|1m|rsi_60|target_20pct,aligned,60,-156178804057.5442,aligned,-1,0.017257,24.05,62.9447,2025-04-15T11:12:00+05:30,0.05,hold_to_end_target_20pct_not_hit,target_20pct,2025-04-15 15:29:00+05:30,2025-04-15,True,weekly,-961294118.90872,aligned,257,257,25.25,4.9896,PE,20,-99.7921,rsi_60,SENSEX|weekly|2025-04-15,76088.08,76685.2,76100.0,SENSEX 76100 PE 15 APR 25,1m,61391660.0,19.406197,SENSEX,weekly_series_expiry_day,1
48,0.325096,226,18,expiry_day|1m|macd_only|target_10pct,aligned,60,345268379535.4524,aligned,1,0.206381,192.15,64.0602,2025-04-17T10:26:00+05:30,211.365,target_10pct_hit,target_10pct,2025-04-17 10:33:00+05:30,2025-04-17,True,weekly,2103347423.425868,aligned,7,7,671.9,249.6747,CE,30,10.0,macd_only,NIFTY|weekly|2025-04-17,23192.2,23401.7,23200.0,NIFTY 23200 CE 17 APR 25,1m,250994700.0,13.1164,NIFTY,weekly_series_expiry_day,2
49,0.382632,181,19,expiry_day|1m|macd_only|target_10pct,aligned,60,327153923942.7403,aligned,1,0.365411,219.15,60.6381,2025-04-17T11:11:00+05:30,241.065,target_10pct_hit,target_10pct,2025-04-17 11:14:00+05:30,2025-04-17,True,weekly,1119620873.443072,aligned,3,3,671.9,206.5937,CE,30,10.0,macd_only,NIFTY|weekly|2025-04-17,23192.2,23424.85,23200.0,NIFTY 23200 CE 17 APR 25,1m,248731500.0,13.1164,NIFTY,weekly_series_expiry_day,2
35,0.356082,34,23,expiry_day|1m|macd_only|target_10pct,mixed,60,1319159217627.85,aligned,1,0.177346,650.0,56.4641,2025-04-17T14:26:00+05:30,650.6,hold_to_end_target_10pct_not_hit,target_10pct,2025-04-17 15:29:00+05:30,2025-04-17,True,weekly,-1009519678.545475,anti,63,63,669.95,3.0692,CE,12,0.0923,macd_only,NIFTY|weekly|2025-04-17,23192.2,23843.15,23200.0,NIFTY 23200 CE 17 APR 25,1m,266133975.0,13.1164,NIFTY,weekly_series_expiry_day,2
46,0.301172,8,17,expiry_day|1m|macd_only|target_10pct,anti,60,4142122047.0441,anti,-1,0.000772,11.6,66.4046,2025-04-17T10:12:00+05:30,12.76,target_10pct_hit,target_10pct,2025-04-17 10:20:00+05:30,2025-04-17,True,weekly,1488442682.09475,anti,8,8,15.1,30.1724,PE,29,10.0,macd_only,NIFTY|weekly|2025-04-17,23192.2,23346.0,23200.0,NIFTY 23200 PE 17 APR 25,1m,265933425.0,13.1164,NIFTY,weekly_series_expiry_day,2
46,0.359445,25,17,expiry_day|1m|macd_only|target_10pct,anti,60,53155526686.2673,anti,-1,0.074214,9.44,62.4203,2025-04-17T11:05:00+05:30,0.05,hold_to_end_target_10pct_not_hit,target_10pct,2025-04-17 15:29:00+05:30,2025-04-17,True,weekly,816421230.173925,anti,264,264,10.1,6.9915,PE,29,-99.4703,macd_only,NIFTY|weekly|2025-04-17,23192.2,23382.65,23200.0,NIFTY 23200 PE 17 APR 25,1m,252911850.0,13.1164,NIFTY,weekly_series_expiry_day,2
46,0.225146,0,16,expiry_day|1m|rsi_60|target_20pct,aligned,60,80516389754.5838,aligned,1,0.229146,5660.0,61.0607,2025-04-22T11:52:00+05:30,5600.75,hold_to_end_target_20pct_not_hit,target_20pct,2025-04-22 15:29:00+05:30,2025-04-22,True,weekly,1218518203.61755,aligned,217,217,5660.0,0.0,CE,30,-1.0468,rsi_60,SENSEX|weekly|2025-04-22,73994.41,79721.78,74000.0,SENSEX 74000 CE 22 APR 25,1m,57491460.0,18.872306,SENSEX,weekly_series_expiry_day,3
56,0.227108,9,30,expiry_day|1m|rsi_60|target_20pct,aligned,60,-25805482256.9756,aligned,-1,0.005022,1.15,72.558,2025-04-22T13:52:00+05:30,0.05,hold_to_end_target_20pct_not_hit,target_20pct,2025-04-22 15:29:00+05:30,2025-04-22,True,weekly,-220011889.675849,aligned,97,97,1.3,13.0435,PE,26,-95.6522,rsi_60,SENSEX|weekly|2025-04-22,73994.41,79596.61,74000.0,SENSEX 74000 PE 22 APR 25,1m,73704620.0,18.872306,SENSEX,weekly_series_expiry_day,3
44,0.282148,1,15,expiry_day|1m|rsi_55|target_10pct,aligned,60,111735994046.7605,aligned,1,0.117524,1557.95,57.0402,2025-04-24T12:08:00+05:30,1550.0,hold_to_end_target_10pct_not_hit,target_10pct,2025-04-24 15:29:00+05:30,2025-04-24,True,weekly,4903017709.619249,aligned,201,201,1558.75,0.0513,CE,29,-0.5103,rsi_55,NIFTY|weekly|2025-04-24,22715.95,24267.0,22700.0,NIFTY 22700 CE 24 APR 25,1m,283776525.0,12.0394,NIFTY,weekly_series_expiry_day,4
50,0.297192,10,21,expiry_day|1m|rsi_55|target_10pct,anti,60,414623547462.4824,anti,-1,0.005002,1.05,64.9981,2025-04-24T10:39:00+05:30,1.155,target_10pct_hit,target_10pct,2025-04-24 10:44:00+05:30,2025-04-24,True,weekly,1484646978.897731,anti,5,5,1.3,23.8095,PE,29,10.0,rsi_55,NIFTY|weekly|2025-04-24,22715.95,24281.75,22700.0,NIFTY 22700 PE 24 APR 25,1m,308236125.0,12.0394,NIFTY,weekly_series_expiry_day,4
33,0.217505,0,24,expiry_day|1m|rsi_55|target_10pct,mixed,60,447930564902.2818,anti,-1,0.00046,0.25,56.1891,2025-04-24T14:13:00+05:30,0.1,hold_to_end_target_10pct_not_hit,target_10pct,2025-04-24 15:29:00+05:30,2025-04-24,True,weekly,-17712950807.773636,aligned,76,76,0.25,0.0,PE,9,-60.0,rsi_55,NIFTY|weekly|2025-04-24,22715.95,24247.6,22700.0,NIFTY 22700 PE 24 APR 25,1m,230101350.0,12.0394,NIFTY,weekly_series_expiry_day,4
46,0.166118,126,26,expiry_day|1m|rsi_60|target_10pct,anti,60,-34948242903.3824,anti,1,1.381712,621.2,64.9401,2025-05-06T11:54:00+05:30,683.32,target_10pct_hit,target_10pct,2025-05-06 13:59:00+05:30,2025-05-06,True,weekly,-40865877.152239,anti,125,125,703.85,13.3049,CE,20,10.0,rsi_60,SENSEX|weekly|2025-05-06,79623.9,80605.06,80000.0,SENSEX 80000 CE 06 MAY 25,1m,67499500.0,11.646867,SENSEX,weekly_series_expiry_day,5
33,0.218375,8,12,expiry_day|1m|rsi_60|target_10pct,mixed,60,-239242843495.0687,anti,1,3.22829,670.5,66.4276,2025-05-06T15:02:00+05:30,642.8,hold_to_end_target_10pct_not_hit,target_10pct,2025-05-06 15:29:00+05:30,2025-05-06,True,weekly,1592716381.49768,aligned,27,27,697.5,4.0268,CE,21,-4.1312,rsi_60,SENSEX|weekly|2025-05-06,79623.9,80675.66,80000.0,SENSEX 80000 CE 06 MAY 25,1m,57134580.0,11.646867,SENSEX,weekly_series_expiry_day,5
44,0.230354,23,28,expiry_day|1m|rsi_60|target_10pct,anti,60,317988168074.4432,anti,-1,0.011268,4.05,64.2855,2025-05-06T14:03:00+05:30,4.455,target_10pct_hit,target_10pct,2025-05-06 14:26:00+05:30,2025-05-06,True,weekly,378702966.80803,anti,23,23,4.65,14.8148,PE,16,10.0,rsi_60,SENSEX|weekly|2025-05-06,79623.9,80645.35,80000.0,SENSEX 80000 PE 06 MAY 25,1m,67298180.0,11.646867,SENSEX,weekly_series_expiry_day,5
28,0.316391,5,21,expiry_day|1m|rsi_60|target_10pct,mixed,60,110754078729.1389,anti,-1,0.235754,8.69,63.6716,2025-05-08T14:50:00+05:30,9.559,target_10pct_hit,target_10pct,2025-05-08 14:51:00+05:30,2025-05-08,True,weekly,-106769628.80574,aligned,1,1,50.4,479.977,PE,7,10.0,rsi_60,NIFTY|weekly|2025-05-08,24279.15,24311.8,24300.0,NIFTY 24300 PE 08 MAY 25,1m,226872000.0,13.073936,NIFTY,weekly_series_expiry_day,6
50,0.412017,252,20,expiry_day|1m|rsi_60|target_20pct,aligned,60,149256189495.8723,aligned,1,0.115485,148.5,61.355,2025-05-15T10:15:00+05:30,178.2,target_20pct_hit,target_20pct,2025-05-15 10:31:00+05:30,2025-05-15,True,weekly,1211523870.414641,aligned,16,16,676.65,355.6566,CE,30,20.0,rsi_60,NIFTY|weekly|2025-05-15,24431.25,24570.55,24450.0,NIFTY 24450 CE 15 MAY 25,1m,281943750.0,20.911391,NIFTY,weekly_series_expiry_day,8
48,0.454582,22,19,expiry_day|1m|rsi_60|target_20pct,mixed,60,-120382406207.7872,aligned,-1,0.278217,27.05,63.4464,2025-05-15T11:14:00+05:30,32.46,target_20pct_hit,target_20pct,2025-05-15 11:36:00+05:30,2025-05-15,True,weekly,132422553.77085,anti,22,22,33.35,23.2902,PE,29,20.0,rsi_60,NIFTY|weekly|2025-05-15,24431.25,24617.25,24450.0,NIFTY 24450 PE 15 MAY 25,1m,279422550.0,20.911391,NIFTY,weekly_series_expiry_day,8
49,0.299361,12,19,expiry_day|1m|rsi_60|target_20pct,mixed,60,-68032641390.889,aligned,-1,0.047606,4.7,62.0492,2025-05-20T12:47:00+05:30,5.64,target_20pct_hit,target_20pct,2025-05-20 12:48:00+05:30,2025-05-20,True,weekly,551619677.969965,anti,1,1,18.05,284.0426,PE,30,20.0,rsi_60,SENSEX|weekly|2025-05-20,80736.0,81725.12,80600.0,SENSEX 80600 PE 20 MAY 25,1m,55096140.0,23.920204,SENSEX,weekly_series_expiry_day,9
47,0.320584,262,17,expiry_day|1m|rsi_60|target_20pct,aligned,60,163452987812.1902,aligned,1,1.42713,168.1,63.6096,2025-05-22T10:37:00+05:30,159.69,hold_to_end_target_20pct_not_hit,target_20pct,2025-05-22 15:29:00+05:30,2025-05-22,True,weekly,2626039946.147475,aligned,292,292,200.5,19.2742,CE,30,-5.003,rsi_60,NIFTY|weekly|2025-05-22,24437.25,24625.15,24450.0,NIFTY 24450 CE 22 MAY 25,1m,341424525.0,25.357006,NIFTY,weekly_series_expiry_day,10
47,0.325914,86,17,expiry_day|1m|rsi_60|target_20pct,mixed,60,-405541715916.0667,aligned,-1,0.071517,8.6,69.8322,2025-05-22T11:23:00+05:30,10.32,target_20pct_hit,target_20pct,2025-05-22 11:27:00+05:30,2025-05-22,True,weekly,2484601567.8462,anti,4,4,21.9,154.6512,PE,30,20.0,rsi_60,NIFTY|weekly|2025-05-22,24437.25,24580.8,24450.0,NIFTY 24450 PE 22 MAY 25,1m,357789375.0,25.357006,NIFTY,weekly_series_expiry_day,10
45,0.362779,31,16,expiry_day|1m|rsi_60|target_20pct,mixed,60,-262871579963.7282,aligned,-1,0.082908,13.1,65.1875,2025-05-22T12:18:00+05:30,15.72,target_20pct_hit,target_20pct,2025-05-22 12:24:00+05:30,2025-05-22,True,weekly,2607424086.669425,anti,6,6,21.9,67.1756,PE,29,20.0,rsi_60,NIFTY|weekly|2025-05-22,24437.25,24560.85,24450.0,NIFTY 24450 PE 22 MAY 25,1m,335252550.0,25.357006,NIFTY,weekly_series_expiry_day,10
42,0.368139,1,15,expiry_day|1m|rsi_60|target_20pct,mixed,60,-383403602178.316,aligned,-1,0.340143,15.25,65.5321,2025-05-22T12:48:00+05:30,18.3,target_20pct_hit,target_20pct,2025-05-22 12:49:00+05:30,2025-05-22,True,weekly,2828686507.770734,anti,1,1,21.9,43.6066,PE,27,20.0,rsi_60,NIFTY|weekly|2025-05-22,24437.25,24541.8,24450.0,NIFTY 24450 PE 22 MAY 25,1m,317924175.0,25.357006,NIFTY,weekly_series_expiry_day,10
35,0.343499,18,11,expiry_day|1m|rsi_60|target_20pct,mixed,60,-658991125370.1381,aligned,-1,0.236943,7.9,68.6371,2025-05-22T14:18:00+05:30,9.48,target_20pct_hit,target_20pct,2025-05-22 14:19:00+05:30,2025-05-22,True,weekly,4938911639.742798,anti,1,1,21.45,171.519,PE,24,20.0,rsi_60,NIFTY|weekly|2025-05-22,24437.25,24503.3,24450.0,NIFTY 24450 PE 22 MAY 25,1m,265279125.0,25.357006,NIFTY,weekly_series_expiry_day,10
60,0.559838,3,30,expiry_day|1m|rsi_60|target_20pct,aligned,60,164188313639.8313,aligned,1,2.504414,215.9,66.0527,2025-06-03T10:19:00+05:30,259.08,target_20pct_hit,target_20pct,2025-06-03 10:20:00+05:30,2025-06-03,True,weekly,89706940.593388,aligned,1,1,315.6,46.1788,CE,30,20.0,rsi_60,SENSEX|weekly|2025-06-03,82077.91,81301.3,82000.0,SENSEX 82000 CE 03 JUN 25,1m,29406660.0,30.031771,SENSEX,weekly_series_expiry_day,11
59,0.574878,1,29,expiry_day|1m|rsi_60|target_20pct,aligned,60,93680368034.2685,aligned,1,0.55327,136.85,70.0558,2025-06-03T11:33:00+05:30,0.05,hold_to_end_target_20pct_not_hit,target_20pct,2025-06-03 15:29:00+05:30,2025-06-03,True,weekly,54529116.165338,aligned,236,236,161.25,17.8297,CE,30,-99.9635,rsi_60,SENSEX|weekly|2025-06-03,82077.91,81138.05,82000.0,SENSEX 82000 CE 03 JUN 25,1m,33842230.0,30.031771,SENSEX,weekly_series_expiry_day,11
59,0.571626,132,29,expiry_day|1m|rsi_60|target_20pct,aligned,60,-115155027666.154,aligned,-1,16.521549,1089.65,74.5901,2025-06-03T10:40:00+05:30,1307.58,target_20pct_hit,target_20pct,2025-06-03 12:51:00+05:30,2025-06-03,True,weekly,-80478919.766788,aligned,131,131,1517.65,39.2787,PE,30,20.0,rsi_60,SENSEX|weekly|2025-06-03,82077.91,81069.16,82000.0,SENSEX 82000 PE 03 JUN 25,1m,28431300.0,30.031771,SENSEX,weekly_series_expiry_day,11
47,0.328067,18,17,expiry_day|1m|rsi_60|target_20pct,aligned,60,147783009631.302,aligned,1,0.539746,56.55,60.5279,2025-06-05T11:58:00+05:30,67.86,target_20pct_hit,target_20pct,2025-06-05 11:59:00+05:30,2025-06-05,True,weekly,1151345922.958418,aligned,1,1,226.95,301.3263,CE,30,20.0,rsi_60,NIFTY|weekly|2025-06-05,24704.65,24733.95,24700.0,NIFTY 24700 CE 05 JUN 25,1m,309419325.0,29.756397,NIFTY,weekly_series_expiry_day,12
34,0.423148,23,20,expiry_day|1m|rsi_60|target_20pct,aligned,60,422140543328.3067,aligned,1,0.917349,60.85,70.435,2025-06-05T14:27:00+05:30,73.02,target_20pct_hit,target_20pct,2025-06-05 14:42:00+05:30,2025-06-05,True,weekly,1803614542.017029,aligned,15,15,90.25,48.3155,CE,14,20.0,rsi_60,NIFTY|weekly|2025-06-05,24704.65,24739.8,24700.0,NIFTY 24700 CE 05 JUN 25,1m,241610775.0,29.756397,NIFTY,weekly_series_expiry_day,12
45,0.307388,102,18,expiry_day|1m|rsi_60|target_20pct,mixed,60,-47889837868.7675,aligned,-1,0.193819,39.15,71.2826,2025-06-05T11:49:00+05:30,46.98,target_20pct_hit,target_20pct,2025-06-05 13:31:00+05:30,2025-06-05,True,weekly,766827799.78854,anti,102,102,52.0,32.8225,PE,27,20.0,rsi_60,NIFTY|weekly|2025-06-05,24704.65,24716.3,24700.0,NIFTY 24700 PE 05 JUN 25,1m,326042250.0,29.756397,NIFTY,weekly_series_expiry_day,12
41,0.227527,0,14,expiry_day|1m|rsi_60|target_20pct,aligned,60,48085480468.5161,aligned,1,0.122439,653.1,60.8995,2025-06-10T14:37:00+05:30,592.55,hold_to_end_target_20pct_not_hit,target_20pct,2025-06-10 15:29:00+05:30,2025-06-10,True,weekly,1439821036.104029,aligned,52,52,653.1,0.0,CE,27,-9.2712,rsi_60,SENSEX|weekly|2025-06-10,81772.52,82458.96,81800.0,SENSEX 81800 CE 10 JUN 25,1m,67073700.0,33.084332,SENSEX,weekly_series_expiry_day,13
55,0.253747,2,26,expiry_day|1m|rsi_60|target_20pct,mixed,60,-96459918915.1737,aligned,-1,0.381219,25.9,68.2967,2025-06-10T10:52:00+05:30,31.08,target_20pct_hit,target_20pct,2025-06-10 10:54:00+05:30,2025-06-10,True,weekly,11996295.574199,anti,2,2,35.3,36.2934,PE,29,20.0,rsi_60,SENSEX|weekly|2025-06-10,81772.52,82387.93,81800.0,SENSEX 81800 PE 10 JUN 25,1m,49293300.0,33.084332,SENSEX,weekly_series_expiry_day,13
46,0.215719,14,18,expiry_day|1m|rsi_60|target_20pct,mixed,60,-5727135126.0122,aligned,-1,0.104696,10.15,65.2472,2025-06-10T12:15:00+05:30,0.05,hold_to_end_target_20pct_not_hit,target_20pct,2025-06-10 15:29:00+05:30,2025-06-10,True,weekly,467552540.064871,anti,194,194,11.15,9.8522,PE,28,-99.5074,rsi_60,SENSEX|weekly|2025-06-10,81772.52,82457.71,81800.0,SENSEX 81800 PE 10 JUN 25,1m,64259600.0,33.084332,SENSEX,weekly_series_expiry_day,13
48,0.304771,4,18,expiry_day|1m|rsi_60|target_20pct,aligned,60,326960218456.4074,aligned,1,0.500999,168.5,60.2579,2025-06-12T11:21:00+05:30,0.05,hold_to_end_target_20pct_not_hit,target_20pct,2025-06-12 15:29:00+05:30,2025-06-12,True,weekly,3986756526.578969,aligned,248,248,191.1,13.4125,CE,30,-99.9703,rsi_60,NIFTY|weekly|2025-06-12,24884.5,25071.4,24900.0,NIFTY 24900 CE 12 JUN 25,1m,348264600.0,31.078171,NIFTY,weekly_series_expiry_day,14
50,0.309393,203,22,expiry_day|1m|rsi_60|target_20pct,mixed,60,-96116601349.2717,aligned,-1,0.27903,12.7,70.897,2025-06-12T10:43:00+05:30,15.24,target_20pct_hit,target_20pct,2025-06-12 10:44:00+05:30,2025-06-12,True,weekly,1553480684.647894,anti,1,1,101.0,695.2756,PE,28,20.0,rsi_60,NIFTY|weekly|2025-06-12,24884.5,25057.25,24900.0,NIFTY 24900 PE 12 JUN 25,1m,339573150.0,31.078171,NIFTY,weekly_series_expiry_day,14
49,0.326099,148,19,expiry_day|1m|rsi_60|target_20pct,mixed,60,-48093803103.9564,aligned,-1,0.252368,13.95,74.9784,2025-06-12T11:38:00+05:30,16.74,target_20pct_hit,target_20pct,2025-06-12 12:04:00+05:30,2025-06-12,True,weekly,2283266623.983536,anti,26,26,101.0,624.0143,PE,30,20.0,rsi_60,NIFTY|weekly|2025-06-12,24884.5,25029.45,24900.0,NIFTY 24900 PE 12 JUN 25,1m,332768100.0,31.078171,NIFTY,weekly_series_expiry_day,14
40,0.363077,40,14,expiry_day|1m|rsi_60|target_20pct,mixed,60,-164284104718.9939,aligned,-1,0.047305,9.05,63.4038,2025-06-12T13:26:00+05:30,10.86,target_20pct_hit,target_20pct,2025-06-12 13:27:00+05:30,2025-06-12,True,weekly,2624088388.648559,anti,1,1,101.0,1016.0221,PE,26,20.0,rsi_60,NIFTY|weekly|2025-06-12,24884.5,25019.6,24900.0,NIFTY 24900 PE 12 JUN 25,1m,313495050.0,31.078171,NIFTY,weekly_series_expiry_day,14
36,0.286404,0,25,expiry_day|5m|rsi_60|trail_after_20pct_dd10pct,mixed,60,387101408903.0001,aligned,1,0.709472,190.75,64.415,2025-06-19T14:05:00+05:30,143.3,hold_to_end_trail_after_20pct_dd10pct,trail_after_20pct_dd10pct,2025-06-19 15:30:00+05:30,2025-06-19,True,weekly,-2226890435.474936,anti,17,85,203.0,6.422,CE,11,-24.8755,rsi_60,NIFTY|weekly|2025-06-19,24661.6,24832.05,24650.0,NIFTY 24650 CE 19 JUN 25,5m,345952725.0,35.531008,NIFTY,weekly_series_expiry_day,16
45,0.238073,0,30,expiry_day|5m|macd_only|target_20pct,mixed,60,351994574352.9162,aligned,1,0.892313,1818.05,72.4128,2025-07-01T14:25:00+05:30,1800.55,hold_to_end_target_20pct_not_hit,target_20pct,2025-07-01 15:30:00+05:30,2025-07-01,True,weekly,-280322817.459988,anti,13,65,1818.05,0.0,CE,15,-0.9626,macd_only,SENSEX|weekly|2025-07-01,81868.05,83693.13,81900.0,SENSEX 81900 CE 01 JUL 25,5m,82964300.0,32.775934,SENSEX,weekly_series_expiry_day,17
39,0.38653,1,24,expiry_day|5m|macd_only|target_20pct,aligned,60,664625956104.624,aligned,1,5.173008,791.4,72.4861,2025-07-03T13:40:00+05:30,605.95,hold_to_end_target_20pct_not_hit,target_20pct,2025-07-03 15:30:00+05:30,2025-07-03,True,weekly,1356664039.450038,aligned,22,110,800.0,1.0867,CE,15,-23.4332,macd_only,NIFTY|weekly|2025-07-03,24783.9,25581.55,24800.0,NIFTY 24800 CE 03 JUL 25,5m,274789800.0,31.294008,NIFTY,weekly_series_expiry_day,18
51,0.182066,273,28,expiry_day|1m|macd_only|target_20pct,aligned,60,64051718508.5191,aligned,1,0.108145,757.95,54.8134,2025-07-08T10:41:00+05:30,909.54,target_20pct_hit,target_20pct,2025-07-08 15:01:00+05:30,2025-07-08,True,weekly,87372712.551585,aligned,260,260,1031.4,36.0776,CE,23,20.0,macd_only,SENSEX|weekly|2025-07-08,82786.27,83433.59,82700.0,SENSEX 82700 CE 08 JUL 25,1m,62983390.0,28.519867,SENSEX,weekly_series_expiry_day,19
53,0.1988,0,29,expiry_day|1m|macd_only|target_20pct,mixed,60,-69447053212.889,aligned,-1,0.001795,2.55,53.9075,2025-07-08T13:36:00+05:30,0.05,hold_to_end_target_20pct_not_hit,target_20pct,2025-07-08 15:29:00+05:30,2025-07-08,True,weekly,52379783.034229,anti,113,113,2.6,1.9608,PE,24,-98.0392,macd_only,SENSEX|weekly|2025-07-08,82786.27,83468.9,82700.0,SENSEX 82700 PE 08 JUL 25,1m,79570840.0,28.519867,SENSEX,weekly_series_expiry_day,19
33,0.303167,1,23,expiry_day|5m|macd_only|target_20pct,aligned,60,539952905379.3442,aligned,1,0.367758,114.4,53.8831,2025-07-10T14:25:00+05:30,55.1,hold_to_end_target_20pct_not_hit,target_20pct,2025-07-10 15:30:00+05:30,2025-07-10,True,weekly,1439420767.811101,aligned,13,65,133.0,16.2587,CE,10,-51.8357,macd_only,NIFTY|weekly|2025-07-10,25282.35,25403.25,25300.0,NIFTY 25300 CE 10 JUL 25,5m,299112075.0,31.088924,NIFTY,weekly_series_expiry_day,20
49,0.190785,36,19,expiry_day|1m|rsi_60|target_20pct,aligned,60,299866126017.3604,aligned,1,0.003769,3.75,60.53,2025-07-15T10:31:00+05:30,4.5,target_20pct_hit,target_20pct,2025-07-15 11:03:00+05:30,2025-07-15,True,weekly,953859710.7767,aligned,32,32,9.9,164.0,CE,30,20.0,rsi_60,SENSEX|weekly|2025-07-15,83624.92,82425.71,83600.0,SENSEX 83600 CE 15 JUL 25,1m,63907000.0,28.338859,SENSEX,weekly_series_expiry_day,21
49,0.222927,5,29,expiry_day|1m|rsi_60|target_20pct,mixed,60,204304648493.9628,aligned,1,0.031094,3.45,62.4186,2025-07-15T12:32:00+05:30,0.05,hold_to_end_target_20pct_not_hit,target_20pct,2025-07-15 15:29:00+05:30,2025-07-15,True,weekly,-125911185.3231,anti,177,177,3.85,11.5942,CE,20,-98.5507,rsi_60,SENSEX|weekly|2025-07-15,83624.92,82641.89,83600.0,SENSEX 83600 CE 15 JUL 25,1m,72817240.0,28.338859,SENSEX,weekly_series_expiry_day,21
46,0.259042,53,30,expiry_day|1m|rsi_60|target_20pct,aligned,60,-68863036552.0484,aligned,-1,1.91414,1036.45,65.4299,2025-07-15T14:03:00+05:30,1030.75,hold_to_end_target_20pct_not_hit,target_20pct,2025-07-15 15:29:00+05:30,2025-07-15,True,weekly,-1231694094.18193,aligned,86,86,1141.15,10.1018,PE,16,-0.55,rsi_60,SENSEX|weekly|2025-07-15,83624.92,82539.35,83600.0,SENSEX 83600 PE 15 JUL 25,1m,80398060.0,28.338859,SENSEX,weekly_series_expiry_day,21
41,0.279496,24,28,expiry_day|5m|rsi_55|target_20pct,anti,60,491936636668.555,anti,-1,0.274483,320.75,59.0308,2025-07-17T13:05:00+05:30,384.9,target_20pct_hit,target_20pct,2025-07-17 14:55:00+05:30,2025-07-17,True,weekly,3299122389.779335,anti,22,110,396.0,23.4606,PE,13,20.0,rsi_55,NIFTY|weekly|2025-07-17,25486.2,25166.85,25500.0,NIFTY 25500 PE 17 JUL 25,5m,352439175.0,27.424565,NIFTY,weekly_series_expiry_day,22
49,0.245731,8,29,expiry_day|5m|rsi_55|target_20pct,aligned,60,-300744198996.7167,aligned,-1,2.634396,1289.05,62.0003,2025-07-22T14:25:00+05:30,1313.0,hold_to_end_target_20pct_not_hit,target_20pct,2025-07-22 15:30:00+05:30,2025-07-22,True,weekly,-504444778.208852,aligned,13,65,1347.8,4.5576,PE,20,1.858,rsi_55,SENSEX|weekly|2025-07-22,83431.57,82210.58,83500.0,SENSEX 83500 PE 22 JUL 25,5m,80657680.0,29.411959,SENSEX,weekly_series_expiry_day,23
53,0.34186,0,24,expiry_day|5m|rsi_55|target_20pct,mixed,60,-316058161574.1985,anti,1,0.009856,2.0,62.394,2025-07-24T12:05:00+05:30,0.05,hold_to_end_target_20pct_not_hit,target_20pct,2025-07-24 15:30:00+05:30,2025-07-24,True,weekly,2569616402.402936,aligned,41,205,2.0,0.0,CE,29,-97.5,rsi_55,NIFTY|weekly|2025-07-24,25483.0,25021.05,25500.0,NIFTY 25500 CE 24 JUL 25,5m,372015825.0,30.750104,NIFTY,weekly_series_expiry_day,24
28,0.25416,2,21,expiry_day|5m|rsi_55|target_20pct,mixed,60,287726129295.2811,anti,-1,1.707327,437.2,59.1152,2025-07-24T14:50:00+05:30,438.8,hold_to_end_target_20pct_not_hit,target_20pct,2025-07-24 15:30:00+05:30,2025-07-24,True,weekly,-603121868.163293,aligned,8,40,454.0,3.8426,PE,7,0.366,rsi_55,NIFTY|weekly|2025-07-24,25483.0,25061.3,25500.0,NIFTY 25500 PE 24 JUL 25,5m,241030275.0,30.750104,NIFTY,weekly_series_expiry_day,24
54,0.224108,23,28,expiry_day|1m|rsi_60|target_20pct,mixed,60,-117261777578.503,anti,1,0.004609,2.85,66.8488,2025-08-05T11:31:00+05:30,3.42,target_20pct_hit,target_20pct,2025-08-05 11:54:00+05:30,2025-08-05,True,weekly,48782680.4613,aligned,23,23,3.5,22.807,CE,26,20.0,rsi_60,SENSEX|weekly|2025-08-05,82449.31,80656.5,82400.0,SENSEX 82400 CE 05 AUG 25,1m,76697940.0,27.1945,SENSEX,weekly_series_expiry_day,25
48,0.232312,250,29,expiry_day|1m|rsi_60|target_20pct,mixed,60,-68218670883.6515,aligned,-1,3.896782,1765.7,89.8944,2025-08-05T10:45:00+05:30,1684.0,hold_to_end_target_20pct_not_hit,target_20pct,2025-08-05 15:29:00+05:30,2025-08-05,True,weekly,49340917.199924,anti,284,284,1829.7,3.6246,PE,19,-4.6271,rsi_60,SENSEX|weekly|2025-08-05,82449.31,80624.54,82400.0,SENSEX 82400 PE 05 AUG 25,1m,70440300.0,27.1945,SENSEX,weekly_series_expiry_day,25
49,0.26537,23,28,expiry_day|1m|rsi_60|target_20pct,aligned,60,277953136833.2205,aligned,1,1.068284,53.8,65.8333,2025-08-12T12:17:00+05:30,64.56,target_20pct_hit,target_20pct,2025-08-12 12:19:00+05:30,2025-08-12,True,weekly,206440584.648973,aligned,2,2,136.9,154.461,CE,21,20.0,rsi_60,SENSEX|weekly|2025-08-12,80725.74,80545.93,80800.0,SENSEX 80800 CE 12 AUG 25,1m,77572980.0,27.693967,SENSEX,weekly_series_expiry_day,27
47,0.343552,1,28,expiry_day|1m|rsi_60|target_20pct,aligned,60,504066430322.1857,aligned,1,2.577872,57.65,78.2983,2025-08-12T13:58:00+05:30,0.05,hold_to_end_target_20pct_not_hit,target_20pct,2025-08-12 15:29:00+05:30,2025-08-12,True,weekly,26351375.669172,aligned,91,91,59.05,2.4284,CE,19,-99.9133,rsi_60,SENSEX|weekly|2025-08-12,80725.74,80603.29,80800.0,SENSEX 80800 CE 12 AUG 25,1m,86976440.0,27.693967,SENSEX,weekly_series_expiry_day,27
50,0.25566,283,30,expiry_day|1m|rsi_60|target_20pct,aligned,60,-72775344292.6812,aligned,-1,0.661962,144.55,62.5104,2025-08-12T10:20:00+05:30,173.46,target_20pct_hit,target_20pct,2025-08-12 10:28:00+05:30,2025-08-12,True,weekly,-403453134.02181,aligned,8,8,637.2,340.8163,PE,20,20.0,rsi_60,SENSEX|weekly|2025-08-12,80725.74,80825.75,80800.0,SENSEX 80800 PE 12 AUG 25,1m,65458440.0,27.693967,SENSEX,weekly_series_expiry_day,27
49,0.26476,127,30,expiry_day|1m|rsi_60|target_20pct,aligned,60,-116468761146.866,aligned,-1,3.555778,216.05,61.3745,2025-08-12T12:56:00+05:30,259.26,target_20pct_hit,target_20pct,2025-08-12 13:15:00+05:30,2025-08-12,True,weekly,-380433283.543024,aligned,19,19,637.2,194.9317,PE,19,20.0,rsi_60,SENSEX|weekly|2025-08-12,80725.74,80610.93,80800.0,SENSEX 80800 PE 12 AUG 25,1m,77291030.0,27.693967,SENSEX,weekly_series_expiry_day,27
46,0.320344,57,30,expiry_day|1m|rsi_60|target_20pct,aligned,60,-113207856533.546,aligned,-1,3.372053,310.35,60.6321,2025-08-12T14:06:00+05:30,372.42,target_20pct_hit,target_20pct,2025-08-12 14:12:00+05:30,2025-08-12,True,weekly,-952920838.154099,aligned,6,6,637.2,105.3166,PE,16,20.0,rsi_60,SENSEX|weekly|2025-08-12,80725.74,80459.87,80800.0,SENSEX 80800 PE 12 AUG 25,1m,79616780.0,27.693967,SENSEX,weekly_series_expiry_day,27
52,0.263159,2,30,expiry_day|1m|rsi_60|target_20pct,mixed,60,356984518202.2639,aligned,1,0.730668,35.35,66.1161,2025-08-14T09:45:00+05:30,0.05,hold_to_end_target_20pct_not_hit,target_20pct,2025-08-14 15:29:00+05:30,2025-08-14,True,weekly,-78789383.310577,anti,344,344,39.25,11.0325,CE,22,-99.8586,rsi_60,NIFTY|weekly|2025-08-14,24699.1,24667.05,24700.0,NIFTY 24700 CE 14 AUG 25,1m,393587250.0,29.143318,NIFTY,weekly_series_expiry_day,28
49,0.268581,216,29,expiry_day|1m|rsi_60|target_20pct,aligned,60,-12079890944.6705,aligned,-1,0.004612,75.75,61.0849,2025-08-14T10:55:00+05:30,90.9,target_20pct_hit,target_20pct,2025-08-14 11:42:00+05:30,2025-08-14,True,weekly,-638565246.487823,aligned,47,47,108.0,42.5743,PE,20,20.0,rsi_60,NIFTY|weekly|2025-08-14,24699.1,24640.45,24700.0,NIFTY 24700 PE 14 AUG 25,1m,447692775.0,29.143318,NIFTY,weekly_series_expiry_day,28
39,0.290663,70,27,expiry_day|1m|rsi_60|target_20pct,mixed,60,200732806278.0892,anti,-1,0.340917,63.6,63.7072,2025-08-14T13:21:00+05:30,76.32,target_20pct_hit,target_20pct,2025-08-14 13:29:00+05:30,2025-08-14,True,weekly,-2432502115.556611,aligned,8,8,108.0,69.8113,PE,12,20.0,rsi_60,NIFTY|weekly|2025-08-14,24699.1,24636.2,24700.0,NIFTY 24700 PE 14 AUG 25,1m,424004025.0,29.143318,NIFTY,weekly_series_expiry_day,28
40,0.276329,27,18,expiry_day|1m|rsi_60|target_20pct,mixed,60,-142711075583.5699,aligned,-1,0.425111,69.1,61.7791,2025-08-14T14:04:00+05:30,82.92,target_20pct_hit,target_20pct,2025-08-14 14:17:00+05:30,2025-08-14,True,weekly,1947184559.891933,anti,13,13,108.0,56.2952,PE,22,20.0,rsi_60,NIFTY|weekly|2025-08-14,24699.1,24638.7,24700.0,NIFTY 24700 PE 14 AUG 25,1m,405745500.0,29.143318,NIFTY,weekly_series_expiry_day,28
48,0.225376,140,33,expiry_day|1m|rsi_60|target_20pct,aligned,60,693476879734.6212,aligned,1,1.380407,1250.0,67.1597,2025-08-19T10:16:00+05:30,1500.0,target_20pct_hit,target_20pct,2025-08-19 12:18:00+05:30,2025-08-19,True,weekly,1933174806.177661,aligned,122,122,1564.55,25.164,CE,15,20.0,rsi_60,SENSEX|weekly|2025-08-19,80923.2,81435.48,80200.0,SENSEX 80200 CE 19 AUG 25,1m,49446540.0,29.8294,SENSEX,weekly_series_expiry_day,29
30,0.257099,16,16,expiry_day|1m|rsi_60|target_20pct,aligned,60,791928266363.3446,aligned,1,1.699446,1369.5,63.1876,2025-08-19T14:24:00+05:30,1447.35,hold_to_end_target_20pct_not_hit,target_20pct,2025-08-19 15:29:00+05:30,2025-08-19,True,weekly,4412717234.817674,aligned,65,65,1482.0,8.2147,CE,14,5.6846,rsi_60,SENSEX|weekly|2025-08-19,80923.2,81576.56,80200.0,SENSEX 80200 CE 19 AUG 25,1m,43760240.0,29.8294,SENSEX,weekly_series_expiry_day,29
50,0.231112,183,37,expiry_day|1m|rsi_60|target_20pct,anti,60,672407028880.0359,anti,-1,0.024749,3.75,62.6622,2025-08-19T10:36:00+05:30,4.5,target_20pct_hit,target_20pct,2025-08-19 13:39:00+05:30,2025-08-19,True,weekly,2109810333.858335,anti,183,183,4.55,21.3333,PE,13,20.0,rsi_60,SENSEX|weekly|2025-08-19,80923.2,81403.2,80200.0,SENSEX 80200 PE 19 AUG 25,1m,53192160.0,29.8294,SENSEX,weekly_series_expiry_day,29
50,0.226054,267,20,expiry_day|1m|rsi_60|target_20pct,aligned,60,602106703512.6855,aligned,1,0.014627,587.85,63.7948,2025-08-21T09:50:00+05:30,584.1,hold_to_end_target_20pct_not_hit,target_20pct,2025-08-21 15:29:00+05:30,2025-08-21,True,weekly,3125430063.386909,aligned,339,339,649.25,10.4448,CE,30,-0.6379,rsi_60,NIFTY|weekly|2025-08-21,24501.7,25090.2,24500.0,NIFTY 24500 CE 21 AUG 25,1m,404909925.0,31.589084,NIFTY,weekly_series_expiry_day,30
51,0.246585,0,29,expiry_day|1m|rsi_60|target_20pct,mixed,60,264987283172.324,anti,-1,0.001679,1.25,65.0868,2025-08-21T11:18:00+05:30,0.05,hold_to_end_target_20pct_not_hit,target_20pct,2025-08-21 15:29:00+05:30,2025-08-21,True,weekly,-1034673646.88808,aligned,251,251,1.25,0.0,PE,22,-96.0,rsi_60,NIFTY|weekly|2025-08-21,24501.7,25126.8,24500.0,NIFTY 24500 PE 21 AUG 25,1m,439533750.0,31.589084,NIFTY,weekly_series_expiry_day,30
55,0.266677,242,30,expiry_day|1m|rsi_60|target_20pct,anti,60,193371178941.3136,anti,-1,0.179873,1150.0,69.4531,2025-09-04T11:14:00+05:30,1380.0,target_20pct_hit,target_20pct,2025-09-04 14:28:00+05:30,2025-09-04,True,weekly,520517385.383128,anti,194,194,1422.6,23.7043,PE,25,20.0,rsi_60,SENSEX|weekly|2025-09-04,82051.04,80944.4,82100.0,SENSEX 82100 PE 04 SEP 25,1m,90482840.0,30.18554,SENSEX,weekly_series_expiry_day,31
32,0.27334,10,9,expiry_day|1m|rsi_60|target_20pct,mixed,60,-395340310948.9753,aligned,-1,3.938911,1403.75,69.3074,2025-09-04T15:06:00+05:30,1384.95,hold_to_end_target_20pct_not_hit,target_20pct,2025-09-04 15:29:00+05:30,2025-09-04,True,weekly,4768697710.830163,anti,23,23,1422.6,1.3428,PE,23,-1.3393,rsi_60,SENSEX|weekly|2025-09-04,82051.04,80779.95,82100.0,SENSEX 82100 PE 04 SEP 25,1m,80708830.0,30.18554,SENSEX,weekly_series_expiry_day,31
50,0.187125,201,29,expiry_day|1m|rsi_60|target_20pct,aligned,60,186459085174.6843,aligned,1,2.398613,985.8,65.515,2025-09-11T10:31:00+05:30,1048.4,hold_to_end_target_20pct_not_hit,target_20pct,2025-09-11 15:29:00+05:30,2025-09-11,True,weekly,80375064.505085,aligned,298,298,1107.75,12.3707,CE,21,6.3502,rsi_60,SENSEX|weekly|2025-09-11,80416.2,81458.68,80500.0,SENSEX 80500 CE 11 SEP 25,1m,91039900.0,30.607762,SENSEX,weekly_series_expiry_day,32
49,0.179496,10,32,expiry_day|1m|rsi_60|target_20pct,mixed,60,231518668187.5075,aligned,1,0.419047,1954.5,61.6179,2025-09-18T10:37:00+05:30,1920.7,hold_to_end_target_20pct_not_hit,target_20pct,2025-09-18 15:29:00+05:30,2025-09-18,True,weekly,-563509281.887108,anti,292,292,2004.7,2.5684,CE,17,-1.7293,rsi_60,SENSEX|weekly|2025-09-18,81092.25,83007.39,81100.0,SENSEX 81100 CE 18 SEP 25,1m,90806160.0,31.06916,SENSEX,weekly_series_expiry_day,33
49,0.230878,0,32,expiry_day|1m|rsi_60|target_20pct,anti,60,273047438794.3562,anti,-1,0.013473,1.75,61.7117,2025-09-18T13:26:00+05:30,0.05,hold_to_end_target_20pct_not_hit,target_20pct,2025-09-18 15:29:00+05:30,2025-09-18,True,weekly,680389933.386451,anti,123,123,1.8,2.8571,PE,17,-97.1429,rsi_60,SENSEX|weekly|2025-09-18,81092.25,82868.28,81100.0,SENSEX 81100 PE 18 SEP 25,1m,100287660.0,31.06916,SENSEX,weekly_series_expiry_day,33
51,0.262898,0,29,expiry_day|1m|rsi_60|target_20pct,mixed,60,43881110178.2541,aligned,1,0.005317,0.85,64.7105,2025-10-01T13:48:00+05:30,0.05,hold_to_end_target_20pct_not_hit,target_20pct,2025-10-01 15:29:00+05:30,2025-10-01,True,weekly,-244278844.671271,anti,101,101,0.85,0.0,CE,22,-94.1176,rsi_60,SENSEX|weekly|2025-10-01,82582.41,80809.14,82600.0,SENSEX 82600 CE 01 OCT 25,1m,100587330.0,29.739514,SENSEX,weekly_series_expiry_day,34
52,0.258637,44,30,expiry_day|1m|rsi_60|target_20pct,mixed,60,52825312326.4906,anti,-1,2.377175,1809.5,75.6892,2025-10-01T12:29:00+05:30,1623.65,hold_to_end_target_20pct_not_hit,target_20pct,2025-10-01 15:29:00+05:30,2025-10-01,True,weekly,-505454569.869509,aligned,180,180,1821.75,0.677,PE,22,-10.2708,rsi_60,SENSEX|weekly|2025-10-01,82582.41,80824.56,82600.0,SENSEX 82600 PE 01 OCT 25,1m,88874860.0,29.739514,SENSEX,weekly_series_expiry_day,34
51,0.220684,279,30,expiry_day|1m|rsi_60|target_20pct,aligned,60,442198050529.9315,aligned,1,1.37499,391.25,61.6048,2025-10-09T10:24:00+05:30,469.5,target_20pct_hit,target_20pct,2025-10-09 10:36:00+05:30,2025-10-09,True,weekly,741263515.181841,aligned,12,12,705.0,80.1917,CE,21,20.0,rsi_60,SENSEX|weekly|2025-10-09,81517.12,81818.63,81500.0,SENSEX 81500 CE 09 OCT 25,1m,90045040.0,28.442519,SENSEX,weekly_series_expiry_day,35
50,0.236771,166,30,expiry_day|1m|rsi_60|target_20pct,mixed,60,274581429947.9989,aligned,1,2.754941,632.65,60.5589,2025-10-09T12:17:00+05:30,672.0,hold_to_end_target_20pct_not_hit,target_20pct,2025-10-09 15:29:00+05:30,2025-10-09,True,weekly,-486968793.632753,anti,192,192,705.0,11.436,CE,20,6.2199,rsi_60,SENSEX|weekly|2025-10-09,81517.12,82062.65,81500.0,SENSEX 81500 CE 09 OCT 25,1m,97452880.0,28.442519,SENSEX,weekly_series_expiry_day,35
47,0.239874,1,30,expiry_day|1m|rsi_60|target_20pct,aligned,60,-213761537204.3969,aligned,-1,0.112745,11.65,62.4187,2025-10-09T12:40:00+05:30,0.15,hold_to_end_target_20pct_not_hit,target_20pct,2025-10-09 15:29:00+05:30,2025-10-09,True,weekly,-1310961491.794287,aligned,169,169,12.95,11.1588,PE,17,-98.7124,rsi_60,SENSEX|weekly|2025-10-09,81517.12,81971.71,81500.0,SENSEX 81500 PE 09 OCT 25,1m,99954460.0,28.442519,SENSEX,weekly_series_expiry_day,35
54,0.196244,144,30,expiry_day|1m|rsi_60|target_20pct,anti,60,307274202266.8433,anti,-1,0.023369,3.65,67.803,2025-10-16T10:30:00+05:30,4.38,target_20pct_hit,target_20pct,2025-10-16 12:53:00+05:30,2025-10-16,True,weekly,227887965.571149,anti,143,143,4.85,32.8767,PE,24,20.0,rsi_60,SENSEX|weekly|2025-10-16,80874.82,83037.31,80900.0,SENSEX 80900 PE 16 OCT 25,1m,88258200.0,28.408562,SENSEX,weekly_series_expiry_day,36
46,0.259085,50,17,expiry_day|1m|rsi_60|target_20pct,anti,60,266476883514.2721,anti,-1,0.031457,3.65,60.7525,2025-10-16T13:46:00+05:30,4.38,target_20pct_hit,target_20pct,2025-10-16 14:16:00+05:30,2025-10-16,True,weekly,1133704206.151056,anti,30,30,4.7,28.7671,PE,29,20.0,rsi_60,SENSEX|weekly|2025-10-16,80874.82,83319.2,80900.0,SENSEX 80900 PE 16 OCT 25,1m,95738340.0,28.408562,SENSEX,weekly_series_expiry_day,36
43,0.312063,2,15,expiry_day|1m|rsi_60|target_20pct,anti,60,490713718651.4526,anti,-1,0.040743,4.4,62.3858,2025-10-16T14:34:00+05:30,0.05,hold_to_end_target_20pct_not_hit,target_20pct,2025-10-16 15:29:00+05:30,2025-10-16,True,weekly,1888563955.129309,anti,55,55,4.7,6.8182,PE,28,-98.8636,rsi_60,SENSEX|weekly|2025-10-16,80874.82,83522.63,80900.0,SENSEX 80900 PE 16 OCT 25,1m,86606720.0,28.408562,SENSEX,weekly_series_expiry_day,36
48,0.216886,34,31,expiry_day|1m|rsi_60|target_20pct,mixed,60,223548062281.7761,aligned,1,6.975478,3410.0,99.1088,2025-10-23T12:06:00+05:30,2755.0,hold_to_end_target_20pct_not_hit,target_20pct,2025-10-23 15:29:00+05:30,2025-10-23,True,weekly,-621039733.335554,anti,203,203,3492.7,2.4252,CE,17,-19.2082,rsi_60,SENSEX|weekly|2025-10-23,81787.82,85149.54,81800.0,SENSEX 81800 CE 23 OCT 25,1m,91321140.0,28.496657,SENSEX,weekly_series_expiry_day,37
51,0.216043,10,31,expiry_day|1m|rsi_60|target_20pct,anti,60,465384658135.7943,anti,-1,0.010845,2.55,60.4402,2025-10-23T10:10:00+05:30,0.05,hold_to_end_target_20pct_not_hit,target_20pct,2025-10-23 15:29:00+05:30,2025-10-23,True,weekly,351178765.5953,anti,319,319,2.8,9.8039,PE,20,-98.0392,rsi_60,SENSEX|weekly|2025-10-23,81787.82,85226.0,81800.0,SENSEX 81800 PE 23 OCT 25,1m,72968750.0,28.496657,SENSEX,weekly_series_expiry_day,37
56,0.207136,1,28,expiry_day|1m|rsi_60|target_20pct,mixed,60,-209754216783.9208,anti,1,0.001242,2.7,60.2058,2025-11-06T10:15:00+05:30,0.05,hold_to_end_target_20pct_not_hit,target_20pct,2025-11-06 15:29:00+05:30,2025-11-06,True,weekly,255896937.61047,aligned,314,314,3.15,16.6667,CE,28,-98.1481,rsi_60,SENSEX|weekly|2025-11-06,84959.71,83410.75,85000.0,SENSEX 85000 CE 06 NOV 25,1m,74003640.0,27.242575,SENSEX,weekly_series_expiry_day,38
46,0.21128,177,17,expiry_day|1m|rsi_60|target_20pct,mixed,60,-206511562278.6893,aligned,-1,1.284376,1596.0,61.8107,2025-11-06T12:14:00+05:30,1687.0,hold_to_end_target_20pct_not_hit,target_20pct,2025-11-06 15:29:00+05:30,2025-11-06,True,weekly,646415585.683491,anti,195,195,1730.9,8.4524,PE,29,5.7018,rsi_60,SENSEX|weekly|2025-11-06,84959.71,83448.17,85000.0,SENSEX 85000 PE 06 NOV 25,1m,97788020.0,27.242575,SENSEX,weekly_series_expiry_day,38
57,0.203484,234,28,expiry_day|1m|rsi_55|target_20pct,aligned,60,379402854638.694,aligned,1,0.470036,43.7,58.4359,2025-11-13T09:47:00+05:30,52.44,target_20pct_hit,target_20pct,2025-11-13 09:50:00+05:30,2025-11-13,True,weekly,559543788.365662,aligned,3,3,180.0,311.8993,CE,29,20.0,rsi_55,SENSEX|weekly|2025-11-13,84782.47,84470.9,84800.0,SENSEX 84800 CE 13 NOV 25,1m,78953560.0,27.239214,SENSEX,weekly_series_expiry_day,39
51,0.229587,123,31,expiry_day|1m|rsi_55|target_20pct,mixed,60,230756531308.5042,aligned,1,0.881042,131.95,59.2302,2025-11-13T11:38:00+05:30,158.34,target_20pct_hit,target_20pct,2025-11-13 13:41:00+05:30,2025-11-13,True,weekly,-282987815.459028,anti,123,123,180.0,36.4153,CE,20,20.0,rsi_55,SENSEX|weekly|2025-11-13,84782.47,84789.09,84800.0,SENSEX 84800 CE 13 NOV 25,1m,97652330.0,27.239214,SENSEX,weekly_series_expiry_day,39
55,0.230084,198,31,expiry_day|1m|rsi_55|target_20pct,mixed,60,37903360650.9896,anti,-1,0.579459,146.85,55.1467,2025-11-13T11:43:00+05:30,176.22,target_20pct_hit,target_20pct,2025-11-13 12:37:00+05:30,2025-11-13,True,weekly,-522471619.266081,aligned,54,54,393.3,167.8243,PE,24,20.0,rsi_55,SENSEX|weekly|2025-11-13,84782.47,84755.57,84800.0,SENSEX 84800 PE 13 NOV 25,1m,97042460.0,27.239214,SENSEX,weekly_series_expiry_day,39
51,0.27754,65,30,expiry_day|1m|rsi_55|target_20pct,aligned,60,-273234964213.9221,aligned,-1,1.41642,84.7,63.6346,2025-11-13T13:56:00+05:30,101.64,target_20pct_hit,target_20pct,2025-11-13 13:58:00+05:30,2025-11-13,True,weekly,-1247124667.144879,aligned,2,2,393.3,364.3447,PE,21,20.0,rsi_55,SENSEX|weekly|2025-11-13,84782.47,84783.91,84800.0,SENSEX 84800 PE 13 NOV 25,1m,111622980.0,27.239214,SENSEX,weekly_series_expiry_day,39
38,0.285926,23,14,expiry_day|1m|rsi_55|target_20pct,mixed,60,-298373515705.001,aligned,-1,2.25626,254.1,55.417,2025-11-13T14:38:00+05:30,304.92,target_20pct_hit,target_20pct,2025-11-13 14:53:00+05:30,2025-11-13,True,weekly,518669836.607093,anti,15,15,393.3,54.7816,PE,24,20.0,rsi_55,SENSEX|weekly|2025-11-13,84782.47,84574.97,84800.0,SENSEX 84800 PE 13 NOV 25,1m,97991640.0,27.239214,SENSEX,weekly_series_expiry_day,39
49,0.202048,176,31,expiry_day|1m|rsi_55|target_20pct,aligned,60,628691395665.375,aligned,1,10.136911,1747.05,98.792,2025-11-20T10:43:00+05:30,1936.3,hold_to_end_target_20pct_not_hit,target_20pct,2025-11-20 15:29:00+05:30,2025-11-20,True,weekly,715630295.609422,aligned,286,286,2036.25,16.5536,CE,18,10.8325,rsi_55,SENSEX|weekly|2025-11-20,83733.23,85422.13,83700.0,SENSEX 83700 CE 20 NOV 25,1m,91630640.0,29.252775,SENSEX,weekly_series_expiry_day,40
52,0.208873,123,31,expiry_day|1m|rsi_55|target_20pct,anti,60,431162190426.8246,anti,-1,0.017287,3.05,63.3824,2025-11-20T11:33:00+05:30,3.66,target_20pct_hit,target_20pct,2025-11-20 11:37:00+05:30,2025-11-20,True,weekly,160462980.774096,anti,4,4,5.85,91.8033,PE,21,20.0,rsi_55,SENSEX|weekly|2025-11-20,83733.23,85440.08,83700.0,SENSEX 83700 PE 20 NOV 25,1m,97271640.0,29.252775,SENSEX,weekly_series_expiry_day,40
52,0.216192,97,28,expiry_day|1m|rsi_55|target_20pct,anti,60,450858907953.6766,anti,-1,0.006902,3.3,60.1647,2025-11-20T11:59:00+05:30,3.96,target_20pct_hit,target_20pct,2025-11-20 12:34:00+05:30,2025-11-20,True,weekly,498538099.316262,anti,35,35,5.85,77.2727,PE,24,20.0,rsi_55,SENSEX|weekly|2025-11-20,83733.23,85463.74,83700.0,SENSEX 83700 PE 20 NOV 25,1m,102615280.0,29.252775,SENSEX,weekly_series_expiry_day,40
48,0.246155,6,26,expiry_day|1m|rsi_55|target_20pct,mixed,60,240752337098.1493,aligned,1,0.996907,53.7,68.8384,2025-12-04T13:24:00+05:30,0.05,hold_to_end_target_20pct_not_hit,target_20pct,2025-12-04 15:29:00+05:30,2025-12-04,True,weekly,-266169312.325974,anti,125,125,58.0,8.0074,CE,22,-99.9069,rsi_55,SENSEX|weekly|2025-12-04,85375.28,85180.35,85300.0,SENSEX 85300 CE 04 DEC 25,1m,122285820.0,30.378552,SENSEX,weekly_series_expiry_day,41
53,0.205866,143,28,expiry_day|1m|rsi_55|target_20pct,aligned,60,-111883523791.6472,aligned,-1,0.105251,82.2,55.2319,2025-12-04T11:18:00+05:30,98.64,target_20pct_hit,target_20pct,2025-12-04 11:38:00+05:30,2025-12-04,True,weekly,-628341633.971066,aligned,20,20,295.1,259.0024,PE,25,20.0,rsi_55,SENSEX|weekly|2025-12-04,85375.28,85385.57,85300.0,SENSEX 85300 PE 04 DEC 25,1m,114861400.0,30.378552,SENSEX,weekly_series_expiry_day,41
50,0.215334,86,26,expiry_day|1m|rsi_55|target_20pct,aligned,60,-249363544143.9295,aligned,-1,0.79465,160.75,56.7253,2025-12-04T12:15:00+05:30,192.9,target_20pct_hit,target_20pct,2025-12-04 12:20:00+05:30,2025-12-04,True,weekly,-549162740.239978,aligned,5,5,295.1,83.577,PE,24,20.0,rsi_55,SENSEX|weekly|2025-12-04,85375.28,85199.63,85300.0,SENSEX 85300 PE 04 DEC 25,1m,115998400.0,30.378552,SENSEX,weekly_series_expiry_day,41
51,0.221085,59,21,expiry_day|1m|rsi_55|target_20pct,aligned,60,-261372916475.451,aligned,-1,0.234606,168.3,60.0059,2025-12-04T12:42:00+05:30,201.96,target_20pct_hit,target_20pct,2025-12-04 12:45:00+05:30,2025-12-04,True,weekly,-173837699.424173,aligned,3,3,295.1,75.3417,PE,30,20.0,rsi_55,SENSEX|weekly|2025-12-04,85375.28,85197.58,85300.0,SENSEX 85300 PE 04 DEC 25,1m,120120510.0,30.378552,SENSEX,weekly_series_expiry_day,41
52,0.257945,5,21,expiry_day|1m|rsi_55|target_20pct,aligned,60,-780216354784.9502,aligned,-1,5.450484,257.15,73.7248,2025-12-04T13:36:00+05:30,34.15,hold_to_end_target_20pct_not_hit,target_20pct,2025-12-04 15:29:00+05:30,2025-12-04,True,weekly,-1145191672.13667,aligned,113,113,295.1,14.7579,PE,31,-86.7198,rsi_55,SENSEX|weekly|2025-12-04,85375.28,85073.5,85300.0,SENSEX 85300 PE 04 DEC 25,1m,124684840.0,30.378552,SENSEX,weekly_series_expiry_day,41
49,0.247163,1,19,expiry_day|1m|rsi_55|target_20pct,aligned,60,349218050235.191,aligned,1,0.044281,3.6,62.5972,2025-12-11T12:29:00+05:30,0.05,hold_to_end_target_20pct_not_hit,target_20pct,2025-12-11 15:29:00+05:30,2025-12-11,True,weekly,638443441.9635,aligned,180,180,3.9,8.3333,CE,30,-98.6111,rsi_55,SENSEX|weekly|2025-12-11,85715.76,84870.75,85600.0,SENSEX 85600 CE 11 DEC 25,1m,97752560.0,30.195419,SENSEX,weekly_series_expiry_day,42
51,0.22433,7,30,expiry_day|1m|rsi_55|target_20pct,aligned,60,-94679255839.4541,aligned,-1,3.020131,1065.4,57.824,2025-12-11T10:57:00+05:30,783.7,hold_to_end_target_20pct_not_hit,target_20pct,2025-12-11 15:29:00+05:30,2025-12-11,True,weekly,-214531974.699146,aligned,272,272,1249.45,17.2752,PE,21,-26.4408,rsi_55,SENSEX|weekly|2025-12-11,85715.76,84519.7,85600.0,SENSEX 85600 PE 11 DEC 25,1m,91647880.0,30.195419,SENSEX,weekly_series_expiry_day,42
57,0.193218,33,28,expiry_day|1m|rsi_55|target_20pct,aligned,60,126757756723.6303,aligned,1,0.043531,13.15,58.4389,2025-12-18T10:10:00+05:30,15.78,target_20pct_hit,target_20pct,2025-12-18 10:11:00+05:30,2025-12-18,True,weekly,556323537.990976,aligned,1,1,39.3,198.8593,CE,29,20.0,rsi_55,SENSEX|weekly|2025-12-18,85010.36,84386.92,85000.0,SENSEX 85000 CE 18 DEC 25,1m,95528210.0,29.280749,SENSEX,weekly_series_expiry_day,43
47,0.199292,72,27,expiry_day|1m|rsi_55|target_20pct,mixed,60,121420616452.1149,aligned,1,0.17549,21.75,58.403,2025-12-18T11:26:00+05:30,0.1,hold_to_end_target_20pct_not_hit,target_20pct,2025-12-18 15:29:00+05:30,2025-12-18,True,weekly,-399210842.025606,anti,243,243,25.9,19.0805,CE,20,-99.5402,rsi_55,SENSEX|weekly|2025-12-18,85010.36,84612.67,85000.0,SENSEX 85000 CE 18 DEC 25,1m,102434520.0,29.280749,SENSEX,weekly_series_expiry_day,43
52,0.197287,229,29,expiry_day|1m|rsi_55|target_20pct,aligned,60,-336380676848.8903,aligned,-1,0.668725,440.3,59.5062,2025-12-18T11:04:00+05:30,528.36,target_20pct_hit,target_20pct,2025-12-18 14:11:00+05:30,2025-12-18,True,weekly,-890944477.411371,aligned,187,187,622.6,41.4036,PE,23,20.0,rsi_55,SENSEX|weekly|2025-12-18,85010.36,84566.31,85000.0,SENSEX 85000 PE 18 DEC 25,1m,102273700.0,29.280749,SENSEX,weekly_series_expiry_day,43
43,0.166125,18,22,expiry_day|1m|rsi_55|target_20pct,aligned,60,1005171892498.577,aligned,1,1.023895,1325.0,59.1871,2026-01-01T10:33:00+05:30,1188.0,hold_to_end_target_20pct_not_hit,target_20pct,2026-01-01 15:29:00+05:30,2026-01-01,True,weekly,3836876305.605716,aligned,296,296,1395.55,5.3245,CE,21,-10.3396,rsi_55,SENSEX|weekly|2026-01-01,84445.59,85349.59,84000.0,SENSEX 84000 CE 01 JAN 26,1m,63687220.0,29.354348,SENSEX,weekly_series_expiry_day,44
48,0.16713,0,27,expiry_day|1m|rsi_55|target_20pct,anti,60,998234043199.4607,anti,-1,0.018716,1.85,68.3139,2026-01-01T10:51:00+05:30,0.05,hold_to_end_target_20pct_not_hit,target_20pct,2026-01-01 15:29:00+05:30,2026-01-01,True,weekly,3502938404.691217,anti,278,278,1.9,2.7027,PE,21,-97.2973,rsi_55,SENSEX|weekly|2026-01-01,84445.59,85396.1,84000.0,SENSEX 84000 PE 01 JAN 26,1m,60745960.0,29.354348,SENSEX,weekly_series_expiry_day,44
46,0.21133,38,30,expiry_day|1m|rsi_55|target_20pct,aligned,60,311652937153.4,aligned,1,0.027076,7.85,55.879,2026-01-08T11:27:00+05:30,9.42,target_20pct_hit,target_20pct,2026-01-08 12:02:00+05:30,2026-01-08,True,weekly,598157034.43923,aligned,35,35,10.05,28.0255,CE,16,20.0,rsi_55,SENSEX|weekly|2026-01-08,85280.45,84515.67,85300.0,SENSEX 85300 CE 08 JAN 26,1m,102827320.0,28.593204,SENSEX,weekly_series_expiry_day,45
47,0.266105,4,29,expiry_day|1m|rsi_55|target_20pct,mixed,60,-64439083049.8264,anti,1,0.028081,7.65,56.0701,2026-01-08T12:47:00+05:30,0.2,hold_to_end_target_20pct_not_hit,target_20pct,2026-01-08 15:29:00+05:30,2026-01-08,True,weekly,387647430.5619,aligned,162,162,8.1,5.8824,CE,18,-97.3856,rsi_55,SENSEX|weekly|2026-01-08,85280.45,84304.6,85300.0,SENSEX 85300 CE 08 JAN 26,1m,112353460.0,28.593204,SENSEX,weekly_series_expiry_day,45
47,0.282266,36,29,expiry_day|1m|rsi_55|target_20pct,aligned,60,-74340260298.1105,aligned,-1,2.558219,984.9,62.9121,2026-01-08T14:29:00+05:30,1120.1,hold_to_end_target_20pct_not_hit,target_20pct,2026-01-08 15:29:00+05:30,2026-01-08,True,weekly,-302915896.094844,aligned,60,60,1163.45,18.1287,PE,18,13.7273,rsi_55,SENSEX|weekly|2026-01-08,85280.45,84321.18,85300.0,SENSEX 85300 PE 08 JAN 26,1m,113278040.0,28.593204,SENSEX,weekly_series_expiry_day,45
56,0.205514,227,28,expiry_day|1m|rsi_55|target_20pct,anti,60,-363986494118.991,anti,1,0.002805,2.5,57.17,2026-01-14T10:17:00+05:30,0.05,hold_to_end_target_20pct_not_hit,target_20pct,2026-01-14 15:29:00+05:30,2026-01-14,True,weekly,-383647964.912784,anti,312,312,2.65,6.0,CE,28,-98.0,rsi_55,SENSEX|weekly|2026-01-14,84869.83,83490.58,84900.0,SENSEX 84900 CE 14 JAN 26,1m,96125720.0,28.658913,SENSEX,weekly_series_expiry_day,46
54,0.21138,277,28,expiry_day|1m|rsi_55|target_20pct,aligned,60,-427488952900.8268,aligned,-1,6.096761,1411.4,56.825,2026-01-14T09:46:00+05:30,1518.25,hold_to_end_target_20pct_not_hit,target_20pct,2026-01-14 15:29:00+05:30,2026-01-14,True,weekly,-503747778.254218,aligned,343,343,1625.1,15.141,PE,26,7.5705,rsi_55,SENSEX|weekly|2026-01-14,84869.83,83486.69,84900.0,SENSEX 84900 PE 14 JAN 26,1m,86760260.0,28.658913,SENSEX,weekly_series_expiry_day,46
53,0.339043,169,30,expiry_day|1m|rsi_55|target_20pct,mixed,60,-180246094630.4627,anti,1,0.003698,2.2,59.5555,2026-01-22T11:14:00+05:30,2.64,target_20pct_hit,target_20pct,2026-01-22 12:13:00+05:30,2026-01-22,True,weekly,17409158.150184,aligned,59,59,3.05,38.6364,CE,23,20.0,rsi_55,SENSEX|weekly|2026-01-22,84842.83,82025.1,84800.0,SENSEX 84800 CE 22 JAN 26,1m,75789300.0,28.325669,SENSEX,weekly_series_expiry_day,47
56,0.358883,58,26,expiry_day|1m|rsi_55|target_20pct,mixed,60,-150385456892.1595,anti,1,0.01491,2.2,56.3094,2026-01-22T13:05:00+05:30,2.64,target_20pct_hit,target_20pct,2026-01-22 13:12:00+05:30,2026-01-22,True,weekly,239706574.2708,aligned,7,7,3.05,38.6364,CE,30,20.0,rsi_55,SENSEX|weekly|2026-01-22,84842.83,82037.28,84800.0,SENSEX 84800 CE 22 JAN 26,1m,90719240.0,28.325669,SENSEX,weekly_series_expiry_day,47
50,0.377789,19,29,expiry_day|1m|rsi_55|target_20pct,aligned,60,54056953764.7816,aligned,1,0.005895,2.35,57.6262,2026-01-22T13:44:00+05:30,2.82,target_20pct_hit,target_20pct,2026-01-22 13:54:00+05:30,2026-01-22,True,weekly,239796071.8907,aligned,10,10,3.05,29.7872,CE,21,20.0,rsi_55,SENSEX|weekly|2026-01-22,84842.83,82024.71,84800.0,SENSEX 84800 CE 22 JAN 26,1m,94372600.0,28.325669,SENSEX,weekly_series_expiry_day,47
51,0.384224,1,29,expiry_day|1m|rsi_55|target_20pct,aligned,60,10866165269.3768,aligned,1,0.013525,2.6,56.2369,2026-01-22T14:23:00+05:30,0.05,hold_to_end_target_20pct_not_hit,target_20pct,2026-01-22 15:29:00+05:30,2026-01-22,True,weekly,410193093.909234,aligned,66,66,2.9,11.5385,CE,22,-98.0769,rsi_55,SENSEX|weekly|2026-01-22,84842.83,82020.59,84800.0,SENSEX 84800 CE 22 JAN 26,1m,94448760.0,28.325669,SENSEX,weekly_series_expiry_day,47
52,0.295205,233,30,expiry_day|1m|rsi_55|target_20pct,aligned,60,-292653808416.9047,aligned,-1,26.659862,2465.55,98.8136,2026-01-22T10:29:00+05:30,2478.7,hold_to_end_target_20pct_not_hit,target_20pct,2026-01-22 15:29:00+05:30,2026-01-22,True,weekly,-231783830.371814,aligned,300,300,2780.0,12.7537,PE,22,0.5333,rsi_55,SENSEX|weekly|2026-01-22,84842.83,82270.08,84800.0,SENSEX 84800 PE 22 JAN 26,1m,73473880.0,28.325669,SENSEX,weekly_series_expiry_day,47
54,0.244896,13,28,expiry_day|1m|rsi_55|target_20pct,aligned,60,345473561928.2178,aligned,1,0.452399,988.65,58.0397,2026-02-05T10:13:00+05:30,815.35,hold_to_end_target_20pct_not_hit,target_20pct,2026-02-05 15:29:00+05:30,2026-02-05,True,weekly,757117288.246656,aligned,316,316,1092.0,10.4536,CE,26,-17.529,rsi_55,SENSEX|weekly|2026-02-05,82488.15,83471.03,82500.0,SENSEX 82500 CE 05 FEB 26,1m,88473440.0,29.016568,SENSEX,weekly_series_expiry_day,48
51,0.254925,12,30,expiry_day|1m|rsi_55|target_20pct,aligned,60,-177730163701.6075,aligned,-1,0.212238,12.4,65.0479,2026-02-05T09:44:00+05:30,14.88,target_20pct_hit,target_20pct,2026-02-05 09:48:00+05:30,2026-02-05,True,weekly,-126516353.462982,aligned,4,4,16.15,30.2419,PE,21,20.0,rsi_55,SENSEX|weekly|2026-02-05,82488.15,83389.74,82500.0,SENSEX 82500 PE 05 FEB 26,1m,76638180.0,29.016568,SENSEX,weekly_series_expiry_day,48
48,0.245085,0,29,expiry_day|1m|rsi_55|target_20pct,aligned,60,-122083878897.2461,aligned,-1,0.032256,9.15,57.3434,2026-02-05T10:57:00+05:30,0.05,hold_to_end_target_20pct_not_hit,target_20pct,2026-02-05 15:29:00+05:30,2026-02-05,True,weekly,-88305294.891598,aligned,272,272,10.8,18.0328,PE,19,-99.4536,rsi_55,SENSEX|weekly|2026-02-05,82488.15,83335.12,82500.0,SENSEX 82500 PE 05 FEB 26,1m,96544940.0,29.016568,SENSEX,weekly_series_expiry_day,48
49,0.204232,76,19,expiry_day|1m|rsi_55|target_20pct,aligned,60,274618092480.063,aligned,1,0.472347,1705.0,67.8606,2026-02-12T12:17:00+05:30,1485.0,hold_to_end_target_20pct_not_hit,target_20pct,2026-02-12 15:29:00+05:30,2026-02-12,True,weekly,1671361435.75036,aligned,192,192,1753.2,2.827,CE,30,-12.9032,rsi_55,SENSEX|weekly|2026-02-12,82089.42,83811.07,82100.0,SENSEX 82100 CE 12 FEB 26,1m,115824360.0,28.603964,SENSEX,weekly_series_expiry_day,49
52,0.193454,24,22,expiry_day|1m|rsi_55|target_20pct,anti,60,325348980896.1343,anti,-1,0.002856,2.85,56.6506,2026-02-12T09:53:00+05:30,3.42,target_20pct_hit,target_20pct,2026-02-12 10:16:00+05:30,2026-02-12,True,weekly,1085599225.376564,anti,23,23,3.7,29.8246,PE,30,20.0,rsi_55,SENSEX|weekly|2026-02-12,82089.42,83930.8,82100.0,SENSEX 82100 PE 12 FEB 26,1m,93404890.0,28.603964,SENSEX,weekly_series_expiry_day,49
50,0.185412,129,30,expiry_day|1m|rsi_55|target_20pct,mixed,60,-25133152372.2927,aligned,-1,0.008768,3.05,57.4218,2026-02-12T10:58:00+05:30,0.05,hold_to_end_target_20pct_not_hit,target_20pct,2026-02-12 15:29:00+05:30,2026-02-12,True,weekly,295957189.024583,anti,271,271,3.45,13.1148,PE,20,-98.3607,rsi_55,SENSEX|weekly|2026-02-12,82089.42,83876.74,82100.0,SENSEX 82100 PE 12 FEB 26,1m,111270430.0,28.603964,SENSEX,weekly_series_expiry_day,49
47,0.302034,0,29,expiry_day|1m|rsi_55|target_20pct,aligned,60,469611485700.0547,aligned,1,0.027979,12.25,60.653,2026-02-19T13:09:00+05:30,0.05,hold_to_end_target_20pct_not_hit,target_20pct,2026-02-19 15:29:00+05:30,2026-02-19,True,weekly,615165567.38234,aligned,140,140,14.35,17.1429,CE,18,-99.5918,rsi_55,SENSEX|weekly|2026-02-19,83733.42,83045.17,83700.0,SENSEX 83700 CE 19 FEB 26,1m,102856160.0,28.24059,SENSEX,weekly_series_expiry_day,50
55,0.224559,246,30,expiry_day|1m|rsi_55|target_20pct,mixed,60,-6771591960.5323,aligned,-1,0.543771,337.95,61.4901,2026-02-19T11:13:00+05:30,405.54,target_20pct_hit,target_20pct,2026-02-19 11:23:00+05:30,2026-02-19,True,weekly,616156694.753555,anti,10,10,1240.4,267.0365,PE,25,20.0,rsi_55,SENSEX|weekly|2026-02-19,83733.42,83395.49,83700.0,SENSEX 83700 PE 19 FEB 26,1m,102372390.0,28.24059,SENSEX,weekly_series_expiry_day,50
47,0.305303,108,30,expiry_day|1m|rsi_55|target_20pct,aligned,60,-149135919451.8151,aligned,-1,1.76324,735.95,61.7199,2026-02-19T13:31:00+05:30,883.14,target_20pct_hit,target_20pct,2026-02-19 14:02:00+05:30,2026-02-19,True,weekly,-469053423.200635,aligned,31,31,1240.4,68.5441,PE,17,20.0,rsi_55,SENSEX|weekly|2026-02-19,83733.42,82932.38,83700.0,SENSEX 83700 PE 19 FEB 26,1m,102589880.0,28.24059,SENSEX,weekly_series_expiry_day,50
53,0.322973,52,25,expiry_day|1m|rsi_55|target_20pct,aligned,60,-615327144960.8766,aligned,-1,1.499845,857.8,59.7565,2026-02-19T14:27:00+05:30,1029.36,target_20pct_hit,target_20pct,2026-02-19 14:47:00+05:30,2026-02-19,True,weekly,-596422602.866698,aligned,20,20,1240.4,44.6025,PE,28,20.0,rsi_55,SENSEX|weekly|2026-02-19,83733.42,82847.24,83700.0,SENSEX 83700 PE 19 FEB 26,1m,108900960.0,28.24059,SENSEX,weekly_series_expiry_day,50
60,0.146077,4377,30,series|1m|rsi_60|trail_after_30pct_dd15pct,aligned,60,34596065892.1986,aligned,1,0.583769,598.04,82.2997,2025-04-15T15:23:00+05:30,1110.8,trail_after_30pct_dd15pct,trail_after_30pct_dd15pct,2025-04-25 14:52:00+05:30,2025-05-29,False,monthly,19817603.303794,aligned,1862,1862,1898.75,217.4955,CE,30,85.7401,rsi_60,NIFTY|monthly|2025-05-29,23257.05,23338.65,23250.0,NIFTY 23250 CE 29 MAY 25,1m,11154600.0,77.694131,NIFTY,monthly_series,1
58,0.160341,2477,32,series|1m|rsi_60|trail_after_30pct_dd15pct,aligned,60,75254783667.1818,aligned,1,9.409319,1261.75,95.1393,2025-04-28T10:05:00+05:30,1416.1,trail_after_30pct_dd15pct,trail_after_30pct_dd15pct,2025-05-13 15:11:00+05:30,2025-05-29,False,monthly,23917150.292426,aligned,2380,2380,1898.75,50.4854,CE,26,12.233,rsi_60,NIFTY|monthly|2025-05-29,23257.05,24256.15,23250.0,NIFTY 23250 CE 29 MAY 25,1m,32341275.0,77.694131,NIFTY,monthly_series,1
58,0.155665,75,32,series|1m|rsi_60|trail_after_30pct_dd15pct,aligned,60,123322944982.9219,aligned,1,1.993858,1477.5,74.0587,2025-05-14T14:44:00+05:30,1488.7,hold_to_end_trail_after_30pct_dd15pct,trail_after_30pct_dd15pct,2025-05-29 15:29:00+05:30,2025-05-29,False,monthly,80054187.769256,aligned,1514,1514,1898.75,28.511,CE,26,0.758,rsi_60,NIFTY|monthly|2025-05-29,23257.05,24625.55,23250.0,NIFTY 23250 CE 29 MAY 25,1m,49295775.0,77.694131,NIFTY,monthly_series,1
60,0.152938,455,30,series|1m|rsi_60|trail_after_30pct_dd15pct,anti,60,36322499580.9327,anti,-1,0.175601,400.85,67.8131,2025-04-15T10:38:00+05:30,0.1,hold_to_end_trail_after_30pct_dd15pct,trail_after_30pct_dd15pct,2025-05-29 15:29:00+05:30,2025-05-29,False,monthly,19364973.57756,anti,11458,11458,404.05,0.7983,PE,30,-99.9751,rsi_60,NIFTY|monthly|2025-05-29,23257.05,23303.15,23250.0,NIFTY 23250 PE 29 MAY 25,1m,10766250.0,77.694131,NIFTY,monthly_series,1
3,0.183748,40,0,series|1m|rsi_55|trail_after_30pct_dd15pct,anti,60,-2398300.5384,anti,1,91.737892,3450.0,100.0,2025-05-12T14:50:00+05:30,758.05,hold_to_end_trail_after_30pct_dd15pct,trail_after_30pct_dd15pct,2025-06-24 15:29:00+05:30,2025-06-24,False,monthly,-483.581725,anti,7153,7153,4400.0,27.5362,CE,3,-78.0275,rsi_55,SENSEX|monthly|2025-06-24,81978.6,82241.79,81300.0,SENSEX 81300 CE 24 JUN 25,1m,80.0,65.175389,SENSEX,monthly_series,2
2,0.159157,0,0,series|1m|rsi_55|trail_after_30pct_dd15pct,aligned,60,-4111547.3281,aligned,-1,100.901969,2758.0,99.9892,2025-05-14T11:24:00+05:30,0.05,hold_to_end_trail_after_30pct_dd15pct,trail_after_30pct_dd15pct,2025-06-24 15:29:00+05:30,2025-06-24,False,monthly,-873.724917,aligned,6834,6834,2758.0,0.0,PE,2,-99.9982,rsi_55,SENSEX|monthly|2025-06-24,81978.6,81504.19,81300.0,SENSEX 81300 PE 24 JUN 25,1m,120.0,65.175389,SENSEX,monthly_series,2
28,0.159376,2422,14,series|5m|macd_only|target_30pct,mixed,60,21153095626.352,aligned,1,1.788177,739.85,59.3301,2025-05-14T09:35:00+05:30,961.805,target_30pct_hit,target_30pct,2025-05-15 13:50:00+05:30,2025-06-26,False,monthly,-3239462.865,anti,127,635,1060.0,43.2723,CE,14,30.0,macd_only,NIFTY|monthly|2025-06-26,24514.05,24680.0,24500.0,NIFTY 24500 CE 26 JUN 25,5m,11530050.0,43.025363,NIFTY,monthly_series,3
22,0.149459,2232,12,series|5m|macd_only|target_30pct,aligned,60,23925948425.718,aligned,1,0.535746,946.05,60.3871,2025-05-16T12:45:00+05:30,1049.4,hold_to_end_target_30pct_not_hit,target_30pct,2025-06-26 15:30:00+05:30,2025-06-26,False,monthly,288614.78934,aligned,2237,11185,1060.0,12.0448,CE,10,10.9244,macd_only,NIFTY|monthly|2025-06-26,24514.05,25015.8,24500.0,NIFTY 24500 CE 26 JUN 25,5m,10372725.0,43.025363,NIFTY,monthly_series,3
35,0.155353,68,18,series|5m|macd_only|target_30pct,anti,60,12827898553.8011,anti,-1,0.581771,351.0,60.5893,2025-05-13T09:35:00+05:30,0.05,hold_to_end_target_30pct_not_hit,target_30pct,2025-06-26 15:30:00+05:30,2025-06-26,False,monthly,3804061.711223,anti,2503,12515,432.0,23.0769,PE,17,-99.9858,macd_only,NIFTY|monthly|2025-06-26,24514.05,24773.7,24500.0,NIFTY 24500 PE 26 JUN 25,5m,7773000.0,43.025363,NIFTY,monthly_series,3
16,0.125964,139,11,series|5m|macd_only|target_30pct,aligned,60,76834530.1522,aligned,1,24.596046,2360.9,94.049,2025-06-20T11:10:00+05:30,3069.17,target_30pct_hit,target_30pct,2025-07-09 11:15:00+05:30,2025-07-29,False,monthly,16783.713775,aligned,139,695,3100.0,31.3059,CE,5,30.0,macd_only,SENSEX|monthly|2025-07-29,81564.68,82071.95,81000.0,SENSEX 81000 CE 29 JUL 25,5m,4700.0,43.316675,SENSEX,monthly_series,4
58,0.096513,1,28,series|5m|macd_only|target_30pct,aligned,60,748719149.6382,aligned,1,14.60784,1926.0,99.5683,2025-07-16T14:40:00+05:30,336.5,hold_to_end_target_30pct_not_hit,target_30pct,2025-07-29 15:30:00+05:30,2025-07-29,False,monthly,627801.66848,aligned,673,3365,1939.05,0.6776,CE,30,-82.5286,macd_only,SENSEX|monthly|2025-07-29,81564.68,82705.6,81000.0,SENSEX 81000 CE 29 JUL 25,5m,241860.0,43.316675,SENSEX,monthly_series,4
12,0.135467,3,5,series|5m|macd_only|target_30pct,anti,60,13567709.9981,anti,-1,13.464242,1003.8,90.7004,2025-06-23T09:35:00+05:30,0.05,hold_to_end_target_30pct_not_hit,target_30pct,2025-07-29 15:30:00+05:30,2025-07-29,False,monthly,2747.176384,anti,2015,10075,1038.2,3.427,PE,7,-99.995,macd_only,SENSEX|monthly|2025-07-29,81564.68,81615.46,81000.0,SENSEX 81000 PE 29 JUL 25,5m,2560.0,43.316675,SENSEX,monthly_series,4
51,0.140136,568,25,series|5m|macd_only|target_30pct,mixed,60,5991317805.3374,aligned,1,1.781423,655.95,78.8923,2025-06-18T09:35:00+05:30,852.735,target_30pct_hit,target_30pct,2025-06-24 11:15:00+05:30,2025-07-31,False,monthly,-1106006.452691,anti,324,1620,1107.25,68.801,CE,26,30.0,macd_only,NIFTY|monthly|2025-07-31,24767.55,24926.35,24750.0,NIFTY 24750 CE 31 JUL 25,5m,14072475.0,39.530275,NIFTY,monthly_series,5
56,0.128711,188,28,series|5m|macd_only|target_30pct,mixed,60,44007241375.0471,aligned,1,1.879995,763.1,68.2706,2025-06-25T09:45:00+05:30,992.03,target_30pct_hit,target_30pct,2025-06-27 09:15:00+05:30,2025-07-31,False,monthly,-1182255.201495,anti,146,730,1107.25,45.0989,CE,28,30.0,macd_only,NIFTY|monthly|2025-07-31,24767.55,25193.55,24750.0,NIFTY 24750 CE 31 JUL 25,5m,24235350.0,39.530275,NIFTY,monthly_series,5
59,0.121377,71,30,series|5m|macd_only|target_30pct,aligned,60,116482446650.0774,aligned,1,1.74656,1006.0,81.357,2025-07-01T09:45:00+05:30,18.3,hold_to_end_target_30pct_not_hit,target_30pct,2025-07-31 15:30:00+05:30,2025-07-31,False,monthly,41747396.584163,aligned,1715,8575,1023.65,1.7545,CE,29,-98.1809,macd_only,NIFTY|monthly|2025-07-31,24767.55,25575.3,24750.0,NIFTY 24750 CE 31 JUL 25,5m,39379575.0,39.530275,NIFTY,monthly_series,5
49,0.144044,151,23,series|5m|macd_only|target_30pct,aligned,60,-2832418719.0085,aligned,-1,0.482031,368.95,73.5263,2025-06-17T09:25:00+05:30,0.05,hold_to_end_target_30pct_not_hit,target_30pct,2025-07-31 15:30:00+05:30,2025-07-31,False,monthly,-6343360.864417,aligned,2500,12500,398.45,7.9957,PE,26,-99.9864,macd_only,NIFTY|monthly|2025-07-31,24767.55,24881.15,24750.0,NIFTY 24750 PE 31 JUL 25,5m,13034475.0,39.530275,NIFTY,monthly_series,5
45,0.104111,51,18,series|5m|macd_only|target_30pct,anti,60,-198445748.568,anti,1,5.541872,1440.0,96.7704,2025-07-22T11:20:00+05:30,0.1,hold_to_end_target_30pct_not_hit,target_30pct,2025-08-26 15:30:00+05:30,2025-08-26,False,monthly,-69932.277324,anti,1770,8850,1500.0,4.1667,CE,27,-99.9931,macd_only,SENSEX|monthly|2025-08-26,82409.19,82145.7,81900.0,SENSEX 81900 CE 26 AUG 25,5m,18240.0,38.009516,SENSEX,monthly_series,6
15,0.113523,956,4,series|5m|macd_only|target_30pct,aligned,60,-3459274.0929,aligned,-1,3.445628,788.0,86.7357,2025-07-17T10:25:00+05:30,1024.4,target_30pct_hit,target_30pct,2025-07-21 09:50:00+05:30,2025-08-26,False,monthly,-1698.675794,aligned,62,310,1826.35,131.7703,PE,11,30.0,macd_only,SENSEX|monthly|2025-08-26,82409.19,82459.99,81900.0,SENSEX 81900 PE 26 AUG 25,5m,980.0,38.009516,SENSEX,monthly_series,6
33,0.10141,675,10,series|5m|macd_only|target_30pct,aligned,60,-113847156.2542,aligned,-1,1.119874,593.0,67.3561,2025-07-24T10:15:00+05:30,770.9,target_30pct_hit,target_30pct,2025-07-25 09:45:00+05:30,2025-08-26,False,monthly,-56500.698751,aligned,64,320,1826.35,207.9848,PE,23,30.0,macd_only,SENSEX|monthly|2025-08-26,82409.19,82473.14,81900.0,SENSEX 81900 PE 26 AUG 25,5m,17100.0,38.009516,SENSEX,monthly_series,6
43,0.110886,529,17,series|5m|macd_only|target_30pct,aligned,60,-621712910.0182,aligned,-1,0.813926,1070.0,57.9894,2025-07-28T10:55:00+05:30,1391.0,target_30pct_hit,target_30pct,2025-07-29 10:55:00+05:30,2025-08-26,False,monthly,-224806.002749,aligned,56,280,1826.35,70.6869,PE,26,30.0,macd_only,SENSEX|monthly|2025-08-26,82409.19,81331.81,81900.0,SENSEX 81900 PE 26 AUG 25,5m,62100.0,38.009516,SENSEX,monthly_series,6
19,0.112547,342,7,series|5m|macd_only|target_30pct,aligned,60,-592243631.8258,aligned,-1,27.30675,1300.0,92.5085,2025-07-31T09:20:00+05:30,1690.0,target_30pct_hit,target_30pct,2025-08-07 10:30:00+05:30,2025-08-26,False,monthly,-186882.208348,aligned,334,1670,1826.35,40.4885,PE,12,30.0,macd_only,SENSEX|monthly|2025-08-26,82409.19,81005.89,81900.0,SENSEX 81900 PE 26 AUG 25,5m,47440.0,38.009516,SENSEX,monthly_series,6
53,0.10515,17,26,series|5m|macd_only|target_30pct,anti,60,2482166190.6225,anti,-1,1.463922,1229.85,90.1571,2025-08-13T14:10:00+05:30,1114.5,hold_to_end_target_30pct_not_hit,target_30pct,2025-08-26 15:30:00+05:30,2025-08-26,False,monthly,815323.216201,anti,592,2960,1320.0,7.3302,PE,27,-9.3792,macd_only,SENSEX|monthly|2025-08-26,82409.19,80646.66,81900.0,SENSEX 81900 PE 26 AUG 25,5m,378680.0,38.009516,SENSEX,monthly_series,6
1,0.108412,1087,1,series|5m|macd_only|target_30pct,aligned,60,1159736.3233,aligned,1,26.16643,2233.3,99.9782,2025-08-12T09:20:00+05:30,2903.29,target_30pct_hit,target_30pct,2025-08-20 14:50:00+05:30,2025-09-25,False,monthly,178.866466,aligned,150,750,3730.0,67.0174,CE,0,30.0,macd_only,SENSEX|monthly|2025-09-25,79991.67,80570.48,79500.0,SENSEX 79500 CE 25 SEP 25,5m,20.0,41.606931,SENSEX,monthly_series,7
34,0.10756,713,20,series|5m|macd_only|target_30pct,aligned,60,203751203.5367,aligned,1,1.011988,1573.2,53.1828,2025-09-01T10:05:00+05:30,2045.16,target_30pct_hit,target_30pct,2025-09-04 09:40:00+05:30,2025-09-25,False,monthly,77932.07866,aligned,210,1050,3730.0,137.0964,CE,14,30.0,macd_only,SENSEX|monthly|2025-09-25,79991.67,80149.0,79500.0,SENSEX 79500 CE 25 SEP 25,5m,85100.0,41.606931,SENSEX,monthly_series,7
56,0.099935,401,29,series|5m|macd_only|target_30pct,mixed,60,328756332.6095,aligned,1,1.284039,1744.0,63.5108,2025-09-05T14:20:00+05:30,2267.2,target_30pct_hit,target_30pct,2025-09-11 09:55:00+05:30,2025-09-25,False,monthly,-113023.937761,anti,89,445,3730.0,113.8761,CE,27,30.0,macd_only,SENSEX|monthly|2025-09-25,79991.67,80771.77,79500.0,SENSEX 79500 CE 25 SEP 25,5m,144820.0,41.606931,SENSEX,monthly_series,7
52,0.096419,92,27,series|5m|macd_only|target_30pct,aligned,60,2963848216.3398,aligned,1,2.343804,2653.95,77.8004,2025-09-16T09:30:00+05:30,3450.135,target_30pct_hit,target_30pct,2025-09-18 09:20:00+05:30,2025-09-25,False,monthly,374597.79245,aligned,73,365,3730.0,40.5452,CE,25,30.0,macd_only,SENSEX|monthly|2025-09-25,79991.67,81950.95,79500.0,SENSEX 79500 CE 25 SEP 25,5m,493080.0,41.606931,SENSEX,monthly_series,7
53,0.086257,0,32,series|5m|macd_only|target_30pct,aligned,60,22976538864.4108,aligned,1,7.812042,3666.0,69.0587,2025-09-18T15:20:00+05:30,1675.85,hold_to_end_target_30pct_not_hit,target_30pct,2025-09-25 15:30:00+05:30,2025-09-25,False,monthly,4887833.27925,aligned,153,765,3695.0,0.7911,CE,21,-54.2867,macd_only,SENSEX|monthly|2025-09-25,79991.67,83031.1,79500.0,SENSEX 79500 CE 25 SEP 25,5m,2607860.0,41.606931,SENSEX,monthly_series,7
5,0.114876,26,3,series|5m|macd_only|target_30pct,aligned,60,-38411280.5779,aligned,-1,0.013218,815.0,41.5505,2025-08-11T12:25:00+05:30,0.05,hold_to_end_target_30pct_not_hit,target_30pct,2025-09-25 15:30:00+05:30,2025-09-25,False,monthly,-11390.233165,aligned,2251,11255,833.85,2.3129,PE,2,-99.9939,macd_only,SENSEX|monthly|2025-09-25,79991.67,80111.36,79500.0,SENSEX 79500 PE 25 SEP 25,5m,1840.0,41.606931,SENSEX,monthly_series,7
10,0.100949,1860,5,series|5m|macd_only|target_30pct,anti,60,-27554158.9093,anti,1,0.93451,1435.9,62.6665,2025-09-15T15:05:00+05:30,1866.67,target_30pct_hit,target_30pct,2025-09-17 10:45:00+05:30,2025-10-30,False,monthly,-26453.382366,anti,96,480,3480.0,142.3567,CE,5,30.0,macd_only,SENSEX|monthly|2025-10-30,81954.53,81823.02,82000.0,SENSEX 82000 CE 30 OCT 25,5m,10440.0,43.92477,SENSEX,monthly_series,8
14,0.097175,1663,7,series|5m|macd_only|target_30pct,anti,60,-139909610.9105,anti,1,1.451849,2120.45,72.8751,2025-09-18T12:50:00+05:30,2756.585,target_30pct_hit,target_30pct,2025-10-20 09:20:00+05:30,2025-10-30,False,monthly,-107407.426637,anti,1541,7705,3480.0,64.1161,CE,7,30.0,macd_only,SENSEX|monthly|2025-10-30,81954.53,82894.01,82000.0,SENSEX 82000 CE 30 OCT 25,5m,23900.0,43.92477,SENSEX,monthly_series,8
55,0.105803,43,30,series|5m|macd_only|target_30pct,aligned,60,10180832055.349,aligned,1,0.886598,2711.6,53.4174,2025-10-21T14:20:00+05:30,2407.95,hold_to_end_target_30pct_not_hit,target_30pct,2025-10-30 15:30:00+05:30,2025-10-30,False,monthly,2863577.639296,aligned,446,2230,3480.0,28.3375,CE,25,-11.1982,macd_only,SENSEX|monthly|2025-10-30,81954.53,84532.16,82000.0,SENSEX 82000 CE 30 OCT 25,5m,1245920.0,43.92477,SENSEX,monthly_series,8
10,0.100836,846,5,series|5m|macd_only|target_30pct,aligned,60,-25170961.8297,aligned,-1,0.740027,901.65,66.4611,2025-09-15T14:10:00+05:30,1172.145,target_30pct_hit,target_30pct,2025-09-26 09:20:00+05:30,2025-10-30,False,monthly,-24008.462643,aligned,618,3090,1728.2,91.6708,PE,5,30.0,macd_only,SENSEX|monthly|2025-10-30,81954.53,81817.28,82000.0,SENSEX 82000 PE 30 OCT 25,5m,10220.0,43.92477,SENSEX,monthly_series,8
47,0.105279,125,18,series|5m|macd_only|target_30pct,aligned,60,-1254430814.4077,aligned,-1,4.725616,1453.7,64.9849,2025-09-29T11:45:00+05:30,0.05,hold_to_end_target_30pct_not_hit,target_30pct,2025-10-30 15:30:00+05:30,2025-10-30,False,monthly,-581871.586362,aligned,1567,7835,1728.2,18.8829,PE,29,-99.9966,macd_only,SENSEX|monthly|2025-10-30,81954.53,80422.1,82000.0,SENSEX 82000 PE 30 OCT 25,5m,123840.0,43.92477,SENSEX,monthly_series,8
11,0.10917,1290,4,series|5m|macd_only|target_30pct,anti,60,-112170197.9741,anti,1,1.260486,1377.9,78.5136,2025-10-14T15:10:00+05:30,1791.27,target_30pct_hit,target_30pct,2025-10-16 09:20:00+05:30,2025-11-27,False,monthly,-42651.096894,anti,80,400,3501.75,154.1367,CE,7,30.0,macd_only,SENSEX|monthly|2025-11-27,82088.92,82027.65,82500.0,SENSEX 82500 CE 27 NOV 25,5m,9440.0,45.260844,SENSEX,monthly_series,9
55,0.116566,945,25,series|5m|macd_only|target_30pct,mixed,60,100717061.3257,aligned,1,0.867003,2320.0,59.9168,2025-11-03T15:15:00+05:30,3016.0,target_30pct_hit,target_30pct,2025-11-20 11:00:00+05:30,2025-11-27,False,monthly,-116010.628219,anti,688,3440,3501.75,50.9375,CE,30,30.0,macd_only,SENSEX|monthly|2025-11-27,82088.92,84001.15,82500.0,SENSEX 82500 CE 27 NOV 25,5m,138000.0,45.260844,SENSEX,monthly_series,9
55,0.126947,102,29,series|5m|macd_only|target_30pct,aligned,60,59734051032.879,aligned,1,1.665605,2520.0,60.3178,2025-11-25T13:30:00+05:30,3276.0,target_30pct_hit,target_30pct,2025-11-27 10:05:00+05:30,2025-11-27,False,monthly,61984662.933924,aligned,93,465,3501.75,38.9583,CE,26,30.0,macd_only,SENSEX|monthly|2025-11-27,82088.92,85056.74,82500.0,SENSEX 82500 CE 27 NOV 25,5m,17106450.0,45.260844,SENSEX,monthly_series,9
6,0.106338,33,1,series|5m|macd_only|target_30pct,aligned,60,-122515927.7106,aligned,-1,5.265449,1020.4,65.7508,2025-10-14T10:25:00+05:30,0.05,hold_to_end_target_30pct_not_hit,target_30pct,2025-11-27 15:30:00+05:30,2025-11-27,False,monthly,-40938.782898,aligned,2226,11130,1286.2,26.0486,PE,5,-99.9951,macd_only,SENSEX|monthly|2025-11-27,82088.92,82173.39,82500.0,SENSEX 82500 PE 27 NOV 25,5m,7180.0,45.260844,SENSEX,monthly_series,9
11,0.113578,383,5,series|5m|macd_only|target_30pct,aligned,60,120169723.2509,aligned,1,0.066416,1724.8,50.662,2025-11-11T14:10:00+05:30,2242.24,target_30pct_hit,target_30pct,2025-11-12 09:30:00+05:30,2025-12-24,False,monthly,11182.928046,aligned,17,85,3228.25,87.1666,CE,6,30.0,macd_only,SENSEX|monthly|2025-12-24,83496.45,83742.16,83500.0,SENSEX 83500 CE 24 DEC 25,5m,12480.0,47.117626,SENSEX,monthly_series,10
10,0.114256,213,4,series|5m|macd_only|target_30pct,mixed,60,66782009.0209,aligned,1,6.934926,2373.05,67.947,2025-11-14T09:40:00+05:30,3084.965,target_30pct_hit,target_30pct,2025-11-25 09:20:00+05:30,2025-12-24,False,monthly,-12159.230953,anti,213,1065,3228.25,36.038,CE,6,30.0,macd_only,SENSEX|monthly|2025-12-24,83496.45,84357.09,83500.0,SENSEX 83500 CE 24 DEC 25,5m,9820.0,47.117626,SENSEX,monthly_series,10
54,0.104777,59,27,series|5m|macd_only|target_30pct,anti,60,-1299277323.2981,anti,1,12.002024,2600.0,72.7856,2025-11-26T10:45:00+05:30,1903.05,hold_to_end_target_30pct_not_hit,target_30pct,2025-12-24 15:30:00+05:30,2025-12-24,False,monthly,-1508882.233817,anti,1041,5205,3109.7,19.6038,CE,27,-26.8058,macd_only,SENSEX|monthly|2025-12-24,83496.45,85290.47,83500.0,SENSEX 83500 CE 24 DEC 25,5m,350580.0,47.117626,SENSEX,monthly_series,10
15,0.115711,18,8,series|5m|macd_only|target_30pct,anti,60,170406520.8327,anti,-1,0.34463,847.7,54.4791,2025-11-10T15:25:00+05:30,0.05,hold_to_end_target_30pct_not_hit,target_30pct,2025-12-24 15:30:00+05:30,2025-12-24,False,monthly,18583.18357,anti,2386,11930,1075.9,26.9199,PE,7,-99.9941,macd_only,SENSEX|monthly|2025-12-24,83496.45,83497.41,83500.0,SENSEX 83500 PE 24 DEC 25,5m,9660.0,47.117626,SENSEX,monthly_series,10
29,0.098651,385,15,series|5m|macd_only|target_30pct,anti,60,-113731975.4424,anti,1,1.165181,1550.4,73.2057,2025-12-16T13:45:00+05:30,0.05,hold_to_end_target_30pct_not_hit,target_30pct,2026-01-29 15:30:00+05:30,2026-01-29,False,monthly,-60848.710177,anti,2214,11070,1790.1,15.4605,CE,14,-99.9968,macd_only,SENSEX|monthly|2026-01-29,85019.28,84853.87,85000.0,SENSEX 85000 CE 29 JAN 26,5m,16820.0,46.821741,SENSEX,monthly_series,11
34,0.098552,2044,12,series|5m|macd_only|target_30pct,aligned,60,-101321486.8885,aligned,-1,0.34633,766.6,58.3856,2025-12-15T14:50:00+05:30,996.58,target_30pct_hit,target_30pct,2025-12-18 09:55:00+05:30,2026-01-29,False,monthly,-56312.425594,aligned,162,810,3735.15,387.2358,PE,22,30.0,macd_only,SENSEX|monthly|2026-01-29,85019.28,85228.88,85000.0,SENSEX 85000 PE 29 JAN 26,5m,14840.0,46.821741,SENSEX,monthly_series,11
42,0.094335,1833,15,series|5m|macd_only|target_30pct,aligned,60,-72398842.3198,aligned,-1,0.903544,893.8,55.5306,2025-12-18T14:00:00+05:30,1161.94,target_30pct_hit,target_30pct,2026-01-09 11:40:00+05:30,2026-01-29,False,monthly,-90906.274628,aligned,1107,5535,3735.15,317.8955,PE,27,30.0,macd_only,SENSEX|monthly|2026-01-29,85019.28,84570.27,85000.0,SENSEX 85000 PE 29 JAN 26,5m,32340.0,46.821741,SENSEX,monthly_series,11
48,0.109086,596,21,series|5m|macd_only|target_30pct,aligned,60,-899886502.8313,aligned,-1,9.195458,1382.2,63.1008,2026-01-13T10:00:00+05:30,1796.86,target_30pct_hit,target_30pct,2026-01-19 10:00:00+05:30,2026-01-29,False,monthly,-194331.382076,aligned,225,1125,3735.15,170.2322,PE,27,30.0,macd_only,SENSEX|monthly|2026-01-29,85019.28,83635.19,85000.0,SENSEX 85000 PE 29 JAN 26,5m,410440.0,46.821741,SENSEX,monthly_series,11
54,0.104943,305,25,series|5m|macd_only|target_30pct,aligned,60,-9081320909.9835,aligned,-1,1.593871,1758.85,59.1409,2026-01-19T15:30:00+05:30,2286.505,target_30pct_hit,target_30pct,2026-01-20 15:10:00+05:30,2026-01-29,False,monthly,-3023744.068986,aligned,71,355,3735.15,112.3632,PE,29,30.0,macd_only,SENSEX|monthly|2026-01-29,85019.28,83140.15,85000.0,SENSEX 85000 PE 29 JAN 26,5m,1208500.0,46.821741,SENSEX,monthly_series,11
60,0.135156,170,30,series|5m|macd_only|target_30pct,aligned,60,-16600637330.9645,aligned,-1,0.93703,2970.0,58.7179,2026-01-21T14:10:00+05:30,2437.0,hold_to_end_target_30pct_not_hit,target_30pct,2026-01-29 15:30:00+05:30,2026-01-29,False,monthly,-4786539.044538,aligned,392,1960,3735.15,25.7626,PE,30,-17.9461,macd_only,SENSEX|monthly|2026-01-29,85019.28,81897.59,85000.0,SENSEX 85000 PE 29 JAN 26,5m,1797320.0,46.821741,SENSEX,monthly_series,11
15,0.114746,1,9,series|5m|macd_only|target_30pct,aligned,60,38777278.487,aligned,1,12.173219,1901.15,100.0,2026-01-13T10:25:00+05:30,0.05,hold_to_end_target_30pct_not_hit,target_30pct,2026-02-26 15:30:00+05:30,2026-02-26,False,monthly,5644.945469,aligned,2142,10710,2099.95,10.4568,CE,6,-99.9974,macd_only,SENSEX|monthly|2026-02-26,83305.12,83777.76,83400.0,SENSEX 83400 CE 26 FEB 26,5m,18220.0,48.883262,SENSEX,monthly_series,12
33,0.11264,491,18,series|5m|macd_only|target_30pct,aligned,60,-71798744.9042,aligned,-1,1.708437,1004.65,64.0387,2026-01-14T14:40:00+05:30,1306.045,target_30pct_hit,target_30pct,2026-01-22 09:55:00+05:30,2026-02-26,False,monthly,-10463.937745,aligned,229,1145,2741.65,172.896,PE,15,30.0,macd_only,SENSEX|monthly|2026-02-26,83305.12,83377.99,83400.0,SENSEX 83400 PE 26 FEB 26,5m,22500.0,48.883262,SENSEX,monthly_series,12
41,0.140205,142,17,series|5m|macd_only|target_30pct,anti,60,731921085.3717,anti,-1,37.38996,1875.75,98.7667,2026-01-23T13:35:00+05:30,2438.475,target_30pct_hit,target_30pct,2026-02-02 11:05:00+05:30,2026-02-26,False,monthly,90567.674609,anti,137,685,2741.65,46.1629,PE,24,30.0,macd_only,SENSEX|monthly|2026-02-26,83305.12,81582.21,83400.0,SENSEX 83400 PE 26 FEB 26,5m,71940.0,48.883262,SENSEX,monthly_series,12
46,0.119304,960,30,series|5m|macd_only|target_30pct,anti,60,3961702116.2726,anti,-1,0.002666,725.15,52.7221,2026-02-05T14:05:00+05:30,942.695,target_30pct_hit,target_30pct,2026-02-13 15:00:00+05:30,2026-02-26,False,monthly,1081654.322035,anti,445,2225,1444.5,99.2002,PE,16,30.0,macd_only,SENSEX|monthly|2026-02-26,83305.12,83274.77,83400.0,SENSEX 83400 PE 26 FEB 26,5m,184840.0,48.883262,SENSEX,monthly_series,12
53,0.115683,373,35,series|5m|macd_only|target_30pct,anti,60,10664826692.5358,anti,-1,2.734284,587.7,62.6939,2026-02-17T14:15:00+05:30,764.01,target_30pct_hit,target_30pct,2026-02-19 12:15:00+05:30,2026-02-26,False,monthly,8400526.268628,anti,128,640,1444.5,145.7887,PE,18,30.0,macd_only,SENSEX|monthly|2026-02-26,83305.12,83302.44,83400.0,SENSEX 83400 PE 26 FEB 26,5m,1056320.0,48.883262,SENSEX,monthly_series,12
58,0.140082,157,37,series|5m|macd_only|target_30pct,anti,60,119007015609.5015,anti,-1,0.352511,920.3,65.8865,2026-02-20T13:15:00+05:30,1196.39,target_30pct_hit,target_30pct,2026-02-24 12:45:00+05:30,2026-02-26,False,monthly,83474638.399865,anti,146,730,1444.5,56.9597,PE,21,30.0,macd_only,SENSEX|monthly|2026-02-26,83305.12,82721.43,83400.0,SENSEX 83400 PE 26 FEB 26,5m,7317420.0,48.883262,SENSEX,monthly_series,12
49,0.158862,86,37,series|5m|macd_only|target_30pct,anti,60,586548939397.7053,anti,-1,1.741669,745.0,59.9359,2026-02-25T12:30:00+05:30,968.5,target_30pct_hit,target_30pct,2026-02-25 12:35:00+05:30,2026-02-26,False,monthly,861140375.187647,anti,1,5,1442.25,93.5906,PE,12,30.0,macd_only,SENSEX|monthly|2026-02-26,83305.12,82640.66,83400.0,SENSEX 83400 PE 26 FEB 26,5m,38809880.0,48.883262,SENSEX,monthly_series,12
45,0.263837,27,24,series|5m|macd_only|target_30pct,anti,60,686224912235.6471,anti,-1,0.338543,1058.0,52.3955,2026-02-26T11:05:00+05:30,1375.4,target_30pct_hit,target_30pct,2026-02-26 12:25:00+05:30,2026-02-26,False,monthly,1915260579.846847,anti,16,80,1442.25,36.3185,PE,21,30.0,macd_only,SENSEX|monthly|2026-02-26,83305.12,82379.56,83400.0,SENSEX 83400 PE 26 FEB 26,5m,86303470.0,48.883262,SENSEX,monthly_series,12
37,0.353182,9,13,expiry_day|3m|macd_only|target_10pct,mixed,60,-39251188204.9981,anti,1,1.688189,1495.0,86.1507,2025-05-29T13:18:00+05:30,1488.7,hold_to_end_target_10pct_not_hit,target_10pct,2025-05-29 15:30:00+05:30,2025-05-29,True,monthly,2761682452.948754,aligned,44,132,1501.0,0.4013,CE,24,-0.4214,macd_only,NIFTY|monthly|2025-05-29,23257.05,24756.2,23250.0,NIFTY 23250 CE 29 MAY 25,3m,243885300.0,8.22312,NIFTY,monthly_series_expiry_day,1
51,0.36946,5,23,expiry_day|3m|macd_only|target_10pct,anti,60,22817044311.981,anti,-1,0.00131,0.6,65.7405,2025-05-29T11:21:00+05:30,0.66,target_10pct_hit,target_10pct,2025-05-29 11:27:00+05:30,2025-05-29,True,monthly,2361351989.38116,anti,2,6,0.9,50.0,PE,28,10.0,macd_only,NIFTY|monthly|2025-05-29,23257.05,24713.3,23250.0,NIFTY 23250 PE 29 MAY 25,3m,300678300.0,8.22312,NIFTY,monthly_series_expiry_day,1
53,0.428045,6,25,expiry_day|3m|macd_only|target_10pct,aligned,60,-245534949538.1735,aligned,-1,0.028327,8.2,58.7617,2025-06-24T13:21:00+05:30,9.02,target_10pct_hit,target_10pct,2025-06-24 13:24:00+05:30,2025-06-24,True,monthly,-74315023.725888,aligned,1,3,25.7,213.4146,PE,28,10.0,macd_only,SENSEX|monthly|2025-06-24,81978.6,82447.2,81300.0,SENSEX 81300 PE 24 JUN 25,3m,38755820.0,8.342669,SENSEX,monthly_series_expiry_day,2
49,0.363921,237,30,expiry_day|1m|macd_only|target_20pct,aligned,60,449692999804.911,aligned,1,0.396635,860.6,52.9113,2025-06-26T11:07:00+05:30,1032.72,target_20pct_hit,target_20pct,2025-06-26 14:01:00+05:30,2025-06-26,True,monthly,146890645.51581,aligned,174,174,1060.0,23.1699,CE,19,20.0,macd_only,NIFTY|monthly|2025-06-26,24514.05,25341.45,24500.0,NIFTY 24500 CE 26 JUN 25,1m,280028125.0,18.344089,NIFTY,monthly_series_expiry_day,3
32,0.347358,8,21,expiry_day|1m|macd_only|target_20pct,aligned,60,1196402820344.273,aligned,1,3.138116,1044.45,70.3659,2025-06-26T14:56:00+05:30,1049.4,hold_to_end_target_20pct_not_hit,target_20pct,2025-06-26 15:29:00+05:30,2025-06-26,True,monthly,1382128952.588583,aligned,33,33,1060.0,1.4888,CE,11,0.4739,macd_only,NIFTY|monthly|2025-06-26,24514.05,25539.45,24500.0,NIFTY 24500 CE 26 JUN 25,1m,204728225.0,18.344089,NIFTY,monthly_series_expiry_day,3
49,0.344562,4,30,expiry_day|1m|macd_only|target_20pct,mixed,60,546369680967.1369,anti,-1,0.000409,1.7,61.2777,2025-06-26T09:56:00+05:30,0.05,hold_to_end_target_20pct_not_hit,target_20pct,2025-06-26 15:29:00+05:30,2025-06-26,True,monthly,-958344534.44103,aligned,333,333,1.9,11.7647,PE,19,-97.0588,macd_only,NIFTY|monthly|2025-06-26,24514.05,25412.2,24500.0,NIFTY 24500 PE 26 JUN 25,1m,289673425.0,18.344089,NIFTY,monthly_series_expiry_day,3
48,0.236628,28,18,expiry_day|3m|macd_only|target_10pct,aligned,60,430601569807.8615,aligned,1,0.775467,68.05,60.1443,2025-07-29T13:09:00+05:30,74.855,target_10pct_hit,target_10pct,2025-07-29 13:15:00+05:30,2025-07-29,True,monthly,1352123153.693917,aligned,2,6,348.8,412.5643,CE,30,10.0,macd_only,SENSEX|monthly|2025-07-29,81564.68,81003.42,81000.0,SENSEX 81000 CE 29 JUL 25,3m,73423420.0,18.058545,SENSEX,monthly_series_expiry_day,4
48,0.315659,53,17,expiry_day|3m|macd_only|target_20pct,anti,60,-409027040538.3168,anti,1,0.052155,30.5,56.2227,2025-07-31T11:00:00+05:30,36.6,target_20pct_hit,target_20pct,2025-07-31 11:03:00+05:30,2025-07-31,True,monthly,-692219791.233671,anti,1,3,227.1,644.5902,CE,31,20.0,macd_only,NIFTY|monthly|2025-07-31,24767.55,24724.15,24750.0,NIFTY 24750 CE 31 JUL 25,3m,338009175.0,23.409313,NIFTY,monthly_series_expiry_day,5
48,0.207906,62,19,expiry_day|3m|macd_only|target_20pct,mixed,60,-135164665125.0825,aligned,-1,1.47798,836.7,55.6449,2025-08-26T12:09:00+05:30,1004.04,target_20pct_hit,target_20pct,2025-08-26 15:00:00+05:30,2025-08-26,True,monthly,472622691.254333,anti,57,171,1137.0,35.891,PE,29,20.0,macd_only,SENSEX|monthly|2025-08-26,82409.19,81092.59,81900.0,SENSEX 81900 PE 26 AUG 25,3m,79245370.0,27.290375,SENSEX,monthly_series_expiry_day,6
44,0.20556,0,27,expiry_day|3m|macd_only|target_20pct,mixed,60,187210642014.1041,aligned,1,0.130361,2148.75,49.6293,2025-09-25T11:24:00+05:30,1675.85,hold_to_end_target_20pct_not_hit,target_20pct,2025-09-25 15:30:00+05:30,2025-09-25,True,monthly,-503534523.926357,anti,82,246,2148.75,0.0,CE,17,-22.0081,macd_only,SENSEX|monthly|2025-09-25,79991.67,81621.89,79500.0,SENSEX 79500 CE 25 SEP 25,3m,74447500.0,31.158591,SENSEX,monthly_series_expiry_day,7
47,0.231517,11,29,expiry_day|3m|macd_only|target_20pct,anti,60,1498124781.4993,anti,-1,0.0042,1.95,53.3197,2025-09-25T12:24:00+05:30,2.34,target_20pct_hit,target_20pct,2025-09-25 12:54:00+05:30,2025-09-25,True,monthly,118372364.846594,anti,10,30,2.6,33.3333,PE,18,20.0,macd_only,SENSEX|monthly|2025-09-25,79991.67,81481.03,79500.0,SENSEX 79500 PE 25 SEP 25,3m,77407800.0,31.158591,SENSEX,monthly_series_expiry_day,7
48,0.228309,3,28,expiry_day|3m|macd_only|target_20pct,aligned,60,307647113777.5319,aligned,1,0.63703,2725.0,60.4903,2025-10-30T11:15:00+05:30,2407.95,hold_to_end_target_20pct_not_hit,target_20pct,2025-10-30 15:30:00+05:30,2025-10-30,True,monthly,306749421.676356,aligned,85,255,2754.05,1.0661,CE,20,-11.6349,macd_only,SENSEX|monthly|2025-10-30,81954.53,84675.72,82000.0,SENSEX 82000 CE 30 OCT 25,3m,88815520.0,30.759893,SENSEX,monthly_series_expiry_day,8
54,0.289849,4,30,expiry_day|3m|macd_only|target_20pct,mixed,60,-296247476126.8795,aligned,-1,0.004632,1.1,61.4102,2025-10-30T13:48:00+05:30,1.32,target_20pct_hit,target_20pct,2025-10-30 14:00:00+05:30,2025-10-30,True,monthly,177536013.317432,anti,4,12,1.4,27.2727,PE,24,20.0,macd_only,SENSEX|monthly|2025-10-30,81954.53,84419.17,82000.0,SENSEX 82000 PE 30 OCT 25,3m,102072860.0,30.759893,SENSEX,monthly_series_expiry_day,8
54,0.199858,5,24,expiry_day|3m|macd_only|target_20pct,anti,60,376587100256.7015,anti,-1,0.007989,1.75,51.8498,2025-11-27T10:39:00+05:30,2.1,target_20pct_hit,target_20pct,2025-11-27 10:54:00+05:30,2025-11-27,True,monthly,512980383.417326,anti,5,15,2.15,22.8571,PE,30,20.0,macd_only,SENSEX|monthly|2025-11-27,82088.92,85953.95,82500.0,SENSEX 82500 PE 27 NOV 25,3m,91633240.0,30.898547,SENSEX,monthly_series_expiry_day,9
49,0.150151,42,20,expiry_day|3m|macd_only|target_20pct,anti,60,-34068340069.0992,anti,1,0.787834,2125.0,61.0621,2025-12-24T11:33:00+05:30,1903.05,hold_to_end_target_20pct_not_hit,target_20pct,2025-12-24 15:30:00+05:30,2025-12-24,True,monthly,-99683226.188647,anti,79,237,2183.4,2.7482,CE,29,-10.4447,macd_only,SENSEX|monthly|2025-12-24,83496.45,85616.89,83500.0,SENSEX 83500 CE 24 DEC 25,3m,103374520.0,32.777064,SENSEX,monthly_series_expiry_day,10
49,0.268777,53,31,expiry_day|3m|macd_only|target_20pct,anti,60,596172243600.2443,anti,-1,1.115661,1023.5,58.9132,2026-02-26T10:39:00+05:30,1228.2,target_20pct_hit,target_20pct,2026-02-26 11:45:00+05:30,2026-02-26,True,monthly,1472793674.555041,anti,22,66,1442.25,40.9135,PE,18,20.0,macd_only,SENSEX|monthly|2026-02-26,83305.12,82380.88,83400.0,SENSEX 83400 PE 26 FEB 26,3m,80373500.0,31.102808,SENSEX,monthly_series_expiry_day,12
41,0.297882,0,29,expiry_day|3m|macd_only|target_20pct,anti,60,585672792608.3428,anti,-1,0.446222,1318.6,51.2381,2026-02-26T14:27:00+05:30,1149.25,hold_to_end_target_20pct_not_hit,target_20pct,2026-02-26 15:30:00+05:30,2026-02-26,True,monthly,2531374817.368486,anti,21,63,1335.3,1.2665,PE,12,-12.8432,macd_only,SENSEX|monthly|2026-02-26,83305.12,82074.73,83400.0,SENSEX 83400 PE 26 FEB 26,3m,93875730.0,31.102808,SENSEX,monthly_series_expiry_day,12
