bars_to_max,chosen_variant_key,entry_macd,entry_price,entry_rsi,entry_time,exit_price,exit_reason,exit_strategy,exit_time,expiry,expiry_day_only,expiry_kind,holding_bars,holding_minutes,max_possible_price,max_possible_return_pct,option_type,return_pct,rsi_filter,series_id,spot_at_series_start,strike,symbol,timeframe,train_consistency_score,underlying,walkforward_group,walkforward_window
116,series|10m|macd_only|hold_to_expiry,0.480843,209.8,64.7146,2025-04-07T15:20:00+05:30,736.95,hold_to_end,hold_to_expiry,2025-04-15 15:30:00+05:30,2025-04-15,False,weekly,153,1530,871.5,315.3956,CE,251.2631,macd_only,SENSEX|weekly|2025-04-15|ITM1,76088.08,76100.0,SENSEX 76000 CE 15 APR 25,10m,301.980851,SENSEX,weekly_series,1
59,series|10m|macd_only|hold_to_expiry,0.537033,533.0,50.8077,2025-04-03T15:20:00+05:30,0.05,hold_to_end,hold_to_expiry,2025-04-15 15:30:00+05:30,2025-04-15,False,weekly,158,1580,3813.55,615.4878,PE,-99.9906,macd_only,SENSEX|weekly|2025-04-15|ITM1,76088.08,76100.0,SENSEX 76200 PE 15 APR 25,10m,301.980851,SENSEX,weekly_series,1
225,series|10m|macd_only|hold_to_expiry,1.020989,81.0,69.9886,2025-04-07T15:30:00+05:30,700.95,hold_to_end,hold_to_expiry,2025-04-17 15:30:00+05:30,2025-04-17,False,weekly,228,2280,719.2,787.9012,CE,765.3704,macd_only,NIFTY|weekly|2025-04-17|ITM1,23192.2,23200.0,NIFTY 23150 CE 17 APR 25,10m,245.655158,NIFTY,weekly_series,2
44,series|10m|macd_only|hold_to_expiry,0.067201,199.2,52.1878,2025-04-03T14:40:00+05:30,0.05,hold_to_end,hold_to_expiry,2025-04-17 15:30:00+05:30,2025-04-17,False,weekly,308,3080,1460.5,633.1827,PE,-99.9749,macd_only,NIFTY|weekly|2025-04-17|ITM1,23192.2,23200.0,NIFTY 23250 PE 17 APR 25,10m,245.655158,NIFTY,weekly_series,2
35,series|30m|rsi_55|macd_reversal,13.246695,1002.9,61.8431,2025-04-28T12:30:00+05:30,772.85,macd_reversal,macd_reversal,2025-05-02 13:00:00+05:30,2025-05-06,False,weekly,40,1200,1560.7,55.6187,CE,-22.9385,rsi_55,SENSEX|weekly|2025-05-06|ITM1,79623.9,80000.0,SENSEX 79900 CE 06 MAY 25,30m,418.790126,SENSEX,weekly_series,5
34,series|30m|rsi_55|macd_reversal,0.330521,340.35,62.8119,2025-04-28T13:00:00+05:30,275.0,macd_reversal,macd_reversal,2025-04-30 10:30:00+05:30,2025-05-08,False,weekly,21,630,478.0,40.4437,CE,-19.2008,rsi_55,NIFTY|weekly|2025-05-08|ITM1,24279.15,24300.0,NIFTY 24250 CE 08 MAY 25,30m,188.554675,NIFTY,weekly_series,6
4,series|30m|rsi_55|macd_reversal,0.605815,318.89,57.0952,2025-04-30T15:00:00+05:30,274.95,macd_reversal,macd_reversal,2025-04-30 15:30:00+05:30,2025-05-08,False,weekly,1,30,478.0,49.8949,CE,-13.779,rsi_55,NIFTY|weekly|2025-05-08|ITM1,24279.15,24300.0,NIFTY 24250 CE 08 MAY 25,30m,188.554675,NIFTY,weekly_series,6
2,series|30m|rsi_55|macd_reversal,7.957499,408.55,67.6498,2025-05-02T09:30:00+05:30,199.5,macd_reversal,macd_reversal,2025-05-02 12:30:00+05:30,2025-05-08,False,weekly,6,180,478.0,16.9991,CE,-51.1688,rsi_55,NIFTY|weekly|2025-05-08|ITM1,24279.15,24300.0,NIFTY 24250 CE 08 MAY 25,30m,188.554675,NIFTY,weekly_series,6
633,series|5m|macd_only|trail_after_30pct_dd15pct,0.141821,970.1,60.0058,2025-04-29T13:05:00+05:30,1223.0,trail_after_30pct_dd15pct,trail_after_30pct_dd15pct,2025-05-02 10:30:00+05:30,2025-05-13,False,weekly,119,595,2131.2,119.6887,CE,26.0695,macd_only,SENSEX|weekly|2025-05-13|ITM1,80586.33,80600.0,SENSEX 80500 CE 13 MAY 25,5m,91.09102,SENSEX,weekly_series,7
476,series|5m|macd_only|trail_after_30pct_dd15pct,2.441437,1050.95,63.077,2025-05-02T13:40:00+05:30,1207.95,trail_after_30pct_dd15pct,trail_after_30pct_dd15pct,2025-05-12 10:10:00+05:30,2025-05-13,False,weekly,414,2070,2131.2,102.788,CE,14.9389,macd_only,SENSEX|weekly|2025-05-13|ITM1,80586.33,80600.0,SENSEX 80500 CE 13 MAY 25,5m,91.09102,SENSEX,weekly_series,7
453,series|5m|macd_only|trail_after_30pct_dd15pct,5.185706,1228.3,94.302,2025-04-30T09:20:00+05:30,1209.7,trail_after_30pct_dd15pct,trail_after_30pct_dd15pct,2025-05-09 09:15:00+05:30,2025-05-13,False,weekly,453,2265,1821.55,48.2985,PE,-1.5143,macd_only,SENSEX|weekly|2025-05-13|ITM1,80586.33,80600.0,SENSEX 80700 PE 13 MAY 25,5m,91.09102,SENSEX,weekly_series,7
0,series|5m|macd_only|trail_after_30pct_dd15pct,1.740833,106.4,61.6818,2025-05-13T10:35:00+05:30,0.05,hold_to_end_trail_after_30pct_dd15pct,trail_after_30pct_dd15pct,2025-05-13 15:30:00+05:30,2025-05-13,False,weekly,59,295,144.1,35.4323,PE,-99.953,macd_only,SENSEX|weekly|2025-05-13|ITM1,80586.33,80600.0,SENSEX 80700 PE 13 MAY 25,5m,91.09102,SENSEX,weekly_series,7
668,series|5m|macd_only|trail_after_20pct_dd10pct,1.390098,308.14,58.6456,2025-05-05T09:30:00+05:30,370.0,trail_after_20pct_dd10pct,trail_after_20pct_dd10pct,2025-05-12 10:05:00+05:30,2025-05-15,False,weekly,387,1935,729.7,136.8079,CE,20.0753,macd_only,NIFTY|weekly|2025-05-15|ITM1,24431.25,24450.0,NIFTY 24400 CE 15 MAY 25,5m,73.505867,NIFTY,weekly_series,8
134,series|5m|macd_only|trail_after_20pct_dd10pct,1.744257,312.2,56.8413,2025-05-14T09:40:00+05:30,368.1,trail_after_20pct_dd10pct,trail_after_20pct_dd10pct,2025-05-15 10:40:00+05:30,2025-05-15,False,weekly,88,440,729.7,133.7284,CE,17.9052,macd_only,NIFTY|weekly|2025-05-15|ITM1,24431.25,24450.0,NIFTY 24400 CE 15 MAY 25,5m,73.505867,NIFTY,weekly_series,8
317,series|5m|macd_only|trail_after_20pct_dd10pct,0.433591,396.25,64.8644,2025-05-02T14:30:00+05:30,503.85,trail_after_20pct_dd10pct,trail_after_20pct_dd10pct,2025-05-09 09:15:00+05:30,2025-05-15,False,weekly,317,1585,636.04,60.5148,PE,27.1546,macd_only,NIFTY|weekly|2025-05-15|ITM1,24431.25,24450.0,NIFTY 24500 PE 15 MAY 25,5m,73.505867,NIFTY,weekly_series,8
10,series|5m|macd_only|trail_after_20pct_dd10pct,0.104142,90.95,55.5521,2025-05-13T09:45:00+05:30,100.95,trail_after_20pct_dd10pct,trail_after_20pct_dd10pct,2025-05-13 09:55:00+05:30,2025-05-15,False,weekly,2,10,150.0,64.9258,PE,10.9951,macd_only,NIFTY|weekly|2025-05-15|ITM1,24431.25,24450.0,NIFTY 24500 PE 15 MAY 25,5m,73.505867,NIFTY,weekly_series,8
3,series|5m|macd_only|trail_after_20pct_dd10pct,0.158063,110.0,55.5367,2025-05-13T12:45:00+05:30,122.8,trail_after_20pct_dd10pct,trail_after_20pct_dd10pct,2025-05-13 13:05:00+05:30,2025-05-15,False,weekly,4,20,144.4,31.2727,PE,11.6364,macd_only,NIFTY|weekly|2025-05-15|ITM1,24431.25,24450.0,NIFTY 24500 PE 15 MAY 25,5m,73.505867,NIFTY,weekly_series,8
0,series|5m|macd_only|trail_after_20pct_dd10pct,0.056829,123.15,55.147,2025-05-13T15:10:00+05:30,0.05,hold_to_end_trail_after_20pct_dd10pct,trail_after_20pct_dd10pct,2025-05-15 15:30:00+05:30,2025-05-15,False,weekly,156,780,124.5,1.0962,PE,-99.9594,macd_only,NIFTY|weekly|2025-05-15|ITM1,24431.25,24450.0,NIFTY 24500 PE 15 MAY 25,5m,73.505867,NIFTY,weekly_series,8
241,series|5m|macd_only|trail_after_30pct_dd15pct,4.416071,1128.55,66.0012,2025-05-07T14:15:00+05:30,1998.35,trail_after_30pct_dd15pct,trail_after_30pct_dd15pct,2025-05-13 09:20:00+05:30,2025-05-20,False,weekly,242,1210,2372.4,110.2166,CE,77.0723,macd_only,SENSEX|weekly|2025-05-20|ITM1,80736.0,80600.0,SENSEX 80500 CE 20 MAY 25,5m,70.554055,SENSEX,weekly_series,9
133,series|5m|macd_only|trail_after_30pct_dd15pct,8.289085,1378.0,59.5887,2025-05-14T09:30:00+05:30,1945.65,trail_after_30pct_dd15pct,trail_after_30pct_dd15pct,2025-05-15 15:15:00+05:30,2025-05-20,False,weekly,145,725,2295.4,66.5747,CE,41.1938,macd_only,SENSEX|weekly|2025-05-20|ITM1,80736.0,80600.0,SENSEX 80500 CE 20 MAY 25,5m,70.554055,SENSEX,weekly_series,9
8,series|5m|macd_only|trail_after_30pct_dd15pct,3.841402,1947.75,56.7022,2025-05-16T12:50:00+05:30,685.25,hold_to_end_trail_after_30pct_dd15pct,trail_after_30pct_dd15pct,2025-05-20 15:30:00+05:30,2025-05-20,False,weekly,184,920,2030.75,4.2613,CE,-64.8184,macd_only,SENSEX|weekly|2025-05-20|ITM1,80736.0,80600.0,SENSEX 80500 CE 20 MAY 25,5m,70.554055,SENSEX,weekly_series,9
107,series|5m|macd_only|trail_after_30pct_dd15pct,1.726273,994.75,66.0286,2025-05-07T13:45:00+05:30,1459.15,trail_after_30pct_dd15pct,trail_after_30pct_dd15pct,2025-05-09 11:35:00+05:30,2025-05-20,False,weekly,124,620,1800.0,80.95,PE,46.6851,macd_only,SENSEX|weekly|2025-05-20|ITM1,80736.0,80600.0,SENSEX 80700 PE 20 MAY 25,5m,70.554055,SENSEX,weekly_series,9
28,series|5m|macd_only|trail_after_30pct_dd15pct,2.318741,1654.85,58.0658,2025-05-09T12:25:00+05:30,0.05,hold_to_end_trail_after_30pct_dd15pct,trail_after_30pct_dd15pct,2025-05-20 15:30:00+05:30,2025-05-20,False,weekly,492,2460,1773.1,7.1457,PE,-99.997,macd_only,SENSEX|weekly|2025-05-20|ITM1,80736.0,80600.0,SENSEX 80700 PE 20 MAY 25,5m,70.554055,SENSEX,weekly_series,9
145,series|10m|rsi_60|trail_after_30pct_dd15pct,7.96767,370.55,85.4538,2025-05-12T09:20:00+05:30,603.25,trail_after_30pct_dd15pct,trail_after_30pct_dd15pct,2025-05-13 09:20:00+05:30,2025-05-22,False,weekly,38,380,756.45,104.1425,CE,62.7985,rsi_60,NIFTY|weekly|2025-05-22|ITM1,24437.25,24450.0,NIFTY 24400 CE 22 MAY 25,10m,71.952925,NIFTY,weekly_series,10
22,series|10m|rsi_60|trail_after_30pct_dd15pct,0.498777,449.15,63.7161,2025-05-15T10:50:00+05:30,630.0,trail_after_30pct_dd15pct,trail_after_30pct_dd15pct,2025-05-16 09:40:00+05:30,2025-05-22,False,weekly,31,310,756.45,68.4181,CE,40.2649,rsi_60,NIFTY|weekly|2025-05-22|ITM1,24437.25,24450.0,NIFTY 24400 CE 22 MAY 25,10m,71.952925,NIFTY,weekly_series,10
2,series|10m|rsi_60|trail_after_30pct_dd15pct,0.623543,544.0,72.0102,2025-05-21T10:20:00+05:30,209.75,hold_to_end_trail_after_30pct_dd15pct,trail_after_30pct_dd15pct,2025-05-22 15:30:00+05:30,2025-05-22,False,weekly,69,690,591.95,8.8143,CE,-61.443,rsi_60,NIFTY|weekly|2025-05-22|ITM1,24437.25,24450.0,NIFTY 24400 CE 22 MAY 25,10m,71.952925,NIFTY,weekly_series,10
0,series|10m|rsi_60|trail_after_30pct_dd15pct,0.200005,190.45,60.3129,2025-05-14T13:00:00+05:30,0.05,hold_to_end_trail_after_30pct_dd15pct,trail_after_30pct_dd15pct,2025-05-22 15:30:00+05:30,2025-05-22,False,weekly,243,2430,217.6,14.2557,PE,-99.9737,rsi_60,NIFTY|weekly|2025-05-22|ITM1,24437.25,24450.0,NIFTY 24500 PE 22 MAY 25,10m,71.952925,NIFTY,weekly_series,10
164,series|5m|macd_only|trail_after_30pct_dd15pct,0.574936,910.25,56.4198,2025-05-21T15:10:00+05:30,1086.2,trail_after_30pct_dd15pct,trail_after_30pct_dd15pct,2025-05-26 10:30:00+05:30,2025-06-03,False,weekly,171,855,1279.65,40.5823,CE,19.3299,macd_only,SENSEX|weekly|2025-06-03|ITM1,82077.91,82000.0,SENSEX 81900 CE 03 JUN 25,5m,70.732943,SENSEX,weekly_series,11
47,series|5m|macd_only|trail_after_30pct_dd15pct,0.288039,1124.9,55.7074,2025-05-26T14:00:00+05:30,0.05,hold_to_end_trail_after_30pct_dd15pct,trail_after_30pct_dd15pct,2025-06-03 15:30:00+05:30,2025-06-03,False,weekly,474,2370,1255.0,11.5655,CE,-99.9956,macd_only,SENSEX|weekly|2025-06-03|ITM1,82077.91,82000.0,SENSEX 81900 CE 03 JUN 25,5m,70.732943,SENSEX,weekly_series,11
83,series|5m|macd_only|trail_after_30pct_dd15pct,12.182973,1227.8,72.2521,2025-05-21T12:15:00+05:30,1125.0,trail_after_30pct_dd15pct,trail_after_30pct_dd15pct,2025-05-23 09:45:00+05:30,2025-06-03,False,weekly,98,490,1720.05,40.092,PE,-8.3727,macd_only,SENSEX|weekly|2025-06-03|ITM1,82077.91,82000.0,SENSEX 82100 PE 03 JUN 25,5m,70.732943,SENSEX,weekly_series,11
390,series|5m|macd_only|trail_after_30pct_dd15pct,1.195949,1028.15,55.5132,2025-05-23T14:55:00+05:30,982.65,trail_after_30pct_dd15pct,trail_after_30pct_dd15pct,2025-05-27 11:05:00+05:30,2025-06-03,False,weekly,105,525,1609.2,56.5141,PE,-4.4254,macd_only,SENSEX|weekly|2025-06-03|ITM1,82077.91,82000.0,SENSEX 82100 PE 03 JUN 25,5m,70.732943,SENSEX,weekly_series,11
265,series|5m|macd_only|trail_after_30pct_dd15pct,3.64883,1115.25,53.3789,2025-05-27T12:45:00+05:30,1336.2,trail_after_30pct_dd15pct,trail_after_30pct_dd15pct,2025-06-02 10:00:00+05:30,2025-06-03,False,weekly,270,1350,1609.2,44.2905,PE,19.8117,macd_only,SENSEX|weekly|2025-06-03|ITM1,82077.91,82000.0,SENSEX 82100 PE 03 JUN 25,5m,70.732943,SENSEX,weekly_series,11
56,series|5m|macd_only|trail_after_30pct_dd15pct,4.220693,1150.0,57.2772,2025-06-02T14:45:00+05:30,1282.05,trail_after_30pct_dd15pct,trail_after_30pct_dd15pct,2025-06-03 14:05:00+05:30,2025-06-03,False,weekly,68,340,1556.75,35.3696,PE,11.4826,macd_only,SENSEX|weekly|2025-06-03|ITM1,82077.91,82000.0,SENSEX 82100 PE 03 JUN 25,5m,70.732943,SENSEX,weekly_series,11
0,series|5m|macd_only|trail_after_30pct_dd15pct,3.630382,1362.75,56.7233,2025-06-03T15:10:00+05:30,1362.25,hold_to_end_trail_after_30pct_dd15pct,trail_after_30pct_dd15pct,2025-06-03 15:30:00+05:30,2025-06-03,False,weekly,4,20,1380.8,1.3245,PE,-0.0367,macd_only,SENSEX|weekly|2025-06-03|ITM1,82077.91,82000.0,SENSEX 82100 PE 03 JUN 25,5m,70.732943,SENSEX,weekly_series,11
187,series|5m|macd_only|target_30pct,0.672038,295.6,62.0554,2025-05-22T15:00:00+05:30,384.28,target_30pct_hit,target_30pct,2025-05-23 09:45:00+05:30,2025-06-05,False,weekly,13,65,606.0,105.0068,CE,30.0,macd_only,NIFTY|weekly|2025-06-05|ITM1,24704.65,24700.0,NIFTY 24650 CE 05 JUN 25,5m,66.359264,NIFTY,weekly_series,12
104,series|5m|macd_only|target_30pct,0.034304,531.5,71.0616,2025-05-26T09:15:00+05:30,100.75,hold_to_end_target_30pct_not_hit,target_30pct,2025-06-05 15:30:00+05:30,2025-06-05,False,weekly,683,3415,606.0,14.0169,CE,-81.0442,macd_only,NIFTY|weekly|2025-06-05|ITM1,24704.65,24700.0,NIFTY 24650 CE 05 JUN 25,5m,66.359264,NIFTY,weekly_series,12
27,series|5m|macd_only|target_30pct,0.447719,361.9,60.0654,2025-05-22T12:25:00+05:30,0.05,hold_to_end_target_30pct_not_hit,target_30pct,2025-06-05 15:30:00+05:30,2025-06-05,False,weekly,797,3985,410.7,13.4844,PE,-99.9862,macd_only,NIFTY|weekly|2025-06-05|ITM1,24704.65,24700.0,NIFTY 24750 PE 05 JUN 25,5m,66.359264,NIFTY,weekly_series,12
0,series|5m|macd_only|target_30pct,3.300035,1082.2,67.6211,2025-05-28T13:00:00+05:30,689.5,hold_to_end_target_30pct_not_hit,target_30pct,2025-06-10 15:30:00+05:30,2025-06-10,False,weekly,712,3560,1082.2,0.0,CE,-36.2872,macd_only,SENSEX|weekly|2025-06-10|ITM1,81772.52,81800.0,SENSEX 81700 CE 10 JUN 25,5m,63.290307,SENSEX,weekly_series,13
365,series|5m|macd_only|target_30pct,2.000047,1286.5,60.1088,2025-05-27T13:10:00+05:30,0.05,hold_to_end_target_30pct_not_hit,target_30pct,2025-06-10 15:30:00+05:30,2025-06-10,False,weekly,776,3880,1661.0,29.11,PE,-99.9961,macd_only,SENSEX|weekly|2025-06-10|ITM1,81772.52,81800.0,SENSEX 81900 PE 10 JUN 25,5m,63.290307,SENSEX,weekly_series,13
671,series|5m|macd_only|target_30pct,0.172457,302.0,54.6021,2025-05-29T13:30:00+05:30,38.15,hold_to_end_target_30pct_not_hit,target_30pct,2025-06-12 15:30:00+05:30,2025-06-12,False,weekly,784,3920,383.95,27.1358,CE,-87.3675,macd_only,NIFTY|weekly|2025-06-12|ITM1,24884.5,24900.0,NIFTY 24850 CE 12 JUN 25,5m,60.132979,NIFTY,weekly_series,14
210,series|5m|macd_only|target_30pct,0.374775,390.5,56.2887,2025-05-29T14:20:00+05:30,507.65,target_30pct_hit,target_30pct,2025-06-02 09:20:00+05:30,2025-06-12,False,weekly,91,455,551.0,41.1012,PE,30.0,macd_only,NIFTY|weekly|2025-06-12|ITM1,24884.5,24900.0,NIFTY 24950 PE 12 JUN 25,5m,60.132979,NIFTY,weekly_series,14
53,series|5m|macd_only|target_30pct,0.769412,438.85,56.3177,2025-06-02T14:50:00+05:30,61.8,hold_to_end_target_30pct_not_hit,target_30pct,2025-06-12 15:30:00+05:30,2025-06-12,False,weekly,615,3075,551.0,25.5554,PE,-85.9177,macd_only,NIFTY|weekly|2025-06-12|ITM1,24884.5,24900.0,NIFTY 24950 PE 12 JUN 25,5m,60.132979,NIFTY,weekly_series,14
161,series|5m|macd_only|target_30pct,0.66766,863.5,61.9459,2025-06-04T14:25:00+05:30,1122.55,target_30pct_hit,target_30pct,2025-06-05 12:10:00+05:30,2025-06-17,False,weekly,45,225,1608.0,86.2189,CE,30.0,macd_only,SENSEX|weekly|2025-06-17|ITM1,81406.4,81400.0,SENSEX 81300 CE 17 JUN 25,5m,57.738112,SENSEX,weekly_series,15
60,series|5m|macd_only|target_30pct,10.617724,1092.0,67.5787,2025-06-06T10:35:00+05:30,1419.6,target_30pct_hit,target_30pct,2025-06-06 12:00:00+05:30,2025-06-17,False,weekly,17,85,1608.0,47.2527,CE,30.0,macd_only,SENSEX|weekly|2025-06-17|ITM1,81406.4,81400.0,SENSEX 81300 CE 17 JUN 25,5m,57.738112,SENSEX,weekly_series,15
86,series|5m|macd_only|target_30pct,0.499354,1450.7,57.914,2025-06-10T12:05:00+05:30,283.95,hold_to_end_target_30pct_not_hit,target_30pct,2025-06-17 15:30:00+05:30,2025-06-17,False,weekly,401,2005,1597.1,10.0917,CE,-80.4267,macd_only,SENSEX|weekly|2025-06-17|ITM1,81406.4,81400.0,SENSEX 81300 CE 17 JUN 25,5m,57.738112,SENSEX,weekly_series,15
401,series|5m|macd_only|target_30pct,0.588489,790.0,55.8851,2025-06-05T13:50:00+05:30,1027.0,target_30pct_hit,target_30pct,2025-06-13 09:15:00+05:30,2025-06-17,False,weekly,401,2005,1229.15,55.5886,PE,30.0,macd_only,SENSEX|weekly|2025-06-17|ITM1,81406.4,81400.0,SENSEX 81500 PE 17 JUN 25,5m,57.738112,SENSEX,weekly_series,15
1,series|5m|macd_only|target_30pct,6.031534,780.0,65.4431,2025-06-13T14:55:00+05:30,0.05,hold_to_end_target_30pct_not_hit,target_30pct,2025-06-17 15:30:00+05:30,2025-06-17,False,weekly,159,795,848.0,8.7179,PE,-99.9936,macd_only,SENSEX|weekly|2025-06-17|ITM1,81406.4,81400.0,SENSEX 81500 PE 17 JUN 25,5m,57.738112,SENSEX,weekly_series,15
125,series|10m|rsi_60|target_30pct,4.058553,481.4,67.4724,2025-06-06T10:40:00+05:30,625.82,target_30pct_hit,target_30pct,2025-06-09 09:20:00+05:30,2025-06-19,False,weekly,30,300,682.45,41.7636,CE,30.0,rsi_60,NIFTY|weekly|2025-06-19|ITM1,24661.6,24650.0,NIFTY 24600 CE 19 JUN 25,10m,60.375382,NIFTY,weekly_series,16
9,series|10m|rsi_60|target_30pct,2.776688,633.0,64.4272,2025-06-11T11:00:00+05:30,193.4,hold_to_end_target_30pct_not_hit,target_30pct,2025-06-19 15:30:00+05:30,2025-06-19,False,weekly,255,2550,682.45,7.812,CE,-69.4471,rsi_60,NIFTY|weekly|2025-06-19|ITM1,24661.6,24650.0,NIFTY 24600 CE 19 JUN 25,10m,60.375382,NIFTY,weekly_series,16
34,series|10m|rsi_60|target_30pct,0.414122,51.55,63.8686,2025-06-12T10:00:00+05:30,67.015,target_30pct_hit,target_30pct,2025-06-12 13:30:00+05:30,2025-06-19,False,weekly,21,210,306.55,494.6654,PE,30.0,rsi_60,NIFTY|weekly|2025-06-19|ITM1,24661.6,24650.0,NIFTY 24700 PE 19 JUN 25,10m,60.375382,NIFTY,weekly_series,16
5,series|10m|rsi_60|target_30pct,0.024699,55.5,60.9852,2025-06-18T12:00:00+05:30,0.05,hold_to_end_target_30pct_not_hit,target_30pct,2025-06-19 15:30:00+05:30,2025-06-19,False,weekly,59,590,66.45,19.7297,PE,-99.9099,rsi_60,NIFTY|weekly|2025-06-19|ITM1,24661.6,24650.0,NIFTY 24700 PE 19 JUN 25,10m,60.375382,NIFTY,weekly_series,16
234,series|10m|rsi_60|target_30pct,2.805278,702.05,62.4251,2025-06-19T14:10:00+05:30,912.665,target_30pct_hit,target_30pct,2025-06-20 10:30:00+05:30,2025-07-01,False,weekly,16,160,2300.0,227.612,CE,30.0,rsi_60,SENSEX|weekly|2025-07-01|ITM1,81868.05,81900.0,SENSEX 81800 CE 01 JUL 25,10m,58.216384,SENSEX,weekly_series,17
161,series|10m|rsi_60|target_30pct,2.425573,855.15,63.658,2025-06-23T13:40:00+05:30,1111.695,target_30pct_hit,target_30pct,2025-06-24 09:20:00+05:30,2025-07-01,False,weekly,12,120,2300.0,168.9587,CE,30.0,rsi_60,SENSEX|weekly|2025-07-01|ITM1,81868.05,81900.0,SENSEX 81800 CE 01 JUL 25,10m,58.216384,SENSEX,weekly_series,17
0,series|10m|rsi_60|target_30pct,6.15666,1102.55,66.732,2025-06-19T15:30:00+05:30,0.05,hold_to_end_target_30pct_not_hit,target_30pct,2025-07-01 15:30:00+05:30,2025-07-01,False,weekly,304,3040,1111.0,0.7664,PE,-99.9955,rsi_60,SENSEX|weekly|2025-07-01|ITM1,81868.05,81900.0,SENSEX 82000 PE 01 JUL 25,10m,58.216384,SENSEX,weekly_series,17
227,series|10m|rsi_60|target_30pct,0.562571,337.95,66.829,2025-06-19T14:20:00+05:30,439.335,target_30pct_hit,target_30pct,2025-06-20 10:30:00+05:30,2025-07-03,False,weekly,15,150,933.75,176.2983,CE,30.0,rsi_60,NIFTY|weekly|2025-07-03|ITM1,24783.9,24800.0,NIFTY 24750 CE 03 JUL 25,10m,58.252203,NIFTY,weekly_series,18
156,series|10m|rsi_60|target_30pct,0.940217,438.95,68.6014,2025-06-23T13:30:00+05:30,570.635,target_30pct_hit,target_30pct,2025-06-24 09:20:00+05:30,2025-07-03,False,weekly,13,130,933.75,112.7235,CE,30.0,rsi_60,NIFTY|weekly|2025-07-03|ITM1,24783.9,24800.0,NIFTY 24750 CE 03 JUL 25,10m,58.252203,NIFTY,weekly_series,18
97,series|10m|rsi_60|target_30pct,2.689038,839.65,62.8329,2025-07-01T10:10:00+05:30,656.2,hold_to_end_target_30pct_not_hit,target_30pct,2025-07-03 15:30:00+05:30,2025-07-03,False,weekly,107,1070,841.35,0.2025,CE,-21.8484,rsi_60,NIFTY|weekly|2025-07-03|ITM1,24783.9,24800.0,NIFTY 24750 CE 03 JUL 25,10m,58.252203,NIFTY,weekly_series,18
3,series|10m|rsi_60|target_30pct,3.238364,220.95,74.5449,2025-06-23T09:40:00+05:30,0.05,hold_to_end_target_30pct_not_hit,target_30pct,2025-07-03 15:30:00+05:30,2025-07-03,False,weekly,339,3390,253.15,14.5734,PE,-99.9774,rsi_60,NIFTY|weekly|2025-07-03|ITM1,24783.9,24800.0,NIFTY 24850 PE 03 JUL 25,10m,58.252203,NIFTY,weekly_series,18
130,series|5m|macd_only|target_30pct,0.441674,813.0,58.1072,2025-06-25T09:50:00+05:30,1056.9,target_30pct_hit,target_30pct,2025-06-26 09:30:00+05:30,2025-07-08,False,weekly,71,355,1470.0,80.8118,CE,30.0,macd_only,SENSEX|weekly|2025-07-08|ITM1,82786.27,82700.0,SENSEX 82600 CE 08 JUL 25,5m,58.134335,SENSEX,weekly_series,19
0,series|5m|macd_only|target_30pct,7.216368,1412.35,96.8754,2025-07-02T09:20:00+05:30,1114.35,hold_to_end_target_30pct_not_hit,target_30pct,2025-07-08 15:30:00+05:30,2025-07-08,False,weekly,378,1890,1412.35,0.0,CE,-21.0996,macd_only,SENSEX|weekly|2025-07-08|ITM1,82786.27,82700.0,SENSEX 82600 CE 08 JUL 25,5m,58.134335,SENSEX,weekly_series,19
40,series|5m|macd_only|target_30pct,1.017901,252.15,58.136,2025-06-30T10:50:00+05:30,0.05,hold_to_end_target_30pct_not_hit,target_30pct,2025-07-08 15:30:00+05:30,2025-07-08,False,weekly,512,2560,321.15,27.3647,PE,-99.9802,macd_only,SENSEX|weekly|2025-07-08|ITM1,82786.27,82700.0,SENSEX 82800 PE 08 JUL 25,5m,58.134335,SENSEX,weekly_series,19
99,series|5m|macd_only|target_30pct,0.710422,369.2,65.9087,2025-06-26T12:15:00+05:30,479.96,target_30pct_hit,target_30pct,2025-06-27 09:20:00+05:30,2025-07-10,False,weekly,40,200,528.6,43.1744,CE,30.0,macd_only,NIFTY|weekly|2025-07-10|ITM1,25282.35,25300.0,NIFTY 25250 CE 10 JUL 25,5m,56.929487,NIFTY,weekly_series,20
5,series|5m|macd_only|target_30pct,0.83379,429.0,66.7295,2025-07-01T09:25:00+05:30,105.2,hold_to_end_target_30pct_not_hit,target_30pct,2025-07-10 15:30:00+05:30,2025-07-10,False,weekly,604,3020,445.65,3.8811,CE,-75.4779,macd_only,NIFTY|weekly|2025-07-10|ITM1,25282.35,25300.0,NIFTY 25250 CE 10 JUL 25,5m,56.929487,NIFTY,weekly_series,20
327,series|5m|macd_only|target_30pct,0.189671,111.9,59.0782,2025-06-30T09:55:00+05:30,145.47,target_30pct_hit,target_30pct,2025-06-30 13:15:00+05:30,2025-07-10,False,weekly,40,200,153.55,37.2207,PE,30.0,macd_only,NIFTY|weekly|2025-07-10|ITM1,25282.35,25300.0,NIFTY 25350 PE 10 JUL 25,5m,56.929487,NIFTY,weekly_series,20
169,series|5m|macd_only|target_30pct,0.206189,98.85,56.9921,2025-07-02T10:25:00+05:30,128.505,target_30pct_hit,target_30pct,2025-07-02 13:30:00+05:30,2025-07-10,False,weekly,37,185,153.55,55.3364,PE,30.0,macd_only,NIFTY|weekly|2025-07-10|ITM1,25282.35,25300.0,NIFTY 25350 PE 10 JUL 25,5m,56.929487,NIFTY,weekly_series,20
69,series|5m|macd_only|target_30pct,0.001685,89.15,55.3194,2025-07-03T12:25:00+05:30,115.895,target_30pct_hit,target_30pct,2025-07-03 14:35:00+05:30,2025-07-10,False,weekly,26,130,153.55,72.2378,PE,30.0,macd_only,NIFTY|weekly|2025-07-10|ITM1,25282.35,25300.0,NIFTY 25350 PE 10 JUL 25,5m,56.929487,NIFTY,weekly_series,20
3,series|5m|macd_only|target_30pct,0.032432,120.1,58.4205,2025-07-04T11:35:00+05:30,0.05,hold_to_end_target_30pct_not_hit,target_30pct,2025-07-10 15:30:00+05:30,2025-07-10,False,weekly,351,1755,153.55,27.8518,PE,-99.9584,macd_only,NIFTY|weekly|2025-07-10|ITM1,25282.35,25300.0,NIFTY 25350 PE 10 JUL 25,5m,56.929487,NIFTY,weekly_series,20
20,series|5m|macd_only|target_30pct,0.659177,940.0,59.8713,2025-07-01T14:05:00+05:30,0.05,hold_to_end_target_30pct_not_hit,target_30pct,2025-07-15 15:30:00+05:30,2025-07-15,False,weekly,777,3885,1017.5,8.2447,CE,-99.9947,macd_only,SENSEX|weekly|2025-07-15|ITM1,83624.92,83600.0,SENSEX 83500 CE 15 JUL 25,5m,57.597639,SENSEX,weekly_series,21
636,series|5m|macd_only|target_30pct,0.711272,689.4,57.1087,2025-07-02T10:35:00+05:30,896.22,target_30pct_hit,target_30pct,2025-07-02 13:30:00+05:30,2025-07-15,False,weekly,35,175,1628.45,136.2126,PE,30.0,macd_only,SENSEX|weekly|2025-07-15|ITM1,83624.92,83600.0,SENSEX 83700 PE 15 JUL 25,5m,57.597639,SENSEX,weekly_series,21
538,series|5m|macd_only|target_30pct,0.356142,676.2,54.155,2025-07-03T12:25:00+05:30,879.06,target_30pct_hit,target_30pct,2025-07-03 14:40:00+05:30,2025-07-15,False,weekly,27,135,1628.45,140.8237,PE,30.0,macd_only,SENSEX|weekly|2025-07-15|ITM1,83624.92,83600.0,SENSEX 83700 PE 15 JUL 25,5m,57.597639,SENSEX,weekly_series,21
389,series|5m|macd_only|target_30pct,0.627683,736.65,61.8431,2025-07-07T12:20:00+05:30,957.645,target_30pct_hit,target_30pct,2025-07-11 10:35:00+05:30,2025-07-15,False,weekly,282,1410,1628.45,121.0616,PE,30.0,macd_only,SENSEX|weekly|2025-07-15|ITM1,83624.92,83600.0,SENSEX 83700 PE 15 JUL 25,5m,57.597639,SENSEX,weekly_series,21
51,series|5m|macd_only|target_30pct,0.24897,1116.45,55.465,2025-07-11T15:15:00+05:30,1451.385,target_30pct_hit,target_30pct,2025-07-14 09:25:00+05:30,2025-07-15,False,weekly,6,30,1628.45,45.8596,PE,30.0,macd_only,SENSEX|weekly|2025-07-15|ITM1,83624.92,83600.0,SENSEX 83700 PE 15 JUL 25,5m,57.597639,SENSEX,weekly_series,21
14,series|5m|macd_only|target_30pct,0.663357,1120.85,57.5701,2025-07-15T13:45:00+05:30,1127.9,hold_to_end_target_30pct_not_hit,target_30pct,2025-07-15 15:30:00+05:30,2025-07-15,False,weekly,21,105,1248.0,11.3441,PE,0.629,macd_only,SENSEX|weekly|2025-07-15|ITM1,83624.92,83600.0,SENSEX 83700 PE 15 JUL 25,5m,57.597639,SENSEX,weekly_series,21
0,series|5m|macd_only|target_30pct,2.079704,325.4,70.0349,2025-07-03T13:40:00+05:30,0.05,hold_to_end_target_30pct_not_hit,target_30pct,2025-07-17 15:30:00+05:30,2025-07-17,False,weekly,782,3910,328.9,1.0756,CE,-99.9846,macd_only,NIFTY|weekly|2025-07-17|ITM1,25486.2,25500.0,NIFTY 25450 CE 17 JUL 25,5m,59.720274,NIFTY,weekly_series,22
542,series|5m|macd_only|target_30pct,0.92166,229.2,57.0564,2025-07-03T12:20:00+05:30,297.96,target_30pct_hit,target_30pct,2025-07-04 11:45:00+05:30,2025-07-17,False,weekly,69,345,525.75,129.3848,PE,30.0,macd_only,NIFTY|weekly|2025-07-17|ITM1,25486.2,25500.0,NIFTY 25550 PE 17 JUL 25,5m,59.720274,NIFTY,weekly_series,22
391,series|5m|macd_only|target_30pct,0.391707,239.65,59.5339,2025-07-07T12:15:00+05:30,311.545,target_30pct_hit,target_30pct,2025-07-11 09:15:00+05:30,2025-07-17,False,weekly,268,1340,525.75,119.3824,PE,30.0,macd_only,NIFTY|weekly|2025-07-17|ITM1,25486.2,25500.0,NIFTY 25550 PE 17 JUL 25,5m,59.720274,NIFTY,weekly_series,22
168,series|5m|macd_only|target_30pct,0.302034,351.1,55.5499,2025-07-15T13:45:00+05:30,437.9,hold_to_end_target_30pct_not_hit,target_30pct,2025-07-17 15:30:00+05:30,2025-07-17,False,weekly,173,865,446.85,27.2714,PE,24.7223,macd_only,NIFTY|weekly|2025-07-17|ITM1,25486.2,25500.0,NIFTY 25550 PE 17 JUL 25,5m,59.720274,NIFTY,weekly_series,22
17,series|5m|macd_only|target_30pct,0.4228,933.0,58.3739,2025-07-09T13:25:00+05:30,0.05,hold_to_end_target_30pct_not_hit,target_30pct,2025-07-22 15:30:00+05:30,2025-07-22,False,weekly,705,3525,965.0,3.4298,CE,-99.9946,macd_only,SENSEX|weekly|2025-07-22|ITM1,83431.57,83500.0,SENSEX 83400 CE 22 JUL 25,5m,60.537969,SENSEX,weekly_series,23
539,series|5m|macd_only|target_30pct,1.126603,538.1,62.4701,2025-07-09T14:25:00+05:30,699.53,target_30pct_hit,target_30pct,2025-07-10 10:15:00+05:30,2025-07-22,False,weekly,25,125,2023.8,276.1011,PE,30.0,macd_only,SENSEX|weekly|2025-07-22|ITM1,83431.57,83500.0,SENSEX 83600 PE 22 JUL 25,5m,60.537969,SENSEX,weekly_series,23
472,series|5m|macd_only|target_30pct,1.230108,760.05,61.8364,2025-07-10T13:45:00+05:30,988.065,target_30pct_hit,target_30pct,2025-07-11 10:35:00+05:30,2025-07-22,False,weekly,37,185,2023.8,166.272,PE,30.0,macd_only,SENSEX|weekly|2025-07-22|ITM1,83431.57,83500.0,SENSEX 83600 PE 22 JUL 25,5m,60.537969,SENSEX,weekly_series,23
375,series|5m|macd_only|target_30pct,21.508263,1404.6,92.9296,2025-07-14T09:30:00+05:30,1825.98,target_30pct_hit,target_30pct,2025-07-18 11:00:00+05:30,2025-07-22,False,weekly,318,1590,2023.8,44.0837,PE,30.0,macd_only,SENSEX|weekly|2025-07-22|ITM1,83431.57,83500.0,SENSEX 83600 PE 22 JUL 25,5m,60.537969,SENSEX,weekly_series,23
0,series|5m|macd_only|target_30pct,12.125011,2023.8,79.44,2025-07-21T09:30:00+05:30,1416.45,hold_to_end_target_30pct_not_hit,target_30pct,2025-07-22 15:30:00+05:30,2025-07-22,False,weekly,148,740,2023.8,0.0,PE,-30.0104,macd_only,SENSEX|weekly|2025-07-22|ITM1,83431.57,83500.0,SENSEX 83600 PE 22 JUL 25,5m,60.537969,SENSEX,weekly_series,23
32,series|5m|macd_only|target_30pct,0.199917,66.0,65.8004,2025-07-14T14:55:00+05:30,85.8,target_30pct_hit,target_30pct,2025-07-15 11:05:00+05:30,2025-07-24,False,weekly,30,150,100.6,52.4242,CE,30.0,macd_only,NIFTY|weekly|2025-07-24|ITM1,25483.0,25500.0,NIFTY 25450 CE 24 JUL 25,5m,60.746417,NIFTY,weekly_series,24
25,series|5m|macd_only|target_30pct,0.404246,56.75,63.4882,2025-07-16T12:15:00+05:30,0.05,hold_to_end_target_30pct_not_hit,target_30pct,2025-07-24 15:30:00+05:30,2025-07-24,False,weekly,495,2475,71.5,25.9912,CE,-99.9119,macd_only,NIFTY|weekly|2025-07-24|ITM1,25483.0,25500.0,NIFTY 25450 CE 24 JUL 25,5m,60.746417,NIFTY,weekly_series,24
482,series|5m|macd_only|target_30pct,1.30694,289.1,65.3704,2025-07-10T13:45:00+05:30,375.83,target_30pct_hit,target_30pct,2025-07-11 10:45:00+05:30,2025-07-24,False,weekly,40,200,652.55,125.7177,PE,30.0,macd_only,NIFTY|weekly|2025-07-24|ITM1,25483.0,25500.0,NIFTY 25550 PE 24 JUL 25,5m,60.746417,NIFTY,weekly_series,24
254,series|5m|macd_only|target_30pct,0.979121,375.0,57.9514,2025-07-15T13:45:00+05:30,487.5,target_30pct_hit,target_30pct,2025-07-18 09:45:00+05:30,2025-07-24,False,weekly,180,900,652.55,74.0133,PE,30.0,macd_only,NIFTY|weekly|2025-07-24|ITM1,25483.0,25500.0,NIFTY 25550 PE 24 JUL 25,5m,60.746417,NIFTY,weekly_series,24
3,series|5m|macd_only|target_30pct,0.802956,585.0,62.7503,2025-07-21T09:20:00+05:30,487.0,hold_to_end_target_30pct_not_hit,target_30pct,2025-07-24 15:30:00+05:30,2025-07-24,False,weekly,302,1510,652.55,11.547,PE,-16.7521,macd_only,NIFTY|weekly|2025-07-24|ITM1,25483.0,25500.0,NIFTY 25550 PE 24 JUL 25,5m,60.746417,NIFTY,weekly_series,24
96,series|5m|macd_only|target_30pct,0.075086,720.0,49.8889,2025-07-22T13:25:00+05:30,0.05,hold_to_end_target_30pct_not_hit,target_30pct,2025-08-05 15:30:00+05:30,2025-08-05,False,weekly,783,3915,924.95,28.4653,CE,-99.9931,macd_only,SENSEX|weekly|2025-08-05|ITM1,82449.31,82400.0,SENSEX 82300 CE 05 AUG 25,5m,61.063826,SENSEX,weekly_series,25
624,series|5m|macd_only|target_30pct,0.414494,665.0,55.4415,2025-07-22T13:55:00+05:30,864.5,target_30pct_hit,target_30pct,2025-07-25 09:20:00+05:30,2025-08-05,False,weekly,173,865,1966.9,195.7744,PE,30.0,macd_only,SENSEX|weekly|2025-08-05|ITM1,82449.31,82400.0,SENSEX 82500 PE 05 AUG 25,5m,61.063826,SENSEX,weekly_series,25
358,series|5m|macd_only|target_30pct,6.572509,1225.0,60.5325,2025-07-28T10:55:00+05:30,1592.5,target_30pct_hit,target_30pct,2025-07-29 09:20:00+05:30,2025-08-05,False,weekly,56,280,1966.9,60.5633,PE,30.0,macd_only,SENSEX|weekly|2025-08-05|ITM1,82449.31,82400.0,SENSEX 82500 PE 05 AUG 25,5m,61.063826,SENSEX,weekly_series,25
268,series|5m|macd_only|target_30pct,0.35604,1610.0,51.499,2025-07-29T12:10:00+05:30,1791.0,hold_to_end_target_30pct_not_hit,target_30pct,2025-08-05 15:30:00+05:30,2025-08-05,False,weekly,419,2095,1966.9,22.1677,PE,11.2422,macd_only,SENSEX|weekly|2025-08-05|ITM1,82449.31,82400.0,SENSEX 82500 PE 05 AUG 25,5m,61.063826,SENSEX,weekly_series,25
2,series|5m|macd_only|target_30pct,0.45858,101.1,63.4044,2025-07-28T10:15:00+05:30,0.05,hold_to_end_target_30pct_not_hit,target_30pct,2025-08-07 15:30:00+05:30,2025-08-07,False,weekly,671,3355,105.75,4.5994,CE,-99.9505,macd_only,NIFTY|weekly|2025-08-07|ITM1,25219.5,25200.0,NIFTY 25150 CE 07 AUG 25,5m,61.69755,NIFTY,weekly_series,26
733,series|5m|macd_only|target_30pct,0.080067,247.85,52.5396,2025-07-24T15:15:00+05:30,322.205,target_30pct_hit,target_30pct,2025-07-25 09:15:00+05:30,2025-08-07,False,weekly,4,20,909.1,266.7944,PE,30.0,macd_only,NIFTY|weekly|2025-08-07|ITM1,25219.5,25200.0,NIFTY 25250 PE 07 AUG 25,5m,61.69755,NIFTY,weekly_series,26
632,series|5m|macd_only|target_30pct,1.765455,444.5,56.6545,2025-07-28T11:00:00+05:30,577.85,target_30pct_hit,target_30pct,2025-07-29 09:20:00+05:30,2025-08-07,False,weekly,55,275,909.1,104.5219,PE,30.0,macd_only,NIFTY|weekly|2025-08-07|ITM1,25219.5,25200.0,NIFTY 25250 PE 07 AUG 25,5m,61.69755,NIFTY,weekly_series,26
564,series|5m|macd_only|target_30pct,2.369342,572.2,64.6062,2025-07-29T10:25:00+05:30,743.86,target_30pct_hit,target_30pct,2025-08-07 09:20:00+05:30,2025-08-07,False,weekly,513,2565,909.1,58.878,PE,30.0,macd_only,NIFTY|weekly|2025-08-07|ITM1,25219.5,25200.0,NIFTY 25250 PE 07 AUG 25,5m,61.69755,NIFTY,weekly_series,26
34,series|5m|macd_only|target_30pct,4.186654,1100.0,71.1289,2025-07-31T11:25:00+05:30,0.1,hold_to_end_target_30pct_not_hit,target_30pct,2025-08-12 15:30:00+05:30,2025-08-12,False,weekly,656,3280,1427.6,29.7818,CE,-99.9909,macd_only,SENSEX|weekly|2025-08-12|ITM1,80725.74,80800.0,SENSEX 80700 CE 12 AUG 25,5m,62.447322,SENSEX,weekly_series,27
431,series|5m|macd_only|target_30pct,16.067141,538.95,91.5706,2025-07-31T09:15:00+05:30,700.635,target_30pct_hit,target_30pct,2025-08-01 15:10:00+05:30,2025-08-12,False,weekly,146,730,1112.25,106.3735,PE,30.0,macd_only,SENSEX|weekly|2025-08-12|ITM1,80725.74,80800.0,SENSEX 80900 PE 12 AUG 25,5m,62.447322,SENSEX,weekly_series,27
274,series|5m|macd_only|target_30pct,2.746531,683.85,57.7249,2025-08-04T09:45:00+05:30,889.005,target_30pct_hit,target_30pct,2025-08-07 10:35:00+05:30,2025-08-12,False,weekly,238,1190,1112.25,62.6453,PE,30.0,macd_only,SENSEX|weekly|2025-08-12|ITM1,80725.74,80800.0,SENSEX 80900 PE 12 AUG 25,5m,62.447322,SENSEX,weekly_series,27
61,series|5m|macd_only|target_30pct,6.953022,771.9,58.2769,2025-08-08T10:10:00+05:30,1003.47,target_30pct_hit,target_30pct,2025-08-08 15:15:00+05:30,2025-08-12,False,weekly,61,305,1063.05,37.7186,PE,30.0,macd_only,SENSEX|weekly|2025-08-12|ITM1,80725.74,80800.0,SENSEX 80900 PE 12 AUG 25,5m,62.447322,SENSEX,weekly_series,27
47,series|5m|macd_only|target_30pct,8.357036,465.2,64.2049,2025-08-12T11:10:00+05:30,604.76,target_30pct_hit,target_30pct,2025-08-12 14:50:00+05:30,2025-08-12,False,weekly,44,220,739.75,59.0176,PE,30.0,macd_only,SENSEX|weekly|2025-08-12|ITM1,80725.74,80800.0,SENSEX 80900 PE 12 AUG 25,5m,62.447322,SENSEX,weekly_series,27
38,series|5m|macd_only|target_30pct,0.181527,217.8,53.2574,2025-08-04T10:40:00+05:30,0.05,hold_to_end_target_30pct_not_hit,target_30pct,2025-08-14 15:30:00+05:30,2025-08-14,False,weekly,666,3330,263.25,20.8678,CE,-99.977,macd_only,NIFTY|weekly|2025-08-14|ITM1,24699.1,24700.0,NIFTY 24650 CE 14 AUG 25,5m,63.76503,NIFTY,weekly_series,28
362,series|5m|macd_only|target_30pct,1.925694,173.15,66.2174,2025-07-31T15:05:00+05:30,225.095,target_30pct_hit,target_30pct,2025-08-01 09:15:00+05:30,2025-08-14,False,weekly,6,30,414.05,139.1279,PE,30.0,macd_only,NIFTY|weekly|2025-08-14|ITM1,24699.1,24700.0,NIFTY 24750 PE 14 AUG 25,5m,63.76503,NIFTY,weekly_series,28
199,series|5m|macd_only|target_30pct,2.790267,235.1,72.3253,2025-08-05T09:40:00+05:30,305.63,target_30pct_hit,target_30pct,2025-08-07 10:30:00+05:30,2025-08-14,False,weekly,162,810,414.05,76.1165,PE,30.0,macd_only,NIFTY|weekly|2025-08-14|ITM1,24699.1,24700.0,NIFTY 24750 PE 14 AUG 25,5m,63.76503,NIFTY,weekly_series,28
62,series|5m|macd_only|target_30pct,0.169306,312.85,61.9629,2025-08-08T10:05:00+05:30,118.75,hold_to_end_target_30pct_not_hit,target_30pct,2025-08-14 15:30:00+05:30,2025-08-14,False,weekly,369,1845,402.6,28.6879,PE,-62.0425,macd_only,NIFTY|weekly|2025-08-14|ITM1,24699.1,24700.0,NIFTY 24750 PE 14 AUG 25,5m,63.76503,NIFTY,weekly_series,28
494,series|5m|macd_only|target_30pct,6.481285,1104.5,85.0326,2025-08-06T12:30:00+05:30,1435.85,target_30pct_hit,target_30pct,2025-08-18 09:15:00+05:30,2025-08-19,False,weekly,487,2435,1729.4,56.5776,CE,30.0,macd_only,SENSEX|weekly|2025-08-19|ITM1,80923.2,80200.0,SENSEX 80100 CE 19 AUG 25,5m,63.094972,SENSEX,weekly_series,29
63,series|5m|macd_only|target_30pct,6.660241,1502.25,60.5865,2025-08-18T13:25:00+05:30,1545.0,hold_to_end_target_30pct_not_hit,target_30pct,2025-08-19 15:30:00+05:30,2025-08-19,False,weekly,100,500,1654.1,10.1082,CE,2.8457,macd_only,SENSEX|weekly|2025-08-19|ITM1,80923.2,80200.0,SENSEX 80100 CE 19 AUG 25,5m,63.094972,SENSEX,weekly_series,29
65,series|5m|macd_only|target_30pct,0.807652,424.65,56.8293,2025-08-06T14:25:00+05:30,552.045,target_30pct_hit,target_30pct,2025-08-07 10:30:00+05:30,2025-08-19,False,weekly,28,140,755.0,77.7935,PE,30.0,macd_only,SENSEX|weekly|2025-08-19|ITM1,80923.2,80200.0,SENSEX 80300 PE 19 AUG 25,5m,63.094972,SENSEX,weekly_series,29
61,series|5m|macd_only|target_30pct,0.143142,524.55,57.0294,2025-08-08T10:10:00+05:30,681.915,target_30pct_hit,target_30pct,2025-08-08 15:15:00+05:30,2025-08-19,False,weekly,61,305,722.6,37.7562,PE,30.0,macd_only,SENSEX|weekly|2025-08-19|ITM1,80923.2,80200.0,SENSEX 80300 PE 19 AUG 25,5m,63.094972,SENSEX,weekly_series,29
47,series|5m|macd_only|target_30pct,2.182464,341.75,64.4886,2025-08-12T11:10:00+05:30,0.05,hold_to_end_target_30pct_not_hit,target_30pct,2025-08-19 15:30:00+05:30,2025-08-19,False,weekly,356,1780,405.1,18.5369,PE,-99.9854,macd_only,SENSEX|weekly|2025-08-19|ITM1,80923.2,80200.0,SENSEX 80300 PE 19 AUG 25,5m,63.094972,SENSEX,weekly_series,29
638,series|5m|macd_only|target_30pct,0.565689,223.2,59.703,2025-08-07T14:25:00+05:30,290.16,target_30pct_hit,target_30pct,2025-08-07 15:05:00+05:30,2025-08-21,False,weekly,8,40,689.65,208.983,CE,30.0,macd_only,NIFTY|weekly|2025-08-21|ITM1,24501.7,24500.0,NIFTY 24450 CE 21 AUG 25,5m,64.150054,NIFTY,weekly_series,30
533,series|5m|macd_only|target_30pct,0.932617,200.55,57.5892,2025-08-11T10:30:00+05:30,260.715,target_30pct_hit,target_30pct,2025-08-11 14:35:00+05:30,2025-08-21,False,weekly,49,245,689.65,243.8793,CE,30.0,macd_only,NIFTY|weekly|2025-08-21|ITM1,24501.7,24500.0,NIFTY 24450 CE 21 AUG 25,5m,64.150054,NIFTY,weekly_series,30
433,series|5m|macd_only|target_30pct,0.689079,289.35,59.8503,2025-08-12T12:30:00+05:30,376.155,target_30pct_hit,target_30pct,2025-08-18 09:15:00+05:30,2025-08-21,False,weekly,189,945,689.65,138.3446,CE,30.0,macd_only,NIFTY|weekly|2025-08-21|ITM1,24501.7,24500.0,NIFTY 24450 CE 21 AUG 25,5m,64.150054,NIFTY,weekly_series,30
195,series|5m|macd_only|target_30pct,1.150284,536.0,59.8347,2025-08-18T13:20:00+05:30,634.45,hold_to_end_target_30pct_not_hit,target_30pct,2025-08-21 15:30:00+05:30,2025-08-21,False,weekly,253,1265,689.65,28.666,CE,18.3675,macd_only,NIFTY|weekly|2025-08-21|ITM1,24501.7,24500.0,NIFTY 24450 CE 21 AUG 25,5m,64.150054,NIFTY,weekly_series,30
61,series|5m|macd_only|target_30pct,0.764075,210.45,58.485,2025-08-08T10:10:00+05:30,273.585,target_30pct_hit,target_30pct,2025-08-08 15:15:00+05:30,2025-08-21,False,weekly,61,305,281.0,33.5234,PE,30.0,macd_only,NIFTY|weekly|2025-08-21|ITM1,24501.7,24500.0,NIFTY 24550 PE 21 AUG 25,5m,64.150054,NIFTY,weekly_series,30
48,series|5m|macd_only|target_30pct,0.095617,145.1,61.6704,2025-08-12T11:05:00+05:30,0.05,hold_to_end_target_30pct_not_hit,target_30pct,2025-08-21 15:30:00+05:30,2025-08-21,False,weekly,509,2545,169.35,16.7126,PE,-99.9655,macd_only,NIFTY|weekly|2025-08-21|ITM1,24501.7,24500.0,NIFTY 24550 PE 21 AUG 25,5m,64.150054,NIFTY,weekly_series,30
18,series|5m|macd_only|target_30pct,1.343219,823.15,56.7995,2025-08-21T12:50:00+05:30,0.05,hold_to_end_target_30pct_not_hit,target_30pct,2025-09-04 15:30:00+05:30,2025-09-04,False,weekly,716,3580,840.0,2.047,CE,-99.9939,macd_only,SENSEX|weekly|2025-09-04|ITM1,82051.04,82100.0,SENSEX 82000 CE 04 SEP 25,5m,65.815085,SENSEX,weekly_series,31
423,series|5m|macd_only|target_30pct,0.257555,610.65,61.2886,2025-08-21T13:40:00+05:30,793.845,target_30pct_hit,target_30pct,2025-08-22 09:35:00+05:30,2025-09-04,False,weekly,27,135,2077.8,240.2604,PE,30.0,macd_only,SENSEX|weekly|2025-09-04|ITM1,82051.04,82100.0,SENSEX 82200 PE 04 SEP 25,5m,65.815085,SENSEX,weekly_series,31
261,series|5m|macd_only|target_30pct,1.987066,728.0,58.66,2025-08-25T15:10:00+05:30,946.4,target_30pct_hit,target_30pct,2025-08-26 09:20:00+05:30,2025-09-04,False,weekly,6,30,2077.8,185.4121,PE,30.0,macd_only,SENSEX|weekly|2025-09-04|ITM1,82051.04,82100.0,SENSEX 82200 PE 04 SEP 25,5m,65.815085,SENSEX,weekly_series,31
146,series|5m|macd_only|target_30pct,5.098559,1733.4,59.7223,2025-08-28T12:05:00+05:30,1487.2,hold_to_end_target_30pct_not_hit,target_30pct,2025-09-04 15:30:00+05:30,2025-09-04,False,weekly,287,1435,2077.8,19.8685,PE,-14.2033,macd_only,SENSEX|weekly|2025-09-04|ITM1,82051.04,82100.0,SENSEX 82200 PE 04 SEP 25,5m,65.815085,SENSEX,weekly_series,31
541,series|5m|macd_only|target_30pct,0.792908,584.25,52.2886,2025-09-01T09:50:00+05:30,759.525,target_30pct_hit,target_30pct,2025-09-02 09:55:00+05:30,2025-09-11,False,weekly,77,385,1280.0,119.0843,CE,30.0,macd_only,SENSEX|weekly|2025-09-11|ITM1,80416.2,80500.0,SENSEX 80400 CE 11 SEP 25,5m,65.485707,SENSEX,weekly_series,32
360,series|5m|macd_only|target_30pct,2.314544,497.1,63.636,2025-09-03T12:15:00+05:30,646.23,target_30pct_hit,target_30pct,2025-09-03 15:10:00+05:30,2025-09-11,False,weekly,35,175,1280.0,157.4935,CE,30.0,macd_only,SENSEX|weekly|2025-09-11|ITM1,80416.2,80500.0,SENSEX 80400 CE 11 SEP 25,5m,65.485707,SENSEX,weekly_series,32
275,series|5m|macd_only|target_30pct,1.780588,920.0,57.8741,2025-09-04T13:00:00+05:30,1196.0,target_30pct_hit,target_30pct,2025-09-10 09:50:00+05:30,2025-09-11,False,weekly,266,1330,1280.0,39.1304,CE,30.0,macd_only,SENSEX|weekly|2025-09-11|ITM1,80416.2,80500.0,SENSEX 80400 CE 11 SEP 25,5m,65.485707,SENSEX,weekly_series,32
57,series|5m|macd_only|target_30pct,4.094304,1130.75,60.7984,2025-09-10T15:25:00+05:30,1150.6,hold_to_end_target_30pct_not_hit,target_30pct,2025-09-11 15:30:00+05:30,2025-09-11,False,weekly,77,385,1199.0,6.0358,CE,1.7555,macd_only,SENSEX|weekly|2025-09-11|ITM1,80416.2,80500.0,SENSEX 80400 CE 11 SEP 25,5m,65.485707,SENSEX,weekly_series,32
25,series|5m|macd_only|target_30pct,0.257353,724.55,61.2172,2025-08-29T13:10:00+05:30,0.05,hold_to_end_target_30pct_not_hit,target_30pct,2025-09-11 15:30:00+05:30,2025-09-11,False,weekly,709,3545,926.25,27.838,PE,-99.9931,macd_only,SENSEX|weekly|2025-09-11|ITM1,80416.2,80500.0,SENSEX 80600 PE 11 SEP 25,5m,65.485707,SENSEX,weekly_series,32
648,series|5m|macd_only|target_30pct,1.18244,498.95,66.2517,2025-09-05T13:45:00+05:30,648.635,target_30pct_hit,target_30pct,2025-09-08 09:40:00+05:30,2025-09-18,False,weekly,27,135,2098.75,320.6333,CE,30.0,macd_only,SENSEX|weekly|2025-09-18|ITM1,81092.25,81100.0,SENSEX 81000 CE 18 SEP 25,5m,66.420671,SENSEX,weekly_series,33
603,series|5m|macd_only|target_30pct,0.312724,573.0,53.1553,2025-09-08T11:10:00+05:30,744.9,target_30pct_hit,target_30pct,2025-09-10 09:15:00+05:30,2025-09-18,False,weekly,129,645,2098.75,266.274,CE,30.0,macd_only,SENSEX|weekly|2025-09-18|ITM1,81092.25,81100.0,SENSEX 81000 CE 18 SEP 25,5m,66.420671,SENSEX,weekly_series,33
400,series|5m|macd_only|target_30pct,1.783477,840.7,57.4762,2025-09-10T15:25:00+05:30,1092.91,target_30pct_hit,target_30pct,2025-09-12 11:30:00+05:30,2025-09-18,False,weekly,105,525,2098.75,149.6432,CE,30.0,macd_only,SENSEX|weekly|2025-09-18|ITM1,81092.25,81100.0,SENSEX 81000 CE 18 SEP 25,5m,66.420671,SENSEX,weekly_series,33
251,series|5m|macd_only|target_30pct,0.207608,1088.0,51.3527,2025-09-12T15:10:00+05:30,1414.4,target_30pct_hit,target_30pct,2025-09-16 15:05:00+05:30,2025-09-18,False,weekly,151,755,2098.75,92.8998,CE,30.0,macd_only,SENSEX|weekly|2025-09-18|ITM1,81092.25,81100.0,SENSEX 81000 CE 18 SEP 25,5m,66.420671,SENSEX,weekly_series,33
23,series|5m|macd_only|target_30pct,1.503872,1758.3,55.6293,2025-09-17T15:10:00+05:30,2014.6,hold_to_end_target_30pct_not_hit,target_30pct,2025-09-18 15:30:00+05:30,2025-09-18,False,weekly,79,395,2098.75,19.3625,CE,14.5766,macd_only,SENSEX|weekly|2025-09-18|ITM1,81092.25,81100.0,SENSEX 81000 CE 18 SEP 25,5m,66.420671,SENSEX,weekly_series,33
3,series|5m|macd_only|target_30pct,1.853709,573.15,65.3362,2025-09-08T15:00:00+05:30,0.05,hold_to_end_target_30pct_not_hit,target_30pct,2025-09-18 15:30:00+05:30,2025-09-18,False,weekly,614,3070,635.4,10.861,PE,-99.9913,macd_only,SENSEX|weekly|2025-09-18|ITM1,81092.25,81100.0,SENSEX 81200 PE 18 SEP 25,5m,66.420671,SENSEX,weekly_series,33
24,series|5m|macd_only|target_30pct,1.534272,886.15,61.0102,2025-09-17T15:10:00+05:30,0.05,hold_to_end_target_30pct_not_hit,target_30pct,2025-10-01 15:30:00+05:30,2025-10-01,False,weekly,764,3820,1091.8,23.2071,CE,-99.9944,macd_only,SENSEX|weekly|2025-10-01|ITM1,82582.41,82600.0,SENSEX 82500 CE 01 OCT 25,5m,67.902362,SENSEX,weekly_series,34
671,series|5m|macd_only|target_30pct,0.098924,448.4,52.6286,2025-09-17T14:20:00+05:30,582.92,target_30pct_hit,target_30pct,2025-09-22 09:20:00+05:30,2025-10-01,False,weekly,166,830,2392.6,433.5861,PE,30.0,macd_only,SENSEX|weekly|2025-10-01|ITM1,82582.41,82600.0,SENSEX 82700 PE 01 OCT 25,5m,67.902362,SENSEX,weekly_series,34
456,series|5m|macd_only|target_30pct,0.027471,464.0,56.2982,2025-09-22T13:25:00+05:30,603.2,target_30pct_hit,target_30pct,2025-09-22 14:45:00+05:30,2025-10-01,False,weekly,16,80,2392.6,415.6466,PE,30.0,macd_only,SENSEX|weekly|2025-10-01|ITM1,82582.41,82600.0,SENSEX 82700 PE 01 OCT 25,5m,67.902362,SENSEX,weekly_series,34
354,series|5m|macd_only|target_30pct,9.234701,740.05,73.323,2025-09-24T09:15:00+05:30,962.065,target_30pct_hit,target_30pct,2025-09-24 11:10:00+05:30,2025-10-01,False,weekly,23,115,2392.6,223.3025,PE,30.0,macd_only,SENSEX|weekly|2025-10-01|ITM1,82582.41,82600.0,SENSEX 82700 PE 01 OCT 25,5m,67.902362,SENSEX,weekly_series,34
290,series|5m|macd_only|target_30pct,4.225161,840.0,63.99,2025-09-24T14:35:00+05:30,1092.0,target_30pct_hit,target_30pct,2025-09-25 12:15:00+05:30,2025-10-01,False,weekly,47,235,2392.6,184.8333,PE,30.0,macd_only,SENSEX|weekly|2025-10-01|ITM1,82582.41,82600.0,SENSEX 82700 PE 01 OCT 25,5m,67.902362,SENSEX,weekly_series,34
98,series|5m|macd_only|target_30pct,13.343747,2088.45,78.8537,2025-09-29T11:50:00+05:30,1729.9,hold_to_end_target_30pct_not_hit,target_30pct,2025-10-01 15:30:00+05:30,2025-10-01,False,weekly,173,865,2392.6,14.5634,PE,-17.1682,macd_only,SENSEX|weekly|2025-10-01|ITM1,82582.41,82600.0,SENSEX 82700 PE 01 OCT 25,5m,67.902362,SENSEX,weekly_series,34
429,series|5m|macd_only|target_30pct,0.18684,374.55,60.1584,2025-09-29T09:40:00+05:30,486.915,target_30pct_hit,target_30pct,2025-10-06 12:50:00+05:30,2025-10-09,False,weekly,342,1710,970.0,158.9774,CE,30.0,macd_only,SENSEX|weekly|2025-10-09|ITM1,81517.12,81500.0,SENSEX 81400 CE 09 OCT 25,5m,68.527797,SENSEX,weekly_series,35
19,series|5m|macd_only|target_30pct,1.238684,837.45,59.3353,2025-10-07T12:10:00+05:30,770.4,hold_to_end_target_30pct_not_hit,target_30pct,2025-10-09 15:30:00+05:30,2025-10-09,False,weekly,192,960,970.0,15.8278,CE,-8.0064,macd_only,SENSEX|weekly|2025-10-09|ITM1,81517.12,81500.0,SENSEX 81400 CE 09 OCT 25,5m,68.527797,SENSEX,weekly_series,35
12,series|5m|macd_only|target_30pct,2.667713,913.95,63.703,2025-09-26T13:25:00+05:30,1188.135,target_30pct_hit,target_30pct,2025-09-26 14:05:00+05:30,2025-10-09,False,weekly,8,40,1260.0,37.8631,PE,30.0,macd_only,SENSEX|weekly|2025-10-09|ITM1,81517.12,81500.0,SENSEX 81600 PE 09 OCT 25,5m,68.527797,SENSEX,weekly_series,35
117,series|5m|macd_only|target_30pct,2.056861,1080.05,71.9114,2025-09-29T11:40:00+05:30,0.1,hold_to_end_target_30pct_not_hit,target_30pct,2025-10-09 15:30:00+05:30,2025-10-09,False,weekly,577,2885,1248.5,15.5965,PE,-99.9907,macd_only,SENSEX|weekly|2025-10-09|ITM1,81517.12,81500.0,SENSEX 81600 PE 09 OCT 25,5m,68.527797,SENSEX,weekly_series,35
647,series|5m|macd_only|target_30pct,0.531768,861.45,70.1556,2025-10-03T14:40:00+05:30,1119.885,target_30pct_hit,target_30pct,2025-10-06 11:15:00+05:30,2025-10-16,False,weekly,35,175,2971.05,244.8894,CE,30.0,macd_only,SENSEX|weekly|2025-10-16|ITM1,80874.82,80900.0,SENSEX 80800 CE 16 OCT 25,5m,68.246181,SENSEX,weekly_series,36
524,series|5m|macd_only|target_30pct,1.235822,1530.0,59.4931,2025-10-07T12:25:00+05:30,1989.0,target_30pct_hit,target_30pct,2025-10-10 12:50:00+05:30,2025-10-16,False,weekly,204,1020,2971.05,94.1863,CE,30.0,macd_only,SENSEX|weekly|2025-10-16|ITM1,80874.82,80900.0,SENSEX 80800 CE 16 OCT 25,5m,68.246181,SENSEX,weekly_series,36
234,series|5m|macd_only|target_30pct,1.08021,1520.0,61.1098,2025-10-13T13:40:00+05:30,1976.0,target_30pct_hit,target_30pct,2025-10-16 09:15:00+05:30,2025-10-16,False,weekly,165,825,2971.05,95.4638,CE,30.0,macd_only,SENSEX|weekly|2025-10-16|ITM1,80874.82,80900.0,SENSEX 80800 CE 16 OCT 25,5m,68.246181,SENSEX,weekly_series,36
43,series|5m|macd_only|target_30pct,0.647443,108.8,63.4266,2025-10-07T15:10:00+05:30,141.44,target_30pct_hit,target_30pct,2025-10-08 11:15:00+05:30,2025-10-16,False,weekly,29,145,170.0,56.25,PE,30.0,macd_only,SENSEX|weekly|2025-10-16|ITM1,80874.82,80900.0,SENSEX 81000 PE 16 OCT 25,5m,68.246181,SENSEX,weekly_series,36
24,series|5m|macd_only|target_30pct,0.07096,127.3,56.0285,2025-10-08T14:35:00+05:30,0.05,hold_to_end_target_30pct_not_hit,target_30pct,2025-10-16 15:30:00+05:30,2025-10-16,False,weekly,467,2335,142.2,11.7046,PE,-99.9607,macd_only,SENSEX|weekly|2025-10-16|ITM1,80874.82,80900.0,SENSEX 81000 PE 16 OCT 25,5m,68.246181,SENSEX,weekly_series,36
558,series|5m|macd_only|target_30pct,8.12821,1080.1,90.237,2025-10-10T09:20:00+05:30,1404.13,target_30pct_hit,target_30pct,2025-10-16 09:20:00+05:30,2025-10-23,False,weekly,301,1505,3600.0,233.3025,CE,30.0,macd_only,SENSEX|weekly|2025-10-23|ITM1,81787.82,81800.0,SENSEX 81700 CE 23 OCT 25,5m,69.236763,SENSEX,weekly_series,37
151,series|5m|macd_only|target_30pct,38.840876,2369.55,96.3378,2025-10-17T11:55:00+05:30,3080.415,target_30pct_hit,target_30pct,2025-10-23 09:20:00+05:30,2025-10-23,False,weekly,113,565,3600.0,51.9276,CE,30.0,macd_only,SENSEX|weekly|2025-10-23|ITM1,81787.82,81800.0,SENSEX 81700 CE 23 OCT 25,5m,69.236763,SENSEX,weekly_series,37
122,series|5m|macd_only|target_30pct,9.445063,337.0,84.2793,2025-10-13T09:20:00+05:30,438.1,target_30pct_hit,target_30pct,2025-10-14 12:10:00+05:30,2025-10-23,False,weekly,110,550,515.0,52.819,PE,30.0,macd_only,SENSEX|weekly|2025-10-23|ITM1,81787.82,81800.0,SENSEX 81900 PE 23 OCT 25,5m,69.236763,SENSEX,weekly_series,37
8,series|5m|macd_only|target_30pct,0.76341,62.05,66.244,2025-10-17T12:55:00+05:30,0.05,hold_to_end_target_30pct_not_hit,target_30pct,2025-10-23 15:30:00+05:30,2025-10-23,False,weekly,196,980,77.5,24.8993,PE,-99.9194,macd_only,SENSEX|weekly|2025-10-23|ITM1,81787.82,81800.0,SENSEX 81900 PE 23 OCT 25,5m,69.236763,SENSEX,weekly_series,37
33,series|5m|macd_only|target_30pct,2.958412,538.7,68.5865,2025-10-27T09:15:00+05:30,700.31,target_30pct_hit,target_30pct,2025-10-27 09:40:00+05:30,2025-11-06,False,weekly,5,25,880.0,63.3562,CE,30.0,macd_only,SENSEX|weekly|2025-11-06|ITM1,84959.71,85000.0,SENSEX 84900 CE 06 NOV 25,5m,69.728442,SENSEX,weekly_series,38
15,series|5m|macd_only|target_30pct,0.306131,770.05,51.5771,2025-10-27T14:40:00+05:30,0.05,hold_to_end_target_30pct_not_hit,target_30pct,2025-11-06 15:30:00+05:30,2025-11-06,False,weekly,542,2710,876.15,13.7783,CE,-99.9935,macd_only,SENSEX|weekly|2025-11-06|ITM1,84959.71,85000.0,SENSEX 84900 CE 06 NOV 25,5m,69.728442,SENSEX,weekly_series,38
632,series|5m|macd_only|target_30pct,1.40325,944.95,64.4325,2025-10-24T12:55:00+05:30,1228.435,target_30pct_hit,target_30pct,2025-11-03 09:20:00+05:30,2025-11-06,False,weekly,412,2060,1820.45,92.6504,PE,30.0,macd_only,SENSEX|weekly|2025-11-06|ITM1,84959.71,85000.0,SENSEX 85100 PE 06 NOV 25,5m,69.728442,SENSEX,weekly_series,38
191,series|5m|macd_only|target_30pct,3.74756,1179.5,60.7656,2025-11-03T11:45:00+05:30,1533.35,target_30pct_hit,target_30pct,2025-11-04 14:20:00+05:30,2025-11-06,False,weekly,106,530,1820.45,54.3408,PE,30.0,macd_only,SENSEX|weekly|2025-11-06|ITM1,84959.71,85000.0,SENSEX 85100 PE 06 NOV 25,5m,69.728442,SENSEX,weekly_series,38
60,series|5m|macd_only|target_30pct,8.867056,1631.7,61.8513,2025-11-06T10:10:00+05:30,1789.95,hold_to_end_target_30pct_not_hit,target_30pct,2025-11-06 15:30:00+05:30,2025-11-06,False,weekly,64,320,1820.45,11.5677,PE,9.6985,macd_only,SENSEX|weekly|2025-11-06|ITM1,84959.71,85000.0,SENSEX 85100 PE 06 NOV 25,5m,69.728442,SENSEX,weekly_series,38
0,series|5m|macd_only|target_30pct,0.186296,816.7,55.9756,2025-10-31T09:40:00+05:30,0.05,hold_to_end_target_30pct_not_hit,target_30pct,2025-11-13 15:30:00+05:30,2025-11-13,False,weekly,678,3390,858.1,5.0692,CE,-99.9939,macd_only,SENSEX|weekly|2025-11-13|ITM1,84782.47,84800.0,SENSEX 84700 CE 13 NOV 25,5m,70.542819,SENSEX,weekly_series,39
329,series|5m|macd_only|target_30pct,0.217814,800.3,61.5678,2025-10-30T13:40:00+05:30,1040.39,target_30pct_hit,target_30pct,2025-11-03 09:25:00+05:30,2025-11-13,False,weekly,98,490,1981.45,147.5884,PE,30.0,macd_only,SENSEX|weekly|2025-11-13|ITM1,84782.47,84800.0,SENSEX 84900 PE 13 NOV 25,5m,70.542819,SENSEX,weekly_series,39
204,series|5m|macd_only|target_30pct,0.744987,1079.25,57.1499,2025-11-03T11:40:00+05:30,1403.025,target_30pct_hit,target_30pct,2025-11-06 15:10:00+05:30,2025-11-13,False,weekly,191,955,1981.45,83.5951,PE,30.0,macd_only,SENSEX|weekly|2025-11-13|ITM1,84782.47,84800.0,SENSEX 84900 PE 13 NOV 25,5m,70.542819,SENSEX,weekly_series,39
47,series|5m|macd_only|target_30pct,2.841284,1300.0,79.8857,2025-11-10T13:55:00+05:30,421.15,hold_to_end_target_30pct_not_hit,target_30pct,2025-11-13 15:30:00+05:30,2025-11-13,False,weekly,246,1230,1626.15,25.0885,PE,-67.6038,macd_only,SENSEX|weekly|2025-11-13|ITM1,84782.47,84800.0,SENSEX 84900 PE 13 NOV 25,5m,70.542819,SENSEX,weekly_series,39
764,series|5m|macd_only|target_30pct,2.413673,843.0,56.8216,2025-11-06T13:05:00+05:30,1095.9,target_30pct_hit,target_30pct,2025-11-12 09:20:00+05:30,2025-11-20,False,weekly,258,1290,2133.15,153.0427,CE,30.0,macd_only,SENSEX|weekly|2025-11-20|ITM1,83733.23,83700.0,SENSEX 83600 CE 20 NOV 25,5m,69.922631,SENSEX,weekly_series,40
416,series|5m|macd_only|target_30pct,2.767308,1295.0,56.8089,2025-11-13T10:35:00+05:30,1683.5,target_30pct_hit,target_30pct,2025-11-20 09:20:00+05:30,2025-11-20,False,weekly,364,1820,2133.15,64.722,CE,30.0,macd_only,SENSEX|weekly|2025-11-20|ITM1,83733.23,83700.0,SENSEX 83600 CE 20 NOV 25,5m,69.922631,SENSEX,weekly_series,40
15,series|5m|macd_only|target_30pct,0.195715,735.15,59.8417,2025-11-06T14:20:00+05:30,955.695,target_30pct_hit,target_30pct,2025-11-07 10:00:00+05:30,2025-11-20,False,weekly,15,75,1150.0,56.4307,PE,30.0,macd_only,SENSEX|weekly|2025-11-20|ITM1,83733.23,83700.0,SENSEX 83800 PE 20 NOV 25,5m,69.922631,SENSEX,weekly_series,40
36,series|5m|macd_only|target_30pct,0.21043,607.65,59.4506,2025-11-10T14:00:00+05:30,789.945,target_30pct_hit,target_30pct,2025-11-11 10:35:00+05:30,2025-11-20,False,weekly,35,175,860.2,41.5618,PE,30.0,macd_only,SENSEX|weekly|2025-11-20|ITM1,83733.23,83700.0,SENSEX 83800 PE 20 NOV 25,5m,69.922631,SENSEX,weekly_series,40
94,series|5m|macd_only|target_30pct,2.466008,247.85,72.2227,2025-11-13T09:15:00+05:30,322.205,target_30pct_hit,target_30pct,2025-11-14 09:15:00+05:30,2025-11-20,False,weekly,76,380,369.95,49.2637,PE,30.0,macd_only,SENSEX|weekly|2025-11-20|ITM1,83733.23,83700.0,SENSEX 83800 PE 20 NOV 25,5m,69.922631,SENSEX,weekly_series,40
2,series|5m|macd_only|target_30pct,4.600787,319.2,66.737,2025-11-14T13:45:00+05:30,0.05,hold_to_end_target_30pct_not_hit,target_30pct,2025-11-20 15:30:00+05:30,2025-11-20,False,weekly,325,1625,332.0,4.01,PE,-99.9843,macd_only,SENSEX|weekly|2025-11-20|ITM1,83733.23,83700.0,SENSEX 83800 PE 20 NOV 25,5m,69.922631,SENSEX,weekly_series,40
287,series|5m|macd_only|target_30pct,1.239655,1017.85,63.9595,2025-11-21T12:20:00+05:30,65.4,hold_to_end_target_30pct_not_hit,target_30pct,2025-12-04 15:30:00+05:30,2025-12-04,False,weekly,722,3610,1120.25,10.0604,CE,-93.5747,macd_only,SENSEX|weekly|2025-12-04|ITM1,85375.28,85300.0,SENSEX 85200 CE 04 DEC 25,5m,71.242835,SENSEX,weekly_series,41
168,series|5m|macd_only|target_30pct,0.903596,617.0,58.4836,2025-11-21T13:45:00+05:30,802.1,target_30pct_hit,target_30pct,2025-11-25 09:20:00+05:30,2025-12-04,False,weekly,99,495,925.0,49.919,PE,30.0,macd_only,SENSEX|weekly|2025-12-04|ITM1,85375.28,85300.0,SENSEX 85400 PE 04 DEC 25,5m,71.242835,SENSEX,weekly_series,41
52,series|5m|macd_only|target_30pct,0.24921,711.8,54.7529,2025-11-25T10:45:00+05:30,134.35,hold_to_end_target_30pct_not_hit,target_30pct,2025-12-04 15:30:00+05:30,2025-12-04,False,weekly,589,2945,925.0,29.9522,PE,-81.1253,macd_only,SENSEX|weekly|2025-12-04|ITM1,85375.28,85300.0,SENSEX 85400 PE 04 DEC 25,5m,71.242835,SENSEX,weekly_series,41
7,series|5m|macd_only|target_30pct,0.115558,938.0,54.6167,2025-11-28T15:30:00+05:30,0.05,hold_to_end_target_30pct_not_hit,target_30pct,2025-12-11 15:30:00+05:30,2025-12-11,False,weekly,684,3420,1100.0,17.2708,CE,-99.9947,macd_only,SENSEX|weekly|2025-12-11|ITM1,85715.76,85600.0,SENSEX 85500 CE 11 DEC 25,5m,70.194009,SENSEX,weekly_series,42
651,series|5m|macd_only|target_30pct,0.426525,489.45,54.0164,2025-11-28T12:25:00+05:30,636.285,target_30pct_hit,target_30pct,2025-12-02 09:50:00+05:30,2025-12-11,False,weekly,121,605,1515.0,209.5311,PE,30.0,macd_only,SENSEX|weekly|2025-12-11|ITM1,85715.76,85600.0,SENSEX 85700 PE 11 DEC 25,5m,70.194009,SENSEX,weekly_series,42
460,series|5m|macd_only|target_30pct,3.653761,729.9,61.5497,2025-12-03T09:25:00+05:30,948.87,target_30pct_hit,target_30pct,2025-12-09 09:20:00+05:30,2025-12-11,False,weekly,302,1510,1515.0,107.5627,PE,30.0,macd_only,SENSEX|weekly|2025-12-11|ITM1,85715.76,85600.0,SENSEX 85700 PE 11 DEC 25,5m,70.194009,SENSEX,weekly_series,42
97,series|5m|macd_only|target_30pct,6.617399,1000.0,65.071,2025-12-09T14:25:00+05:30,1300.0,target_30pct_hit,target_30pct,2025-12-10 14:20:00+05:30,2025-12-11,False,weekly,75,375,1515.0,51.5,PE,30.0,macd_only,SENSEX|weekly|2025-12-11|ITM1,85715.76,85600.0,SENSEX 85700 PE 11 DEC 25,5m,70.194009,SENSEX,weekly_series,42
196,series|5m|macd_only|target_30pct,1.014668,648.35,57.746,2025-12-09T12:15:00+05:30,0.05,hold_to_end_target_30pct_not_hit,target_30pct,2025-12-18 15:30:00+05:30,2025-12-18,False,weekly,571,2855,741.0,14.2901,CE,-99.9923,macd_only,SENSEX|weekly|2025-12-18|ITM1,85010.36,85000.0,SENSEX 84900 CE 18 DEC 25,5m,70.647344,SENSEX,weekly_series,43
239,series|5m|macd_only|target_30pct,0.176138,278.6,55.5157,2025-12-05T14:55:00+05:30,362.18,target_30pct_hit,target_30pct,2025-12-08 12:30:00+05:30,2025-12-18,False,weekly,46,230,984.85,253.4996,PE,30.0,macd_only,SENSEX|weekly|2025-12-18|ITM1,85010.36,85000.0,SENSEX 85100 PE 18 DEC 25,5m,70.647344,SENSEX,weekly_series,43
95,series|5m|macd_only|target_30pct,2.296339,650.05,64.7553,2025-12-09T14:25:00+05:30,845.065,target_30pct_hit,target_30pct,2025-12-10 14:30:00+05:30,2025-12-18,False,weekly,77,385,984.85,51.5037,PE,30.0,macd_only,SENSEX|weekly|2025-12-18|ITM1,85010.36,85000.0,SENSEX 85100 PE 18 DEC 25,5m,70.647344,SENSEX,weekly_series,43
235,series|5m|macd_only|target_30pct,1.378608,363.2,70.091,2025-12-15T09:15:00+05:30,472.16,target_30pct_hit,target_30pct,2025-12-15 09:45:00+05:30,2025-12-18,False,weekly,6,30,825.75,127.3541,PE,30.0,macd_only,SENSEX|weekly|2025-12-18|ITM1,85010.36,85000.0,SENSEX 85100 PE 18 DEC 25,5m,70.647344,SENSEX,weekly_series,43
206,series|5m|macd_only|target_30pct,0.463718,355.7,51.4539,2025-12-15T11:40:00+05:30,462.41,target_30pct_hit,target_30pct,2025-12-16 10:00:00+05:30,2025-12-18,False,weekly,56,280,825.75,132.1479,PE,30.0,macd_only,SENSEX|weekly|2025-12-18|ITM1,85010.36,85000.0,SENSEX 85100 PE 18 DEC 25,5m,70.647344,SENSEX,weekly_series,43
97,series|5m|macd_only|target_30pct,0.060526,470.2,60.5808,2025-12-16T14:25:00+05:30,611.26,target_30pct_hit,target_30pct,2025-12-17 12:05:00+05:30,2025-12-18,False,weekly,48,240,825.75,75.6168,PE,30.0,macd_only,SENSEX|weekly|2025-12-18|ITM1,85010.36,85000.0,SENSEX 85100 PE 18 DEC 25,5m,70.647344,SENSEX,weekly_series,43
6,series|5m|macd_only|target_30pct,5.171444,684.1,63.0646,2025-12-18T09:20:00+05:30,616.5,hold_to_end_target_30pct_not_hit,target_30pct,2025-12-18 15:30:00+05:30,2025-12-18,False,weekly,74,370,825.75,20.706,PE,-9.8816,macd_only,SENSEX|weekly|2025-12-18|ITM1,85010.36,85000.0,SENSEX 85100 PE 18 DEC 25,5m,70.647344,SENSEX,weekly_series,43
143,series|5m|macd_only|target_30pct,7.401186,1016.45,59.9134,2025-12-30T10:30:00+05:30,1321.385,target_30pct_hit,target_30pct,2025-12-31 12:55:00+05:30,2026-01-01,False,weekly,105,525,1515.0,49.0482,CE,30.0,macd_only,SENSEX|weekly|2026-01-01|ITM1,84445.59,84000.0,SENSEX 83900 CE 01 JAN 26,5m,71.602947,SENSEX,weekly_series,44
3,series|5m|macd_only|target_30pct,0.294659,1427.7,53.1705,2026-01-01T10:40:00+05:30,1285.75,hold_to_end_target_30pct_not_hit,target_30pct,2026-01-01 15:30:00+05:30,2026-01-01,False,weekly,58,290,1490.0,4.3637,CE,-9.9426,macd_only,SENSEX|weekly|2026-01-01|ITM1,84445.59,84000.0,SENSEX 83900 CE 01 JAN 26,5m,71.602947,SENSEX,weekly_series,44
25,series|5m|macd_only|target_30pct,0.271348,787.0,51.8836,2025-12-30T11:05:00+05:30,311.6,hold_to_end_target_30pct_not_hit,target_30pct,2026-01-01 15:30:00+05:30,2026-01-01,False,weekly,205,1025,936.05,18.939,PE,-60.4066,macd_only,SENSEX|weekly|2026-01-01|ITM1,84445.59,84000.0,SENSEX 85500 PE 01 JAN 26,5m,71.602947,SENSEX,weekly_series,44
289,series|5m|macd_only|target_30pct,1.331666,376.0,59.2592,2025-12-30T10:30:00+05:30,488.8,target_30pct_hit,target_30pct,2025-12-31 12:50:00+05:30,2026-01-08,False,weekly,104,520,887.55,136.0505,CE,30.0,macd_only,SENSEX|weekly|2026-01-08|ITM1,85280.45,85300.0,SENSEX 85200 CE 08 JAN 26,5m,71.144068,SENSEX,weekly_series,45
73,series|5m|macd_only|target_30pct,3.363563,487.75,67.2642,2026-01-02T09:30:00+05:30,634.075,target_30pct_hit,target_30pct,2026-01-02 09:55:00+05:30,2026-01-08,False,weekly,5,25,887.55,81.9682,CE,30.0,macd_only,SENSEX|weekly|2026-01-08|ITM1,85280.45,85300.0,SENSEX 85200 CE 08 JAN 26,5m,71.144068,SENSEX,weekly_series,45
5,series|5m|macd_only|target_30pct,3.86303,724.0,66.2798,2026-01-02T15:10:00+05:30,0.25,hold_to_end_target_30pct_not_hit,target_30pct,2026-01-08 15:30:00+05:30,2026-01-08,False,weekly,308,1540,887.55,22.5898,CE,-99.9655,macd_only,SENSEX|weekly|2026-01-08|ITM1,85280.45,85300.0,SENSEX 85200 CE 08 JAN 26,5m,71.144068,SENSEX,weekly_series,45
581,series|5m|macd_only|target_30pct,1.882996,761.0,55.4097,2025-12-30T11:00:00+05:30,989.3,target_30pct_hit,target_30pct,2026-01-08 12:05:00+05:30,2026-01-08,False,weekly,545,2725,1264.95,66.2221,PE,30.0,macd_only,SENSEX|weekly|2026-01-08|ITM1,85280.45,85300.0,SENSEX 85400 PE 08 JAN 26,5m,71.144068,SENSEX,weekly_series,45
9,series|10m|rsi_60|target_30pct,0.082832,1259.85,68.7754,2026-01-05T11:30:00+05:30,0.05,hold_to_end_target_30pct_not_hit,target_30pct,2026-01-14 15:30:00+05:30,2026-01-14,False,weekly,290,2900,1299.95,3.1829,CE,-99.996,rsi_60,SENSEX|weekly|2026-01-14|ITM1,84869.83,84900.0,SENSEX 84800 CE 14 JAN 26,10m,72.095564,SENSEX,weekly_series,46
180,series|10m|rsi_60|target_30pct,1.477041,217.5,63.333,2026-01-05T13:20:00+05:30,282.75,target_30pct_hit,target_30pct,2026-01-05 14:10:00+05:30,2026-01-14,False,weekly,5,50,2051.4,843.1724,PE,30.0,rsi_60,SENSEX|weekly|2026-01-14|ITM1,84869.83,84900.0,SENSEX 85000 PE 14 JAN 26,10m,72.095564,SENSEX,weekly_series,46
89,series|10m|rsi_60|target_30pct,3.0054,416.55,61.453,2026-01-08T09:30:00+05:30,541.515,target_30pct_hit,target_30pct,2026-01-08 11:30:00+05:30,2026-01-14,False,weekly,12,120,2051.4,392.4739,PE,30.0,rsi_60,SENSEX|weekly|2026-01-14|ITM1,84869.83,84900.0,SENSEX 85000 PE 14 JAN 26,10m,72.095564,SENSEX,weekly_series,46
6,series|10m|rsi_60|target_30pct,4.681674,1600.0,64.0834,2026-01-14T13:40:00+05:30,1620.0,hold_to_end_target_30pct_not_hit,target_30pct,2026-01-14 15:30:00+05:30,2026-01-14,False,weekly,11,110,1761.1,10.0687,PE,1.25,rsi_60,SENSEX|weekly|2026-01-14|ITM1,84869.83,84900.0,SENSEX 85000 PE 14 JAN 26,10m,72.095564,SENSEX,weekly_series,46
16,series|10m|rsi_60|target_30pct,6.328568,300.3,67.5153,2026-01-12T13:00:00+05:30,390.39,target_30pct_hit,target_30pct,2026-01-13 09:20:00+05:30,2026-01-22,False,weekly,16,160,403.15,34.2491,CE,30.0,rsi_60,SENSEX|weekly|2026-01-22|ITM1,84842.83,84800.0,SENSEX 84700 CE 22 JAN 26,10m,72.375962,SENSEX,weekly_series,47
2,series|10m|rsi_60|target_30pct,7.673282,262.65,77.3858,2026-01-16T10:20:00+05:30,0.05,hold_to_end_target_30pct_not_hit,target_30pct,2026-01-22 15:30:00+05:30,2026-01-22,False,weekly,183,1830,275.1,4.7401,CE,-99.981,rsi_60,SENSEX|weekly|2026-01-22|ITM1,84842.83,84800.0,SENSEX 84700 CE 22 JAN 26,10m,72.375962,SENSEX,weekly_series,47
133,series|10m|rsi_60|target_30pct,3.270469,1420.0,64.4664,2026-01-14T13:50:00+05:30,1846.0,target_30pct_hit,target_30pct,2026-01-19 10:10:00+05:30,2026-01-22,False,weekly,54,540,3465.4,144.0423,PE,30.0,rsi_60,SENSEX|weekly|2026-01-22|ITM1,84842.83,84800.0,SENSEX 84900 PE 22 JAN 26,10m,72.375962,SENSEX,weekly_series,47
45,series|10m|rsi_60|target_30pct,2.038428,1910.05,67.5212,2026-01-20T09:30:00+05:30,2483.065,target_30pct_hit,target_30pct,2026-01-20 15:10:00+05:30,2026-01-22,False,weekly,34,340,3465.4,81.4298,PE,30.0,rsi_60,SENSEX|weekly|2026-01-22|ITM1,84842.83,84800.0,SENSEX 84900 PE 22 JAN 26,10m,72.375962,SENSEX,weekly_series,47
192,series|10m|rsi_60|target_30pct,4.993756,819.85,61.1388,2026-01-27T15:20:00+05:30,1065.805,target_30pct_hit,target_30pct,2026-02-03 09:20:00+05:30,2026-02-05,False,weekly,192,1920,3599.95,339.0986,CE,30.0,rsi_60,SENSEX|weekly|2026-02-05|ITM1,82488.15,82500.0,SENSEX 82400 CE 05 FEB 26,10m,72.86258,SENSEX,weekly_series,48
92,series|10m|rsi_60|target_30pct,7.54446,1130.5,63.3987,2026-01-29T10:00:00+05:30,1469.65,target_30pct_hit,target_30pct,2026-02-01 12:30:00+05:30,2026-02-05,False,weekly,91,910,2814.85,148.9916,PE,30.0,rsi_60,SENSEX|weekly|2026-02-05|ITM1,82488.15,82500.0,SENSEX 82600 PE 05 FEB 26,10m,72.86258,SENSEX,weekly_series,48
4,series|10m|rsi_60|target_30pct,5.304286,662.3,60.842,2026-02-02T15:00:00+05:30,860.99,target_30pct_hit,target_30pct,2026-02-03 09:20:00+05:30,2026-02-12,False,weekly,4,40,3250.0,390.7142,CE,30.0,rsi_60,SENSEX|weekly|2026-02-12|ITM1,82089.42,82100.0,SENSEX 82000 CE 12 FEB 26,10m,73.900408,SENSEX,weekly_series,49
0,series|10m|rsi_60|target_30pct,1.932973,2421.15,60.5299,2026-02-11T09:30:00+05:30,1668.5,hold_to_end_target_30pct_not_hit,target_30pct,2026-02-12 15:30:00+05:30,2026-02-12,False,weekly,74,740,2450.0,1.1916,CE,-31.0865,rsi_60,SENSEX|weekly|2026-02-12|ITM1,82089.42,82100.0,SENSEX 82000 CE 12 FEB 26,10m,73.900408,SENSEX,weekly_series,49
19,series|10m|rsi_60|target_30pct,3.116775,1074.95,66.7725,2026-02-01T12:20:00+05:30,1397.435,target_30pct_hit,target_30pct,2026-02-01 12:30:00+05:30,2026-02-12,False,weekly,1,10,2001.6,86.204,PE,30.0,rsi_60,SENSEX|weekly|2026-02-12|ITM1,82089.42,82100.0,SENSEX 82200 PE 12 FEB 26,10m,73.900408,SENSEX,weekly_series,49
83,series|10m|rsi_60|target_30pct,4.058424,224.15,69.1467,2026-02-16T14:30:00+05:30,291.395,target_30pct_hit,target_30pct,2026-02-16 14:50:00+05:30,2026-02-19,False,weekly,2,20,371.1,65.5588,CE,30.0,rsi_60,SENSEX|weekly|2026-02-19|ITM1,83733.42,83700.0,SENSEX 83600 CE 19 FEB 26,10m,74.327775,SENSEX,weekly_series,50
8,series|10m|rsi_60|target_30pct,0.04384,226.35,65.3067,2026-02-18T14:20:00+05:30,294.255,target_30pct_hit,target_30pct,2026-02-18 15:00:00+05:30,2026-02-19,False,weekly,4,40,371.1,63.9496,CE,30.0,rsi_60,SENSEX|weekly|2026-02-19|ITM1,83733.42,83700.0,SENSEX 83600 CE 19 FEB 26,10m,74.327775,SENSEX,weekly_series,50
76,series|10m|rsi_60|target_30pct,6.083036,343.0,72.7174,2026-02-12T09:20:00+05:30,445.9,target_30pct_hit,target_30pct,2026-02-12 14:50:00+05:30,2026-02-19,False,weekly,33,330,1367.65,298.7318,PE,30.0,rsi_60,SENSEX|weekly|2026-02-19|ITM1,83733.42,83700.0,SENSEX 83800 PE 19 FEB 26,10m,74.327775,SENSEX,weekly_series,50
9,expiry_day|3m|rsi_60|target_10pct,1.152187,765.65,61.8388,2025-04-15T12:09:00+05:30,736.95,hold_to_end_target_10pct_not_hit,target_10pct,2025-04-15 15:30:00+05:30,2025-04-15,True,weekly,67,201,818.25,6.87,CE,-3.7484,rsi_60,SENSEX|weekly|2025-04-15|ITM1,76088.08,76100.0,SENSEX 76000 CE 15 APR 25,3m,6.931472,SENSEX,weekly_series_expiry_day,1
1,expiry_day|5m|macd_only|target_20pct,1.53284,758.3,58.679,2025-05-06T13:55:00+05:30,744.25,hold_to_end_target_20pct_not_hit,target_20pct,2025-05-06 15:30:00+05:30,2025-05-06,True,weekly,19,95,803.25,5.9277,CE,-1.8528,macd_only,SENSEX|weekly|2025-05-06|ITM1,79623.9,80000.0,SENSEX 79900 CE 06 MAY 25,5m,2.548927,SENSEX,weekly_series_expiry_day,5
17,expiry_day|5m|macd_only|target_20pct,0.130423,8.85,62.63,2025-05-08T13:30:00+05:30,10.62,target_20pct_hit,target_20pct,2025-05-08 13:40:00+05:30,2025-05-08,True,weekly,2,10,92.65,946.8927,PE,20.0,macd_only,NIFTY|weekly|2025-05-08|ITM1,24279.15,24300.0,NIFTY 24350 PE 08 MAY 25,5m,1.179175,NIFTY,weekly_series_expiry_day,6
0,expiry_day|5m|rsi_60|macd_reversal,0.152205,16.9,68.9367,2025-05-20T13:00:00+05:30,7.25,macd_reversal,macd_reversal,2025-05-20 14:10:00+05:30,2025-05-20,True,weekly,14,70,29.95,77.2189,PE,-57.1006,rsi_60,SENSEX|weekly|2025-05-20|ITM1,80736.0,80600.0,SENSEX 80700 PE 20 MAY 25,5m,207.34659,SENSEX,weekly_series_expiry_day,9
3,expiry_day|3m|rsi_60|day_close,1.911557,166.1,67.2994,2025-05-22T14:51:00+05:30,209.75,hold_to_end,day_close,2025-05-22 15:30:00+05:30,2025-05-22,True,weekly,13,39,252.05,51.7459,CE,26.2793,rsi_60,NIFTY|weekly|2025-05-22|ITM1,24437.25,24450.0,NIFTY 24400 CE 22 MAY 25,3m,42.285889,NIFTY,weekly_series_expiry_day,10
5,expiry_day|3m|rsi_60|day_close,1.3216,41.1,69.4389,2025-05-22T14:21:00+05:30,0.05,hold_to_end,day_close,2025-05-22 15:30:00+05:30,2025-05-22,True,weekly,23,69,56.7,37.9562,PE,-99.8783,rsi_60,NIFTY|weekly|2025-05-22|ITM1,24437.25,24450.0,NIFTY 24500 PE 22 MAY 25,3m,42.285889,NIFTY,weekly_series_expiry_day,10
0,expiry_day|3m|rsi_60|day_close,0.505955,1375.0,60.4474,2025-06-03T15:06:00+05:30,1362.25,hold_to_end,day_close,2025-06-03 15:30:00+05:30,2025-06-03,True,weekly,8,24,1380.8,0.4218,PE,-0.9273,rsi_60,SENSEX|weekly|2025-06-03|ITM1,82077.91,82000.0,SENSEX 82100 PE 03 JUN 25,3m,35.172993,SENSEX,weekly_series_expiry_day,11
3,expiry_day|5m|macd_only|target_20pct,4.841659,171.3,74.3519,2025-06-05T12:05:00+05:30,205.56,target_20pct_hit,target_20pct,2025-06-05 12:15:00+05:30,2025-06-05,True,weekly,2,10,271.8,58.669,CE,20.0,macd_only,NIFTY|weekly|2025-06-05|ITM1,24704.65,24700.0,NIFTY 24650 CE 05 JUN 25,5m,30.981171,NIFTY,weekly_series_expiry_day,12
3,expiry_day|5m|macd_only|target_20pct,0.319406,52.95,52.6803,2025-06-05T13:50:00+05:30,63.54,target_20pct_hit,target_20pct,2025-06-05 14:05:00+05:30,2025-06-05,True,weekly,3,15,86.0,62.4174,PE,20.0,macd_only,NIFTY|weekly|2025-06-05|ITM1,24704.65,24700.0,NIFTY 24750 PE 05 JUN 25,5m,30.981171,NIFTY,weekly_series_expiry_day,12
1,expiry_day|5m|macd_only|target_20pct,0.109997,810.2,55.7108,2025-06-10T13:00:00+05:30,689.5,hold_to_end_target_20pct_not_hit,target_20pct,2025-06-10 15:30:00+05:30,2025-06-10,True,weekly,30,150,821.65,1.4132,CE,-14.8976,macd_only,SENSEX|weekly|2025-06-10|ITM1,81772.52,81800.0,SENSEX 81700 CE 10 JUN 25,5m,35.691051,SENSEX,weekly_series_expiry_day,13
8,expiry_day|5m|rsi_60|target_20pct,0.893511,36.35,68.4904,2025-06-12T13:30:00+05:30,43.62,target_20pct_hit,target_20pct,2025-06-12 13:35:00+05:30,2025-06-12,True,weekly,1,5,147.75,306.4649,PE,20.0,rsi_60,NIFTY|weekly|2025-06-12|ITM1,24884.5,24900.0,NIFTY 24950 PE 12 JUN 25,5m,33.716958,NIFTY,weekly_series_expiry_day,14
0,expiry_day|5m|rsi_60|target_20pct,1.022422,240.65,64.6017,2025-06-19T14:05:00+05:30,193.4,hold_to_end_target_20pct_not_hit,target_20pct,2025-06-19 15:30:00+05:30,2025-06-19,True,weekly,17,85,252.65,4.9865,CE,-19.6343,rsi_60,NIFTY|weekly|2025-06-19|ITM1,24661.6,24650.0,NIFTY 24600 CE 19 JUN 25,5m,36.630851,NIFTY,weekly_series_expiry_day,16
3,expiry_day|5m|macd_only|target_20pct,0.19927,1880.05,53.3553,2025-07-01T15:10:00+05:30,1900.05,hold_to_end_target_20pct_not_hit,target_20pct,2025-07-01 15:30:00+05:30,2025-07-01,True,weekly,4,20,1905.15,1.3351,CE,1.0638,macd_only,SENSEX|weekly|2025-07-01|ITM1,81868.05,81900.0,SENSEX 81800 CE 01 JUL 25,5m,33.633261,SENSEX,weekly_series_expiry_day,17
0,expiry_day|3m|rsi_60|target_20pct,5.997136,841.35,87.692,2025-07-03T13:45:00+05:30,656.2,hold_to_end_target_20pct_not_hit,target_20pct,2025-07-03 15:30:00+05:30,2025-07-03,True,weekly,35,105,841.35,0.0,CE,-22.0063,rsi_60,NIFTY|weekly|2025-07-03|ITM1,24783.9,24800.0,NIFTY 24750 CE 03 JUL 25,3m,32.301194,NIFTY,weekly_series_expiry_day,18
29,expiry_day|3m|rsi_60|target_20pct,0.370454,166.0,60.2689,2025-07-10T12:39:00+05:30,199.2,target_20pct_hit,target_20pct,2025-07-10 14:06:00+05:30,2025-07-10,True,weekly,29,87,200.0,20.4819,CE,20.0,rsi_60,NIFTY|weekly|2025-07-10|ITM1,25282.35,25300.0,NIFTY 25250 CE 10 JUL 25,3m,30.35909,NIFTY,weekly_series_expiry_day,20
1,expiry_day|3m|rsi_60|target_20pct,0.108693,6.2,61.6504,2025-07-15T11:03:00+05:30,7.44,target_20pct_hit,target_20pct,2025-07-15 11:06:00+05:30,2025-07-15,True,weekly,1,3,12.95,108.871,CE,20.0,rsi_60,SENSEX|weekly|2025-07-15|ITM1,83624.92,83600.0,SENSEX 83500 CE 15 JUL 25,3m,32.072076,SENSEX,weekly_series_expiry_day,21
12,expiry_day|3m|rsi_60|target_20pct,5.397576,1388.9,70.0893,2025-07-22T14:30:00+05:30,1416.45,hold_to_end_target_20pct_not_hit,target_20pct,2025-07-22 15:30:00+05:30,2025-07-22,True,weekly,20,60,1446.4,4.14,PE,1.9836,rsi_60,SENSEX|weekly|2025-07-22|ITM1,83431.57,83500.0,SENSEX 83600 PE 22 JUL 25,3m,33.70131,SENSEX,weekly_series_expiry_day,23
0,expiry_day|3m|rsi_60|target_20pct,0.021288,2.05,62.486,2025-07-24T12:06:00+05:30,0.05,hold_to_end_target_20pct_not_hit,target_20pct,2025-07-24 15:30:00+05:30,2025-07-24,True,weekly,68,204,2.25,9.7561,CE,-97.561,rsi_60,NIFTY|weekly|2025-07-24|ITM1,25483.0,25500.0,NIFTY 25450 CE 24 JUL 25,3m,34.742728,NIFTY,weekly_series_expiry_day,24
20,expiry_day|3m|rsi_60|target_20pct,4.003524,1810.0,60.1794,2025-08-05T13:09:00+05:30,1791.0,hold_to_end_target_20pct_not_hit,target_20pct,2025-08-05 15:30:00+05:30,2025-08-05,True,weekly,47,141,1945.4,7.4807,PE,-1.0497,rsi_60,SENSEX|weekly|2025-08-05|ITM1,82449.31,82400.0,SENSEX 82500 PE 05 AUG 25,3m,30.95179,SENSEX,weekly_series_expiry_day,25
9,expiry_day|3m|rsi_60|target_20pct,1.341893,837.3,74.808,2025-08-07T13:09:00+05:30,655.4,hold_to_end_target_20pct_not_hit,target_20pct,2025-08-07 15:30:00+05:30,2025-08-07,True,weekly,47,141,909.1,8.5752,PE,-21.7246,rsi_60,NIFTY|weekly|2025-08-07|ITM1,25219.5,25200.0,NIFTY 25250 PE 07 AUG 25,3m,30.012772,NIFTY,weekly_series_expiry_day,26
9,expiry_day|3m|rsi_60|target_20pct,0.558996,124.0,61.8106,2025-08-14T14:06:00+05:30,148.8,target_20pct_hit,target_20pct,2025-08-14 14:33:00+05:30,2025-08-14,True,weekly,9,27,159.0,28.2258,PE,20.0,rsi_60,NIFTY|weekly|2025-08-14|ITM1,24699.1,24700.0,NIFTY 24750 PE 14 AUG 25,3m,30.095304,NIFTY,weekly_series_expiry_day,28
0,expiry_day|3m|rsi_60|target_20pct,4.865049,1575.15,68.5704,2025-08-19T14:42:00+05:30,1545.0,hold_to_end_target_20pct_not_hit,target_20pct,2025-08-19 15:30:00+05:30,2025-08-19,True,weekly,16,48,1575.15,0.0,CE,-1.9141,rsi_60,SENSEX|weekly|2025-08-19|ITM1,80923.2,80200.0,SENSEX 80100 CE 19 AUG 25,3m,31.491891,SENSEX,weekly_series_expiry_day,29
5,expiry_day|3m|rsi_60|target_20pct,0.028571,670.45,61.7403,2025-08-21T14:09:00+05:30,634.45,hold_to_end_target_20pct_not_hit,target_20pct,2025-08-21 15:30:00+05:30,2025-08-21,True,weekly,27,81,686.2,2.3492,CE,-5.3695,rsi_60,NIFTY|weekly|2025-08-21|ITM1,24501.7,24500.0,NIFTY 24450 CE 21 AUG 25,3m,30.628914,NIFTY,weekly_series_expiry_day,30
35,expiry_day|1m|rsi_55|target_20pct,0.010569,9.0,56.6003,2025-09-04T11:30:00+05:30,10.8,target_20pct_hit,target_20pct,2025-09-04 12:05:00+05:30,2025-09-04,True,weekly,35,35,12.05,33.8889,CE,20.0,rsi_55,SENSEX|weekly|2025-09-04|ITM1,82051.04,82100.0,SENSEX 82000 CE 04 SEP 25,1m,25.533901,SENSEX,weekly_series_expiry_day,31
0,expiry_day|1m|rsi_55|target_20pct,0.036394,7.15,58.2814,2025-09-04T12:46:00+05:30,0.05,hold_to_end_target_20pct_not_hit,target_20pct,2025-09-04 15:29:00+05:30,2025-09-04,True,weekly,163,163,7.35,2.7972,CE,-99.3007,rsi_55,SENSEX|weekly|2025-09-04|ITM1,82051.04,82100.0,SENSEX 82000 CE 04 SEP 25,1m,25.533901,SENSEX,weekly_series_expiry_day,31
310,expiry_day|1m|rsi_55|target_20pct,1.96235,1024.6,57.7566,2025-09-04T10:07:00+05:30,1229.52,target_20pct_hit,target_20pct,2025-09-04 10:39:00+05:30,2025-09-04,True,weekly,32,32,1520.0,48.3506,PE,20.0,rsi_55,SENSEX|weekly|2025-09-04|ITM1,82051.04,82100.0,SENSEX 82200 PE 04 SEP 25,1m,25.533901,SENSEX,weekly_series_expiry_day,31
248,expiry_day|1m|rsi_55|target_20pct,1.579784,1254.25,65.7093,2025-09-04T11:09:00+05:30,1505.1,target_20pct_hit,target_20pct,2025-09-04 14:23:00+05:30,2025-09-04,True,weekly,194,194,1520.0,21.188,PE,20.0,rsi_55,SENSEX|weekly|2025-09-04|ITM1,82051.04,82100.0,SENSEX 82200 PE 04 SEP 25,1m,25.533901,SENSEX,weekly_series_expiry_day,31
12,expiry_day|1m|rsi_55|target_20pct,2.421918,1506.55,77.8486,2025-09-04T15:05:00+05:30,1487.2,hold_to_end_target_20pct_not_hit,target_20pct,2025-09-04 15:29:00+05:30,2025-09-04,True,weekly,24,24,1520.0,0.8928,PE,-1.2844,rsi_55,SENSEX|weekly|2025-09-04|ITM1,82051.04,82100.0,SENSEX 82200 PE 04 SEP 25,1m,25.533901,SENSEX,weekly_series_expiry_day,31
199,expiry_day|1m|rsi_55|target_20pct,1.729235,1085.0,71.3802,2025-09-11T10:31:00+05:30,1150.6,hold_to_end_target_20pct_not_hit,target_20pct,2025-09-11 15:29:00+05:30,2025-09-11,True,weekly,298,298,1199.0,10.5069,CE,6.0461,rsi_55,SENSEX|weekly|2025-09-11|ITM1,80416.2,80500.0,SENSEX 80400 CE 11 SEP 25,1m,26.086754,SENSEX,weekly_series_expiry_day,32
9,expiry_day|1m|rsi_55|target_20pct,0.027492,4.7,62.3767,2025-09-11T11:29:00+05:30,5.64,target_20pct_hit,target_20pct,2025-09-11 11:38:00+05:30,2025-09-11,True,weekly,9,9,5.7,21.2766,PE,20.0,rsi_55,SENSEX|weekly|2025-09-11|ITM1,80416.2,80500.0,SENSEX 80600 PE 11 SEP 25,1m,26.086754,SENSEX,weekly_series_expiry_day,32
0,expiry_day|1m|rsi_55|target_20pct,0.020156,4.9,60.2213,2025-09-11T12:44:00+05:30,0.05,hold_to_end_target_20pct_not_hit,target_20pct,2025-09-11 15:29:00+05:30,2025-09-11,True,weekly,165,165,4.95,1.0204,PE,-98.9796,rsi_55,SENSEX|weekly|2025-09-11|ITM1,80416.2,80500.0,SENSEX 80600 PE 11 SEP 25,1m,26.086754,SENSEX,weekly_series_expiry_day,32
40,expiry_day|1m|rsi_55|target_20pct,0.917436,2078.85,80.5285,2025-09-18T10:07:00+05:30,2014.6,hold_to_end_target_20pct_not_hit,target_20pct,2025-09-18 15:29:00+05:30,2025-09-18,True,weekly,322,322,2098.75,0.9573,CE,-3.0907,rsi_55,SENSEX|weekly|2025-09-18|ITM1,81092.25,81100.0,SENSEX 81000 CE 18 SEP 25,1m,26.124724,SENSEX,weekly_series_expiry_day,33
83,expiry_day|1m|rsi_55|target_20pct,0.007779,3.15,58.2883,2025-09-18T10:09:00+05:30,0.05,hold_to_end_target_20pct_not_hit,target_20pct,2025-09-18 15:29:00+05:30,2025-09-18,True,weekly,320,320,3.5,11.1111,PE,-98.4127,rsi_55,SENSEX|weekly|2025-09-18|ITM1,81092.25,81100.0,SENSEX 81200 PE 18 SEP 25,1m,26.124724,SENSEX,weekly_series_expiry_day,33
0,expiry_day|1m|rsi_55|target_20pct,0.004505,0.85,57.8296,2025-10-01T13:48:00+05:30,0.05,hold_to_end_target_20pct_not_hit,target_20pct,2025-10-01 15:29:00+05:30,2025-10-01,True,weekly,101,101,0.9,5.8824,CE,-94.1176,rsi_55,SENSEX|weekly|2025-10-01|ITM1,82582.41,82600.0,SENSEX 82500 CE 01 OCT 25,1m,17.983286,SENSEX,weekly_series_expiry_day,34
0,expiry_day|1m|rsi_55|target_20pct,0.660166,2291.0,79.0918,2025-10-01T10:18:00+05:30,1729.9,hold_to_end_target_20pct_not_hit,target_20pct,2025-10-01 15:29:00+05:30,2025-10-01,True,weekly,311,311,2291.0,0.0,PE,-24.4915,rsi_55,SENSEX|weekly|2025-10-01|ITM1,82582.41,82600.0,SENSEX 82700 PE 01 OCT 25,1m,17.983286,SENSEX,weekly_series_expiry_day,34
86,expiry_day|3m|rsi_55|target_10pct,3.430917,570.3,59.9298,2025-10-09T10:45:00+05:30,627.33,target_10pct_hit,target_10pct,2025-10-09 11:03:00+05:30,2025-10-09,True,weekly,6,18,803.7,40.9258,CE,10.0,rsi_55,SENSEX|weekly|2025-10-09|ITM1,81517.12,81500.0,SENSEX 81400 CE 09 OCT 25,3m,15.784429,SENSEX,weekly_series_expiry_day,35
3,expiry_day|3m|rsi_55|target_10pct,0.11345,689.0,55.2165,2025-10-09T14:54:00+05:30,757.9,target_10pct_hit,target_10pct,2025-10-09 15:00:00+05:30,2025-10-09,True,weekly,2,6,803.7,16.6473,CE,10.0,rsi_55,SENSEX|weekly|2025-10-09|ITM1,81517.12,81500.0,SENSEX 81400 CE 09 OCT 25,3m,15.784429,SENSEX,weekly_series_expiry_day,35
47,expiry_day|3m|rsi_55|target_10pct,0.026181,3.9,60.9494,2025-10-16T10:33:00+05:30,4.29,target_10pct_hit,target_10pct,2025-10-16 10:51:00+05:30,2025-10-16,True,weekly,6,18,4.8,23.0769,PE,10.0,rsi_55,SENSEX|weekly|2025-10-16|ITM1,80874.82,80900.0,SENSEX 81000 PE 16 OCT 25,3m,16.608967,SENSEX,weekly_series_expiry_day,36
8,expiry_day|3m|rsi_55|target_10pct,0.055708,4.15,59.3452,2025-10-16T14:15:00+05:30,4.565,target_10pct_hit,target_10pct,2025-10-16 14:36:00+05:30,2025-10-16,True,weekly,7,21,4.75,14.4578,PE,10.0,rsi_55,SENSEX|weekly|2025-10-16|ITM1,80874.82,80900.0,SENSEX 81000 PE 16 OCT 25,3m,16.608967,SENSEX,weekly_series_expiry_day,36
42,expiry_day|1m|rsi_55|target_20pct,3.253604,3480.0,94.8567,2025-10-23T11:48:00+05:30,3225.0,hold_to_end_target_20pct_not_hit,target_20pct,2025-10-23 15:29:00+05:30,2025-10-23,True,weekly,221,221,3600.0,3.4483,CE,-7.3276,rsi_55,SENSEX|weekly|2025-10-23|ITM1,81787.82,81800.0,SENSEX 81700 CE 23 OCT 25,1m,18.01906,SENSEX,weekly_series_expiry_day,37
2,expiry_day|1m|rsi_55|target_20pct,0.014827,2.65,60.2175,2025-10-23T10:10:00+05:30,0.05,hold_to_end_target_20pct_not_hit,target_20pct,2025-10-23 15:29:00+05:30,2025-10-23,True,weekly,319,319,2.85,7.5472,PE,-98.1132,rsi_55,SENSEX|weekly|2025-10-23|ITM1,81787.82,81800.0,SENSEX 81900 PE 23 OCT 25,1m,18.01906,SENSEX,weekly_series_expiry_day,37
1,expiry_day|3m|rsi_55|target_10pct,0.002105,2.1,57.6992,2025-11-06T13:54:00+05:30,0.05,hold_to_end_target_10pct_not_hit,target_10pct,2025-11-06 15:30:00+05:30,2025-11-06,True,weekly,32,96,2.3,9.5238,CE,-97.619,rsi_55,SENSEX|weekly|2025-11-06|ITM1,84959.71,85000.0,SENSEX 84900 CE 06 NOV 25,3m,15.989467,SENSEX,weekly_series_expiry_day,38
25,expiry_day|3m|rsi_55|target_10pct,4.115007,1760.55,71.2929,2025-11-06T13:57:00+05:30,1789.95,hold_to_end_target_10pct_not_hit,target_10pct,2025-11-06 15:30:00+05:30,2025-11-06,True,weekly,31,93,1820.45,3.4023,PE,1.6699,rsi_55,SENSEX|weekly|2025-11-06|ITM1,84959.71,85000.0,SENSEX 85100 PE 06 NOV 25,3m,15.989467,SENSEX,weekly_series_expiry_day,38
45,expiry_day|3m|rsi_55|target_10pct,1.713752,227.5,58.1482,2025-11-13T12:48:00+05:30,250.25,target_10pct_hit,target_10pct,2025-11-13 12:54:00+05:30,2025-11-13,True,weekly,2,6,495.05,117.6044,PE,10.0,rsi_55,SENSEX|weekly|2025-11-13|ITM1,84782.47,84800.0,SENSEX 84900 PE 13 NOV 25,3m,14.849199,SENSEX,weekly_series_expiry_day,39
20,expiry_day|3m|rsi_55|target_10pct,10.643457,294.15,69.2944,2025-11-13T14:03:00+05:30,323.565,target_10pct_hit,target_10pct,2025-11-13 14:06:00+05:30,2025-11-13,True,weekly,1,3,495.05,68.2985,PE,10.0,rsi_55,SENSEX|weekly|2025-11-13|ITM1,84782.47,84800.0,SENSEX 84900 PE 13 NOV 25,3m,14.849199,SENSEX,weekly_series_expiry_day,39
164,expiry_day|1m|rsi_55|target_20pct,13.346111,1868.0,99.4266,2025-11-20T10:55:00+05:30,2029.75,hold_to_end_target_20pct_not_hit,target_20pct,2025-11-20 15:29:00+05:30,2025-11-20,True,weekly,274,274,2133.15,14.1943,CE,8.659,rsi_55,SENSEX|weekly|2025-11-20|ITM1,83733.23,83700.0,SENSEX 83600 CE 20 NOV 25,1m,26.407412,SENSEX,weekly_series_expiry_day,40
122,expiry_day|1m|rsi_55|target_20pct,0.019324,3.3,65.0792,2025-11-20T11:33:00+05:30,3.96,target_20pct_hit,target_20pct,2025-11-20 12:28:00+05:30,2025-11-20,True,weekly,55,55,6.05,83.3333,PE,20.0,rsi_55,SENSEX|weekly|2025-11-20|ITM1,83733.23,83700.0,SENSEX 83800 PE 20 NOV 25,1m,26.407412,SENSEX,weekly_series_expiry_day,40
97,expiry_day|1m|macd_only|target_20pct,2.098783,96.55,69.5425,2025-12-04T13:24:00+05:30,115.86,target_20pct_hit,target_20pct,2025-12-04 14:59:00+05:30,2025-12-04,True,weekly,95,95,146.45,51.6831,CE,20.0,macd_only,SENSEX|weekly|2025-12-04|ITM1,85375.28,85300.0,SENSEX 85200 CE 04 DEC 25,1m,27.7736,SENSEX,weekly_series_expiry_day,41
149,expiry_day|1m|macd_only|target_20pct,0.275787,123.3,57.1003,2025-12-04T11:12:00+05:30,147.96,target_20pct_hit,target_20pct,2025-12-04 11:38:00+05:30,2025-12-04,True,weekly,26,26,388.45,215.0446,PE,20.0,macd_only,SENSEX|weekly|2025-12-04|ITM1,85375.28,85300.0,SENSEX 85400 PE 04 DEC 25,1m,27.7736,SENSEX,weekly_series_expiry_day,41
90,expiry_day|1m|macd_only|target_20pct,0.479928,228.2,56.7499,2025-12-04T12:11:00+05:30,273.84,target_20pct_hit,target_20pct,2025-12-04 12:21:00+05:30,2025-12-04,True,weekly,10,10,388.45,70.2235,PE,20.0,macd_only,SENSEX|weekly|2025-12-04|ITM1,85375.28,85300.0,SENSEX 85400 PE 04 DEC 25,1m,27.7736,SENSEX,weekly_series_expiry_day,41
59,expiry_day|1m|macd_only|target_20pct,1.221854,244.3,59.957,2025-12-04T12:42:00+05:30,293.16,target_20pct_hit,target_20pct,2025-12-04 12:45:00+05:30,2025-12-04,True,weekly,3,3,388.45,59.0053,PE,20.0,macd_only,SENSEX|weekly|2025-12-04|ITM1,85375.28,85300.0,SENSEX 85400 PE 04 DEC 25,1m,27.7736,SENSEX,weekly_series_expiry_day,41
5,expiry_day|1m|macd_only|target_20pct,6.772708,349.0,73.0389,2025-12-04T13:36:00+05:30,134.35,hold_to_end_target_20pct_not_hit,target_20pct,2025-12-04 15:29:00+05:30,2025-12-04,True,weekly,113,113,388.45,11.3037,PE,-61.5043,macd_only,SENSEX|weekly|2025-12-04|ITM1,85375.28,85300.0,SENSEX 85400 PE 04 DEC 25,1m,27.7736,SENSEX,weekly_series_expiry_day,41
1,expiry_day|1m|macd_only|target_20pct,0.167744,9.15,71.3855,2025-12-11T10:15:00+05:30,0.05,hold_to_end_target_20pct_not_hit,target_20pct,2025-12-11 15:29:00+05:30,2025-12-11,True,weekly,314,314,9.25,1.0929,CE,-99.4536,macd_only,SENSEX|weekly|2025-12-11|ITM1,85715.76,85600.0,SENSEX 85500 CE 11 DEC 25,1m,28.864149,SENSEX,weekly_series_expiry_day,42
8,expiry_day|1m|macd_only|target_20pct,2.363148,1166.0,59.5763,2025-12-11T10:57:00+05:30,881.15,hold_to_end_target_20pct_not_hit,target_20pct,2025-12-11 15:29:00+05:30,2025-12-11,True,weekly,272,272,1336.9,14.6569,PE,-24.4297,macd_only,SENSEX|weekly|2025-12-11|ITM1,85715.76,85600.0,SENSEX 85700 PE 11 DEC 25,1m,28.864149,SENSEX,weekly_series_expiry_day,42
32,expiry_day|1m|macd_only|target_20pct,0.614818,24.85,76.4524,2025-12-18T10:11:00+05:30,29.82,target_20pct_hit,target_20pct,2025-12-18 10:17:00+05:30,2025-12-18,True,weekly,6,6,63.6,155.9356,CE,20.0,macd_only,SENSEX|weekly|2025-12-18|ITM1,85010.36,85000.0,SENSEX 84900 CE 18 DEC 25,1m,28.000864,SENSEX,weekly_series_expiry_day,43
73,expiry_day|1m|macd_only|target_20pct,0.048176,39.1,65.0863,2025-12-18T11:25:00+05:30,46.92,target_20pct_hit,target_20pct,2025-12-18 12:38:00+05:30,2025-12-18,True,weekly,73,73,48.25,23.4015,CE,20.0,macd_only,SENSEX|weekly|2025-12-18|ITM1,85010.36,85000.0,SENSEX 84900 CE 18 DEC 25,1m,28.000864,SENSEX,weekly_series_expiry_day,43
229,expiry_day|1m|macd_only|target_20pct,1.251557,531.1,59.0072,2025-12-18T11:04:00+05:30,637.32,target_20pct_hit,target_20pct,2025-12-18 14:11:00+05:30,2025-12-18,True,weekly,187,187,724.5,36.415,PE,20.0,macd_only,SENSEX|weekly|2025-12-18|ITM1,85010.36,85000.0,SENSEX 85100 PE 18 DEC 25,1m,28.000864,SENSEX,weekly_series_expiry_day,43
5,expiry_day|1m|macd_only|target_20pct,3.534284,1458.45,63.9335,2026-01-01T09:49:00+05:30,1285.75,hold_to_end_target_20pct_not_hit,target_20pct,2026-01-01 15:29:00+05:30,2026-01-01,True,weekly,340,340,1515.0,3.8774,CE,-11.8413,macd_only,SENSEX|weekly|2026-01-01|ITM1,84445.59,84000.0,SENSEX 83900 CE 01 JAN 26,1m,29.109606,SENSEX,weekly_series_expiry_day,44
139,expiry_day|1m|macd_only|target_20pct,1.620409,233.1,63.7416,2026-01-01T09:59:00+05:30,279.72,target_20pct_hit,target_20pct,2026-01-01 10:16:00+05:30,2026-01-01,True,weekly,17,17,360.0,54.4402,PE,20.0,macd_only,SENSEX|weekly|2026-01-01|ITM1,84445.59,84000.0,SENSEX 85500 PE 01 JAN 26,1m,29.109606,SENSEX,weekly_series_expiry_day,44
68,expiry_day|1m|macd_only|target_20pct,0.347173,204.5,57.5991,2026-01-01T11:10:00+05:30,245.4,target_20pct_hit,target_20pct,2026-01-01 11:42:00+05:30,2026-01-01,True,weekly,32,32,360.0,76.0391,PE,20.0,macd_only,SENSEX|weekly|2026-01-01|ITM1,84445.59,84000.0,SENSEX 85500 PE 01 JAN 26,1m,29.109606,SENSEX,weekly_series_expiry_day,44
157,expiry_day|1m|macd_only|target_20pct,1.086636,304.6,59.6831,2026-01-01T12:41:00+05:30,311.6,hold_to_end_target_20pct_not_hit,target_20pct,2026-01-01 15:29:00+05:30,2026-01-01,True,weekly,168,168,326.8,7.2882,PE,2.2981,macd_only,SENSEX|weekly|2026-01-01|ITM1,84445.59,84000.0,SENSEX 85500 PE 01 JAN 26,1m,29.109606,SENSEX,weekly_series_expiry_day,44
26,expiry_day|1m|macd_only|target_20pct,0.002985,9.45,56.2314,2026-01-08T11:39:00+05:30,11.34,target_20pct_hit,target_20pct,2026-01-08 12:05:00+05:30,2026-01-08,True,weekly,26,26,11.45,21.164,CE,20.0,macd_only,SENSEX|weekly|2026-01-08|ITM1,85280.45,85300.0,SENSEX 85200 CE 08 JAN 26,1m,29.957379,SENSEX,weekly_series_expiry_day,45
2,expiry_day|1m|macd_only|target_20pct,0.010041,8.05,52.9744,2026-01-08T12:50:00+05:30,0.25,hold_to_end_target_20pct_not_hit,target_20pct,2026-01-08 15:29:00+05:30,2026-01-08,True,weekly,159,159,8.45,4.9689,CE,-96.8944,macd_only,SENSEX|weekly|2026-01-08|ITM1,85280.45,85300.0,SENSEX 85200 CE 08 JAN 26,1m,29.957379,SENSEX,weekly_series_expiry_day,45
303,expiry_day|1m|macd_only|target_20pct,1.551849,608.05,54.9865,2026-01-08T10:02:00+05:30,729.66,target_20pct_hit,target_20pct,2026-01-08 10:52:00+05:30,2026-01-08,True,weekly,50,50,1264.95,108.0339,PE,20.0,macd_only,SENSEX|weekly|2026-01-08|ITM1,85280.45,85300.0,SENSEX 85400 PE 08 JAN 26,1m,29.957379,SENSEX,weekly_series_expiry_day,45
107,expiry_day|1m|macd_only|target_20pct,0.22796,1086.15,54.0551,2026-01-08T13:18:00+05:30,1219.7,hold_to_end_target_20pct_not_hit,target_20pct,2026-01-08 15:29:00+05:30,2026-01-08,True,weekly,131,131,1264.95,16.4618,PE,12.2957,macd_only,SENSEX|weekly|2026-01-08|ITM1,85280.45,85300.0,SENSEX 85400 PE 08 JAN 26,1m,29.957379,SENSEX,weekly_series_expiry_day,45
142,expiry_day|1m|macd_only|target_20pct,0.005562,2.05,64.0447,2026-01-14T11:42:00+05:30,2.46,target_20pct_hit,target_20pct,2026-01-14 13:56:00+05:30,2026-01-14,True,weekly,134,134,2.7,31.7073,CE,20.0,macd_only,SENSEX|weekly|2026-01-14|ITM1,84869.83,84900.0,SENSEX 84800 CE 14 JAN 26,1m,30.346078,SENSEX,weekly_series_expiry_day,46
286,expiry_day|1m|macd_only|target_20pct,7.303427,1521.05,56.9741,2026-01-14T09:46:00+05:30,1620.0,hold_to_end_target_20pct_not_hit,target_20pct,2026-01-14 15:29:00+05:30,2026-01-14,True,weekly,343,343,1761.1,15.7819,PE,6.5054,macd_only,SENSEX|weekly|2026-01-14|ITM1,84869.83,84900.0,SENSEX 85000 PE 14 JAN 26,1m,30.346078,SENSEX,weekly_series_expiry_day,46
169,expiry_day|1m|macd_only|target_20pct,0.002415,2.3,58.8577,2026-01-22T11:14:00+05:30,2.76,target_20pct_hit,target_20pct,2026-01-22 12:17:00+05:30,2026-01-22,True,weekly,63,63,3.15,36.9565,CE,20.0,macd_only,SENSEX|weekly|2026-01-22|ITM1,84842.83,84800.0,SENSEX 84700 CE 22 JAN 26,1m,30.968271,SENSEX,weekly_series_expiry_day,47
91,expiry_day|1m|macd_only|target_20pct,0.010444,2.5,56.1786,2026-01-22T12:32:00+05:30,3.0,target_20pct_hit,target_20pct,2026-01-22 13:54:00+05:30,2026-01-22,True,weekly,82,82,3.15,26.0,CE,20.0,macd_only,SENSEX|weekly|2026-01-22|ITM1,84842.83,84800.0,SENSEX 84700 CE 22 JAN 26,1m,30.968271,SENSEX,weekly_series_expiry_day,47
5,expiry_day|1m|macd_only|target_20pct,0.004318,2.6,53.356,2026-01-22T14:19:00+05:30,0.05,hold_to_end_target_20pct_not_hit,target_20pct,2026-01-22 15:29:00+05:30,2026-01-22,True,weekly,70,70,3.0,15.3846,CE,-98.0769,macd_only,SENSEX|weekly|2026-01-22|ITM1,84842.83,84800.0,SENSEX 84700 CE 22 JAN 26,1m,30.968271,SENSEX,weekly_series_expiry_day,47
12,expiry_day|1m|rsi_55|target_20pct,3.355875,1097.7,58.7682,2026-02-05T10:14:00+05:30,912.05,hold_to_end_target_20pct_not_hit,target_20pct,2026-02-05 15:29:00+05:30,2026-02-05,True,weekly,315,315,1185.5,7.9985,CE,-16.9126,rsi_55,SENSEX|weekly|2026-02-05|ITM1,82488.15,82500.0,SENSEX 82400 CE 05 FEB 26,1m,31.480709,SENSEX,weekly_series_expiry_day,48
14,expiry_day|1m|rsi_55|target_20pct,0.025182,13.3,57.7388,2026-02-05T09:42:00+05:30,15.96,target_20pct_hit,target_20pct,2026-02-05 09:44:00+05:30,2026-02-05,True,weekly,2,2,21.8,63.9098,PE,20.0,rsi_55,SENSEX|weekly|2026-02-05|ITM1,82488.15,82500.0,SENSEX 82600 PE 05 FEB 26,1m,31.480709,SENSEX,weekly_series_expiry_day,48
1,expiry_day|1m|rsi_55|target_20pct,0.036208,11.65,58.8183,2026-02-05T10:56:00+05:30,0.05,hold_to_end_target_20pct_not_hit,target_20pct,2026-02-05 15:29:00+05:30,2026-02-05,True,weekly,273,273,13.95,19.7425,PE,-99.5708,rsi_55,SENSEX|weekly|2026-02-05|ITM1,82488.15,82500.0,SENSEX 82600 PE 05 FEB 26,1m,31.480709,SENSEX,weekly_series_expiry_day,48
74,expiry_day|1m|rsi_55|target_20pct,1.646793,1794.0,61.3133,2026-02-12T12:13:00+05:30,1668.5,hold_to_end_target_20pct_not_hit,target_20pct,2026-02-12 15:29:00+05:30,2026-02-12,True,weekly,196,196,1899.5,5.8807,CE,-6.9955,rsi_55,SENSEX|weekly|2026-02-12|ITM1,82089.42,82100.0,SENSEX 82000 CE 12 FEB 26,1m,31.000206,SENSEX,weekly_series_expiry_day,49
25,expiry_day|1m|rsi_55|target_20pct,0.000559,3.1,62.8965,2026-02-12T09:52:00+05:30,3.72,target_20pct_hit,target_20pct,2026-02-12 10:16:00+05:30,2026-02-12,True,weekly,24,24,3.85,24.1935,PE,20.0,rsi_55,SENSEX|weekly|2026-02-12|ITM1,82089.42,82100.0,SENSEX 82200 PE 12 FEB 26,1m,31.000206,SENSEX,weekly_series_expiry_day,49
128,expiry_day|1m|rsi_55|target_20pct,0.001465,3.15,58.71,2026-02-12T10:59:00+05:30,0.05,hold_to_end_target_20pct_not_hit,target_20pct,2026-02-12 15:29:00+05:30,2026-02-12,True,weekly,270,270,3.5,11.1111,PE,-98.4127,rsi_55,SENSEX|weekly|2026-02-12|ITM1,82089.42,82100.0,SENSEX 82200 PE 12 FEB 26,1m,31.000206,SENSEX,weekly_series_expiry_day,49
0,expiry_day|1m|rsi_55|target_20pct,0.096346,16.35,63.8099,2026-02-19T13:09:00+05:30,0.05,hold_to_end_target_20pct_not_hit,target_20pct,2026-02-19 15:29:00+05:30,2026-02-19,True,weekly,140,140,18.5,13.1498,CE,-99.6942,rsi_55,SENSEX|weekly|2026-02-19|ITM1,83733.42,83700.0,SENSEX 83600 CE 19 FEB 26,1m,30.598864,SENSEX,weekly_series_expiry_day,50
246,expiry_day|1m|rsi_55|target_20pct,1.264357,422.25,61.5312,2026-02-19T11:13:00+05:30,506.7,target_20pct_hit,target_20pct,2026-02-19 11:23:00+05:30,2026-02-19,True,weekly,10,10,1344.3,218.3659,PE,20.0,rsi_55,SENSEX|weekly|2026-02-19|ITM1,83733.42,83700.0,SENSEX 83800 PE 19 FEB 26,1m,30.598864,SENSEX,weekly_series_expiry_day,50
108,expiry_day|1m|rsi_55|target_20pct,1.739661,833.45,62.0534,2026-02-19T13:31:00+05:30,1000.14,target_20pct_hit,target_20pct,2026-02-19 14:04:00+05:30,2026-02-19,True,weekly,33,33,1344.3,61.2934,PE,20.0,rsi_55,SENSEX|weekly|2026-02-19|ITM1,83733.42,83700.0,SENSEX 83800 PE 19 FEB 26,1m,30.598864,SENSEX,weekly_series_expiry_day,50
52,expiry_day|1m|rsi_55|target_20pct,2.742927,960.4,60.1331,2026-02-19T14:27:00+05:30,1152.48,target_20pct_hit,target_20pct,2026-02-19 14:48:00+05:30,2026-02-19,True,weekly,21,21,1344.3,39.9729,PE,20.0,rsi_55,SENSEX|weekly|2026-02-19|ITM1,83733.42,83700.0,SENSEX 83800 PE 19 FEB 26,1m,30.598864,SENSEX,weekly_series_expiry_day,50
0,series|5m|macd_only|trail_after_30pct_dd15pct,4.979333,2317.6,78.3902,2025-05-28T10:20:00+05:30,852.15,hold_to_end_trail_after_30pct_dd15pct,trail_after_30pct_dd15pct,2025-06-24 15:30:00+05:30,2025-06-24,False,monthly,1156,5780,2317.6,0.0,CE,-63.2314,macd_only,SENSEX|monthly|2025-06-24|ITM1,81978.6,81300.0,SENSEX 81200 CE 24 JUN 25,5m,55.683466,SENSEX,monthly_series,1
220,series|5m|macd_only|trail_after_30pct_dd15pct,26.930034,1482.8,98.6938,2025-05-27T13:25:00+05:30,0.25,hold_to_end_trail_after_30pct_dd15pct,trail_after_30pct_dd15pct,2025-06-24 15:30:00+05:30,2025-06-24,False,monthly,1482,7410,1522.35,2.6673,PE,-99.9831,macd_only,SENSEX|monthly|2025-06-24|ITM1,81978.6,81300.0,SENSEX 81400 PE 24 JUN 25,5m,55.683466,SENSEX,monthly_series,1
1053,series|10m|rsi_60|target_30pct,11.80283,920.35,88.544,2025-05-15T13:30:00+05:30,1101.35,hold_to_end_target_30pct_not_hit,target_30pct,2025-06-26 15:30:00+05:30,2025-06-26,False,monthly,1055,10550,1109.05,20.5031,CE,19.6664,rsi_60,NIFTY|monthly|2025-06-26|ITM1,24514.05,24500.0,NIFTY 24450 CE 26 JUN 25,10m,41.955939,NIFTY,monthly_series,2
0,series|10m|rsi_60|target_30pct,3.175644,430.55,72.6391,2025-05-14T13:00:00+05:30,0.05,hold_to_end_target_30pct_not_hit,target_30pct,2025-06-26 15:30:00+05:30,2025-06-26,False,monthly,1166,11660,436.45,1.3703,PE,-99.9884,rsi_60,NIFTY|monthly|2025-06-26|ITM1,24514.05,24500.0,NIFTY 24550 PE 26 JUN 25,10m,41.955939,NIFTY,monthly_series,2
32,series|10m|rsi_60|target_30pct,19.732876,1568.55,76.9376,2025-07-22T10:20:00+05:30,436.55,hold_to_end_target_30pct_not_hit,target_30pct,2025-07-29 15:30:00+05:30,2025-07-29,False,monthly,171,1710,1680.15,7.1149,CE,-72.1686,rsi_60,SENSEX|monthly|2025-07-29|ITM1,81564.68,81000.0,SENSEX 80900 CE 29 JUL 25,10m,39.538137,SENSEX,monthly_series,3
504,series|10m|rsi_60|target_30pct,0.00031,160.25,76.8711,2025-07-09T15:00:00+05:30,208.325,target_30pct_hit,target_30pct,2025-07-11 10:30:00+05:30,2025-07-29,False,monthly,48,480,494.4,208.5179,PE,30.0,rsi_60,SENSEX|monthly|2025-07-29|ITM1,81564.68,81000.0,SENSEX 81100 PE 29 JUL 25,10m,39.538137,SENSEX,monthly_series,3
281,series|10m|rsi_60|target_30pct,0.349123,154.4,64.4588,2025-07-17T14:30:00+05:30,200.72,target_30pct_hit,target_30pct,2025-07-18 10:10:00+05:30,2025-07-29,False,monthly,11,110,494.4,220.2073,PE,30.0,rsi_60,SENSEX|monthly|2025-07-29|ITM1,81564.68,81000.0,SENSEX 81100 PE 29 JUL 25,10m,39.538137,SENSEX,monthly_series,3
109,series|10m|rsi_60|target_30pct,0.386248,43.5,69.843,2025-07-24T11:40:00+05:30,56.55,target_30pct_hit,target_30pct,2025-07-24 12:00:00+05:30,2025-07-29,False,monthly,2,20,494.4,1036.5517,PE,30.0,rsi_60,SENSEX|monthly|2025-07-29|ITM1,81564.68,81000.0,SENSEX 81100 PE 29 JUL 25,10m,39.538137,SENSEX,monthly_series,3
85,series|10m|rsi_60|target_30pct,2.429789,87.9,71.2096,2025-07-25T09:20:00+05:30,114.27,target_30pct_hit,target_30pct,2025-07-25 10:20:00+05:30,2025-07-29,False,monthly,6,60,494.4,462.4573,PE,30.0,rsi_60,SENSEX|monthly|2025-07-29|ITM1,81564.68,81000.0,SENSEX 81100 PE 29 JUL 25,10m,39.538137,SENSEX,monthly_series,3
23,series|10m|rsi_60|target_30pct,0.778244,991.5,60.4825,2025-07-03T10:00:00+05:30,68.25,hold_to_end_target_30pct_not_hit,target_30pct,2025-07-31 15:30:00+05:30,2025-07-31,False,monthly,793,7930,1022.1,3.0862,CE,-93.1165,rsi_60,NIFTY|monthly|2025-07-31|ITM1,24767.55,24750.0,NIFTY 24700 CE 31 JUL 25,10m,46.323623,NIFTY,monthly_series,4
722,series|10m|rsi_60|target_30pct,0.558321,100.9,63.6005,2025-07-02T10:50:00+05:30,131.17,target_30pct_hit,target_30pct,2025-07-14 09:40:00+05:30,2025-07-31,False,monthly,297,2970,209.25,107.3835,PE,30.0,rsi_60,NIFTY|monthly|2025-07-31|ITM1,24767.55,24750.0,NIFTY 24800 PE 31 JUL 25,10m,46.323623,NIFTY,monthly_series,4
305,series|10m|rsi_60|target_30pct,0.529741,71.25,60.2952,2025-07-17T10:40:00+05:30,92.625,target_30pct_hit,target_30pct,2025-07-18 10:20:00+05:30,2025-07-31,False,monthly,36,360,209.25,193.6842,PE,30.0,rsi_60,NIFTY|monthly|2025-07-31|ITM1,24767.55,24750.0,NIFTY 24800 PE 31 JUL 25,10m,46.323623,NIFTY,monthly_series,4
109,series|10m|rsi_60|target_30pct,0.486494,33.9,73.5345,2025-07-24T11:40:00+05:30,44.07,target_30pct_hit,target_30pct,2025-07-24 12:10:00+05:30,2025-07-31,False,monthly,3,30,209.25,517.2566,PE,30.0,rsi_60,NIFTY|monthly|2025-07-31|ITM1,24767.55,24750.0,NIFTY 24800 PE 31 JUL 25,10m,46.323623,NIFTY,monthly_series,4
0,series|10m|rsi_60|target_30pct,2.38655,128.9,83.1728,2025-07-31T09:20:00+05:30,31.5,hold_to_end_target_30pct_not_hit,target_30pct,2025-07-31 15:30:00+05:30,2025-07-31,False,monthly,37,370,189.0,46.6253,PE,-75.5625,rsi_60,NIFTY|monthly|2025-07-31|ITM1,24767.55,24750.0,NIFTY 24800 PE 31 JUL 25,10m,46.323623,NIFTY,monthly_series,4
74,series|10m|rsi_60|target_30pct,6.671628,868.5,71.4862,2025-07-29T13:50:00+05:30,0.05,hold_to_end_target_30pct_not_hit,target_30pct,2025-08-26 15:30:00+05:30,2025-08-26,False,monthly,727,7270,1080.55,24.4157,CE,-99.9942,rsi_60,SENSEX|monthly|2025-08-26|ITM1,82409.19,81900.0,SENSEX 81800 CE 26 AUG 25,10m,45.969066,SENSEX,monthly_series,5
556,series|10m|rsi_60|target_30pct,2.407475,825.0,65.7043,2025-07-17T14:50:00+05:30,1072.5,target_30pct_hit,target_30pct,2025-07-18 10:40:00+05:30,2025-08-26,False,monthly,10,100,2085.8,152.8242,PE,30.0,rsi_60,SENSEX|monthly|2025-08-26|ITM1,82409.19,81900.0,SENSEX 82000 PE 26 AUG 25,10m,45.969066,SENSEX,monthly_series,5
391,series|10m|rsi_60|target_30pct,2.002159,648.7,66.1152,2025-07-24T11:20:00+05:30,843.31,target_30pct_hit,target_30pct,2025-07-25 09:20:00+05:30,2025-08-26,False,monthly,26,260,2085.8,221.5354,PE,30.0,rsi_60,SENSEX|monthly|2025-08-26|ITM1,82409.19,81900.0,SENSEX 82000 PE 26 AUG 25,10m,45.969066,SENSEX,monthly_series,5
215,series|10m|rsi_60|target_30pct,10.467907,1400.0,80.5646,2025-07-31T09:20:00+05:30,1820.0,target_30pct_hit,target_30pct,2025-08-07 10:50:00+05:30,2025-08-26,False,monthly,197,1970,2085.8,48.9857,PE,30.0,rsi_60,SENSEX|monthly|2025-08-26|ITM1,82409.19,81900.0,SENSEX 82000 PE 26 AUG 25,10m,45.969066,SENSEX,monthly_series,5
10,series|10m|rsi_60|target_30pct,5.421753,1807.55,68.9582,2025-08-08T14:10:00+05:30,1209.8,hold_to_end_target_30pct_not_hit,target_30pct,2025-08-26 15:30:00+05:30,2025-08-26,False,monthly,422,4220,1979.4,9.5073,PE,-33.0696,rsi_60,SENSEX|monthly|2025-08-26|ITM1,82409.19,81900.0,SENSEX 82000 PE 26 AUG 25,10m,45.969066,SENSEX,monthly_series,5
160,series|10m|rsi_60|target_30pct,47.635897,2101.1,100.0,2025-09-05T09:20:00+05:30,2731.43,target_30pct_hit,target_30pct,2025-09-15 09:20:00+05:30,2025-09-25,False,monthly,76,760,3269.55,55.6113,CE,30.0,rsi_60,SENSEX|monthly|2025-09-25|ITM1,79991.67,79500.0,SENSEX 79400 CE 25 SEP 25,10m,46.69036,SENSEX,monthly_series,6
31,series|10m|rsi_60|target_30pct,8.469125,2956.9,91.6026,2025-09-16T11:50:00+05:30,1782.7,hold_to_end_target_30pct_not_hit,target_30pct,2025-09-25 15:30:00+05:30,2025-09-25,False,monthly,131,1310,3269.55,10.5736,CE,-39.7105,rsi_60,SENSEX|monthly|2025-09-25|ITM1,79991.67,79500.0,SENSEX 79400 CE 25 SEP 25,10m,46.69036,SENSEX,monthly_series,6
12,series|10m|rsi_60|target_30pct,0.800183,308.0,62.2183,2025-09-04T14:40:00+05:30,0.05,hold_to_end_target_30pct_not_hit,target_30pct,2025-09-25 15:30:00+05:30,2025-09-25,False,monthly,501,5010,384.7,24.9026,PE,-99.9838,rsi_60,SENSEX|monthly|2025-09-25|ITM1,79991.67,79500.0,SENSEX 79600 PE 25 SEP 25,10m,46.69036,SENSEX,monthly_series,6
484,series|10m|rsi_60|target_30pct,1.832926,610.7,65.991,2025-10-01T11:40:00+05:30,793.91,target_30pct_hit,target_30pct,2025-10-06 11:10:00+05:30,2025-10-30,False,monthly,73,730,3507.55,474.3491,CE,30.0,rsi_60,SENSEX|monthly|2025-10-30|ITM1,81954.53,82000.0,SENSEX 81900 CE 30 OCT 25,10m,43.926774,SENSEX,monthly_series,7
297,series|10m|rsi_60|target_30pct,5.850227,1070.25,66.5345,2025-10-09T11:10:00+05:30,1391.325,target_30pct_hit,target_30pct,2025-10-10 13:00:00+05:30,2025-10-30,False,monthly,49,490,3507.55,227.7318,CE,30.0,rsi_60,SENSEX|monthly|2025-10-30|ITM1,81954.53,82000.0,SENSEX 81900 CE 30 OCT 25,10m,43.926774,SENSEX,monthly_series,7
196,series|10m|rsi_60|target_30pct,4.847986,1297.35,81.9005,2025-10-14T09:20:00+05:30,1686.555,target_30pct_hit,target_30pct,2025-10-16 12:10:00+05:30,2025-10-30,False,monthly,93,930,3507.55,170.3627,CE,30.0,rsi_60,SENSEX|monthly|2025-10-30|ITM1,81954.53,82000.0,SENSEX 81900 CE 30 OCT 25,10m,43.926774,SENSEX,monthly_series,7
0,series|10m|rsi_60|target_30pct,38.814147,3305.65,83.6602,2025-10-29T12:50:00+05:30,2452.8,hold_to_end_target_30pct_not_hit,target_30pct,2025-10-30 15:30:00+05:30,2025-10-30,False,monthly,47,470,3305.65,0.0,CE,-25.7998,rsi_60,SENSEX|monthly|2025-10-30|ITM1,81954.53,82000.0,SENSEX 81900 CE 30 OCT 25,10m,43.926774,SENSEX,monthly_series,7
9,series|10m|rsi_60|target_30pct,4.303393,650.2,63.3687,2025-10-08T11:00:00+05:30,0.05,hold_to_end_target_30pct_not_hit,target_30pct,2025-10-30 15:30:00+05:30,2025-10-30,False,monthly,564,5640,786.15,20.909,PE,-99.9923,rsi_60,SENSEX|monthly|2025-10-30|ITM1,81954.53,82000.0,SENSEX 82100 PE 30 OCT 25,10m,43.926774,SENSEX,monthly_series,7
102,series|1m|rsi_60|target_30pct,9.681974,3320.0,97.1778,2025-11-27T13:33:00+05:30,3502.05,hold_to_end_target_30pct_not_hit,target_30pct,2025-11-27 15:29:00+05:30,2025-11-27,False,monthly,116,116,3502.05,5.4834,CE,5.4834,rsi_60,SENSEX|monthly|2025-11-27|ITM1,82088.92,82500.0,SENSEX 82200 CE 27 NOV 25,1m,45.711476,SENSEX,monthly_series,8
175,series|1m|rsi_60|target_30pct,0.015169,8.25,61.6021,2025-11-24T12:10:00+05:30,10.725,target_30pct_hit,target_30pct,2025-11-24 15:05:00+05:30,2025-11-27,False,monthly,175,175,11.35,37.5758,PE,30.0,rsi_60,SENSEX|monthly|2025-11-27|ITM1,82088.92,82500.0,SENSEX 82600 PE 27 NOV 25,1m,45.711476,SENSEX,monthly_series,8
47,series|1m|rsi_60|target_30pct,0.063962,7.9,67.6903,2025-11-25T10:13:00+05:30,0.05,hold_to_end_target_30pct_not_hit,target_30pct,2025-11-27 15:29:00+05:30,2025-11-27,False,monthly,1066,1066,9.55,20.8861,PE,-99.3671,rsi_60,SENSEX|monthly|2025-11-27|ITM1,82088.92,82500.0,SENSEX 82600 PE 27 NOV 25,1m,45.711476,SENSEX,monthly_series,8
959,series|3m|rsi_60|target_30pct,1.031842,2105.69,84.2945,2025-12-12T10:06:00+05:30,2044.0,hold_to_end_target_30pct_not_hit,target_30pct,2025-12-24 15:30:00+05:30,2025-12-24,False,monthly,1057,3171,2258.0,7.2333,CE,-2.9297,rsi_60,SENSEX|monthly|2025-12-24|ITM1,83496.45,83500.0,SENSEX 83400 CE 24 DEC 25,3m,46.743999,SENSEX,monthly_series,9
212,series|3m|rsi_60|target_30pct,1.51691,355.25,84.353,2025-11-21T09:30:00+05:30,0.05,hold_to_end_target_30pct_not_hit,target_30pct,2025-12-24 15:30:00+05:30,2025-12-24,False,monthly,2843,8529,430.0,21.0415,PE,-99.9859,rsi_60,SENSEX|monthly|2025-12-24|ITM1,83496.45,83500.0,SENSEX 83600 PE 24 DEC 25,3m,46.743999,SENSEX,monthly_series,9
50,series|10m|rsi_60|target_30pct,2.231662,1170.0,70.7535,2025-12-31T11:10:00+05:30,1521.0,target_30pct_hit,target_30pct,2026-01-02 14:10:00+05:30,2026-01-29,False,monthly,48,480,1615.9,38.1111,CE,30.0,rsi_60,SENSEX|monthly|2026-01-29|ITM1,85019.28,85000.0,SENSEX 84900 CE 29 JAN 26,10m,45.333244,SENSEX,monthly_series,10
12,series|10m|rsi_60|target_30pct,4.173367,406.3,64.5962,2026-01-12T13:00:00+05:30,0.05,hold_to_end_target_30pct_not_hit,target_30pct,2026-01-29 15:30:00+05:30,2026-01-29,False,monthly,433,4330,502.9,23.7755,CE,-99.9877,rsi_60,SENSEX|monthly|2026-01-29|ITM1,85019.28,85000.0,SENSEX 84900 CE 29 JAN 26,10m,45.333244,SENSEX,monthly_series,10
633,series|10m|rsi_60|target_30pct,2.201721,566.8,71.4416,2025-12-24T13:40:00+05:30,736.84,target_30pct_hit,target_30pct,2025-12-29 11:30:00+05:30,2026-01-29,False,monthly,62,620,3664.9,546.5949,PE,30.0,rsi_60,SENSEX|monthly|2026-01-29|ITM1,85019.28,85000.0,SENSEX 85100 PE 29 JAN 26,10m,45.333244,SENSEX,monthly_series,10
389,series|10m|rsi_60|target_30pct,1.566914,450.15,62.2389,2026-01-05T10:10:00+05:30,585.195,target_30pct_hit,target_30pct,2026-01-06 09:30:00+05:30,2026-01-29,False,monthly,34,340,3664.9,714.1508,PE,30.0,rsi_60,SENSEX|monthly|2026-01-29|ITM1,85019.28,85000.0,SENSEX 85100 PE 29 JAN 26,10m,45.333244,SENSEX,monthly_series,10
143,series|10m|rsi_60|target_30pct,17.215111,1549.15,84.6064,2026-01-13T13:40:00+05:30,2013.895,target_30pct_hit,target_30pct,2026-01-20 15:00:00+05:30,2026-01-29,False,monthly,108,1080,3664.9,136.5749,PE,30.0,rsi_60,SENSEX|monthly|2026-01-29|ITM1,85019.28,85000.0,SENSEX 85100 PE 29 JAN 26,10m,45.333244,SENSEX,monthly_series,10
0,series|10m|rsi_60|target_30pct,4.595795,3117.35,91.2255,2026-01-29T11:00:00+05:30,2540.95,hold_to_end_target_30pct_not_hit,target_30pct,2026-01-29 15:30:00+05:30,2026-01-29,False,monthly,27,270,3125.3,0.255,PE,-18.4901,rsi_60,SENSEX|monthly|2026-01-29|ITM1,85019.28,85000.0,SENSEX 85100 PE 29 JAN 26,10m,45.333244,SENSEX,monthly_series,10
184,series|10m|rsi_60|target_30pct,11.527662,1845.6,77.2006,2026-01-28T10:50:00+05:30,2399.28,target_30pct_hit,target_30pct,2026-02-03 10:00:00+05:30,2026-02-26,False,monthly,170,1700,3033.35,64.3558,CE,30.0,rsi_60,SENSEX|monthly|2026-02-26|ITM1,83305.12,83400.0,SENSEX 81900 CE 26 FEB 26,10m,47.802293,SENSEX,monthly_series,11
17,series|10m|rsi_60|target_30pct,12.684981,1745.3,71.7381,2026-02-18T13:00:00+05:30,346.85,hold_to_end_target_30pct_not_hit,target_30pct,2026-02-26 15:30:00+05:30,2026-02-26,False,monthly,243,2430,2090.1,19.7559,CE,-80.1266,rsi_60,SENSEX|monthly|2026-02-26|ITM1,83305.12,83400.0,SENSEX 81900 CE 26 FEB 26,10m,47.802293,SENSEX,monthly_series,11
118,series|10m|rsi_60|target_30pct,6.622156,1756.75,64.1263,2026-01-28T14:40:00+05:30,2283.775,target_30pct_hit,target_30pct,2026-02-01 12:30:00+05:30,2026-02-26,False,monthly,101,1010,2788.4,58.7249,PE,30.0,rsi_60,SENSEX|monthly|2026-02-26|ITM1,83305.12,83400.0,SENSEX 83500 PE 26 FEB 26,10m,47.802293,SENSEX,monthly_series,11
591,series|10m|rsi_60|target_30pct,4.817398,768.0,66.6604,2026-02-05T09:50:00+05:30,998.4,target_30pct_hit,target_30pct,2026-02-13 14:00:00+05:30,2026-02-26,False,monthly,253,2530,1549.95,101.8164,PE,30.0,rsi_60,SENSEX|monthly|2026-02-26|ITM1,83305.12,83400.0,SENSEX 83500 PE 26 FEB 26,10m,47.802293,SENSEX,monthly_series,11
99,series|10m|rsi_60|target_30pct,17.359649,931.55,69.1991,2026-02-24T09:30:00+05:30,1211.015,target_30pct_hit,target_30pct,2026-02-24 12:20:00+05:30,2026-02-26,False,monthly,17,170,1549.95,66.384,PE,30.0,rsi_60,SENSEX|monthly|2026-02-26|ITM1,83305.12,83400.0,SENSEX 83500 PE 26 FEB 26,10m,47.802293,SENSEX,monthly_series,11
40,series|10m|rsi_60|target_30pct,29.171753,1260.0,72.5324,2026-02-25T13:00:00+05:30,1253.7,hold_to_end_target_30pct_not_hit,target_30pct,2026-02-26 15:30:00+05:30,2026-02-26,False,monthly,53,530,1549.95,23.0119,PE,-0.5,rsi_60,SENSEX|monthly|2026-02-26|ITM1,83305.12,83400.0,SENSEX 83500 PE 26 FEB 26,10m,47.802293,SENSEX,monthly_series,11
18,expiry_day|3m|macd_only|target_10pct,0.100242,13.0,67.5326,2025-06-24T12:45:00+05:30,14.3,target_10pct_hit,target_10pct,2025-06-24 13:24:00+05:30,2025-06-24,True,monthly,13,39,34.45,165.0,PE,10.0,macd_only,SENSEX|monthly|2025-06-24|ITM1,81978.6,81300.0,SENSEX 81400 PE 24 JUN 25,3m,18.108309,SENSEX,monthly_series_expiry_day,1
237,expiry_day|1m|macd_only|target_20pct,0.633547,905.4,64.5136,2025-06-26T11:07:00+05:30,1086.48,target_20pct_hit,target_20pct,2025-06-26 14:01:00+05:30,2025-06-26,True,monthly,174,174,1109.05,22.4928,CE,20.0,macd_only,NIFTY|monthly|2025-06-26|ITM1,24514.05,24500.0,NIFTY 24450 CE 26 JUN 25,1m,21.070768,NIFTY,monthly_series_expiry_day,2
17,expiry_day|1m|macd_only|target_20pct,0.471506,1050.25,81.7073,2025-06-26T14:47:00+05:30,1101.35,hold_to_end_target_20pct_not_hit,target_20pct,2025-06-26 15:29:00+05:30,2025-06-26,True,monthly,42,42,1109.05,5.5987,CE,4.8655,macd_only,NIFTY|monthly|2025-06-26|ITM1,24514.05,24500.0,NIFTY 24450 CE 26 JUN 25,1m,21.070768,NIFTY,monthly_series_expiry_day,2
6,expiry_day|1m|macd_only|target_20pct,0.001686,1.8,57.9475,2025-06-26T09:57:00+05:30,0.05,hold_to_end_target_20pct_not_hit,target_20pct,2025-06-26 15:29:00+05:30,2025-06-26,True,monthly,332,332,2.05,13.8889,PE,-97.2222,macd_only,NIFTY|monthly|2025-06-26|ITM1,24514.05,24500.0,NIFTY 24550 PE 26 JUN 25,1m,21.070768,NIFTY,monthly_series_expiry_day,2
54,expiry_day|3m|macd_only|target_20pct,0.497207,111.7,54.8847,2025-07-29T11:36:00+05:30,134.04,target_20pct_hit,target_20pct,2025-07-29 13:15:00+05:30,2025-07-29,True,monthly,33,99,458.15,310.1611,CE,20.0,macd_only,SENSEX|monthly|2025-07-29|ITM1,81564.68,81000.0,SENSEX 80900 CE 29 JUL 25,3m,25.373253,SENSEX,monthly_series_expiry_day,3
53,expiry_day|3m|macd_only|target_20pct,0.876653,53.65,58.1694,2025-07-31T11:00:00+05:30,64.38,target_20pct_hit,target_20pct,2025-07-31 11:03:00+05:30,2025-07-31,True,monthly,1,3,275.8,414.0727,CE,20.0,macd_only,NIFTY|monthly|2025-07-31|ITM1,24767.55,24750.0,NIFTY 24700 CE 31 JUL 25,3m,30.939619,NIFTY,monthly_series_expiry_day,4
2,expiry_day|3m|macd_only|target_20pct,0.597427,25.0,68.5068,2025-07-31T15:06:00+05:30,30.0,target_20pct_hit,target_20pct,2025-07-31 15:09:00+05:30,2025-07-31,True,monthly,1,3,49.0,96.0,PE,20.0,macd_only,NIFTY|monthly|2025-07-31|ITM1,24767.55,24750.0,NIFTY 24800 PE 31 JUL 25,3m,30.939619,NIFTY,monthly_series_expiry_day,4
62,expiry_day|3m|macd_only|target_20pct,0.65922,930.65,55.5608,2025-08-26T12:09:00+05:30,1116.78,target_20pct_hit,target_20pct,2025-08-26 15:03:00+05:30,2025-08-26,True,monthly,58,174,1236.4,32.8534,PE,20.0,macd_only,SENSEX|monthly|2025-08-26|ITM1,82409.19,81900.0,SENSEX 82000 PE 26 AUG 25,3m,36.154104,SENSEX,monthly_series_expiry_day,5
12,expiry_day|3m|macd_only|target_20pct,0.013014,2.25,58.9245,2025-09-25T12:18:00+05:30,2.7,target_20pct_hit,target_20pct,2025-09-25 12:54:00+05:30,2025-09-25,True,monthly,12,36,2.85,26.6667,PE,20.0,macd_only,SENSEX|monthly|2025-09-25|ITM1,79991.67,79500.0,SENSEX 79600 PE 25 SEP 25,3m,38.413574,SENSEX,monthly_series_expiry_day,6
18,expiry_day|3m|macd_only|target_20pct,0.002791,1.15,58.1422,2025-10-30T13:06:00+05:30,1.38,target_20pct_hit,target_20pct,2025-10-30 14:00:00+05:30,2025-10-30,True,monthly,18,54,1.5,30.4348,PE,20.0,macd_only,SENSEX|monthly|2025-10-30|ITM1,81954.53,82000.0,SENSEX 82100 PE 30 OCT 25,3m,40.485776,SENSEX,monthly_series_expiry_day,7
0,expiry_day|3m|macd_only|target_20pct,14.522507,3502.05,100.0,2025-11-27T15:15:00+05:30,3502.05,hold_to_end_target_20pct_not_hit,target_20pct,2025-11-27 15:30:00+05:30,2025-11-27,True,monthly,5,15,3502.05,0.0,CE,0.0,macd_only,SENSEX|monthly|2025-11-27|ITM1,82088.92,82500.0,SENSEX 82200 CE 27 NOV 25,3m,42.399022,SENSEX,monthly_series_expiry_day,8
3,expiry_day|3m|macd_only|target_20pct,4.076311,324.9,62.4788,2026-02-26T14:36:00+05:30,389.88,target_20pct_hit,target_20pct,2026-02-26 14:42:00+05:30,2026-02-26,True,monthly,2,6,552.85,70.16,CE,20.0,macd_only,SENSEX|monthly|2026-02-26|ITM1,83305.12,83400.0,SENSEX 81900 CE 26 FEB 26,3m,40.057549,SENSEX,monthly_series_expiry_day,11
54,expiry_day|3m|macd_only|target_20pct,0.195264,1120.9,59.9102,2026-02-26T10:36:00+05:30,1345.08,target_20pct_hit,target_20pct,2026-02-26 11:57:00+05:30,2026-02-26,True,monthly,27,81,1549.95,38.2773,PE,20.0,macd_only,SENSEX|monthly|2026-02-26|ITM1,83305.12,83400.0,SENSEX 83500 PE 26 FEB 26,3m,40.057549,SENSEX,monthly_series_expiry_day,11
